sample,region,variable,lead_day,lead_h,season,regime,forecast,kind,ensemble,n_cases,n_blocks,bias,mae,rmse,rmse_lo,rmse_hi,crps,crps_lo,crps_hi,n_obs_ev_64.5,pod_64.5,far_64.5,csi_64.5,fbias_64.5,ets_64.5,ets_64.5_lo,ets_64.5_hi,brier_64.5,bss_64.5,bss_64.5_lo,bss_64.5_hi,n_obs_ev_115.6,pod_115.6,far_115.6,csi_115.6,fbias_115.6,ets_115.6,ets_115.6_lo,ets_115.6_hi,brier_115.6,bss_115.6,bss_115.6_lo,bss_115.6_hi,d_rmse_vs_ref,d_rmse_lo,d_rmse_hi,d_rmse_p,d_crps_vs_ref,d_crps_lo,d_crps_hi,d_crps_p,d_ets_64.5_vs_ref,d_ets_64.5_lo,d_ets_64.5_hi,d_ets_64.5_p
L1,heat_pilot,precip,1,27,all,all,equal_mean_qm,L1,False,61009,73,-0.2905717339104433,2.92565468838646,8.305050516803849,6.435445771300225,10.086814268566433,2.92565468838646,2.0446125861697766,3.9215828758684985,363.0,0.18732782369146006,0.5374149659863946,0.15384615384615385,0.4049586776859504,0.1521684420359417,0.013224853297822041,0.29757318772193997,0.00613024307889,-0.055306282598013956,-0.4208659272187666,0.1598308878707204,59.0,0.0847457627118644,0.7222222222222222,0.06944444444444445,0.3050847457627119,0.06921941184802027,0.0,0.11074007527269332,0.0010981986264321658,-0.1414352017979188,-0.2616643440824508,0.015235312058311166,0.28896085448167774,0.023447754127512432,0.6380858902891126,0.03,-0.1142957335649184,-0.2949758208818681,0.10924289703185266,0.278,0.01834090326755769,-0.007366819308434387,0.036790033443330136,0.138
L1,heat_pilot,precip,1,27,all,all,equal_mean,baseline,False,61009,73,0.19084606710325,3.0399504219513784,8.016089662322171,6.102805283904287,9.832961010339865,3.0399504219513784,2.1452514924030353,4.045642325372804,363.0,0.1487603305785124,0.4065934065934066,0.135,0.25068870523415976,0.13382753876838402,0.003771165754136271,0.2727650443893773,0.005671294399187005,0.0237006048692171,-0.15051794750921968,0.17543206401015626,59.0,0.06779661016949153,0.7647058823529411,0.05555555555555555,0.288135593220339,0.05533985556664985,0.0,0.0885297139133787,0.0011145896507072726,-0.15847154809341002,-0.29320595268451216,0.015235312058311166,,,,,,,,,,,,
L1,heat_pilot,precip,1,27,winter_JF,all,equal_mean_qm,L1,False,9971,13,-0.0006908854836170813,0.0012121045558100931,0.030574181585805132,0.0,0.05387339104961181,0.0012121045558100931,0.0,0.0037548768197771306,0.0,,,,,,,,0.0,1.0,1.0,1.0,0.0,,,,,,,,0.0,1.0,1.0,1.0,-0.027318172203446518,-0.04315922947663934,-0.01198428880484954,0.0,-0.015522547047728553,-0.025457251679773283,-0.007575325480085893,0.0,,,,
L1,heat_pilot,precip,1,27,winter_JF,all,equal_mean,baseline,False,9971,13,0.01601230497584672,0.016734651603538646,0.05789235378925165,0.011984288804849535,0.0966748707733645,0.016734651603538646,0.007575325480085891,0.02882100355364956,0.0,,,,,,,,0.0,1.0,1.0,1.0,0.0,,,,,,,,0.0,1.0,1.0,1.0,,,,,,,,,,,,
L1,heat_pilot,precip,1,27,premonsoon_MAM,all,equal_mean_qm,L1,False,15548,19,0.8714985050643923,1.945884631213655,5.6193725855388035,2.560719645440644,8.180051271597188,1.945884631213655,0.68032881860626,3.531084200298536,2.0,0.0,1.0,0.0,2.5,-9.188980574495065e-05,-0.00021914187092652828,0.0,0.0004502186776434268,-2.495917539577099,-5.015522104489244,1.0,0.0,,,,,,,,0.0,1.0,1.0,1.0,1.4053005251968314,0.19591800082530406,2.5112659825348764,0.004,0.6394515753232215,0.11313615444648326,1.3633604840647537,0.0,-9.188980574495065e-05,-0.00021914187092652828,0.0,0.5691609977324263
L1,heat_pilot,precip,1,27,premonsoon_MAM,all,equal_mean,baseline,False,15548,19,-0.3609598180079719,1.3064330558904336,4.214072060341972,2.1796311911232036,5.875472260168805,1.3064330558904336,0.55230942795392,2.2383304985929575,2.0,0.0,,0.0,0.0,0.0,0.0,0.0,0.00012863390789812196,0.0011664172636860481,-0.0025990898383251083,1.0,0.0,,,,,,,,0.0,1.0,1.0,1.0,,,,,,,,,,,,
L1,heat_pilot,precip,1,27,monsoon_JJAS,all,equal_mean_qm,L1,False,20618,25,-1.6014004384583107,6.570626655972101,13.033655649243073,10.137363891185673,15.447470597967612,6.570626655972101,4.891418844933292,8.183120049187341,357.0,0.19047619047619047,0.4188034188034188,0.16748768472906403,0.3277310924369748,0.16331279859779022,0.01340069897791173,0.3044605058012947,0.01639344262295082,0.029843649126446103,-0.14826141155072287,0.19847157366265517,59.0,0.0847457627118644,0.7222222222222222,0.06944444444444445,0.3050847457627119,0.06877825370053538,0.0,0.10754658548192968,0.0032495877388689495,-0.14149403394033855,-0.25523645830176445,0.017765974209257854,0.058060584829183526,-0.12893393409996948,0.24896483354084492,0.524,-0.6667819731899778,-0.8309830944169874,-0.5105888250615376,0.0,0.02741527808223071,-0.0011889403373005795,0.04072340697716025,0.102
L1,heat_pilot,precip,1,27,monsoon_JJAS,all,equal_mean,baseline,False,20618,25,0.47967233721287217,7.237408629162079,12.97559506441389,10.042051350949059,15.417209526128413,7.237408629162079,5.575717293281991,8.840307849910852,357.0,0.15126050420168066,0.36470588235294116,0.13917525773195877,0.23809523809523808,0.1358975205155595,0.003075308665172257,0.26581103397384187,0.01619943738480939,0.041324789373470394,-0.10641959550067943,0.1841058439900781,59.0,0.06779661016949153,0.7647058823529411,0.05555555555555555,0.288135593220339,0.0549170100566703,0.0,0.08583819973270596,0.0032980890484043067,-0.1585312583275078,-0.28622995109933896,0.017765974209257854,,,,,,,,,,,,
L1,heat_pilot,precip,1,27,postmonsoon_OND,all,equal_mean_qm,L1,False,14872,18,0.11746996963469535,0.8574089799825758,3.7981751518899265,1.1972751228859788,5.966799892073973,0.8574089799825758,0.20863770712681096,1.7564692671045758,4.0,0.0,1.0,0.0,6.25,-0.00023191740029870962,-0.00059314539611328,0.0,0.0019499731038192577,-6.254370327287268,-24.908750781384306,1.0,0.0,,,,,,,,0.0,1.0,1.0,1.0,0.3896359247572212,-0.32088528333235544,0.9531308146634548,0.566,-0.20258038342816598,-0.4002079434505426,-0.0455807601900009,0.014,-7.051426907796391e-05,-0.00022578315653194001,0.0,0.6
L1,heat_pilot,precip,1,27,postmonsoon_OND,all,equal_mean,baseline,False,14872,18,0.48453389031206034,1.0599893634107418,3.4085392271327053,1.3691812941510402,5.030046442271653,1.0599893634107418,0.3275717293995688,1.9263284008383317,4.0,0.0,1.0,0.0,1.5,-0.0001614031312207457,-0.00038605070132544073,0.0,0.0006724045185583647,-1.5015070094094027,-5.9754329026803905,1.0,0.0,,,,,,,,0.0,1.0,1.0,1.0,,,,,,,,,,,,
L1,heat_pilot,precip,2,51,all,all,equal_mean_qm,L1,False,61178,73,0.27435338567885464,3.3256328166910785,8.884190366948042,6.7889771675491835,10.772418963733134,3.3256328166910785,2.3219683145655066,4.481070033378981,363.0,0.21212121212121213,0.5443786982248521,0.16923076923076924,0.465564738292011,0.16739581495250902,0.01549854572542592,0.33573281503576236,0.00617869168655399,-0.06659291581656701,-0.49552698250617505,0.20995351397628867,59.0,0.01694915254237288,0.9166666666666666,0.014285714285714285,0.2033898305084746,0.014122723595388055,-0.00026134089356712507,0.03028314480584544,0.001127856418974141,-0.17550787162763903,-1.0744969942484397,0.023165489548803066,0.3550602041252713,0.07029903370116834,0.6810883575552586,0.012,-0.08178016904816676,-0.26770820363729925,0.13633402638072195,0.426,0.04698575917238218,0.010081916112090927,0.07218450859956775,0.04
L1,heat_pilot,precip,2,51,all,all,equal_mean,baseline,False,61178,73,0.6338957464166541,3.4074129857392452,8.52913016282277,6.429827050212539,10.343827570400503,3.4074129857392452,2.409064911076769,4.500991683803734,363.0,0.13774104683195593,0.4897959183673469,0.12165450121654502,0.2699724517906336,0.12041005578012684,-0.00015629748366525022,0.2738962117284865,0.005900814018111085,-0.018624451348626225,-0.3230181918548815,0.19663297891223064,59.0,0.0,1.0,0.0,0.03389830508474576,-3.162063809375787e-05,-9.245833172462816e-05,0.0,0.0009970904573539507,-0.039217103902695394,-0.18542685385625132,0.007973184469308494,,,,,,,,,,,,
L1,heat_pilot,precip,2,51,winter_JF,all,equal_mean_qm,L1,False,9971,13,-0.0009254677819300523,0.0010371073414161428,0.030875290112050625,0.0,0.054407685617448034,0.0010371073414161428,0.0,0.003220491218081706,0.0,,,,,,,,0.0,1.0,1.0,1.0,0.0,,,,,,,,0.0,1.0,1.0,1.0,-0.012707327447539073,-0.025422180053182124,-0.008795836028070604,0.0,-0.010252838492814791,-0.01721865858257836,-0.004584506965484782,0.0,,,,
L1,heat_pilot,precip,2,51,winter_JF,all,equal_mean,baseline,False,9971,13,0.010374257215412096,0.011289945834230933,0.0435826175595897,0.008795836028070603,0.0727707878806673,0.011289945834230933,0.004584506965484781,0.01994834253249409,0.0,,,,,,,,0.0,1.0,1.0,1.0,0.0,,,,,,,,0.0,1.0,1.0,1.0,,,,,,,,,,,,
L1,heat_pilot,precip,2,51,premonsoon_MAM,all,equal_mean_qm,L1,False,15548,19,1.0200635017507438,2.2037687110439226,5.811110925382908,2.90910597015495,8.120722129246907,2.2037687110439226,0.8348052710343226,3.846689257874122,2.0,0.0,1.0,0.0,2.5,-9.188980574495065e-05,-0.00022980452316926278,-4.1967433271781096e-05,0.0004502186776434268,-2.495917539577099,-2.996118349980074,1.0,0.0,,,,,,,,0.0,1.0,1.0,1.0,1.3451906518830201,0.32331006471998014,2.152326057040481,0.0,0.6765645428383311,0.1742735562882094,1.278576521918307,0.0,-9.188980574495065e-05,-0.00022980452316926278,-4.1967433271781096e-05,0.0
L1,heat_pilot,precip,2,51,premonsoon_MAM,all,equal_mean,baseline,False,15548,19,-0.08503908470883342,1.5272041682055915,4.465920273499888,2.2942685303304966,6.1849379453573805,1.5272041682055915,0.6201701869812565,2.637190695038265,2.0,0.0,,0.0,0.0,0.0,0.0,0.0,0.00012863390789812196,0.0011664172636860481,-0.0025990898383251083,1.0,0.0,,,,,,,,0.0,1.0,1.0,1.0,,,,,,,,,,,,
L1,heat_pilot,precip,2,51,monsoon_JJAS,all,equal_mean_qm,L1,False,20618,25,-0.12195859859761132,7.509356881393908,14.083603210001579,10.901187129978357,16.72336356522521,7.509356881393908,5.502292434743213,9.45766343929657,357.0,0.21568627450980393,0.4934210526315789,0.17824074074074073,0.4257703081232493,0.1732036465209757,0.02058706368113946,0.34608917398856914,0.017217964885051895,-0.0189511969234073,-0.4095467474068612,0.23912365506538452,59.0,0.01694915254237288,0.9166666666666666,0.014285714285714285,0.2033898305084746,0.013801928803952994,-0.0007696614470440344,0.029220035173663953,0.0033465903579396644,-0.17556848271467707,-1.0985708676930985,0.022421583361877915,0.2690993401906727,-0.11070484055639176,0.7170947961447605,0.21,-0.5334068319715115,-0.8055344778250493,-0.2322316569848494,0.002,0.05208262289529471,0.013304613728422546,0.0766793653887846,0.032
L1,heat_pilot,precip,2,51,monsoon_JJAS,all,equal_mean,baseline,False,20618,25,1.431172617858951,8.042763713365419,13.814503869810906,10.721489675796033,16.412545948086382,8.042763713365419,6.177591816004037,9.853138060059242,357.0,0.1400560224089636,0.46808510638297873,0.12468827930174564,0.26330532212885155,0.12112102362568099,-0.0001886571776014673,0.27008947145370543,0.017023959646910468,-0.007470056676383008,-0.30822256165949985,0.19928196209976684,59.0,0.0,1.0,0.0,0.03389830508474576,-9.3831008762862e-05,-0.0002718994145753572,0.0,0.0029585798816568047,-0.03927068761732322,-0.19890831273562082,0.013162945833197704,,,,,,,,,,,,
L1,heat_pilot,precip,2,51,postmonsoon_OND,all,equal_mean_qm,L1,False,15041,18,0.2292543267721281,0.9542654984598798,3.773046132450547,1.5817591999210163,5.466317200668391,0.9542654984598798,0.258877505278156,1.7646419251110874,4.0,0.0,1.0,0.0,3.0,-0.00019949461364543157,-0.0004961603951240965,0.0,0.0010637590585732331,-3.0023895943908983,-11.954368269306286,1.0,0.0,,,,,,,,0.0,1.0,1.0,1.0,0.07590146532046393,-0.2609554175690761,0.3144818810348823,0.736,-0.2940203164602485,-0.5095940776635475,-0.12378567448023554,0.0,-6.650704798282102e-05,-0.00019155883473337572,0.0,0.6
L1,heat_pilot,precip,2,51,postmonsoon_OND,all,equal_mean,baseline,False,15041,18,0.6975136566465184,1.2482858149201284,3.697144667130083,1.8181316517930786,5.202072719406417,1.2482858149201284,0.4050213200650307,2.1546761443341573,4.0,0.0,1.0,0.0,1.0,-0.00013298756566261055,-0.0003202580364751028,0.0,0.0005318795292866166,-1.0011947971954491,-3.9824493343485723,1.0,0.0,,,,,,,,0.0,1.0,1.0,1.0,,,,,,,,,,,,
L1,heat_pilot,precip,3,75,all,all,equal_mean_qm,L1,False,61347,73,0.5344583219742731,3.543238837406667,9.313151401845746,7.2441942591962745,11.22618963952674,3.543238837406667,2.472398724769034,4.650452101201135,363.0,0.17355371900826447,0.6037735849056604,0.13725490196078433,0.4380165289256198,0.13548287087273292,-0.00049158574489219,0.2578440479946607,0.006455083378160301,-0.11738298657912005,-0.5057239204310542,0.09493676917879747,59.0,0.05084745762711865,0.5714285714285714,0.047619047619047616,0.11864406779661017,0.04751726507899705,-8.931919994038757e-05,0.0888883670822044,0.0009780429360848942,-0.022180738144676138,-0.2485533543497656,0.04572083291072127,0.5251354429085033,0.09607913734791491,1.0191208573874004,0.022,0.04397185845679141,-0.16698705746091608,0.3212277375692175,0.78,0.10500877844077183,-0.0003487023702208101,0.208942392816863,0.112
L1,heat_pilot,precip,3,75,all,all,equal_mean,baseline,False,61347,73,0.5789748066075064,3.4992669789498754,8.788015958937242,6.658549505070376,10.76514070624405,3.4992669789498754,2.4667950057177275,4.605827866207193,363.0,0.03305785123966942,0.6666666666666666,0.031007751937984496,0.09917355371900827,0.030474092431961083,-0.00022958166479784996,0.05363606664028823,0.006112768350530588,-0.058127828199924236,-0.1493155099999322,-0.004137702889015122,59.0,0.01694915254237288,0.0,0.01694915254237288,0.01694915254237288,0.016933127848872773,0.0,0.031218420660519434,0.0009454415048820643,0.011891953126813126,-0.0030477034916338965,0.024017346396017533,,,,,,,,,,,,
L1,heat_pilot,precip,3,75,winter_JF,all,equal_mean_qm,L1,False,9971,13,-0.000954899387050238,0.0010172561771787346,0.030935526178490463,0.0,0.05448027744421267,0.0010172561771787346,0.0,0.0031232593602446806,0.0,,,,,,,,0.0,1.0,1.0,1.0,0.0,,,,,,,,0.0,1.0,1.0,1.0,-0.010457832048758588,-0.02306197417443138,-0.00690410135203967,0.0,-0.009009016653018245,-0.015550940580302906,-0.0037353208118333448,0.0,,,,
L1,heat_pilot,precip,3,75,winter_JF,all,equal_mean,baseline,False,9971,13,0.009084238128967654,0.01002627283019698,0.04139335822724905,0.006904101352039669,0.06912278866887862,0.01002627283019698,0.003735320811833344,0.01822123765109173,0.0,,,,,,,,0.0,1.0,1.0,1.0,0.0,,,,,,,,0.0,1.0,1.0,1.0,,,,,,,,,,,,
L1,heat_pilot,precip,3,75,premonsoon_MAM,all,equal_mean_qm,L1,False,15548,19,1.3678081678270124,2.422603809764994,6.274575348560955,2.7789054283539683,8.773766069836846,2.422603809764994,0.8823932560002723,4.310438285269821,2.0,0.0,1.0,0.0,4.0,-0.00010291771728503062,-0.00024903085492292495,0.0,0.0006431695394906097,-3.9941679136815695,-202.0521067552184,1.0,0.0,,,,,,,,0.0,1.0,1.0,1.0,1.8752274400197777,0.4128625958607975,3.053784608333498,0.0,0.9107781199705016,0.22233801494771635,1.7248828306307418,0.0,-0.00010291771728503062,-0.00025167070499805,-4.721361011000771e-05,0.0
L1,heat_pilot,precip,3,75,premonsoon_MAM,all,equal_mean,baseline,False,15548,19,-0.12118850776193585,1.5118256897944922,4.399347908541177,2.258083948479931,6.065168757646089,1.5118256897944922,0.6044175729247334,2.599907091822304,2.0,0.0,,0.0,0.0,0.0,0.0,0.0,0.00012863390789812196,0.0011664172636860481,-0.0025990898383251083,1.0,0.0,,,,,,,,0.0,1.0,1.0,1.0,,,,,,,,,,,,
L1,heat_pilot,precip,3,75,monsoon_JJAS,all,equal_mean_qm,L1,False,20618,25,0.43600327697722197,7.999988108713958,14.757318994552815,11.51823852287014,17.40302818104539,7.999988108713958,5.904101271344493,9.899921010287674,357.0,0.17647058823529413,0.5827814569536424,0.14157303370786517,0.42296918767507,0.13649960975114522,-0.0012624447244965933,0.25162198181755097,0.01852750024250655,-0.0964488935908212,-0.456311648260541,0.11715801600631039,59.0,0.05084745762711865,0.5714285714285714,0.047619047619047616,0.11864406779661017,0.04731613889956343,-0.0002626414240071476,0.08586506362646426,0.0029100785721214474,-0.02223346323015396,-0.26231195895639525,0.044060825157761725,0.4374479786369303,-0.1840829115265712,1.134167482462555,0.184,-0.3704301169620505,-0.7077450757844712,-0.015179900240503455,0.036,0.10659067386937326,-0.0008016430586812613,0.20657755340785705,0.098
L1,heat_pilot,precip,3,75,monsoon_JJAS,all,equal_mean,baseline,False,20618,25,1.3888808861643696,8.370418225676008,14.319871015915885,11.001635277445537,17.15576092959584,8.370418225676008,6.453783800918781,10.185671219843158,357.0,0.03361344537815126,0.6666666666666666,0.031496062992125984,0.10084033613445378,0.02990893588177195,-0.0006869993096808046,0.05196101790014253,0.0178969832185469,-0.059135187787992205,-0.1441081076334974,-0.0031995860806808803,59.0,0.01694915254237288,0.0,0.01694915254237288,0.01694915254237288,0.01690147097631295,0.0,0.03026875972007655,0.0028130759530507325,0.011840985544184446,-0.0022925701969670033,0.02432883303889538,,,,,,,,,,,,
L1,heat_pilot,precip,3,75,postmonsoon_OND,all,equal_mean_qm,L1,False,15210,18,0.16704398565767628,0.9695286678076018,3.791265026555054,1.5575945201102863,5.214450325009452,0.9695286678076018,0.25792428926963346,1.7615389514932733,4.0,0.0,,0.0,0.0,0.0,0.0,0.0,0.00026298487836949375,-0.0005919934900839863,-0.00711782520447477,1.0,0.0,,,,,,,,0.0,1.0,1.0,1.0,0.08488438242904195,-0.09893635376605173,0.19638801226003125,0.332,-0.24561995739525377,-0.41082263265216223,-0.11151925472889535,0.0,0.0,0.0,0.0,1.0
L1,heat_pilot,precip,3,75,postmonsoon_OND,all,equal_mean,baseline,False,15210,18,0.5704195483440084,1.2151486252028556,3.706380644126012,1.5990799220482317,5.060824822177525,1.2151486252028556,0.3994812684592416,2.1242867114277533,4.0,0.0,,0.0,0.0,0.0,0.0,0.0,0.00026298487836949375,-0.0005919934900839863,-0.00711782520447477,1.0,0.0,,,,,,,,0.0,1.0,1.0,1.0,,,,,,,,,,,,
L1,heat_pilot,precip,4,99,all,all,equal_mean_qm,L1,False,61516,74,0.23839181025689932,3.517226320891595,9.436647175364762,7.293804653898267,11.294758398011885,3.517226320891595,2.415577076409656,4.553850080876661,363.0,0.1322314049586777,0.6595744680851063,0.10526315789473684,0.3884297520661157,0.10362761750282937,0.01232129513082255,0.1994669520347687,0.0066324208336042655,-0.1512430069324635,-0.5191886680715044,0.07667178519806339,59.0,0.06779661016949153,0.7333333333333333,0.05714285714285714,0.2542372881355932,0.05694903994787741,-0.00014336014860640906,0.10272983212719135,0.0010728916054359842,-0.124398790187503,-0.44320126999127674,0.0027132602244441953,0.39096806486407765,0.08003570956080176,0.7569478236397498,0.012,-0.04140942629915978,-0.21662031260616627,0.16003190789931931,0.684,0.03203155719279181,0.006910678932476533,0.06255073416217724,0.028
L1,heat_pilot,precip,4,99,all,all,equal_mean,baseline,False,61516,74,0.41804632720754736,3.558635747190755,9.045679110500684,6.888125361360314,10.975610216737051,3.558635747190755,2.4759390297877477,4.544490408245584,363.0,0.07988980716253444,0.5606060606060606,0.0725,0.18181818181818182,0.07159606031003755,-0.00011016387661453092,0.14205847148779438,0.006030951297223487,-0.04684106757829398,-0.24342040196573952,0.07675479156691249,59.0,0.01694915254237288,0.8,0.015873015873015872,0.0847457627118644,0.015798099356087007,-4.191879909999145e-05,0.02805077661682184,0.0010078678717731972,-0.05625340896401809,-0.11247743767507258,0.008308443827003393,,,,,,,,,,,,
L1,heat_pilot,precip,4,99,winter_JF,all,equal_mean_qm,L1,False,9971,13,-0.0009845650823333476,0.000987590481895625,0.03089558928310621,0.0,0.05444345632318324,0.000987590481895625,0.0,0.0030667283385179935,0.0,,,,,,,,0.0,1.0,1.0,1.0,0.0,,,,,,,,0.0,1.0,1.0,1.0,-0.008727637833303274,-0.021955326281084146,-0.006172459247445351,0.0,-0.009115700002356366,-0.016340997108543552,-0.0035798323064923994,0.0,,,,
L1,heat_pilot,precip,4,99,winter_JF,all,equal_mean,baseline,False,9971,13,0.00905222326923127,0.01010329048425199,0.03962322711640948,0.006686394231040089,0.06653461066353147,0.01010329048425199,0.003579832306492399,0.018713224653690106,0.0,,,,,,,,0.0,1.0,1.0,1.0,0.0,,,,,,,,0.0,1.0,1.0,1.0,,,,,,,,,,,,
L1,heat_pilot,precip,4,99,premonsoon_MAM,all,equal_mean_qm,L1,False,15548,19,0.7610591966996966,2.053005778433937,5.565842786505481,2.455601817688552,7.996792531352778,2.053005778433937,0.7695146051764507,3.6959278410958105,2.0,0.0,1.0,0.0,1.0,-6.432109088570143e-05,-0.00013298756566261055,0.0,0.0002572678157962439,-0.9976671654726279,-405.1042135104368,1.0,0.0,,,,,,,,0.0,1.0,1.0,1.0,0.9455047891013333,-0.05795806478506294,2.426307414820717,0.106,0.573871839613399,0.14502901929250248,1.1630766817314617,0.0,-6.432109088570143e-05,-0.00013298756566261055,0.0,0.7596371882086168
L1,heat_pilot,precip,4,99,premonsoon_MAM,all,equal_mean,baseline,False,15548,19,-0.3458582921647498,1.479133938820538,4.620337997404148,2.281951386075573,6.415747157521683,1.479133938820538,0.5822780814748305,2.574926896772502,2.0,0.0,,0.0,0.0,0.0,0.0,0.0,0.00012863390789812196,0.0011664172636860481,-0.0025990898383251083,1.0,0.0,,,,,,,,0.0,1.0,1.0,1.0,,,,,,,,,,,,
L1,heat_pilot,precip,4,99,monsoon_JJAS,all,equal_mean_qm,L1,False,20618,25,-0.03169104388342818,8.167242152020396,15.204883930803355,11.598667770871662,18.146909414676667,8.167242152020396,6.058756929277608,10.13217519584049,357.0,0.13445378151260504,0.6546762589928058,0.10714285714285714,0.38935574229691877,0.10232027221229964,0.00863256623892211,0.19144481397842317,0.01940052381414298,-0.14811402470243062,-0.5262193857686714,0.06670112557061506,59.0,0.06779661016949153,0.7333333333333333,0.05714285714285714,0.2542372881355932,0.056564346997140136,-0.0004151386410057897,0.09924155902602842,0.003201086429333592,-0.12445680955316951,-0.4497678257203132,0.0020677346081757913,0.49486325887213845,0.06542425561816963,1.0143959260195063,0.03,-0.3041782912084745,-0.6046220062640106,0.015209130363544987,0.07,0.03141101744096211,0.004854596096887892,0.05796517404728014,0.034
L1,heat_pilot,precip,4,99,monsoon_JJAS,all,equal_mean,baseline,False,20618,25,0.9590505770635044,8.47142044322887,14.710020671931217,11.215774937558432,17.71109729780116,8.47142044322887,6.511181732107236,10.29915159341489,357.0,0.08123249299719888,0.5606060606060606,0.07360406091370558,0.18487394957983194,0.07090925477133753,-0.00041420073533092043,0.13660146677849758,0.01770297798040547,-0.047654047540967914,-0.23333093478432174,0.0776887123189734,59.0,0.01694915254237288,0.8,0.015873015873015872,0.0847457627118644,0.01564946070463,-0.00012734941312046654,0.027163903162899076,0.0030070811911921624,-0.05630791200449248,-0.10647195279626817,0.013162945833197704,,,,,,,,,,,,
L1,heat_pilot,precip,4,99,postmonsoon_OND,all,equal_mean_qm,L1,False,15379,19,0.22726999484368324,1.043209217623059,3.8647865226235494,1.506444545420845,5.493448418551966,1.043209217623059,0.2977059074781215,1.9118522352431897,4.0,0.0,,0.0,0.0,0.0,0.0,0.0,0.00026009493465114765,-0.0005865884408386979,-0.007116686436688357,1.0,0.0,,,,,,,,0.0,1.0,1.0,1.0,-0.08691346711296166,-0.4320751412422566,0.1690355427178091,0.662,-0.3321061823049849,-0.5565089077110275,-0.12376676411822059,0.0,0.0,0.0,0.0,1.0
L1,heat_pilot,precip,4,99,postmonsoon_OND,all,equal_mean,baseline,False,15379,19,0.7302151033854072,1.3753153999280439,3.951699989736511,1.6448649945785698,5.52637808902667,1.3753153999280439,0.4703518197426966,2.3864859770337543,4.0,0.0,,0.0,0.0,0.0,0.0,0.0,0.00026009493465114765,-0.0005865884408386979,-0.007116686436688357,1.0,0.0,,,,,,,,0.0,1.0,1.0,1.0,,,,,,,,,,,,
L1,heat_pilot,precip,5,123,all,all,equal_mean_qm,L1,False,61685,74,0.15915639027861456,3.5818410056465297,9.644810284423357,7.322063259550111,11.779750780036693,3.5818410056465297,2.500264138011765,4.666739959613023,363.0,0.030303030303030304,0.8791208791208791,0.024830699774266364,0.25068870523415976,0.023650460539539526,-0.0008221290511304694,0.07486200304719906,0.007003323336305422,-0.21896310953538367,-0.4021827838882769,-0.10243341556954032,59.0,0.0,,0.0,0.0,0.0,0.0,0.0,0.0009564724000972683,-0.00514435358387777,-0.009810423516653271,0.014722881678353091,0.4344407961239707,0.0577850189219133,0.9064648116310614,0.008,-0.026281582496638922,-0.22727056320439334,0.21373529453517534,0.8,0.023730422598313622,-0.0006921298478702985,0.07496803090138382,0.26
L1,heat_pilot,precip,5,123,all,all,equal_mean,baseline,False,61685,74,0.3390490444159206,3.6081225881431687,9.210369488299387,6.830067782766754,11.483941168295447,3.6081225881431687,2.506472377060984,4.633981230005549,363.0,0.0,1.0,0.0,0.013774104683195593,-7.996205877409572e-05,-0.00020321105971021457,0.0,0.005965793953149064,-0.03837598219680838,-0.06491938911753073,-0.004923133761440908,59.0,0.0,,0.0,0.0,0.0,0.0,0.0,0.0009564724000972683,-0.00514435358387777,-0.009810423516653271,0.014722881678353091,,,,,,,,,,,,
L1,heat_pilot,precip,5,123,winter_JF,all,equal_mean_qm,L1,False,9971,13,-0.0009146747596374355,0.001057480804591537,0.030963415588107328,0.0,0.05452295010253251,0.001057480804591537,0.0,0.0031742893447458493,0.0,,,,,,,,0.0,1.0,1.0,1.0,0.0,,,,,,,,0.0,1.0,1.0,1.0,-0.009812862287698072,-0.0278329198312543,-0.005252243658453203,0.0,-0.009562401491646626,-0.017018218047522193,-0.003686594288627664,0.0,,,,
L1,heat_pilot,precip,5,123,winter_JF,all,equal_mean,baseline,False,9971,13,0.009280399292474059,0.010619882296238163,0.0407762778758054,0.007900677872321607,0.06607080291352095,0.010619882296238163,0.003791402149072415,0.01959310764481585,0.0,,,,,,,,0.0,1.0,1.0,1.0,0.0,,,,,,,,0.0,1.0,1.0,1.0,,,,,,,,,,,,
L1,heat_pilot,precip,5,123,premonsoon_MAM,all,equal_mean_qm,L1,False,15548,19,1.0549523445728193,2.184748154267322,5.87929074975163,2.6510197607787087,8.532634553226085,2.184748154267322,0.7888192119304188,3.9331730654304127,2.0,0.0,1.0,0.0,1.5,-7.718630200427097e-05,-0.0001590887396990041,0.0,0.00032158476974530485,-1.4970839568407848,-405.1042135104368,1.0,0.0,,,,,,,,0.0,1.0,1.0,1.0,1.4471831163418019,0.12726452364763877,3.434541741920307,0.002,0.7427197282464917,0.14826302906655958,1.5886782216806932,0.0,-7.718630200427097e-05,-0.00015958932347425958,0.0,0.19501133786848074
L1,heat_pilot,precip,5,123,premonsoon_MAM,all,equal_mean,baseline,False,15548,19,-0.2679219889649637,1.4420284260208303,4.432107633409828,2.2601551440781114,6.126905978341645,1.4420284260208303,0.5934065271999006,2.496776754584144,2.0,0.0,,0.0,0.0,0.0,0.0,0.0,0.00012863390789812196,0.0011664172636860481,-0.0025990898383251083,1.0,0.0,,,,,,,,0.0,1.0,1.0,1.0,,,,,,,,,,,,
L1,heat_pilot,precip,5,123,monsoon_JJAS,all,equal_mean_qm,L1,False,20618,25,-0.5465453746399289,8.206202446803607,15.533924563960836,11.483802001127396,19.210871012700864,8.206202446803607,5.967592057861058,10.363665005160072,357.0,0.03081232492997199,0.875,0.02534562211981567,0.24649859943977592,0.02191168217821738,-0.002197763424748346,0.07234029285938394,0.020516053933456204,-0.21413058112282046,-0.40474034099240347,-0.10194596415541671,59.0,0.0,,0.0,0.0,0.0,0.0,0.0,0.0028615772625860897,-0.005196238842984702,-0.009679365660550332,0.017765974209257854,0.471978247337125,0.06408540255461692,1.0002274837021097,0.016,-0.35756051221843954,-0.6651416973603849,-0.035759693445455557,0.036,0.022150896397700248,-0.0018888713359142318,0.07248534501851593,0.23
L1,heat_pilot,precip,5,123,monsoon_JJAS,all,equal_mean,baseline,False,20618,25,0.6152047725030118,8.563762959022046,15.061946316623711,11.055831419831188,18.873112956144542,8.563762959022046,6.525344708151,10.471306228428608,357.0,0.0,1.0,0.0,0.014005602240896359,-0.00023921421948286576,-0.0006080607341742853,0.0,0.017557474051799398,-0.03904319235569975,-0.06600118132352821,-0.0004979201098947258,59.0,0.0,,0.0,0.0,0.0,0.0,0.0,0.0028615772625860897,-0.005196238842984702,-0.009679365660550332,0.017765974209257854,,,,,,,,,,,,
L1,heat_pilot,precip,5,123,postmonsoon_OND,all,equal_mean_qm,L1,False,15548,19,0.3018366116074444,1.1430005107704226,3.8080095964021314,1.822870720225853,5.26557879784253,1.1430005107704226,0.3766859504590939,1.9904063174745095,4.0,0.0,,0.0,0.0,0.0,0.0,0.0,0.0002572678157962439,-0.0005811834499875879,-0.007113635656051526,1.0,0.0,,,,,,,,0.0,1.0,1.0,1.0,-0.2011941804474331,-0.48468481321969265,0.06571061220681919,0.17,-0.36670030903579964,-0.6112486750134639,-0.1460854470380914,0.0,0.0,0.0,0.0,1.0
L1,heat_pilot,precip,5,123,postmonsoon_OND,all,equal_mean,baseline,False,15548,19,0.7912956347061336,1.5097008198062223,4.0092037768495645,1.979095608759345,5.528942153461832,1.5097008198062223,0.532033158235575,2.5744344450470997,4.0,0.0,,0.0,0.0,0.0,0.0,0.0,0.0002572678157962439,-0.0005811834499875879,-0.007113635656051526,1.0,0.0,,,,,,,,0.0,1.0,1.0,1.0,,,,,,,,,,,,
phase3,heat_pilot,precip,1,27,all,all,blend_A,L3A,False,61009,73,0.13325513069932282,2.988484727580341,7.913256914827334,6.003907321818798,9.731659436305925,2.988484727580341,2.1164976928751167,3.9603034363806175,363.0,0.11019283746556474,0.3333333333333333,0.10443864229765012,0.1652892561983471,0.10360310558295818,-9.604439326267671e-05,0.20748993744799143,0.005622121326361684,0.032165628526420464,-0.10916154563901914,0.1471271779599274,59.0,0.0,1.0,0.0,0.01694915254237288,-1.611810032615932e-05,-4.827294336739782e-05,0.0,0.000983461456506417,-0.022180777729479573,-0.040272699623912916,0.015235312058311166,-0.10283274749483695,-0.21255771494468328,-0.014852580236256008,0.018,-0.05146569437103743,-0.08546106814205717,-0.02160554456339017,0.002,-0.030224433185425836,-0.0660198813008297,0.004999881399108065,0.312
phase3,heat_pilot,precip,1,27,all,all,equal_mean,prev,False,61009,73,0.19084606710325,3.0399504219513784,8.016089662322171,6.102805283904287,9.832961010339865,3.0399504219513784,2.1452514924030353,4.045642325372804,363.0,0.1487603305785124,0.4065934065934066,0.135,0.25068870523415976,0.13382753876838402,0.003771165754136271,0.2727650443893773,0.005671294399187005,0.0237006048692171,-0.15051794750921968,0.17543206401015626,59.0,0.06779661016949153,0.7647058823529411,0.05555555555555555,0.288135593220339,0.05533985556664985,0.0,0.0885297139133787,0.0011145896507072726,-0.15847154809341002,-0.29320595268451216,0.015235312058311166,,,,,,,,,,,,
phase3,heat_pilot,precip,1,27,all,all,superensemble,baseline,False,61009,73,-0.6044206632852732,3.1266398835729197,8.033553310072422,6.061396199677932,9.944655555509764,3.1266398835729197,2.302461078359744,4.0369225261421775,363.0,0.046831955922865015,0.5405405405405406,0.044386422976501305,0.10192837465564739,0.04383682176212272,-0.0004931767431938674,0.09799380140686813,0.005999114884689144,-0.03273288617880499,-0.2309559064066667,0.057090282142164925,59.0,0.0,,0.0,0.0,0.0,0.0,0.0,0.0009670704322313101,-0.005144431433988128,-0.009643421525102419,0.015235312058311166,0.017463647750251,-0.2835816490528939,0.34100216229383046,0.978,0.08668946162154123,-0.061737872382793726,0.24048576388668433,0.242,-0.0899907170062613,-0.1736047063463172,-0.004009124006063774,0.006
phase3,heat_pilot,precip,1,27,all,all,persistence,baseline,False,61009,73,-1.4263925219569296e-10,4.968368364630919,13.75223228413056,9.982788542178652,17.670488443553403,4.968368364630919,3.3630420251593707,6.809858731500235,363.0,0.030303030303030304,0.9696969696969697,0.015384615384615385,1.0,0.012401336906105464,-0.0012677914468216087,0.020250964093183322,0.011539281089675293,-0.986458884890379,-1.2215000004065393,-0.7242850274151221,59.0,0.0,1.0,0.0,1.0,-0.00048376913552915327,-0.0010763440697800321,-8.98678307647732e-05,0.0019341408644626202,-1.0102888628679763,-1.180080010553827,-0.6942619566849366,5.736142621808389,3.6268400315319496,8.04386882514065,0.0,1.9284179426795407,1.107954570004824,2.9394153668759535,0.0,-0.12142620186227855,-0.2583429385857495,0.0043671344707962865,0.228
phase3,heat_pilot,precip,1,27,all,all,climatology,baseline,False,61009,73,-0.6917235184765635,3.9780763858229604,10.157484760014142,7.453182380522547,12.875941328762087,3.9780763858229604,2.9213387027851723,5.165425266538806,363.0,0.0,,0.0,0.0,0.0,0.0,0.0,0.005949941811863823,-0.024267862521601735,-0.036562992167644484,0.0032029936687603205,59.0,0.0,,0.0,0.0,0.0,0.0,0.0,0.0009670704322313101,-0.005144431433988128,-0.009643421525102419,0.015235312058311166,2.141395097691971,1.1103798413014336,3.2987434652811496,0.0,0.938125963871582,0.5527715479698823,1.3762957333027495,0.0,-0.13382753876838402,-0.2727650443893773,-0.003771165754136271,0.026
phase3,heat_pilot,precip,1,27,all,all,ecmwf_ifs_ctrl,source,False,61009,73,0.4701192219506846,3.482023684982935,9.65151686117701,7.284079706489687,11.863086268464661,3.482023684982935,2.4520354819531023,4.6045375712609,363.0,0.15702479338842976,0.7135678391959799,0.11287128712871287,0.5482093663911846,0.11078640979229541,0.01462370599112166,0.20654999390409579,0.007343178875247915,-0.2641101994756958,-0.6162726887527646,-0.08332128835459068,59.0,0.1016949152542373,0.8604651162790697,0.0625,0.7288135593220338,0.062093729988092566,-0.00023723659294484726,0.09967689321997332,0.0014751921847596257,-0.5332711665942194,-1.4954042500505336,-0.2341251498348143,1.6354271988548383,1.0105362465176886,2.2107557709145556,0.0,0.4420732630315567,0.2922836489409419,0.6210785205925045,0.0,-0.023041128976088607,-0.0692469537260676,0.030932511859448862,0.618
phase3,heat_pilot,precip,1,27,all,all,ecmwf_aifs,source,False,61009,73,0.19024272106354512,2.9764218096407298,7.879722768518442,5.971003481385866,9.696688572983893,2.9764218096407298,2.076382425019092,3.9415739195537074,363.0,0.10192837465564739,0.38333333333333336,0.09585492227979274,0.1652892561983471,0.09501793928465746,-4.813685053254284e-06,0.1988726697969929,0.005720467472012326,0.015235581212013849,-0.1956653209249992,0.14075730034445624,59.0,0.01694915254237288,0.75,0.016129032258064516,0.06779661016949153,0.016067643103892266,0.0,0.028455609055976397,0.000999852480781524,-0.039217124024970795,-0.07190860815491606,0.015235312058311166,-0.13636689380372946,-0.26950950750184766,-0.0031212313575969017,0.042,-0.06352861231064866,-0.12497126121688226,-0.0017960192830753913,0.044,-0.03880959948372656,-0.07449011179065247,3.293467682061679e-05,0.062
phase3,heat_pilot,precip,1,27,all,all,ncep_gfs,source,False,61009,73,0.28250923198982947,3.711351648860892,10.809178392024737,7.9037243177967955,13.422348797159941,3.711351648860892,2.5432120325283862,5.0698992907953695,363.0,0.23415977961432508,0.7392638036809815,0.14072847682119205,0.8980716253443526,0.13796012849928965,0.027515636659862903,0.2775311809132305,0.008506941598780508,-0.4644490926961744,-1.1889888932881305,-0.023520931021029916,59.0,0.15254237288135594,0.8902439024390244,0.06818181818181818,1.3898305084745763,0.06762168643262283,-0.00047076499024024503,0.12892591045056184,0.002016095985838155,-1.095470594345433,-3.414231569369412,-0.3731275407895531,2.793088729702566,1.3878083518597533,4.25779406700407,0.0,0.6714012269095138,0.3526509912348198,1.0613677118067246,0.0,0.004132589730905634,-0.04784752921704413,0.04994207218246641,0.676
phase3,heat_pilot,precip,1,27,all,all,ecmwf_ifs_ens,source,True,61009,73,0.20049682862016704,3.079815869095098,7.989490967476161,6.102065660214841,9.775537335235299,2.1520235935249192,1.5186040194861792,2.845210101525286,363.0,0.1184573002754821,0.3484848484848485,0.11139896373056994,0.18181818181818182,0.11049402699604974,0.013854784970021464,0.20630186504167158,0.0050168444714691575,0.13636255179017276,-0.00859378002547173,0.2646888644676026,59.0,0.0,1.0,0.0,0.01694915254237288,-1.611810032615932e-05,-4.827294336739782e-05,0.0,0.0008939378537181938,0.07086740968834027,-0.007455721784344154,0.10191129623501914,-0.026598694846009963,-0.23721866697786553,0.14033679232730253,0.816,-0.8879268284264592,-1.1754681809881236,-0.6122975529577831,0.0,-0.02333351177233428,-0.0702169980206542,0.03195722130104185,0.478
phase3,heat_pilot,precip,1,27,winter_JF,all,blend_A,L3A,False,9971,13,0.027359076586319343,0.027951717893825726,0.06490562012021832,0.022407145457163984,0.10228711886027811,0.027951717893825726,0.014729973155001528,0.043707693118274805,0.0,,,,,,,,0.0,1.0,1.0,1.0,0.0,,,,,,,,0.0,1.0,1.0,1.0,0.007013266330966668,0.002998301476606533,0.016773386643754124,0.0,0.01121706629028708,0.007036367962062062,0.016243251040185636,0.0,,,,
phase3,heat_pilot,precip,1,27,winter_JF,all,equal_mean,prev,False,9971,13,0.01601230497584672,0.016734651603538646,0.05789235378925165,0.011984288804849535,0.0966748707733645,0.016734651603538646,0.007575325480085891,0.02882100355364956,0.0,,,,,,,,0.0,1.0,1.0,1.0,0.0,,,,,,,,0.0,1.0,1.0,1.0,,,,,,,,,,,,
phase3,heat_pilot,precip,1,27,winter_JF,all,superensemble,baseline,False,9971,13,0.16388024168565202,0.1643286428672358,0.17827623247212998,0.14805248100247773,0.21117459337249767,0.1643286428672358,0.14485279472247733,0.18603381325839177,0.0,,,,,,,,0.0,1.0,1.0,1.0,0.0,,,,,,,,0.0,1.0,1.0,1.0,0.12038387868287834,0.10441110525490649,0.14688017757554134,0.0,0.14759399126369716,0.13610235417470948,0.15985990814582873,0.0,,,,
phase3,heat_pilot,precip,1,27,winter_JF,all,persistence,baseline,False,9971,13,0.0,0.0019721555642289727,0.04369243918352861,0.0,0.06794185232837287,0.0019721555642289727,0.0,0.004768736815143827,0.0,,,,,,,,0.0,1.0,1.0,1.0,0.0,,,,,,,,0.0,1.0,1.0,1.0,-0.014199914605723042,-0.03956940004913672,0.015790159231981966,0.454,-0.014762496039309674,-0.024109008048329737,-0.007575325480085893,0.0,,,,
phase3,heat_pilot,precip,1,27,winter_JF,all,climatology,baseline,False,9971,13,0.30629605188907516,0.3072381350777355,0.3330898635079049,0.3066590213770848,0.35865158174272216,0.3072381350777355,0.2805571428982641,0.3341330692568553,0.0,,,,,,,,0.0,1.0,1.0,1.0,0.0,,,,,,,,0.0,1.0,1.0,1.0,0.27519750971865325,0.22010973686336321,0.3366350327524664,0.0,0.29050348347419686,0.25651481557867656,0.3212652998660827,0.0,,,,
phase3,heat_pilot,precip,1,27,winter_JF,all,ecmwf_ifs_ctrl,source,False,9971,13,0.005754632786216713,0.0068504635826322595,0.0771921240596184,0.0034193635178919267,0.13151031208383512,0.0068504635826322595,0.00016930516392773152,0.017547613069399188,0.0,,,,,,,,0.0,1.0,1.0,1.0,0.0,,,,,,,,0.0,1.0,1.0,1.0,0.019299770270366744,-0.007226391574448275,0.03495606027903927,0.216,-0.009884188020906386,-0.014129037645998054,-0.006503075551094519,0.0,,,,
phase3,heat_pilot,precip,1,27,winter_JF,all,ecmwf_aifs,source,False,9971,13,0.049473448559640344,0.04996014542361342,0.09802366621653918,0.042815112246834194,0.14573113057720177,0.04996014542361342,0.02832881624590038,0.07471370231649746,0.0,,,,,,,,0.0,1.0,1.0,1.0,0.0,,,,,,,,0.0,1.0,1.0,1.0,0.040131312427287534,0.028384390335458816,0.0579086533188986,0.0,0.033225493820074774,0.02044389400245422,0.04786285741454561,0.0,,,,
phase3,heat_pilot,precip,1,27,winter_JF,all,ncep_gfs,source,False,9971,13,-0.0004333560383495602,0.0014509975980425919,0.0311197797971562,0.0,0.05483851939668243,0.0014509975980425919,0.0,0.004505729383395417,0.0,,,,,,,,0.0,1.0,1.0,1.0,0.0,,,,,,,,0.0,1.0,1.0,1.0,-0.026772573992095452,-0.042486990820586365,-0.01198428880484954,0.0,-0.015283654005496054,-0.02470733527754606,-0.007575325480085893,0.0,,,,
phase3,heat_pilot,precip,1,27,winter_JF,all,ecmwf_ifs_ens,source,True,9971,13,0.009254494631778663,0.009915436462962638,0.08021192101156777,0.004307903541412598,0.13716717695453395,0.004385366829901853,0.00010720002046079677,0.01162699823290476,0.0,,,,,,,,0.0,1.0,1.0,1.0,0.0,,,,,,,,0.0,1.0,1.0,1.0,0.022319567222316115,-0.006267449721623172,0.04070301648226594,0.148,-0.012349284773636792,-0.018324991139521452,-0.0071335519207622435,0.0,,,,
phase3,heat_pilot,precip,1,27,premonsoon_MAM,all,blend_A,L3A,False,15548,19,-0.3410591522058676,1.3059268928515144,4.191105115389181,2.1694311918717535,5.831345981803468,1.3059268928515144,0.5491061767331116,2.238967480301147,2.0,0.0,,0.0,0.0,0.0,0.0,0.0,0.00012863390789812196,0.0011664172636860481,-0.0025990898383251083,1.0,0.0,,,,,,,,0.0,1.0,1.0,1.0,-0.022966944952790946,-0.03726445852453304,-0.008865728368788996,0.0,-0.0005061630389191496,-0.005678762095286704,0.005770867828622832,0.808,0.0,0.0,0.0,1.0
phase3,heat_pilot,precip,1,27,premonsoon_MAM,all,equal_mean,prev,False,15548,19,-0.3609598180079719,1.3064330558904336,4.214072060341972,2.1796311911232036,5.875472260168805,1.3064330558904336,0.55230942795392,2.2383304985929575,2.0,0.0,,0.0,0.0,0.0,0.0,0.0,0.00012863390789812196,0.0011664172636860481,-0.0025990898383251083,1.0,0.0,,,,,,,,0.0,1.0,1.0,1.0,,,,,,,,,,,,
phase3,heat_pilot,precip,1,27,premonsoon_MAM,all,superensemble,baseline,False,15548,19,-0.3653854721043014,1.3013178858983032,4.110280877637672,2.1269144117216348,5.715520197155175,1.3013178858983032,0.6019627592661961,2.1680850192536094,2.0,0.0,,0.0,0.0,0.0,0.0,0.0,0.00012863390789812196,0.0011664172636860481,-0.0025990898383251083,1.0,0.0,,,,,,,,0.0,1.0,1.0,1.0,-0.10379118270429988,-0.35560245267167284,0.1316859927900848,0.53,-0.005115169992130353,-0.09625103672170851,0.06856525882694359,0.958,0.0,0.0,0.0,1.0
phase3,heat_pilot,precip,1,27,premonsoon_MAM,all,persistence,baseline,False,15548,19,-0.06265860559346438,1.9368019476820455,6.210244331619566,3.0225477819902564,8.721766927135754,1.9368019476820455,0.8056428544633747,3.3543561990842186,2.0,0.0,1.0,0.0,1.0,-6.432109088570143e-05,-0.0001376273052573631,0.0,0.0002572678157962439,-0.9976671654726279,-202.0521067552184,1.0,0.0,,,,,,,,0.0,1.0,1.0,1.0,1.9961722712775938,0.6834900159274726,3.024072943771989,0.0,0.6303688917916119,0.22824328284462847,1.1249727843220545,0.0,-6.432109088570143e-05,-0.00014140971343321572,0.0,0.21768707482993196
phase3,heat_pilot,precip,1,27,premonsoon_MAM,all,climatology,baseline,False,15548,19,-0.8912563152155538,1.4921885193281252,4.962511274919205,2.210227386913945,7.153372200893684,1.4921885193281252,0.7333824926478366,2.449568330357734,2.0,0.0,,0.0,0.0,0.0,0.0,0.0,0.00012863390789812196,0.0011664172636860481,-0.0025990898383251083,1.0,0.0,,,,,,,,0.0,1.0,1.0,1.0,0.7484392145772327,-0.023618173947234287,1.292477028495417,0.114,0.18575546343769167,0.024236344015306978,0.3422642477253263,0.034,0.0,0.0,0.0,1.0
phase3,heat_pilot,precip,1,27,premonsoon_MAM,all,ecmwf_ifs_ctrl,source,False,15548,19,-0.286130379631939,1.4946864563789661,4.831446555467532,2.475899731893951,6.759305205685573,1.4946864563789661,0.618462622624454,2.612996428994064,2.0,0.0,,0.0,0.0,0.0,0.0,0.0,0.00012863390789812196,0.0011664172636860481,-0.0025990898383251083,1.0,0.0,,,,,,,,0.0,1.0,1.0,1.0,0.61737449512556,0.21124279426999557,1.038626474300509,0.0,0.18825340048853256,0.053456854830473875,0.3825375255222747,0.0,0.0,0.0,0.0,1.0
phase3,heat_pilot,precip,1,27,premonsoon_MAM,all,ecmwf_aifs,source,False,15548,19,-0.24318018863190868,1.303014611752988,4.162416558130487,2.159476546659194,5.7754064191407135,1.303014611752988,0.5303109719742544,2.26957120965758,2.0,0.0,,0.0,0.0,0.0,0.0,0.0,0.00012863390789812196,0.0011664172636860481,-0.0025990898383251083,1.0,0.0,,,,,,,,0.0,1.0,1.0,1.0,-0.05165550221148507,-0.26440314998892744,0.14966122118394642,0.726,-0.003418444137445631,-0.06623617494595702,0.07398205836712897,0.862,0.0,0.0,0.0,1.0
phase3,heat_pilot,precip,1,27,premonsoon_MAM,all,ncep_gfs,source,False,15548,19,-0.5966330105723952,1.352814001715276,4.692252862220248,2.2712113738055355,6.63607847749761,1.352814001715276,0.5452191738314712,2.3490378737503557,2.0,0.0,,0.0,0.0,0.0,0.0,0.0,0.00012863390789812196,0.0011664172636860481,-0.0025990898383251083,1.0,0.0,,,,,,,,0.0,1.0,1.0,1.0,0.47818080187827583,0.05609679295120299,0.7826616260694644,0.0,0.046380945824842534,-0.029051061372570377,0.13095069294479256,0.238,0.0,0.0,0.0,1.0
phase3,heat_pilot,precip,1,27,premonsoon_MAM,all,ecmwf_ifs_ens,source,True,15548,19,-0.31789569256726913,1.337324609554537,4.245054073238425,2.1613212615842627,5.939375166856024,0.9780866357066237,0.4165493088814638,1.6799662976493022,2.0,0.0,,0.0,0.0,0.0,0.0,0.0,0.00013029066911095807,-0.011698221345181281,-0.02139378375754263,0.8513609122380688,0.0,,,,,,,,4.945555859212685e-08,-1.0718126748521213,-20.325032587261703,1.0,0.030982012896452638,-0.12997826710819504,0.20099675030229844,0.894,-0.3283464201838099,-0.5837628753218318,-0.10616692881876573,0.0,0.0,0.0,0.0,1.0
phase3,heat_pilot,precip,1,27,monsoon_JJAS,all,blend_A,L3A,False,20618,25,0.32123322255243136,7.108112444186634,12.802077165287484,9.803312755097531,15.27162269536568,7.108112444186634,5.479825943399408,8.653258344816896,357.0,0.11204481792717087,0.23076923076923078,0.10840108401084012,0.14565826330532214,0.10622021698989047,-9.61614215248108e-05,0.20936497226139708,0.015956930837132604,0.05567621468225081,-0.034929990647881055,0.15484662633608215,59.0,0.0,1.0,0.0,0.01694915254237288,-4.7695229102820404e-05,-0.00014546908948326115,0.0,0.0029100785721214474,-0.02223346323015396,-0.039570667398186224,0.017765974209257854,-0.1735178991264057,-0.34750123981469644,-0.0115306976112003,0.036,-0.12929618497544482,-0.21236354100980925,-0.043100098098928084,0.0,-0.029677303525669038,-0.06445738912695376,0.007210212106465597,0.35
phase3,heat_pilot,precip,1,27,monsoon_JJAS,all,equal_mean,prev,False,20618,25,0.47967233721287217,7.237408629162079,12.97559506441389,10.042051350949059,15.417209526128413,7.237408629162079,5.575717293281991,8.840307849910852,357.0,0.15126050420168066,0.36470588235294116,0.13917525773195877,0.23809523809523808,0.1358975205155595,0.003075308665172257,0.26581103397384187,0.01619943738480939,0.041324789373470394,-0.10641959550067943,0.1841058439900781,59.0,0.06779661016949153,0.7647058823529411,0.05555555555555555,0.288135593220339,0.0549170100566703,0.0,0.08583819973270596,0.0032980890484043067,-0.1585312583275078,-0.28622995109933896,0.017765974209257854,,,,,,,,,,,,
phase3,heat_pilot,precip,1,27,monsoon_JJAS,all,superensemble,baseline,False,20618,25,-0.9421499475514757,6.786770227920238,12.963051952426955,9.69773749604625,15.764994391605226,6.786770227920238,5.1972602665766425,8.387156874609401,357.0,0.047619047619047616,0.10526315789473684,0.04735376044568245,0.05322128851540616,0.04647996322960173,0.0,0.10013585175202927,0.016587447861092248,0.018362508879421813,-0.02536913193327493,0.06569985736407284,59.0,0.0,,0.0,0.0,0.0,0.0,0.0,0.0028615772625860897,-0.005196238842984702,-0.009679365660550332,0.017765974209257854,-0.012543111986934363,-0.5399106046924821,0.5746494705237036,0.926,-0.4506384012418412,-0.647164096340856,-0.2639664641442311,0.0,-0.08941755728595777,-0.1659573371830195,-0.003075308665172257,0.032
phase3,heat_pilot,precip,1,27,monsoon_JJAS,all,persistence,baseline,False,20618,25,0.02972176499850524,12.038413184222012,22.431473879130422,16.182753346705443,28.45695857560545,12.038413184222012,8.469600958198882,15.615025555770803,357.0,0.03081232492997199,0.969187675070028,0.015647226173541962,1.0,0.006915080770139636,-0.003482848760304889,0.014743768278408358,0.03356290619846736,-0.9862372627352052,-1.2514218025612445,-0.709173323479345,59.0,0.0,1.0,0.0,1.0,-0.0014328387206450203,-0.0030642949169783665,-0.00025930312013881817,0.0057231545251721794,-1.0103924776859694,-1.1568898432413899,-0.6512655744881728,9.455878814716533,5.819136395898595,13.3329054291299,0.0,4.801004555059933,2.6653057336001984,7.073243817726158,0.0,-0.12898243974541987,-0.26409147400867655,0.0007946648845935871,0.074
phase3,heat_pilot,precip,1,27,monsoon_JJAS,all,climatology,baseline,False,20618,25,-1.4937035972110653,9.451097113985085,16.52555295532367,12.192651508260537,20.707100911936923,9.451097113985085,7.744723418082373,11.176493252669651,357.0,0.0,,0.0,0.0,0.0,0.0,0.0,0.017314967504122612,-0.024691767046919333,-0.036348866672533044,0.011530447425632046,59.0,0.0,,0.0,0.0,0.0,0.0,0.0,0.0028615772625860897,-0.005196238842984702,-0.009679365660550332,0.017765974209257854,3.549957890909779,1.7193839607008763,5.508399490634405,0.0,2.213688484823006,1.27787959430919,3.168375002635686,0.0,-0.1358975205155595,-0.2658110339738419,-0.003075308665172257,0.032
phase3,heat_pilot,precip,1,27,monsoon_JJAS,all,ecmwf_ifs_ctrl,source,False,20618,25,1.2015951029806013,8.340309287792616,15.675043617201478,11.794585702448266,19.003256560945037,8.340309287792616,6.43213673008556,10.207415312112323,357.0,0.15966386554621848,0.6761363636363636,0.11974789915966387,0.49299719887955185,0.11407606096231325,0.011411424134406281,0.20558612120235645,0.020322048695314773,-0.20264944087579617,-0.4151689051879188,-0.05225961809125486,59.0,0.1016949152542373,0.8604651162790697,0.0625,0.7288135593220338,0.06129681893533509,-0.0006590501753278655,0.09520771768859243,0.004365117858182171,-0.533350194845231,-1.3401994354422402,-0.23383980908186036,2.6994485527875884,1.610613436466563,3.7800464928303477,0.0,1.1029006586305368,0.7916248266093956,1.465787563409517,0.0,-0.021821459553246256,-0.0648675390740938,0.03075620052683478,0.59
phase3,heat_pilot,precip,1,27,monsoon_JJAS,all,ecmwf_aifs,source,False,20618,25,0.49560522373148863,7.123455326815201,12.741856258560526,9.735681947312209,15.280276822408206,7.123455326815201,5.454788726337922,8.694723541708703,357.0,0.10364145658263306,0.17777777777777778,0.10136986301369863,0.12605042016806722,0.0994474336191267,0.0,0.19987990234886843,0.015908429527597245,0.05854649974400683,-0.026679711376627564,0.15653406270677922,59.0,0.01694915254237288,0.75,0.016129032258064516,0.06779661016949153,0.01594735853780671,0.0,0.027422885916365478,0.0029585798816568047,-0.03927068761732322,-0.06963742001163144,0.017765974209257854,-0.23373880585336337,-0.4628972068434596,-0.016382503962325018,0.04,-0.11395330234687773,-0.25591071955275185,0.06335717462556181,0.18,-0.03645008689643281,-0.06790284944898703,0.0005668601971740778,0.11
phase3,heat_pilot,precip,1,27,monsoon_JJAS,all,ncep_gfs,source,False,20618,25,0.7757207873454525,8.938343994371113,17.732653861296296,12.932116510464786,21.784790478566443,8.938343994371113,6.564701447128677,11.161446872311759,357.0,0.23809523809523808,0.7335423197492164,0.14382402707275804,0.8935574229691877,0.1357467326576014,0.027063779108273216,0.2685125092154361,0.02454166262489087,-0.4523642412485749,-1.102448176193096,-0.019652669749434765,59.0,0.15254237288135594,0.8902439024390244,0.06818181818181818,1.3898305084745763,0.0665224250553421,-0.001329747653636393,0.12449997641519357,0.005965661072848967,-1.095578599621816,-3.089028985146638,-0.38712057466696637,4.757058796882406,2.288389893808096,7.174110020868588,0.0,1.700935365209034,0.8587255342263852,2.571475648908144,0.0,-0.00015078785795810679,-0.05270170469072603,0.050676304698208524,0.774
phase3,heat_pilot,precip,1,27,monsoon_JJAS,all,ecmwf_ifs_ens,source,True,20618,25,0.4499586116155112,7.302732862004989,12.905571914235374,9.929743031946742,15.41838846219808,5.129426608917848,3.942593823792058,6.256419652457565,357.0,0.12044817927170869,0.3064516129032258,0.11436170212765957,0.17366946778711484,0.11182585158482913,0.013164916004129062,0.20264600676408798,0.01434532984601274,0.15105001581540278,0.022585764095565872,0.2643734280079609,59.0,0.0,1.0,0.0,0.01694915254237288,-4.7695229102820404e-05,-0.00014546908948326115,0.0,0.0026412235621711276,0.07220817506827171,-0.00847583309793477,0.10222945869354089,-0.07002315017851579,-0.4143633173534743,0.22619492499206006,0.804,-2.107982020244231,-2.6029212355499616,-1.6007632089375246,0.0,-0.024071668930730372,-0.07096916772732996,0.031913954928019114,0.496
phase3,heat_pilot,precip,1,27,postmonsoon_OND,all,blend_A,L3A,False,14872,18,0.43952165358415785,1.021123215541576,3.361646042734334,1.3200391571597287,4.980725568573721,1.021123215541576,0.3132417889987221,1.8954277023916002,4.0,0.0,1.0,0.0,2.0,-0.00017934002869440457,-0.0004305241631686578,0.0,0.0008068854222700376,-2.0018084112912833,-7.968413732017645,1.0,0.0,,,,,,,,0.0,1.0,1.0,1.0,-0.04689318439837109,-0.15390133197204683,-0.0009489018960108533,0.042,-0.03886614786916587,-0.09177324654071894,-0.005356299281294577,0.002,-1.7936897473658865e-05,-5.1283140587380825e-05,0.0,0.6
phase3,heat_pilot,precip,1,27,postmonsoon_OND,all,equal_mean,prev,False,14872,18,0.48453389031206034,1.0599893634107418,3.4085392271327053,1.3691812941510402,5.030046442271653,1.0599893634107418,0.3275717293995688,1.9263284008383317,4.0,0.0,1.0,0.0,1.5,-0.0001614031312207457,-0.00038605070132544073,0.0,0.0006724045185583647,-1.5015070094094027,-5.9754329026803905,1.0,0.0,,,,,,,,0.0,1.0,1.0,1.0,,,,,,,,,,,,
phase3,heat_pilot,precip,1,27,postmonsoon_OND,all,superensemble,baseline,False,14872,18,-0.9012163258018335,1.9467544855880015,3.7554236817814886,1.7500439858442376,5.548299836797785,1.9467544855880015,1.387888284787414,2.6740118749264434,4.0,0.0,1.0,0.0,4.5,-0.00022010809753234367,-0.00055425389867231,0.0,0.0014792899408284023,-4.5033154207006865,-17.933317878703914,1.0,0.0,,,,,,,,0.0,1.0,1.0,1.0,0.34688445464878326,0.01695430601674954,0.6053396331136665,0.042,0.8867651221772597,0.5814034627618698,1.153207298087176,0.0,-5.870496631159796e-05,-0.00018023471858396635,0.0,0.6
phase3,heat_pilot,precip,1,27,postmonsoon_OND,all,persistence,baseline,False,14872,18,0.02430154924191266,1.6658231226322575,6.159408721908327,1.8664415223988464,8.84276031696551,1.6658231226322575,0.43255601264259,3.212792721493366,4.0,0.0,1.0,0.0,1.0,-0.00013449899125756557,-0.0003523769714007789,0.0,0.0005379236148466917,-1.0012056075275222,-63.23299352227808,1.0,0.0,,,,,,,,0.0,1.0,1.0,1.0,2.7508694947756216,0.20787334981924663,4.4623272380938666,0.022,0.6058337592215157,-0.10598672091998369,1.4950194938318293,0.094,2.6904139963180137e-05,-0.0003186088828156529,0.00016839410052347001,0.8409090909090909
phase3,heat_pilot,precip,1,27,postmonsoon_OND,all,climatology,baseline,False,14872,18,-0.04041178831720405,1.450492427592437,4.338453562257605,1.4325041328927457,6.793472230324821,1.450492427592437,0.7021066921717904,2.3828824325747124,4.0,0.0,,0.0,0.0,0.0,0.0,0.0,0.00026896180742334586,-0.000602803763761095,-0.00711809899945941,1.0,0.0,,,,,,,,0.0,1.0,1.0,1.0,0.9299143351249,-0.11493592358582747,1.7593224092258268,0.104,0.3905030641816951,0.1698956449956764,0.6286230533059538,0.0,0.0001614031312207457,0.0,0.00038605070132544073,0.6
phase3,heat_pilot,precip,1,27,postmonsoon_OND,all,ecmwf_ifs_ctrl,source,False,14872,18,0.5579875926399476,1.1542896117034132,4.133623974692032,1.6071836715938363,6.407261432061423,1.1542896117034132,0.32603595796026624,2.1835579716793534,4.0,0.0,1.0,0.0,5.75,-0.0002291681197253968,-0.0005839827159581934,0.0,0.0018154922001075847,-5.754068925405387,-22.91576995204705,1.0,0.0,,,,,,,,0.0,1.0,1.0,1.0,0.7250847475593267,0.07343345065394703,1.4383583317856556,0.0,0.09430024829267136,-0.03348093747769557,0.3031690568796613,0.402,-6.77649885046511e-05,-0.00021614215397899436,0.0,0.6
phase3,heat_pilot,precip,1,27,postmonsoon_OND,all,ecmwf_aifs,source,False,14872,18,0.314402601111534,0.9386560289497824,3.3922888313321247,1.285366864304189,5.0625677450557465,0.9386560289497824,0.29302896697335024,1.751352487003012,4.0,0.0,1.0,0.0,3.75,-0.0002123833661347643,-0.000529457065845206,0.0,0.001277568585260893,-3.752863317877865,-14.943846634698035,1.0,0.0,,,,,,,,0.0,1.0,1.0,1.0,-0.01625039580058063,-0.25685019778316115,0.0953301597827668,0.832,-0.1213333344609594,-0.2269860972279666,-0.03289604623934234,0.0,-5.098023491401858e-05,-0.0001520616275309574,0.0,0.6
phase3,heat_pilot,precip,1,27,postmonsoon_OND,all,ncep_gfs,source,False,14872,18,0.7075420644443889,1.417903192152458,4.510670838964796,2.0655601943392816,6.236507668166182,1.417903192152458,0.4516320169441842,2.4603561270976098,4.0,0.0,1.0,0.0,1.75,-0.0001711868137242914,-0.0004143728171431954,0.0,0.0007396449704142012,-1.7516577103503432,-6.971923317349018,1.0,0.0,,,,,,,,0.0,1.0,1.0,1.0,1.1021316118320903,0.3002882623374214,2.038494002572185,0.0,0.3579138287417163,0.06994492773770711,0.745339313428566,0.0,-9.783682503545702e-06,-2.769224289689493e-05,0.0,0.6
phase3,heat_pilot,precip,1,27,postmonsoon_OND,all,ecmwf_ifs_ens,source,True,14872,18,0.5248271937238835,1.1052414175953353,3.479670852106698,1.4226375725091307,5.160984105084584,0.6914518618925548,0.22348811544337596,1.291336888843254,4.0,0.0,1.0,0.0,1.0,-0.00013449899125756557,-0.0003204107334514894,0.0,0.0005564076298704988,-1.0699706022114013,-4.255821210691413,0.9772268150418624,0.0,,,,,,,,5.428871545453926e-06,-29.832762241542728,-98.25758931265027,1.0,0.07113162497399284,-0.07984196088681478,0.17441358258292664,0.326,-0.368537501518187,-0.6590899789503503,-0.10889958974427505,0.0,2.6904139963180137e-05,0.0,7.043792950107666e-05,0.6
phase3,heat_pilot,precip,2,51,all,all,blend_A,L3A,False,61178,73,0.6804898801645121,3.4075460123404366,8.46201523919792,6.39806005821664,10.272375070955032,3.4075460123404366,2.411516690167156,4.494895986226611,363.0,0.1184573002754821,0.44871794871794873,0.10804020100502512,0.21487603305785125,0.10700177997765674,-7.998599213710828e-05,0.2383974896859547,0.005802739546895943,-0.0016944050658236343,-0.24480866243093874,0.1809827184088573,59.0,0.0,,0.0,0.0,0.0,0.0,0.0,0.0009643989669489032,-0.005144411971459428,-0.009643421246587763,0.015235385820671516,-0.06711492362485139,-0.18635212617108246,0.031298338786762574,0.218,0.00013302660119141052,-0.04683267824971098,0.04573260528948262,0.984,-0.013408275802470102,-0.0347007991087522,0.0014890523118647983,0.756
phase3,heat_pilot,precip,2,51,all,all,equal_mean,prev,False,61178,73,0.6338957464166541,3.4074129857392452,8.52913016282277,6.429827050212539,10.343827570400503,3.4074129857392452,2.409064911076769,4.500991683803734,363.0,0.13774104683195593,0.4897959183673469,0.12165450121654502,0.2699724517906336,0.12041005578012684,-0.00015629748366525022,0.2738962117284865,0.005900814018111085,-0.018624451348626225,-0.3230181918548815,0.19663297891223064,59.0,0.0,1.0,0.0,0.03389830508474576,-3.162063809375787e-05,-9.245833172462816e-05,0.0,0.0009970904573539507,-0.039217103902695394,-0.18542685385625132,0.007973184469308494,,,,,,,,,,,,
phase3,heat_pilot,precip,2,51,all,all,superensemble,baseline,False,61178,73,-0.17333155266316733,3.341607436455738,8.385694807244883,6.361050772609739,10.37353074004072,3.341607436455738,2.4246436874837385,4.320694363660435,363.0,0.06611570247933884,0.2,0.06504065040650407,0.08264462809917356,0.06458940943968992,0.0,0.1314704542995583,0.005639282094870705,0.026522338738847573,-0.04191206150906575,0.10125397674510322,59.0,0.0,,0.0,0.0,0.0,0.0,0.0,0.0009643989669489032,-0.005144411971459428,-0.009643421246587763,0.015235385820671516,-0.14343535557788734,-0.6239377091979892,0.3417326927099799,0.558,-0.06580554928350724,-0.2504490508885774,0.11137410886933218,0.486,-0.055820646340436916,-0.1411080836456853,0.006372798417220294,0.756
phase3,heat_pilot,precip,2,51,all,all,persistence,baseline,False,61178,73,0.0054388783462685384,5.19348383252636,14.292057473370306,10.57322778634618,18.256264520666473,5.19348383252636,3.559777821342783,7.054454117854694,363.0,0.008264462809917356,0.9917355371900827,0.004149377593360996,1.0,0.001173811520087619,-0.0033035192520580164,0.0067506851855164965,0.011768936545817123,-1.031605553936318,-1.5282281876688015,-0.7076796726981565,59.0,0.0,1.0,0.0,1.0,-0.0004824321119896645,-0.0010652571382974495,-0.0001132586095604031,0.0019287979338978064,-1.0102888239429189,-1.6687236010588022,-0.6049771880616697,5.762927310547536,3.488344259603819,8.48581059380213,0.0,1.7860708467871151,1.0022985594836138,2.750378641736359,0.0,-0.11923624426003922,-0.27719602677808514,0.0044609281911434685,0.244
phase3,heat_pilot,precip,2,51,all,all,climatology,baseline,False,61178,73,-0.6891905668072049,3.967709337756685,10.143453670939843,7.422523924733987,12.851953794068608,3.967709337756685,2.9136824293132797,5.161131931284661,363.0,0.0,,0.0,0.0,0.0,0.0,0.0,0.005933505508516133,-0.024267800109560422,-0.03656295369386549,0.003203146605013374,59.0,0.0,,0.0,0.0,0.0,0.0,0.0,0.0009643989669489032,-0.005144411971459428,-0.009643421246587763,0.015235385820671516,1.6143235081170726,0.5325693125955514,2.9280193617544,0.002,0.5602963520174398,0.16948600792514157,1.0155360625982508,0.002,-0.12041005578012684,-0.2738962117284865,0.00015629748366525022,0.274
phase3,heat_pilot,precip,2,51,all,all,ecmwf_ifs_ctrl,source,False,61178,73,0.8193413436803986,3.8728449221463803,10.66862621068904,7.844283264128673,13.535321621311985,3.8728449221463803,2.736230374872769,5.225971096728264,363.0,0.09641873278236915,0.8416289592760181,0.06375227686703097,0.6088154269972452,0.06151066394611983,0.009044332643031007,0.11484879389763018,0.008401713034097225,-0.45034063156009374,-1.1862594233778174,-0.061782058147552055,59.0,0.06779661016949153,0.9322033898305084,0.03508771929824561,1.0,0.0346058729751818,-0.00046255117123313814,0.07578001499752203,0.0017980319722776161,-0.8739980562179752,-3.6801364387734994,-0.07749702247678077,2.1394960478662686,0.798665754693821,3.7350628605598057,0.0,0.4654319364071351,0.24136105477603276,0.7412061841824574,0.0,-0.05889939183400701,-0.16070516225125325,0.026118710366338477,0.746
phase3,heat_pilot,precip,2,51,all,all,ecmwf_aifs,source,False,61178,73,0.8232823741843645,3.5404500257440743,8.705201323473137,6.583817605542847,10.756206373248595,3.5404500257440743,2.4808093806483273,4.672450152602072,363.0,0.09366391184573003,0.37037037037037035,0.08877284595300261,0.1487603305785124,0.08800989527742949,0.0,0.16010915020835673,0.0057046650756808,0.015235641216979068,-0.08005072470401448,0.10614833082775595,59.0,0.05084745762711865,0.0,0.05084745762711865,0.05084745762711865,0.05080091152777875,0.0,0.09366136833334103,0.0009153617313413318,0.04596462592539441,-0.0030477214741324032,0.08557341481849717,0.1760711606503662,-0.2956324990407405,0.7195618458982319,0.544,0.13303704000482908,-0.04904292327720473,0.35243946403090776,0.194,-0.03240016050269735,-0.11269097288928015,0.03696616969943938,0.766
phase3,heat_pilot,precip,2,51,all,all,ncep_gfs,source,False,61178,73,0.42601364671717795,4.005614598549213,10.867171403454828,8.326466740390604,13.461970946659639,4.005614598549213,2.815251376685806,5.456591189698529,363.0,0.24793388429752067,0.775,0.1337295690936107,1.1019283746556474,0.13066376741468194,0.012218284324113326,0.2837964208499436,0.009529569453071365,-0.6450361638123243,-1.6104074826267847,-0.044711690221591154,59.0,0.1694915254237288,0.863013698630137,0.08196721311475409,1.2372881355932204,0.08143714870708925,-0.0004033814078535832,0.14123721952014923,0.0018307234626826637,-0.9080707481492112,-2.1511441320556863,-0.3176761530072401,2.338041240632057,1.4400142663384639,3.20743054492286,0.0,0.5982016128099681,0.2920626271345471,0.9724573758738075,0.0,0.010253711634555102,-0.013879948174927386,0.04945546247632442,0.27
phase3,heat_pilot,precip,2,51,all,all,ecmwf_ifs_ens,source,True,61178,73,0.7808191789803184,3.529977745331826,8.70748904186858,6.577011287905658,10.640860371061999,2.340784707828816,1.6367015775762577,3.1132862361207683,363.0,0.08539944903581267,0.6395348837209303,0.07416267942583732,0.2369146005509642,0.07303106441494142,-3.2331743364264213e-05,0.16580001577728218,0.005325847245975716,0.08062883997906123,-0.10940654260884802,0.23296775197656958,59.0,0.0,1.0,0.0,0.1016949152542373,-8.90293686258493e-05,-0.00024742045444345264,0.0,0.0009791044816639773,-0.020471228411116593,-0.37605323106955973,0.08008060501485273,0.17835887904580972,-0.041005464051570996,0.41349837385466004,0.106,-1.066628277910429,-1.430448277882504,-0.7487981413905217,0.0,-0.04737899136518542,-0.10818908961297559,0.00013709487359645178,0.282
phase3,heat_pilot,precip,2,51,winter_JF,all,blend_A,L3A,False,9971,13,0.026017186226172957,0.02664369190274511,0.06792156625629425,0.021394680933416475,0.10682261036057525,0.02664369190274511,0.012817315289426014,0.04391088564153109,0.0,,,,,,,,0.0,1.0,1.0,1.0,0.0,,,,,,,,0.0,1.0,1.0,1.0,0.024338948696704554,0.01196974774245872,0.0354265661014667,0.0,0.015353746068514175,0.00803106592268584,0.02410348454876115,0.0,,,,
phase3,heat_pilot,precip,2,51,winter_JF,all,equal_mean,prev,False,9971,13,0.010374257215412096,0.011289945834230933,0.0435826175595897,0.008795836028070603,0.0727707878806673,0.011289945834230933,0.004584506965484781,0.01994834253249409,0.0,,,,,,,,0.0,1.0,1.0,1.0,0.0,,,,,,,,0.0,1.0,1.0,1.0,,,,,,,,,,,,
phase3,heat_pilot,precip,2,51,winter_JF,all,superensemble,baseline,False,9971,13,-0.00011399195967186036,0.02105568177395291,0.049746133169193664,0.01636119110431752,0.0807420473697443,0.02105568177395291,0.014396998557568387,0.02997257784482823,0.0,,,,,,,,0.0,1.0,1.0,1.0,0.0,,,,,,,,0.0,1.0,1.0,1.0,0.006163515609603966,0.004831603951386193,0.008937091868550037,0.0,0.009765735939721975,0.00755813736546227,0.01209972540823191,0.0,,,,
phase3,heat_pilot,precip,2,51,winter_JF,all,persistence,baseline,False,9971,13,0.03337072407920745,0.03534287964343642,0.7352623356825044,0.0,1.3178435913158406,0.03534287964343642,0.0,0.1105664350809815,0.0,,,,,,,,0.0,1.0,1.0,1.0,0.0,,,,,,,,0.0,1.0,1.0,1.0,0.6916797181229147,-0.013374587419631849,1.2754023248454343,0.366,0.02405293380920549,-0.013880005619784443,0.0991085506559816,0.71,,,,
phase3,heat_pilot,precip,2,51,winter_JF,all,climatology,baseline,False,9971,13,0.30629605188907516,0.3072381350777355,0.3330898635079049,0.3066590213770848,0.35865158174272216,0.3072381350777355,0.2805571428982641,0.3341330692568553,0.0,,,,,,,,0.0,1.0,1.0,1.0,0.0,,,,,,,,0.0,1.0,1.0,1.0,0.28950724594831523,0.24225639554928458,0.3404761957367065,0.0,0.2959481892435046,0.264595027330441,0.32535879697863046,0.0,,,,
phase3,heat_pilot,precip,2,51,winter_JF,all,ecmwf_ifs_ctrl,source,False,9971,13,0.002177075439285651,0.003734367227748002,0.04800335180536646,0.000628536353746231,0.08199031588625094,0.003734367227748002,3.549756742937383e-05,0.009322142715246737,0.0,,,,,,,,0.0,1.0,1.0,1.0,0.0,,,,,,,,0.0,1.0,1.0,1.0,0.004420734245776763,-0.006143779294438573,0.00992776490005945,0.482,-0.007555578606482932,-0.01162522640228568,-0.004177762255561279,0.0,,,,
phase3,heat_pilot,precip,2,51,winter_JF,all,ecmwf_aifs,source,False,9971,13,0.035307685363293886,0.03586129998714823,0.08727692684810383,0.02927138567902921,0.13594970867587394,0.03586129998714823,0.017570913328649167,0.0584223931133299,0.0,,,,,,,,0.0,1.0,1.0,1.0,0.0,,,,,,,,0.0,1.0,1.0,1.0,0.04369430928851413,0.019942284595926993,0.0635196306108437,0.0,0.024571354152917297,0.012796837336903845,0.038524229859412874,0.0,,,,
phase3,heat_pilot,precip,2,51,winter_JF,all,ncep_gfs,source,False,9971,13,-0.00021996292157752285,0.0015134058310638614,0.032340012096691705,0.0,0.05698878308950751,0.0015134058310638614,0.0,0.004699523370145675,0.0,,,,,,,,0.0,1.0,1.0,1.0,0.0,,,,,,,,0.0,1.0,1.0,1.0,-0.011242605462897994,-0.025422180053182124,-0.00805062202904757,0.0,-0.009776540003167073,-0.016040974132569098,-0.004584506965484782,0.0,,,,
phase3,heat_pilot,precip,2,51,winter_JF,all,ecmwf_ifs_ens,source,True,9971,13,0.004232231029726786,0.005415866651717751,0.04860625292170973,0.0017335987456861073,0.08126553491669974,0.0022248968779559576,1.9860912966182874e-05,0.005997777211003707,0.0,,,,,,,,0.0,1.0,1.0,1.0,0.0,,,,,,,,0.0,1.0,1.0,1.0,0.005023635362120034,-0.004768318293327146,0.008249337226571484,0.11,-0.009065048956274975,-0.014545415360036344,-0.00451039360419132,0.0,,,,
phase3,heat_pilot,precip,2,51,premonsoon_MAM,all,blend_A,L3A,False,15548,19,-0.06029305429105215,1.5464678081842755,4.490154167191427,2.2869823792362536,6.228426593722847,1.5464678081842755,0.6243413746139962,2.6643387278578716,2.0,0.0,,0.0,0.0,0.0,0.0,0.0,0.00012863390789812196,0.0011664172636860481,-0.0025990898383251083,1.0,0.0,,,,,,,,0.0,1.0,1.0,1.0,0.024233893691539166,-0.02561373996128071,0.07442713544639327,0.428,0.019263639978684077,-0.0012425418223830974,0.04645403118850716,0.074,0.0,0.0,0.0,1.0
phase3,heat_pilot,precip,2,51,premonsoon_MAM,all,equal_mean,prev,False,15548,19,-0.08503908470883342,1.5272041682055915,4.465920273499888,2.2942685303304966,6.1849379453573805,1.5272041682055915,0.6201701869812565,2.637190695038265,2.0,0.0,,0.0,0.0,0.0,0.0,0.0,0.00012863390789812196,0.0011664172636860481,-0.0025990898383251083,1.0,0.0,,,,,,,,0.0,1.0,1.0,1.0,,,,,,,,,,,,
phase3,heat_pilot,precip,2,51,premonsoon_MAM,all,superensemble,baseline,False,15548,19,-0.3088602920074316,1.4358039919307648,4.390117295246839,2.1901896132343874,6.1209022235517,1.4358039919307648,0.5927325096161147,2.4357162083752026,2.0,0.0,,0.0,0.0,0.0,0.0,0.0,0.00012863390789812196,0.0011664172636860481,-0.0025990898383251083,1.0,0.0,,,,,,,,0.0,1.0,1.0,1.0,-0.0758029782530496,-0.29455495805661414,0.1790497420582395,0.562,-0.09140017627482666,-0.22348592046743349,0.002622657245372136,0.06,0.0,0.0,0.0,1.0
phase3,heat_pilot,precip,2,51,premonsoon_MAM,all,persistence,baseline,False,15548,19,-0.09968304332630368,2.051292093727543,6.477115585502942,3.152506911411599,9.094335865168892,2.051292093727543,0.8770218054926424,3.5771648273627683,2.0,0.0,1.0,0.0,1.0,-6.432109088570143e-05,-0.0001376273052573631,0.0,0.0002572678157962439,-0.9976671654726279,-202.0521067552184,1.0,0.0,,,,,,,,0.0,1.0,1.0,1.0,2.0111953120030535,0.7117398560542789,3.081105634859507,0.0,0.5240879255219517,0.14443855290403493,1.0010287611859945,0.004,-6.432109088570143e-05,-0.00014140971343321572,0.0,0.21768707482993196
phase3,heat_pilot,precip,2,51,premonsoon_MAM,all,climatology,baseline,False,15548,19,-0.8912563152155538,1.4921885193281252,4.962511274919205,2.210227386913945,7.153372200893684,1.4921885193281252,0.7333824926478366,2.449568330357734,2.0,0.0,,0.0,0.0,0.0,0.0,0.0,0.00012863390789812196,0.0011664172636860481,-0.0025990898383251083,1.0,0.0,,,,,,,,0.0,1.0,1.0,1.0,0.49659100141931667,-0.27913578457780075,0.9771434443977287,0.216,-0.03501564887746622,-0.3298482723933147,0.18779653278223957,0.846,0.0,0.0,0.0,1.0
phase3,heat_pilot,precip,2,51,premonsoon_MAM,all,ecmwf_ifs_ctrl,source,False,15548,19,0.13995200041216704,1.767459629527153,5.25067862627456,2.813516225028093,7.228328731601334,1.767459629527153,0.6740793375454401,3.0898799263903376,2.0,0.0,,0.0,0.0,0.0,0.0,0.0,0.00012863390789812196,0.0011664172636860481,-0.0025990898383251083,1.0,0.0,,,,,,,,0.0,1.0,1.0,1.0,0.7847583527746718,0.17728857612785026,1.3218575615130606,0.014,0.2402554613215615,0.03638878845295804,0.5094641682622391,0.018,0.0,0.0,0.0,1.0
phase3,heat_pilot,precip,2,51,premonsoon_MAM,all,ecmwf_aifs,source,False,15548,19,0.04147412174613487,1.596355524018564,4.535558463366656,2.3938457256175125,6.258096559667231,1.596355524018564,0.6605278172683717,2.782266708714814,2.0,0.0,,0.0,0.0,0.0,0.0,0.0,0.00012863390789812196,0.0011664172636860481,-0.0025990898383251083,1.0,0.0,,,,,,,,0.0,1.0,1.0,1.0,0.06963818986676795,-0.27188624118398486,0.49098071087066564,0.75,0.0691513558129726,-0.07767513105727203,0.30606831654934574,0.588,0.0,0.0,0.0,1.0
phase3,heat_pilot,precip,2,51,premonsoon_MAM,all,ncep_gfs,source,False,15548,19,-0.44082828446386985,1.4611124198434284,5.049620751704419,2.246682772041332,7.167806936156215,1.4611124198434284,0.5789738133870307,2.5713905439453266,2.0,0.0,1.0,0.0,4.0,-0.00010291771728503062,-0.0002573137358669546,-4.1967433271781096e-05,0.0006431695394906097,-3.9941679136815695,-5.993207112465129,1.0,0.0,,,,,,,,0.0,1.0,1.0,1.0,0.5837004782045305,-0.04553491467800054,1.0434333154682347,0.084,-0.06609174836216303,-0.22971287269399682,0.07571333205665189,0.41,-0.00010291771728503062,-0.0002573137358669546,-4.1967433271781096e-05,0.0
phase3,heat_pilot,precip,2,51,premonsoon_MAM,all,ecmwf_ifs_ens,source,True,15548,19,-0.08075416986173198,1.5778848657310922,4.5909962030031615,2.3446866998737153,6.343956306886471,1.0980918886984796,0.47834102292848335,1.8662629365484273,2.0,0.0,,0.0,0.0,0.0,0.0,0.0,0.00013501367495650628,-0.04837204185703059,-1.0771432324099488,0.7032922715372464,0.0,,,,,,,,3.2146113084882457e-07,-12.466782386538787,-162.12592884147745,1.0,0.1250759295032733,0.041169525639689473,0.18690771816916132,0.01,-0.42911227950711184,-0.7745108096684556,-0.13719630566957086,0.0,0.0,0.0,0.0,1.0
phase3,heat_pilot,precip,2,51,monsoon_JJAS,all,blend_A,L3A,False,20618,25,1.6190646564470863,8.081936424546152,13.722460748799039,10.675258291591573,16.287593909919025,8.081936424546152,6.237023584489979,9.828007844533808,357.0,0.12044817927170869,0.44155844155844154,0.10997442455242967,0.21568627450980393,0.10692918441019703,-0.0001886571776014673,0.23737257486774702,0.016878455718304396,0.0011407985088852657,-0.2427960381202361,0.17537694632039616,59.0,0.0,,0.0,0.0,0.0,0.0,0.0,0.0028615772625860897,-0.005196238842984702,-0.009679365660550332,0.017765974209257854,-0.09204312101186751,-0.29361123912635273,0.07017378178527964,0.394,0.03917271118073273,-0.07944436622446531,0.1528137326235273,0.49,-0.014191839215483962,-0.03442982898052489,0.0016210946002742528,0.722
phase3,heat_pilot,precip,2,51,monsoon_JJAS,all,equal_mean,prev,False,20618,25,1.431172617858951,8.042763713365419,13.814503869810906,10.721489675796033,16.412545948086382,8.042763713365419,6.177591816004037,9.853138060059242,357.0,0.1400560224089636,0.46808510638297873,0.12468827930174564,0.26330532212885155,0.12112102362568099,-0.0001886571776014673,0.27008947145370543,0.017023959646910468,-0.007470056676383008,-0.30822256165949985,0.19928196209976684,59.0,0.0,1.0,0.0,0.03389830508474576,-9.3831008762862e-05,-0.0002718994145753572,0.0,0.0029585798816568047,-0.03927068761732322,-0.19890831273562082,0.013162945833197704,,,,,,,,,,,,
phase3,heat_pilot,precip,2,51,monsoon_JJAS,all,superensemble,baseline,False,20618,25,0.011103770191058238,7.538576192320147,13.626756032217862,10.275137548256453,16.439133855695438,7.538576192320147,5.77093251829974,9.251018805144291,357.0,0.06722689075630252,0.2,0.06611570247933884,0.08403361344537816,0.06477740919264871,0.0,0.1293931954518299,0.016441943932486176,0.026973364064689975,-0.04228198318136262,0.0951747440550196,59.0,0.0,,0.0,0.0,0.0,0.0,0.0,0.0028615772625860897,-0.005196238842984702,-0.009679365660550332,0.017765974209257854,-0.1877478375930437,-1.062388054733229,0.6722032425186655,0.632,-0.5041875210452718,-0.9066374937850624,-0.1718086312741432,0.002,-0.05634361443303228,-0.13731971689121578,0.0078081394760336565,0.722
phase3,heat_pilot,precip,2,51,monsoon_JJAS,all,persistence,baseline,False,20618,25,-0.12966497284151995,12.505226506377234,23.260166661128597,17.220542891234572,29.78901444074452,12.505226506377234,9.18146828933874,16.041363019554048,357.0,0.008403361344537815,0.9914285714285714,0.004261363636363636,0.9803921568627451,-0.004384674431530184,-0.012415196126563395,0.0031570311998380673,0.033999417984285574,-1.0120698282910099,-1.524323594799355,-0.6975914944706674,59.0,0.0,1.0,0.0,1.0,-0.0014328387206450203,-0.003064531646391629,-0.0003368471473159593,0.0057231545251721794,-1.0103924776859694,-1.7038798941079445,-0.6249120996200598,9.445662791317691,5.697872614226899,14.026881803651932,0.0,4.462462793011815,2.5185779024270025,6.929383340805846,0.0,-0.12550569805721118,-0.28078795052596156,0.0006568936673132003,0.072
phase3,heat_pilot,precip,2,51,monsoon_JJAS,all,climatology,baseline,False,20618,25,-1.4937035972110653,9.451097113985085,16.52555295532367,12.192651508260537,20.707100911936923,9.451097113985085,7.744723418082373,11.176493252669651,357.0,0.0,,0.0,0.0,0.0,0.0,0.0,0.017314967504122612,-0.024691767046919333,-0.036348866672533044,0.011530447425632046,59.0,0.0,,0.0,0.0,0.0,0.0,0.0,0.0028615772625860897,-0.005196238842984702,-0.009679365660550332,0.017765974209257854,2.7110490855127622,0.8297804235545214,4.919649839013945,0.0,1.4083334006196662,0.3394133623589061,2.479082562416858,0.01,-0.12112102362568099,-0.2700894714537055,0.0001886571776014673,0.286
phase3,heat_pilot,precip,2,51,monsoon_JJAS,all,ecmwf_ifs_ctrl,source,False,20618,25,1.7140332312609623,9.128953672646652,17.23647842267624,12.299107348976523,21.428233270363563,9.128953672646652,6.725631505231922,11.433562171408155,357.0,0.09803921568627451,0.8186528497409327,0.06796116504854369,0.5406162464985994,0.061873748088629756,0.009883040678228955,0.11335716979021326,0.02328062857697158,-0.3777368296429169,-0.971543085953541,-0.030891874240268416,59.0,0.06779661016949153,0.9245283018867925,0.037037037037037035,0.8983050847457628,0.03568285365690225,-0.0013079943327278178,0.07477962684656698,0.005044136191677175,-0.7718713362656002,-3.212258319155048,0.0025254148647491756,3.4219745528653327,1.0135273409602472,5.976830967306666,0.0,1.0861899592812332,0.5285904960394876,1.7787650961837196,0.0,-0.05924727553705123,-0.1555704264582097,0.02524382763627432,0.708
phase3,heat_pilot,precip,2,51,monsoon_JJAS,all,ecmwf_aifs,source,False,20618,25,2.091379153550261,8.52355156476736,14.185310683518098,10.80171449191673,16.986696992699944,8.52355156476736,6.531320771915662,10.327536467180643,357.0,0.09523809523809523,0.37037037037037035,0.09018567639257294,0.15126050420168066,0.08792361022622983,0.0,0.15858054782003783,0.016635949170627606,0.015492223817665685,-0.07880600301583263,0.09940002501059847,59.0,0.05084745762711865,0.0,0.05084745762711865,0.05084745762711865,0.05070933210555092,0.0,0.09084864079037258,0.0027160733339800175,0.04591543431852296,-0.0022925701969670033,0.08442789904079995,0.37080681370719226,-0.5474017768499505,1.2489696401776103,0.502,0.48078785140194036,-0.050959780091671375,1.068312961285084,0.086,-0.03319741339945116,-0.10994044920896254,0.037282753551191775,0.736
phase3,heat_pilot,precip,2,51,monsoon_JJAS,all,ncep_gfs,source,False,20618,25,0.7688076661520075,9.413409739708893,17.418651771557947,13.29061539343556,20.941121584276928,9.413409739708893,6.951268420618616,11.772616201448953,357.0,0.25210084033613445,0.7450424929178471,0.14516129032258066,0.988795518207283,0.13665007550284466,0.012119571036047834,0.293029984683617,0.02570569405373945,-0.5212510827307206,-1.341123428523795,0.02679396236640341,59.0,0.1694915254237288,0.855072463768116,0.0847457627118644,1.1694915254237288,0.0832117052781704,-0.0010663965372164983,0.1367139727928897,0.005238141429818605,-0.8400202338142773,-1.9251649777579174,-0.2568285055031981,3.604147901747041,2.085688894652865,5.04226656523263,0.0,1.3706460263434739,0.6585322028728927,2.1380842804018054,0.0,0.015529051877163677,0.000977233587516471,0.04963836895059435,0.046
phase3,heat_pilot,precip,2,51,monsoon_JJAS,all,ecmwf_ifs_ens,source,True,20618,25,1.857947605942155,8.363167369392176,14.110804093664251,10.967955471542812,16.81004438728147,5.568189530235935,4.224462410276899,6.843184439941443,357.0,0.08683473389355742,0.6395348837209303,0.07524271844660194,0.24089635854341737,0.07188825406307295,-9.564691715390008e-05,0.16032190695120468,0.01533478639601855,0.09249443490540665,-0.08766830361532033,0.23752468145285605,59.0,0.0,1.0,0.0,0.1016949152542373,-0.00026421538479910674,-0.0007084900635531264,0.0,0.0028982376141995147,-0.01807404858738182,-0.364627159689442,0.07884584970871515,0.2963002238533452,-0.09657413535316786,0.7201607514361732,0.146,-2.4745741831294836,-3.104412488437083,-1.8957689185890816,0.0,-0.04923276956260804,-0.10998265324250546,9.317125900461431e-05,0.286
phase3,heat_pilot,precip,2,51,postmonsoon_OND,all,blend_A,L3A,False,15041,18,0.593521298207207,1.1650381628920476,3.504109941003438,1.7285062324022125,4.875815935498026,1.1650381628920476,0.39180840207150397,2.0025413971797263,4.0,0.0,1.0,0.0,0.25,-5.319078203747291e-05,-0.00014795088030773783,0.0,0.00033242470580413535,-0.2507467482471557,-0.9929797337394287,1.0,0.0,,,,,,,,0.0,1.0,1.0,1.0,-0.19303472612664496,-0.3473098286572211,-0.03597622389399248,0.0,-0.08324765202808071,-0.16237153483414576,-0.014240286245465928,0.0,7.979678362513763e-05,0.0,0.00019332634643883212,0.6
phase3,heat_pilot,precip,2,51,postmonsoon_OND,all,equal_mean,prev,False,15041,18,0.6975136566465184,1.2482858149201284,3.697144667130083,1.8181316517930786,5.202072719406417,1.2482858149201284,0.4050213200650307,2.1546761443341573,4.0,0.0,1.0,0.0,1.0,-0.00013298756566261055,-0.0003202580364751028,0.0,0.0005318795292866166,-1.0011947971954491,-3.9824493343485723,1.0,0.0,,,,,,,,0.0,1.0,1.0,1.0,,,,,,,,,,,,
phase3,heat_pilot,precip,2,51,postmonsoon_OND,all,superensemble,baseline,False,15041,18,-0.4008855015401274,1.7597679106924211,3.399482957903686,1.8359808174260754,4.673725875308318,1.7597679106924211,1.2434587411788052,2.3303143295839015,4.0,0.0,,0.0,0.0,0.0,0.0,0.0,0.0002659397646433083,-0.0005973985977245633,-0.007117962101222758,1.0,0.0,,,,,,,,0.0,1.0,1.0,1.0,-0.2976617092263969,-0.6794362242970434,0.21975118263108848,0.27,0.5114820957722928,0.1077533713330426,0.8884035744549799,0.008,0.00013298756566261055,0.0,0.0003202580364751028,0.6
phase3,heat_pilot,precip,2,51,postmonsoon_OND,all,persistence,baseline,False,15041,18,0.2807861563299027,1.838195630051946,6.7418571268815235,3.4238582743177264,9.272750954023543,1.838195630051946,0.5355346006864579,3.351434041792912,4.0,0.0,1.0,0.0,2.75,-0.00019506053526384154,-0.00044341673575500377,0.0,0.000997274117412406,-2.752240244741467,-358.7638265881611,0.005222168233140288,0.0,,,,,,,,0.0,1.0,1.0,1.0,3.0447124597514406,1.2835051864885159,4.303421876798636,0.006,0.5899098151318176,-0.010746318661079834,1.2899207884960355,0.06,-6.2072969601231e-05,-0.000342959560212024,0.00010638722289453036,0.45227272727272727
phase3,heat_pilot,precip,2,51,postmonsoon_OND,all,climatology,baseline,False,15041,18,-0.03742733018070442,1.4367251529659069,4.314090642514936,1.4248664239945517,6.754260527890194,1.4367251529659069,0.6966270143009407,2.352764055932284,4.0,0.0,,0.0,0.0,0.0,0.0,0.0,0.0002659397646433083,-0.0005973985977245633,-0.007117962101222758,1.0,0.0,,,,,,,,0.0,1.0,1.0,1.0,0.6169459753848527,-0.8753715075371907,1.6811288075904984,0.526,0.1884393380457785,-0.17449674464620435,0.5133706117761525,0.316,0.00013298756566261055,0.0,0.0003202580364751028,0.6
phase3,heat_pilot,precip,2,51,postmonsoon_OND,all,ecmwf_ifs_ctrl,source,False,15041,18,0.8369155135913444,1.4091112378782338,5.214945369982017,2.213531179201242,7.813955537322238,1.4091112378782338,0.45049893114755,2.510752471302964,4.0,0.0,1.0,0.0,7.0,-0.00023275145469659186,-0.0006048383137579116,0.0,0.0021275181171464663,-7.0047791887817965,-27.898206139221717,1.0,0.0,,1.0,0.0,,0.0,0.0,0.0,0.0003989096469649624,-2289.3206162102338,-7371.909337686191,1.0,1.5178007028519338,0.14497363085215612,2.953590184785668,0.0,0.16082542295810542,-0.04502026588814198,0.429165424531385,0.16,-9.976388903398131e-05,-0.0003003037851519641,0.0,0.6
phase3,heat_pilot,precip,2,51,postmonsoon_OND,all,ecmwf_aifs,source,False,15041,18,0.4155189897138129,1.042574084368398,3.33576626897173,1.5266502949621963,4.702663015528251,1.042574084368398,0.3467742487714111,1.8129400674937037,4.0,0.0,,0.0,0.0,0.0,0.0,0.0,0.0002659397646433083,-0.0005973985977245633,-0.007117962101222758,1.0,0.0,,,,,,,,0.0,1.0,1.0,1.0,-0.36137839815835315,-0.5766091205562381,-0.07692195135590153,0.0,-0.20571173055173042,-0.36586092656931984,-0.060947146540749314,0.0,0.00013298756566261055,0.0,0.0003202580364751028,0.6
phase3,heat_pilot,precip,2,51,postmonsoon_OND,all,ncep_gfs,source,False,15041,18,1.1347369081362093,1.8773580096708111,6.170471778087919,2.511271379549572,9.0897789771407,1.8773580096708111,0.5318889893943297,3.3888486853970563,4.0,0.0,1.0,0.0,9.75,-0.00024125937393192467,-0.0006342250922509226,0.0,0.002858852469915564,-9.756422034925539,-38.859594674788575,1.0,0.0,,1.0,0.0,,0.0,0.0,0.0,0.0002659397646433083,-1525.8804108068225,-4914.272891790794,1.0,2.4733271109578356,0.49467772996913745,4.201415490933412,0.0,0.6290721947506828,0.08582520924615497,1.2495988573526866,0.002,-0.00010827180826931412,-0.0003371804386185441,0.0,0.6
phase3,heat_pilot,precip,2,51,postmonsoon_OND,all,ecmwf_ifs_ens,source,True,15041,18,0.7097372681175034,1.2591076512872335,3.695915752538703,1.8028215694137462,5.1778690367493905,0.7515642569571676,0.2617122535608495,1.3076728683390526,4.0,0.0,,0.0,0.0,0.0,0.0,0.0,0.0005021517374488455,-0.8893440883748835,-3.523510141261986,0.5552132118810005,0.0,,,,,,,,9.227629280683793e-06,-51.979991186203605,-169.55108746025326,1.0,-0.0012289145913797483,-0.11113654381267933,0.10191399575664518,0.98,-0.4967215579629608,-0.8715177212315353,-0.13809142699967802,0.0,0.00013298756566261055,0.0,0.0003202580364751028,0.6
phase3,heat_pilot,precip,3,75,all,all,blend_A,L3A,False,61347,73,0.6956550416268834,3.5094100495588525,8.66997650139992,6.5704142139207615,10.599453848595662,3.5094100495588525,2.4717635062363392,4.579768853443235,363.0,0.03305785123966942,0.6,0.031496062992125984,0.08264462809917356,0.031044609145574043,-0.0002961106523317264,0.05712708883037665,0.006014964056922099,-0.04119778294872556,-0.1393239731036358,0.014511974009807438,59.0,0.0,,0.0,0.0,0.0,0.0,0.0,0.0009617422204834793,-0.005144392508931395,-0.009643420968073118,0.015235459583020675,-0.11803945753732137,-0.23636061252828006,0.010577753463513178,0.076,0.010143070608977123,-0.05238353348142508,0.08799919480007136,0.786,0.0005705167136129605,-0.006657389213718853,0.006196202115895172,0.918
phase3,heat_pilot,precip,3,75,all,all,equal_mean,prev,False,61347,73,0.5789748066075064,3.4992669789498754,8.788015958937242,6.658549505070376,10.76514070624405,3.4992669789498754,2.4667950057177275,4.605827866207193,363.0,0.03305785123966942,0.6666666666666666,0.031007751937984496,0.09917355371900827,0.030474092431961083,-0.00022958166479784996,0.05363606664028823,0.006112768350530588,-0.058127828199924236,-0.1493155099999322,-0.004137702889015122,59.0,0.01694915254237288,0.0,0.01694915254237288,0.01694915254237288,0.016933127848872773,0.0,0.031218420660519434,0.0009454415048820643,0.011891953126813126,-0.0030477034916338965,0.024017346396017533,,,,,,,,,,,,
phase3,heat_pilot,precip,3,75,all,all,superensemble,baseline,False,61347,73,-0.07297933601217985,3.5110474318433647,8.519239151979107,6.43584264151308,10.509724908434416,3.5110474318433647,2.552491267087317,4.527954534993221,363.0,0.049586776859504134,0.18181818181818182,0.04904632152588556,0.06060606060606061,0.048708891792067874,0.0,0.11050260951324367,0.005688949744893801,0.01523570122193707,-0.026956231441450106,0.0628963561433038,59.0,0.0,,0.0,0.0,0.0,0.0,0.0,0.0009617422204834793,-0.005144392508931395,-0.009643420968073118,0.015235459583020675,-0.2687768069581349,-0.42680059329208475,-0.1166240039376388,0.0,0.01178045289348928,-0.17246932200342063,0.18505474007290285,0.862,0.01823479936010679,-0.03239962645094285,0.06052817040374346,0.534
phase3,heat_pilot,precip,3,75,all,all,persistence,baseline,False,61347,73,0.012041306531056974,5.329936248016166,14.433564738564506,10.985665675588109,17.778329962203426,5.329936248016166,3.7226276437851133,7.107357443234621,363.0,0.01928374655647383,0.9807162534435262,0.009735744089012517,1.0,0.006768580579126358,-0.0029368828576277106,0.01924982441678006,0.01160610950820741,-1.0090320364755896,-2.0165190157980213,-0.5830850691433144,59.0,0.0,1.0,0.0,1.0,-0.0004811024585151058,-0.0009283377807467732,-0.00010985361100644385,0.0019234844409669585,-1.0102887850178628,-3.4391713933420673,-0.4290327345500017,5.645548779627264,3.711308437249945,7.420422587974304,0.0,1.8306692690662905,1.0475145510856092,2.663225914441284,0.0,-0.023705511852834725,-0.0548292116257642,0.01765056772109629,0.346
phase3,heat_pilot,precip,3,75,all,all,climatology,baseline,False,61347,73,-0.6866635418690541,3.9574074373379107,10.129480786593453,7.392242978228458,12.834340507493199,3.9574074373379107,2.897791360748558,5.15701106560897,363.0,0.0,,0.0,0.0,0.0,0.0,0.0,0.005917159763313609,-0.02426773769752666,-0.03656291522008952,0.00320329954121944,59.0,0.0,,0.0,0.0,0.0,0.0,0.0,0.0009617422204834793,-0.005144392508931395,-0.009643420968073118,0.015235459583020675,1.3414648276562104,0.39784977166812596,2.2862831806027923,0.0,0.4581404583880353,0.09431627873928215,0.8598502933529094,0.016,-0.030474092431961083,-0.05363606664028823,0.00022958166479784996,0.274
phase3,heat_pilot,precip,3,75,all,all,ecmwf_ifs_ctrl,source,False,61347,73,0.6595279858257618,3.8524251353531653,10.776878575336355,7.963685229408555,13.239248904826193,3.8524251353531653,2.698556293692219,5.114988449736851,363.0,0.1487603305785124,0.7692307692307693,0.09944751381215469,0.6446280991735537,0.09714529186195142,0.011129121167962521,0.18174646150880014,0.007971049929091888,-0.37979868797270133,-1.025062332765633,-0.06264058982875684,59.0,0.06779661016949153,0.9259259259259259,0.03669724770642202,0.9152542372881356,0.03623805422107754,-0.00045849054847569616,0.08495695028841362,0.0017115751381485648,-0.7888162917531831,-3.5130642034668558,-0.12708575235864852,1.9888626163991123,0.7942810896876245,3.3871587359295154,0.0,0.35315815640328996,0.13886204251697454,0.6219655345930433,0.0,0.06667119942999034,0.007536053959326581,0.13358439762749766,0.012
phase3,heat_pilot,precip,3,75,all,all,ecmwf_aifs,source,False,61347,73,0.9123809703201712,3.651566450818585,8.831207233270854,6.700632392216815,10.732694519316496,3.651566450818585,2.5456477019589094,4.7783583938058625,363.0,0.09366391184573003,0.4603174603174603,0.08673469387755102,0.17355371900826447,0.0858653773513636,-0.0004937750887207714,0.1896613849088578,0.005835656185306535,-0.010159366654861168,-0.1990686807479508,0.08785127136110905,59.0,0.0,1.0,0.0,0.03389830508474576,-3.1533526151047194e-05,-9.362176648076376e-05,0.0,0.000994343651686309,-0.03921708378042066,-0.0719085701474779,0.015235459583020675,0.04319127433361203,-0.2532121561067748,0.4177901925224162,0.866,0.15229947186870962,-0.04394037233741997,0.3931867355202376,0.158,0.05539128491940251,-0.03243257315511203,0.14140418012564496,0.666
phase3,heat_pilot,precip,3,75,all,all,ncep_gfs,source,False,61347,73,0.09242068245121111,4.253886841827427,11.819731607955505,9.017916724394878,14.585041316611855,4.253886841827427,2.9565877633492796,5.6778179566077664,363.0,0.07162534435261708,0.9130434782608695,0.040880503144654086,0.8236914600550964,0.038204972710733774,0.005295108801453944,0.0614328054403514,0.00994343651686309,-0.7212212672052103,-1.5021193655160345,-0.33143362449405334,59.0,0.0,1.0,0.0,0.559322033898305,-0.0003450918002678848,-0.000622939886944455,-9.654771036380899e-05,0.001499665835330171,-0.5673437984885032,-2.1867195384213116,-0.14922762393687605,3.0317156490182633,2.061448851702991,3.9287201609429876,0.0,0.7546198628775516,0.39178820971831224,1.1663988118594042,0.0,0.007730880278772691,-0.004286274249380756,0.02213695687096908,0.204
phase3,heat_pilot,precip,3,75,all,all,ecmwf_ifs_ens,source,True,61347,73,0.7026090689695372,3.5634014261751523,8.79111189000433,6.650067270796959,10.763212933340773,2.3042366199215816,1.6206731967488988,3.0293603767940316,363.0,0.07713498622589532,0.5,0.07161125319693094,0.15426997245179064,0.07082380382593945,-0.00015574661230894065,0.1445085547817556,0.005226494495011449,0.09528728196852165,-0.06203907113993934,0.23749667750775139,59.0,0.0,,0.0,0.0,0.0,0.0,0.0,0.000933089059495527,0.024801848262548276,-0.14936187690745237,0.09839524216334211,0.0030959310670883866,-0.23047094492453762,0.2657229997476639,0.958,-1.1950303590282938,-1.560810940605026,-0.8519305745456112,0.0,0.04034971139397836,-0.014623706784004853,0.09593222422754459,0.508
phase3,heat_pilot,precip,3,75,winter_JF,all,blend_A,L3A,False,9971,13,0.024915883309527355,0.025388942641535857,0.07084122177951058,0.01969748350222384,0.11259953363368384,0.025388942641535857,0.01086976875651124,0.043582248615853206,0.0,,,,,,,,0.0,1.0,1.0,1.0,0.0,,,,,,,,0.0,1.0,1.0,1.0,0.029447863552261526,0.012632198325340743,0.043681178780474034,0.0,0.015362669811338877,0.007184873118136011,0.025435349153390997,0.0,,,,
phase3,heat_pilot,precip,3,75,winter_JF,all,equal_mean,prev,False,9971,13,0.009084238128967654,0.01002627283019698,0.04139335822724905,0.006904101352039669,0.06912278866887862,0.01002627283019698,0.003735320811833344,0.01822123765109173,0.0,,,,,,,,0.0,1.0,1.0,1.0,0.0,,,,,,,,0.0,1.0,1.0,1.0,,,,,,,,,,,,
phase3,heat_pilot,precip,3,75,winter_JF,all,superensemble,baseline,False,9971,13,0.00784461157280702,0.022652311248084592,0.057623708453143525,0.01608029636778261,0.09251960112979343,0.022652311248084592,0.012845927006037209,0.03527652658465655,0.0,,,,,,,,0.0,1.0,1.0,1.0,0.0,,,,,,,,0.0,1.0,1.0,1.0,0.016230350225894474,0.008718975184151623,0.02385290566906466,0.0,0.012626038417887613,0.008718857711410646,0.017541043053522547,0.0,,,,
phase3,heat_pilot,precip,3,75,winter_JF,all,persistence,baseline,False,9971,13,0.0740846454919359,0.07605680105616487,0.9430978736266098,0.0,1.6909427062892728,0.07605680105616487,0.0,0.2415912367183076,0.0,,,,,,,,0.0,1.0,1.0,1.0,0.0,,,,,,,,0.0,1.0,1.0,1.0,0.9017045153993607,-0.009886221198040399,1.651141910127773,0.332,0.06603052822596789,-0.012170131686318201,0.23142119150445473,0.71,,,,
phase3,heat_pilot,precip,3,75,winter_JF,all,climatology,baseline,False,9971,13,0.30629605188907516,0.3072381350777355,0.3330898635079049,0.3066590213770848,0.35865158174272216,0.3072381350777355,0.2805571428982641,0.3341330692568553,0.0,,,,,,,,0.0,1.0,1.0,1.0,0.0,,,,,,,,0.0,1.0,1.0,1.0,0.2916965052806559,0.24634148179233042,0.341743450991306,0.0,0.29721186224753854,0.26656854410882486,0.3265607305682844,0.0,,,,
phase3,heat_pilot,precip,3,75,winter_JF,all,ecmwf_ifs_ctrl,source,False,9971,13,0.0011032772291664278,0.0027816222208921844,0.042389568405846845,0.0004134730761538701,0.06889245081143902,0.0027816222208921844,2.259492335128401e-05,0.006772510802778196,0.0,,,,,,,,0.0,1.0,1.0,1.0,0.0,,,,,,,,0.0,1.0,1.0,1.0,0.0009962101785977936,-0.006728724917677145,0.008881741741331488,0.938,-0.007244650609304796,-0.011515189105898282,-0.0036657742079492144,0.0,,,,
phase3,heat_pilot,precip,3,75,winter_JF,all,ecmwf_aifs,source,False,9971,13,0.03302724311385491,0.03339475289580456,0.08924257458617389,0.02629255151735059,0.14086088606892833,0.03339475289580456,0.014532588778574601,0.05688462570315521,0.0,,,,,,,,0.0,1.0,1.0,1.0,0.0,,,,,,,,0.0,1.0,1.0,1.0,0.04784921635892484,0.019247418289643117,0.07085488701472638,0.0,0.023368480065607582,0.010871619270182997,0.038778912004456774,0.0,,,,
phase3,heat_pilot,precip,3,75,winter_JF,all,ncep_gfs,source,False,9971,13,-0.00011967934638922342,0.0015751598050727992,0.033708374156298765,0.0,0.059400077444305706,0.0015751598050727992,0.0,0.004891285710489219,0.0,,,,,,,,0.0,1.0,1.0,1.0,0.0,,,,,,,,0.0,1.0,1.0,1.0,-0.007684984070950286,-0.025140886624589676,-0.004435489920661068,0.0,-0.00845111302512418,-0.014372444164047317,-0.0037353208118333448,0.0,,,,
phase3,heat_pilot,precip,3,75,winter_JF,all,ecmwf_ifs_ens,source,True,9971,13,0.0023261115645893675,0.003822478818981429,0.03926182998587225,0.0015595180474027078,0.06657925944165732,0.0016154113166649473,1.2848890061280131e-05,0.004321586027095215,0.0,,,,,,,,0.0,1.0,1.0,1.0,0.0,,,,,,,,0.0,1.0,1.0,1.0,-0.002131528241376801,-0.005741968603961423,-0.0010802621081556552,0.0,-0.008410861513532033,-0.01426276920810211,-0.0036688360491952342,0.0,,,,
phase3,heat_pilot,precip,3,75,premonsoon_MAM,all,blend_A,L3A,False,15548,19,-0.11956980805105133,1.5253148582805995,4.421435520102473,2.2566461274446468,6.0938264285081924,1.5253148582805995,0.6124709888847685,2.6143963479547803,2.0,0.0,,0.0,0.0,0.0,0.0,0.0,0.00012863390789812196,0.0011664172636860481,-0.0025990898383251083,1.0,0.0,,,,,,,,0.0,1.0,1.0,1.0,0.022087611561295795,-0.013151878771899972,0.04416376922320988,0.222,0.013489168486107372,-0.004940129262551179,0.03712642204700006,0.218,0.0,0.0,0.0,1.0
phase3,heat_pilot,precip,3,75,premonsoon_MAM,all,equal_mean,prev,False,15548,19,-0.12118850776193585,1.5118256897944922,4.399347908541177,2.258083948479931,6.065168757646089,1.5118256897944922,0.6044175729247334,2.599907091822304,2.0,0.0,,0.0,0.0,0.0,0.0,0.0,0.00012863390789812196,0.0011664172636860481,-0.0025990898383251083,1.0,0.0,,,,,,,,0.0,1.0,1.0,1.0,,,,,,,,,,,,
phase3,heat_pilot,precip,3,75,premonsoon_MAM,all,superensemble,baseline,False,15548,19,-0.24343464633037168,1.4942572824735778,4.455093228503999,2.202263270026194,6.166979018458948,1.4942572824735778,0.5972969348075433,2.5668249404587096,2.0,0.0,,0.0,0.0,0.0,0.0,0.0,0.00012863390789812196,0.0011664172636860481,-0.0025990898383251083,1.0,0.0,,,,,,,,0.0,1.0,1.0,1.0,0.055745319962821505,-0.09458369662809286,0.18205901833861218,0.5,-0.01756840732091436,-0.06565856550756113,0.02988084614462891,0.458,0.0,0.0,0.0,1.0
phase3,heat_pilot,precip,3,75,premonsoon_MAM,all,persistence,baseline,False,15548,19,-0.31168815567619873,1.837815783213961,5.844336435472824,2.8953293899386576,8.25892028138246,1.837815783213961,0.8133183313456429,3.1868147173015653,2.0,0.0,1.0,0.0,0.5,-4.287980789846062e-05,-0.00011801131767194877,0.0,0.00019295086184718292,-0.4982503741044708,-1.005174034829748,1.0,0.0,,,,,,,,0.0,1.0,1.0,1.0,1.4449885269316471,0.5046847369735662,2.2570913803918815,0.0,0.32599009341946883,0.04966635789338375,0.6880898463215723,0.02,-4.287980789846062e-05,-0.00011801131767194877,0.0,0.5691609977324263
phase3,heat_pilot,precip,3,75,premonsoon_MAM,all,climatology,baseline,False,15548,19,-0.8912563152155538,1.4921885193281252,4.962511274919205,2.210227386913945,7.153372200893684,1.4921885193281252,0.7333824926478366,2.449568330357734,2.0,0.0,,0.0,0.0,0.0,0.0,0.0,0.00012863390789812196,0.0011664172636860481,-0.0025990898383251083,1.0,0.0,,,,,,,,0.0,1.0,1.0,1.0,0.5631633663780278,-0.39436700954775356,1.1058166052710778,0.198,-0.019637170466366927,-0.3147298408198555,0.18635851890600336,0.938,0.0,0.0,0.0,1.0
phase3,heat_pilot,precip,3,75,premonsoon_MAM,all,ecmwf_ifs_ctrl,source,False,15548,19,0.06358111781579212,1.7716240537491108,5.152493446836069,2.641463888244686,7.110893540017438,1.7716240537491108,0.666739856286604,3.076270121754695,2.0,0.0,,0.0,0.0,0.0,0.0,0.0,0.00012863390789812196,0.0011664172636860481,-0.0025990898383251083,1.0,0.0,,,,,,,,0.0,1.0,1.0,1.0,0.7531455382948922,0.3054790062115261,1.0910105059639517,0.0,0.25979836395461864,0.05834448731310136,0.5155161211082535,0.002,0.0,0.0,0.0,1.0
phase3,heat_pilot,precip,3,75,premonsoon_MAM,all,ecmwf_aifs,source,False,15548,19,0.011929426225803645,1.6236102751537425,4.628231381001652,2.280419885392959,6.439796911315775,1.6236102751537425,0.653384633879295,2.8535838274133893,2.0,0.0,,0.0,0.0,0.0,0.0,0.0,0.00012863390789812196,0.0011664172636860481,-0.0025990898383251083,1.0,0.0,,,,,,,,0.0,1.0,1.0,1.0,0.2288834724604749,-0.07236866925504876,0.47284740563689565,0.092,0.11178458535925029,-0.024887680613208795,0.3163356235266196,0.22,0.0,0.0,0.0,1.0
phase3,heat_pilot,precip,3,75,premonsoon_MAM,all,ncep_gfs,source,False,15548,19,-0.29884661617850566,1.4981592837658813,5.09996649668663,2.522645753874882,7.054459744710879,1.4981592837658813,0.5954253446351118,2.576546470855321,2.0,0.0,1.0,0.0,5.0,-0.00010720641523188746,-0.00024124676327259275,0.0,0.0007718034473887317,-4.993001496417883,-1014.260533776092,1.0,0.0,,,,,,,,0.0,1.0,1.0,1.0,0.7006185881454527,0.07243096554283256,1.2735516820612143,0.002,-0.013666406028610911,-0.15034183152789443,0.1408315700166968,0.836,-0.00010720641523188746,-0.00025445861673798663,0.0,0.19501133786848074
phase3,heat_pilot,precip,3,75,premonsoon_MAM,all,ecmwf_ifs_ens,source,True,15548,19,-0.2614179559572229,1.4990104874467267,4.5133855462745505,2.2568891222318976,6.288676121430609,1.061237505274783,0.4513705071274013,1.824525410912176,2.0,0.0,,0.0,0.0,0.0,0.0,0.0,0.00013162596919294556,-0.022066736044866753,-0.6046772311626766,0.039365316709504904,0.0,,,,,,,,7.418333788819028e-08,-2.107719012278182,-29.932644825038654,1.0,0.11403763773337339,-0.1709915382542098,0.2789195553370339,0.354,-0.45058818451970906,-0.8219643506259311,-0.14097513856690067,0.0,0.0,0.0,0.0,1.0
phase3,heat_pilot,precip,3,75,monsoon_JJAS,all,blend_A,L3A,False,20618,25,1.750254934740456,8.419298047476016,14.12763904301212,10.877842051624077,16.95483121525516,8.419298047476016,6.511870550609294,10.210139948871129,357.0,0.03361344537815126,0.6,0.032,0.08403361344537816,0.030657268968947184,-0.000894815447994825,0.05575621852001628,0.017605975361334757,-0.04191347741745588,-0.14402165935805572,0.011359617613849793,59.0,0.0,,0.0,0.0,0.0,0.0,0.0,0.0028615772625860897,-0.005196238842984702,-0.009679365660550332,0.017765974209257854,-0.19223197290376426,-0.38844098328175897,0.060015928943587565,0.126,0.04887982180000705,-0.12082614651818062,0.25539903373725104,0.59,0.0007483330871752326,-0.0066615787270688015,0.006112171669315981,0.866
phase3,heat_pilot,precip,3,75,monsoon_JJAS,all,equal_mean,prev,False,20618,25,1.3888808861643696,8.370418225676008,14.319871015915885,11.001635277445537,17.15576092959584,8.370418225676008,6.453783800918781,10.185671219843158,357.0,0.03361344537815126,0.6666666666666666,0.031496062992125984,0.10084033613445378,0.02990893588177195,-0.0006869993096808046,0.05196101790014253,0.0178969832185469,-0.059135187787992205,-0.1441081076334974,-0.0031995860806808803,59.0,0.01694915254237288,0.0,0.01694915254237288,0.01694915254237288,0.01690147097631295,0.0,0.03026875972007655,0.0028130759530507325,0.011840985544184446,-0.0022925701969670033,0.02432883303889538,,,,,,,,,,,,
phase3,heat_pilot,precip,3,75,monsoon_JJAS,all,superensemble,baseline,False,20618,25,0.4783767708319293,7.881640877667281,13.849061596915721,10.456912642263461,16.780059069297117,7.881640877667281,5.99895396002967,9.674080241424123,357.0,0.05042016806722689,0.18181818181818182,0.04986149584487535,0.06162464985994398,0.04885784514939927,0.0,0.10809499745919016,0.016635949170627606,0.015492223817665685,-0.02536913193327493,0.05940795863869088,59.0,0.0,,0.0,0.0,0.0,0.0,0.0,0.0028615772625860897,-0.005196238842984702,-0.009679365660550332,0.017765974209257854,-0.4708094190001635,-0.7264127390124302,-0.2290138677200598,0.0,-0.4887773480087274,-0.7496809751421087,-0.23302110678935145,0.0,0.018948909267627316,-0.03033909192673099,0.05883966223821156,0.486
phase3,heat_pilot,precip,3,75,monsoon_JJAS,all,persistence,baseline,False,20618,25,-0.1730248197947138,13.002612262648055,23.587746071702313,18.834016314671988,28.480825570566264,13.002612262648055,10.116788689892815,16.024667752464186,357.0,0.0196078431372549,0.9797687861271677,0.010057471264367816,0.969187675070028,0.0014623305094693699,-0.008957831790124021,0.014517239374556132,0.033417402269861285,-0.9776264075499368,-2.206252665856912,-0.5486010266017076,59.0,0.0,1.0,0.0,0.9830508474576272,-0.0014205748388050235,-0.0025652407942137684,-0.0004108278669309023,0.005674653215636823,-0.9933552532988004,-3.658673721498027,-0.4360082604964323,9.267875055786428,6.305053184900635,12.213980374901327,0.0,4.632194036972047,2.8811266218511093,6.611021365133995,0.0,-0.02844660537230258,-0.058326583368617055,0.011216629647678618,0.292
phase3,heat_pilot,precip,3,75,monsoon_JJAS,all,climatology,baseline,False,20618,25,-1.4937035972110653,9.451097113985085,16.52555295532367,12.192651508260537,20.707100911936923,9.451097113985085,7.744723418082373,11.176493252669651,357.0,0.0,,0.0,0.0,0.0,0.0,0.0,0.017314967504122612,-0.024691767046919333,-0.036348866672533044,0.011530447425632046,59.0,0.0,,0.0,0.0,0.0,0.0,0.0,0.0028615772625860897,-0.005196238842984702,-0.009679365660550332,0.017765974209257854,2.205681939407784,0.5962143240221138,3.829369610615332,0.0,1.0806788883090768,0.11419386749252243,2.092629072027965,0.032,-0.02990893588177195,-0.05196101790014253,0.0006869993096808046,0.286
phase3,heat_pilot,precip,3,75,monsoon_JJAS,all,ecmwf_ifs_ctrl,source,False,20618,25,1.5673804840707,9.263452670435845,17.71609675020072,13.737094665587554,21.28360091762421,9.263452670435845,6.978458710497031,11.406182796191437,357.0,0.15126050420168066,0.7672413793103449,0.10093457943925234,0.6498599439775911,0.09413283355587411,0.00801549881224365,0.17505972360293448,0.023329129886506934,-0.3806071147046728,-0.965549203408479,-0.06021101752186664,59.0,0.06779661016949153,0.9259259259259259,0.03669724770642202,0.9152542372881356,0.035329671113139074,-0.001362911058943123,0.08331426542634643,0.005092637501212533,-0.7889085606527695,-3.2812125756396693,-0.134294979600482,3.396225734284835,1.2041088828343662,5.737119885015165,0.0,0.8930344447598362,0.3046635467482004,1.6091691671211885,0.0,0.06422389767410216,0.0050711230409144804,0.12900843021083108,0.008
phase3,heat_pilot,precip,3,75,monsoon_JJAS,all,ecmwf_aifs,source,False,20618,25,2.382263563988205,8.826901395865075,14.368969382727371,11.096678298226324,17.194719695603972,8.826901395865075,6.755069258667328,10.619770330883188,357.0,0.09523809523809523,0.30612244897959184,0.0913978494623656,0.13725490196078433,0.08932083163942098,-0.00027920499328883065,0.19211088877678428,0.01639344262295082,0.029843649126446103,-0.040452453168950936,0.09996801128815941,59.0,0.0,1.0,0.0,0.03389830508474576,-9.3831008762862e-05,-0.0002838909769475025,0.0,0.0029585798816568047,-0.03927068761732322,-0.06963742001163144,0.017765974209257854,0.04909836681148683,-0.4696911811401217,0.7541956595529233,0.92,0.4564831701890668,-0.06972208905735229,1.0512448725254944,0.102,0.059411895757649026,-0.030528285508646526,0.14386964492886697,0.476
phase3,heat_pilot,precip,3,75,monsoon_JJAS,all,ncep_gfs,source,False,20618,25,-0.06766130936019739,10.256466757171872,19.166218483246972,14.502472858387396,22.982734476349982,10.256466757171872,7.628796551857581,12.772833161226893,357.0,0.07282913165266107,0.9018867924528302,0.0436241610738255,0.742296918767507,0.03620411911932065,0.003274543689873516,0.05700671352599262,0.02764574643515375,-0.6360624852009638,-1.3345849895550301,-0.29539210977517416,59.0,0.0,1.0,0.0,0.5084745762711864,-0.000965507911710029,-0.0016741175444578928,-0.0002347325542246196,0.004316616548646813,-0.5163129704580618,-2.02648636926323,-0.12324169399615093,4.846347467331087,3.2045002243888816,6.165899683283902,0.0,1.886048531495863,0.9372520111387167,2.785674307256904,0.0,0.006295183237548699,-0.005446730741288641,0.020593700161924067,0.308
phase3,heat_pilot,precip,3,75,monsoon_JJAS,all,ecmwf_ifs_ens,source,True,20618,25,1.8109372211987758,8.538383194616232,14.308311902156712,11.006479756032254,17.219353242412993,5.527516631565104,4.190784289047148,6.824207256486023,357.0,0.0784313725490196,0.5,0.07272727272727272,0.1568627450980392,0.07038600201214003,-0.00046561997074307166,0.14191863236056956,0.015184620672955033,0.10138117293013571,-0.04293361015139803,0.23698679854578536,59.0,0.0,,0.0,0.0,0.0,0.0,0.0,0.0027715486880237326,0.026428412960647574,-0.1438878360762304,0.09342110702317862,-0.011559113759172845,-0.41469301778535955,0.4824026424310785,0.86,-2.842901594110905,-3.4042800047174944,-2.207086132067203,0.0,0.040477066130368076,-0.014041207980618007,0.09267641108902851,0.476
phase3,heat_pilot,precip,3,75,postmonsoon_OND,all,blend_A,L3A,False,15210,18,0.5391340366406413,1.1659396846680417,3.5548834472338036,1.5271057124266005,4.8596522566066485,1.1659396846680417,0.3796280818854133,2.0364817800502597,4.0,0.0,,0.0,0.0,0.0,0.0,0.0,0.00026298487836949375,-0.0005919934900839863,-0.00711782520447477,1.0,0.0,,,,,,,,0.0,1.0,1.0,1.0,-0.1514971968922083,-0.33225822035859454,-0.024476889123129987,0.0,-0.04920894053481395,-0.1204142275598496,0.0024719972368092403,0.068,0.0,0.0,0.0,1.0
phase3,heat_pilot,precip,3,75,postmonsoon_OND,all,equal_mean,prev,False,15210,18,0.5704195483440084,1.2151486252028556,3.706380644126012,1.5990799220482317,5.060824822177525,1.2151486252028556,0.3994812684592416,2.1242867114277533,4.0,0.0,,0.0,0.0,0.0,0.0,0.0,0.00026298487836949375,-0.0005919934900839863,-0.00711782520447477,1.0,0.0,,,,,,,,0.0,1.0,1.0,1.0,,,,,,,,,,,,
phase3,heat_pilot,precip,3,75,postmonsoon_OND,all,superensemble,baseline,False,15210,18,-0.6991145514924231,1.934909714805855,3.5280411158363214,1.967722340890142,4.790120184852309,1.934909714805855,1.4884719909047983,2.432725602318779,4.0,0.0,,0.0,0.0,0.0,0.0,0.0,0.00026298487836949375,-0.0005919934900839863,-0.00711782520447477,1.0,0.0,,,,,,,,0.0,1.0,1.0,1.0,-0.17833952828969046,-0.7844824142236023,0.3959564178134791,0.64,0.7197610896029993,0.21822219319302616,1.1782302710200567,0.002,0.0,0.0,0.0,1.0
phase3,heat_pilot,precip,3,75,postmonsoon_OND,all,persistence,baseline,False,15210,18,0.553159316932387,1.9431306518756348,7.109898877606367,3.5637675011758674,9.836914333090066,1.9431306518756348,0.616338609100603,3.4687104626488425,4.0,0.0,1.0,0.0,4.0,-0.00021043217507956966,-0.00045829672471010575,0.0,0.0013149243918474688,-4.00295996745042,-608.8897968448426,-0.5101178437165832,0.0,,1.0,0.0,,0.0,0.0,0.0,6.574621959237344e-05,-380.5545653393422,-1247.8086795268698,1.0,3.4035182334803555,1.4097292600479774,5.044851246392408,0.0,0.7279820266727792,0.11999105534380256,1.44320541610258,0.012,-0.00021043217507956966,-0.00046680387871586495,-4.383273428596476e-05,0.015909090909090907
phase3,heat_pilot,precip,3,75,postmonsoon_OND,all,climatology,baseline,False,15210,18,-0.03447681000379063,1.4232962011078583,4.2901370011649895,1.4053393556030254,6.68489868429099,1.4232962011078583,0.6893424950615319,2.3479110251396667,4.0,0.0,,0.0,0.0,0.0,0.0,0.0,0.00026298487836949375,-0.0005919934900839863,-0.00711782520447477,1.0,0.0,,,,,,,,0.0,1.0,1.0,1.0,0.5837563570389777,-1.424873326407686,2.0890394173888103,0.648,0.20814757590500266,-0.3446799804140926,0.652426324924392,0.428,0.0,0.0,0.0,1.0
phase3,heat_pilot,precip,3,75,postmonsoon_OND,all,ecmwf_ifs_ctrl,source,False,15210,18,0.469707595583916,1.1681729964897243,3.9801646530853656,1.9454436244229374,5.612056542053006,1.1681729964897243,0.40432347730580986,2.0449048562067205,4.0,0.0,1.0,0.0,0.5,-8.766931135755927e-05,-0.00021964061233775722,0.0,0.0003944773175542406,-0.500887990235126,-1.98946799197217,1.0,0.0,,,,,,,,0.0,1.0,1.0,1.0,0.27378400895935373,-0.43768965251492364,0.893539548956736,0.492,-0.04697562871313132,-0.357523266448538,0.197298705773881,0.744,-8.766931135755927e-05,-0.00021964061233775722,0.0,0.6
phase3,heat_pilot,precip,3,75,postmonsoon_OND,all,ecmwf_aifs,source,False,15210,18,0.4168002540352194,1.0810468401845585,3.575042722009898,1.4242984896240325,5.187669355736241,1.0810468401845585,0.33969681595420903,1.9031643275558743,4.0,0.0,1.0,0.0,3.5,-0.00020458564101065305,-0.0005194962909988835,0.0,0.001183431952662722,-3.5026639707053784,-13.94733995986085,1.0,0.0,,,,,,,,0.0,1.0,1.0,1.0,-0.13133792211611395,-0.880586823756008,0.4631368979289533,0.622,-0.13410178501829706,-0.34980956467012947,0.036200161223729016,0.116,-0.00020458564101065305,-0.0005194962909988835,0.0,0.6
phase3,heat_pilot,precip,3,75,postmonsoon_OND,all,ncep_gfs,source,False,15210,18,0.7700481915732578,1.7216487852603022,6.239999014350282,2.8054555440018154,9.03202329075987,1.7216487852603022,0.5616076481749623,3.11314662956779,4.0,0.0,1.0,0.0,6.0,-0.00022546643368468518,-0.00048326688413676455,0.0,0.0018408941485864563,-6.004143954430588,-1071.605122175782,0.005253421658315528,0.0,,1.0,0.0,,0.0,0.0,0.0,0.0001972386587771203,-1143.6636960180267,-3745.426038580609,1.0,2.53361837022427,0.7568892389508732,4.3452316781732865,0.0,0.5065001600574466,0.1363952074939338,0.9825141412417314,0.002,-0.00022546643368468518,-0.0004915239005679873,0.0,0.22727272727272727
phase3,heat_pilot,precip,3,75,postmonsoon_OND,all,ecmwf_ifs_ens,source,True,15210,18,0.6447329157271677,1.2633052984775677,3.6560199023960056,1.7057018919348907,4.992281937698437,0.7150189358625335,0.249200930346888,1.2406880475745123,4.0,0.0,,0.0,0.0,0.0,0.0,0.0,0.0003620465602543502,-0.37749703217593966,-16.851664803796677,0.411983190350857,0.0,,,,,,,,6.395153232168578e-06,-36.11391965815207,-87.22382511667416,1.0,-0.050360741730006264,-0.3012141934686385,0.1299764493582955,0.742,-0.5001296893403221,-0.9329374236176445,-0.1456202000697817,0.0,0.0,0.0,0.0,1.0
phase3,heat_pilot,precip,4,99,all,all,blend_A,L3A,False,61472,74,0.5306294640767398,3.572675345823262,8.9258149456634,6.8049160478426565,10.85052940750319,3.572675345823262,2.489820237165194,4.581925475910726,363.0,0.049586776859504134,0.5813953488372093,0.04639175257731959,0.1184573002754821,0.04576727000833672,-0.00027263842828093276,0.0936193886595913,0.006019000520562207,-0.04402838555989108,-0.18282956600994277,0.04664230334856546,59.0,0.0,,0.0,0.0,0.0,0.0,0.0,0.0009597865694950546,-0.005147540865236833,-0.00981046525198644,0.014722651154393036,-0.12303972169752697,-0.2363348435106343,0.0009966627459281692,0.052,0.01222116628375769,-0.04155506152960379,0.07021412962625825,0.662,-0.02582814265501361,-0.05020664023406359,-3.1937043502239215e-05,0.038
phase3,heat_pilot,precip,4,99,all,all,equal_mean,prev,False,61472,74,0.41763193410107774,3.560454179539504,9.048854667360928,6.888125361360314,10.981110971348542,3.560454179539504,2.4759390297877477,4.547571971270268,363.0,0.07988980716253444,0.5606060606060606,0.0725,0.18181818181818182,0.07159541266335033,-0.00011016587390874168,0.14205768841419994,0.0060352680895367,-0.04685008389924228,-0.24345302237491853,0.07675439776611381,59.0,0.01694915254237288,0.8,0.015873015873015872,0.0847457627118644,0.015798045728779343,-4.194787407366513e-05,0.028050601461277424,0.001008589276418532,-0.056256737858384476,-0.1124843154988228,0.008287574713899376,,,,,,,,,,,,
phase3,heat_pilot,precip,4,99,all,all,superensemble,baseline,False,61472,74,-0.17193428673610653,3.6109963071623388,8.74498111476923,6.5892048828041005,10.684540761351007,3.6109963071623388,2.5960006492156054,4.55707951523319,363.0,0.04132231404958678,0.2857142857142857,0.04065040650406504,0.05785123966942149,0.040327895095795936,0.0,0.08950554895246587,0.005758719416970328,0.0011187878697257458,-0.0270725919325041,0.030519726694085078,59.0,0.0,,0.0,0.0,0.0,0.0,0.0,0.0009597865694950546,-0.005147540865236833,-0.00981046525198644,0.014722651154393036,-0.303873552591698,-0.5265695123009327,-0.09402683114204226,0.0,0.05054212762283461,-0.11321378715609598,0.2284806256893854,0.572,-0.031267517567554394,-0.05378132154987387,0.00011016587390874165,0.066
phase3,heat_pilot,precip,4,99,all,all,persistence,baseline,False,61472,74,0.012339603998938275,5.320636867297806,14.372692974538266,11.210861298935894,16.941578131721517,5.320636867297806,3.6859010802471683,6.70214799321565,363.0,0.005509641873278237,0.9944903581267218,0.0027624309392265192,1.0,-0.00019887790494420372,-0.0032260859231139317,0.0051868540547666,0.011745184799583551,-1.0372662010114633,-2.6490046887597747,-0.3835345076186409,59.0,0.0,1.0,0.0,1.0,-0.00048012369288359034,-0.0007825689972389043,-0.00011367154993873003,0.0019195731389901093,-1.0102950817304737,-4.990559615618345,-0.15538185925968737,5.323838307177338,3.4282751637701647,7.307308675795171,0.0,1.7601826877583022,0.988296325596837,2.524925744845852,0.0,-0.07179429056829453,-0.14422889148197932,-0.0015518417190752633,0.018
phase3,heat_pilot,precip,4,99,all,all,climatology,baseline,False,61472,74,-0.6872893350902084,3.94733817599467,10.118682968490347,7.509166485345084,12.546818583089314,3.94733817599467,2.8356924342681724,4.971821074188124,363.0,0.0,,0.0,0.0,0.0,0.0,0.0,0.00590512753774076,-0.02427649718443381,-0.036055472288046606,0.005082342706967251,59.0,0.0,,0.0,0.0,0.0,0.0,0.0,0.0009597865694950546,-0.005147540865236833,-0.00981046525198644,0.014722651154393036,1.0698283011294194,0.19996589780798482,1.8246094272770796,0.006,0.386883996455166,0.033336574912869094,0.783802102458786,0.028,-0.07159541266335033,-0.14205768841419994,0.00011016587390874165,0.066
phase3,heat_pilot,precip,4,99,all,all,ecmwf_ifs_ctrl,source,False,61472,74,0.5134982350698096,4.100694097561194,11.555059205983918,8.549103482143096,14.044409556606073,4.100694097561194,2.769838585765313,5.3592925766896995,363.0,0.15426997245179064,0.8157894736842105,0.09165302782324058,0.837465564738292,0.08897637963483176,-0.0016735546013880711,0.18277540779817564,0.00902850078084331,-0.5660425783398368,-1.2727540510903421,-0.185970255824157,59.0,0.22033898305084745,0.8266666666666667,0.10743801652892562,1.271186440677966,0.10690670726383826,-0.00045062523987440676,0.20284902038600702,0.0017568974492451848,-0.8399310917533152,-3.1287198789137527,-0.22910920316113428,2.50620453862299,1.2907368698977084,3.6795011190184836,0.0,0.5402399180216895,0.23810122233108794,0.8903140768417862,0.0,0.017380966971481435,-0.021262296973470457,0.04778388898799013,0.474
phase3,heat_pilot,precip,4,99,all,all,ecmwf_aifs,source,False,61472,74,0.8182233427292466,3.69209254709548,9.059073351074645,6.921075726438164,11.046373968821381,3.69209254709548,2.576886006412226,4.777476701443094,363.0,0.06887052341597796,0.7126436781609196,0.058823529411764705,0.2396694214876033,0.057684444853052345,-0.0007621281710425268,0.1225264695489439,0.006507027589796981,-0.12867933574042278,-0.295582284540594,-0.011891905089685392,59.0,0.03389830508474576,0.8181818181818182,0.029411764705882353,0.1864406779661017,0.029261048172162494,0.0,0.048007092190132127,0.0010736595523165018,-0.12440233384924815,-0.2285198067764904,0.014722651154393036,0.010218683713716814,-0.36219252299646243,0.4626883713841859,0.964,0.13163836755597602,-0.06530991227647112,0.3868043150060924,0.234,-0.013910967810297985,-0.037214843026658555,-0.0003818390138097235,0.012
phase3,heat_pilot,precip,4,99,all,all,ncep_gfs,source,False,61472,74,-0.2092509751459259,4.116996946040432,11.606153203624467,8.854227086089857,13.944429937101354,4.116996946040432,2.8294843988735465,5.314695922488564,363.0,0.1046831955922865,0.8181818181818182,0.07116104868913857,0.5757575757575758,0.06900935906277893,0.014837372562897326,0.13141477984308186,0.008068714211348256,-0.3995623763181244,-0.9105216018103403,-0.06084663161633302,59.0,0.06779661016949153,0.9393939393939394,0.03305785123966942,1.11864406779661,0.032551372585522785,-0.0003985726735094204,0.0797463862714772,0.0019033055700156168,-0.9932586827327581,-4.440003518130552,-0.1644067143386789,2.5572985362635396,1.5572005248183851,3.7217230239995223,0.0,0.5565427665009279,0.22455671128626603,0.8841899731880825,0.0,-0.002586053600571403,-0.02337973337352363,0.0390061408066952,0.932
phase3,heat_pilot,precip,4,99,all,all,ecmwf_ifs_ens,source,True,61472,74,0.5207370521857534,3.6757573031232527,9.128860751832674,6.821145472529225,11.200471896905654,2.3548655611536256,1.6147762315102057,3.0850267281322696,363.0,0.008264462809917356,0.7692307692307693,0.00804289544235925,0.03581267217630854,0.007838699980723542,-9.570790270909732e-05,0.026340131498764477,0.005595211898438937,0.029480056491660744,-0.07925882593517056,0.1232714174927493,59.0,0.0,,0.0,0.0,0.0,0.0,0.0,0.0009738588609954816,-0.019884910240424603,-0.23173235134098097,0.04052311048776422,0.08000608447174606,-0.17029074517354373,0.3494679117573866,0.636,-1.2055886183858786,-1.5517597678841737,-0.8558278965960476,0.0,-0.06375671268262678,-0.13963840190719334,0.00011016587390874165,0.066
phase3,heat_pilot,precip,4,99,winter_JF,all,blend_A,L3A,False,9971,13,0.01763600748782536,0.0183293468375537,0.05833802360442726,0.012327982979692263,0.09640147644031423,0.0183293468375537,0.006743295294310851,0.0334621057205968,0.0,,,,,,,,0.0,1.0,1.0,1.0,0.0,,,,,,,,0.0,1.0,1.0,1.0,0.018714796488017778,0.005628963965231176,0.02968969218851727,0.0,0.00822605635330171,0.0032106984437296473,0.014747769835497122,0.0,,,,
phase3,heat_pilot,precip,4,99,winter_JF,all,equal_mean,prev,False,9971,13,0.00905222326923127,0.01010329048425199,0.03962322711640948,0.006686394231040089,0.06653461066353147,0.01010329048425199,0.003579832306492399,0.018713224653690106,0.0,,,,,,,,0.0,1.0,1.0,1.0,0.0,,,,,,,,0.0,1.0,1.0,1.0,,,,,,,,,,,,
phase3,heat_pilot,precip,4,99,winter_JF,all,superensemble,baseline,False,9971,13,-0.07418905532995934,0.08383317445966326,0.09385622219739084,0.07934724046350025,0.11419992446175063,0.08383317445966326,0.07640721519536309,0.09179606883111567,0.0,,,,,,,,0.0,1.0,1.0,1.0,0.0,,,,,,,,0.0,1.0,1.0,1.0,0.05423299508098136,0.04461759781004595,0.0792309837662741,0.0,0.07372988397541128,0.06284567161549026,0.0823882494565389,0.0,,,,
phase3,heat_pilot,precip,4,99,winter_JF,all,persistence,baseline,False,9971,13,0.07598856147466482,0.07796071703889379,0.9452356225620341,0.0,1.6947797312199169,0.07796071703889379,0.0,0.2477183845172716,0.0,,,,,,,,0.0,1.0,1.0,1.0,0.0,,,,,,,,0.0,1.0,1.0,1.0,0.9056123954456246,-0.008425360913332836,1.6561822942732067,0.324,0.0678574265546418,-0.012783748592334884,0.2375484361346132,0.71,,,,
phase3,heat_pilot,precip,4,99,winter_JF,all,climatology,baseline,False,9971,13,0.30629605188907516,0.3072381350777355,0.3330898635079049,0.3066590213770848,0.35865158174272216,0.3072381350777355,0.2805571428982641,0.3341330692568553,0.0,,,,,,,,0.0,1.0,1.0,1.0,0.0,,,,,,,,0.0,1.0,1.0,1.0,0.29346663639149545,0.24851302434350378,0.34264649778639605,0.0,0.2971348445934835,0.2662409223989669,0.32644111016648525,0.0,,,,
phase3,heat_pilot,precip,4,99,winter_JF,all,ecmwf_ifs_ctrl,source,False,9971,13,0.00011197086780435426,0.002010640737650782,0.034234771870560364,0.002105281025538952,0.05800833006770488,0.002010640737650782,7.105034003461832e-05,0.00478764861864835,0.0,,,,,,,,0.0,1.0,1.0,1.0,0.0,,,,,,,,0.0,1.0,1.0,1.0,-0.005388455245849119,-0.008527227398050403,-0.002863298201054199,0.0,-0.008092649746601208,-0.01400813832739228,-0.003454349040185466,0.0,,,,
phase3,heat_pilot,precip,4,99,winter_JF,all,ecmwf_aifs,source,False,9971,13,0.03476922974556837,0.03521649031507109,0.10227593332616823,0.024517398345017108,0.1673511345033062,0.03521649031507109,0.013556377207016858,0.0631321814984965,0.0,,,,,,,,0.0,1.0,1.0,1.0,0.0,,,,,,,,0.0,1.0,1.0,1.0,0.06265270620975874,0.017897939000406538,0.10039973057658433,0.0,0.0251131998308191,0.010061194811417944,0.04441784561339682,0.0,,,,
phase3,heat_pilot,precip,4,99,winter_JF,all,ncep_gfs,source,False,9971,13,-0.0009420907378746674,0.0010300648263543053,0.030952514269613148,0.0,0.05447732195482722,0.0010300648263543053,0.0,0.0031535990483077354,0.0,,,,,,,,0.0,1.0,1.0,1.0,0.0,,,,,,,,0.0,1.0,1.0,1.0,-0.008670712846796335,-0.019029504397595626,-0.006172822393573925,0.0,-0.009073225657897685,-0.01626022833545349,-0.0035798323064923994,0.0,,,,
phase3,heat_pilot,precip,4,99,winter_JF,all,ecmwf_ifs_ens,source,True,9971,13,0.0022697832191006483,0.003894857039276857,0.036143281038898065,0.0040717393894542705,0.06149944419343436,0.001342032155402717,3.1382971810471605e-05,0.0037582977710589435,0.0,,,,,,,,0.0,1.0,1.0,1.0,0.0,,,,,,,,0.0,1.0,1.0,1.0,-0.0034799460775114185,-0.005530320842378007,-0.0008783494701303765,0.016,-0.008761258328849273,-0.01555687230100482,-0.0034988075084858962,0.0,,,,
phase3,heat_pilot,precip,4,99,premonsoon_MAM,all,blend_A,L3A,False,15548,19,-0.343477439927631,1.485702311746422,4.618814961252668,2.253462326505201,6.429341483021739,1.485702311746422,0.5853138634198979,2.5799765431353663,2.0,0.0,,0.0,0.0,0.0,0.0,0.0,0.00012863390789812196,0.0011664172636860481,-0.0025990898383251083,1.0,0.0,,,,,,,,0.0,1.0,1.0,1.0,-0.0015230361514797508,-0.04132354605231607,0.03160278070192844,0.832,0.006568372925884081,-0.007955973035733505,0.01960662021957753,0.358,0.0,0.0,0.0,1.0
phase3,heat_pilot,precip,4,99,premonsoon_MAM,all,equal_mean,prev,False,15548,19,-0.3458582921647498,1.479133938820538,4.620337997404148,2.281951386075573,6.415747157521683,1.479133938820538,0.5822780814748305,2.574926896772502,2.0,0.0,,0.0,0.0,0.0,0.0,0.0,0.00012863390789812196,0.0011664172636860481,-0.0025990898383251083,1.0,0.0,,,,,,,,0.0,1.0,1.0,1.0,,,,,,,,,,,,
phase3,heat_pilot,precip,4,99,premonsoon_MAM,all,superensemble,baseline,False,15548,19,-0.4273997647676192,1.5141579727952412,4.63112803202133,2.2289188633821286,6.461450251307032,1.5141579727952412,0.6285116251091465,2.60517395630742,2.0,0.0,,0.0,0.0,0.0,0.0,0.0,0.00012863390789812196,0.0011664172636860481,-0.0025990898383251083,1.0,0.0,,,,,,,,0.0,1.0,1.0,1.0,0.010790034617182087,-0.14649489751991593,0.2022564136727017,0.932,0.03502403397470322,0.010043829604394972,0.057810564900471685,0.008,0.0,0.0,0.0,1.0
phase3,heat_pilot,precip,4,99,premonsoon_MAM,all,persistence,baseline,False,15548,19,-0.33862257818565644,1.800853328155423,5.800771841804129,2.9833330618850225,8.103982672779512,1.800853328155423,0.7944030581797977,3.0962881346363047,2.0,0.0,1.0,0.0,0.5,-4.287980789846062e-05,-0.00011801131767194877,0.0,0.00019295086184718292,-0.4982503741044708,-1.005174034829748,1.0,0.0,,,,,,,,0.0,1.0,1.0,1.0,1.180433844399981,0.4708854020848554,1.8414554797384521,0.0,0.3217193893348851,0.050951380000762346,0.6870950590102586,0.01,-4.287980789846062e-05,-0.00011801131767194877,0.0,0.5691609977324263
phase3,heat_pilot,precip,4,99,premonsoon_MAM,all,climatology,baseline,False,15548,19,-0.8912563152155538,1.4921885193281252,4.962511274919205,2.210227386913945,7.153372200893684,1.4921885193281252,0.7333824926478366,2.449568330357734,2.0,0.0,,0.0,0.0,0.0,0.0,0.0,0.00012863390789812196,0.0011664172636860481,-0.0025990898383251083,1.0,0.0,,,,,,,,0.0,1.0,1.0,1.0,0.342173277515057,-0.5280243809137951,0.7862240274641215,0.328,0.013054580507587232,-0.3204189544895837,0.23944701603329593,0.834,0.0,0.0,0.0,1.0
phase3,heat_pilot,precip,4,99,premonsoon_MAM,all,ecmwf_ifs_ctrl,source,False,15548,19,-0.2965659834118668,1.5995650015874896,5.040356729337336,2.58497675164143,6.961286355788396,1.5995650015874896,0.6181696183573869,2.8057935520535437,2.0,0.0,,0.0,0.0,0.0,0.0,0.0,0.00012863390789812196,0.0011664172636860481,-0.0025990898383251083,1.0,0.0,,,,,,,,0.0,1.0,1.0,1.0,0.4200187319331885,0.1635758593321428,0.6817153098286379,0.0,0.12043106276695159,0.023262441969328564,0.2336530001312457,0.004,0.0,0.0,0.0,1.0
phase3,heat_pilot,precip,4,99,premonsoon_MAM,all,ecmwf_aifs,source,False,15548,19,-0.11958597442180739,1.6441175851094936,4.860702600945815,2.275414968165853,6.771327202027785,1.6441175851094936,0.6651690357555655,2.8550805194666014,2.0,0.0,,0.0,0.0,0.0,0.0,0.0,0.00012863390789812196,0.0011664172636860481,-0.0025990898383251083,1.0,0.0,,,,,,,,0.0,1.0,1.0,1.0,0.2403646035416669,-0.18508112049366457,0.664185344483696,0.366,0.16498364628895557,0.03140646214748583,0.3955785406074561,0.0,0.0,0.0,0.0,1.0
phase3,heat_pilot,precip,4,99,premonsoon_MAM,all,ncep_gfs,source,False,15548,19,-0.6427926757169975,1.5015518603353335,5.137815571547147,2.380686889300707,7.226506562615009,1.5015518603353335,0.5840379305705187,2.6283411961552985,2.0,0.0,1.0,0.0,0.5,-4.287980789846062e-05,-9.28996776381186e-05,0.0,0.00019295086184718292,-0.4982503741044708,-202.0521067552184,1.0,0.0,,,,,,,,0.0,1.0,1.0,1.0,0.5174775741429993,0.059643225628602456,0.8374085104611303,0.0,0.02241792151479549,-0.06039583816958476,0.11473660124430539,0.634,-4.287980789846062e-05,-9.390618534692703e-05,0.0,0.7596371882086168
phase3,heat_pilot,precip,4,99,premonsoon_MAM,all,ecmwf_ifs_ens,source,True,15548,19,-0.3244885391764657,1.449794545763342,4.4581548477389825,2.1952080680026635,6.173865465985357,1.0311398244452432,0.43840687317723676,1.7633745050283445,2.0,0.0,,0.0,0.0,0.0,0.0,0.0,0.0001324667136890116,-0.02859506011503754,-1.732342843688062,1.0,0.0,,,,,,,,5.19283365217332e-07,-20.754033085947274,-231.8667828814279,1.0,-0.16218314966516534,-0.3169175676616751,0.010907540056162983,0.068,-0.4479941143752948,-0.8457037939456372,-0.13708382331100022,0.0,0.0,0.0,0.0,1.0
phase3,heat_pilot,precip,4,99,monsoon_JJAS,all,blend_A,L3A,False,20574,25,1.3317265651538834,8.570820749302158,14.54352052580401,11.040066407442708,17.606853516583293,8.570820749302158,6.615998687582815,10.391601507123617,357.0,0.05042016806722689,0.5813953488372093,0.04712041884816754,0.12044817927170869,0.04525557830354401,-0.0008120611203354629,0.08921166606800261,0.01769223291533003,-0.04479291610762437,-0.1870900736034281,0.039100223016322655,59.0,0.0,,0.0,0.0,0.0,0.0,0.0,0.0028676970934188783,-0.005199406988747546,-0.009682708875282603,0.01771922378553457,-0.1821089814471364,-0.3778087725257065,0.02520418852828857,0.088,0.08346051799279763,-0.04782325811236614,0.2526134906390345,0.238,-0.02564789649674907,-0.049333249490687084,0.0,0.068
phase3,heat_pilot,precip,4,99,monsoon_JJAS,all,equal_mean,prev,False,20574,25,0.9589694364954456,8.48736023130936,14.725629507251146,11.227621062829128,17.71109729780116,8.48736023130936,6.5167269228285125,10.304873688500104,357.0,0.08123249299719888,0.5606060606060606,0.07360406091370558,0.18487394957983194,0.07090347480029308,-0.00041420073533092043,0.13659384978696462,0.017740837950811703,-0.04766322631671116,-0.23333093478432174,0.0776887123189734,59.0,0.01694915254237288,0.8,0.015873015873015872,0.0847457627118644,0.015648982495888853,-0.000127620033819834,0.027163903162899076,0.003013512199863906,-0.05631124124241271,-0.10647195279626817,0.013140988618383528,,,,,,,,,,,,
phase3,heat_pilot,precip,4,99,monsoon_JJAS,all,superensemble,baseline,False,20574,25,0.2233775066458292,8.080968374823062,14.224929047487045,10.663913059738542,17.43918725275387,8.080968374823062,6.173499336830665,9.996726498351174,357.0,0.04201680672268908,0.2857142857142857,0.04132231404958678,0.058823529411764705,0.04035899322665669,0.0,0.08844818304434034,0.016914552347623214,0.001132047237765832,-0.02536936011205011,0.029625070250204246,59.0,0.0,,0.0,0.0,0.0,0.0,0.0,0.0028676970934188783,-0.005199406988747546,-0.009682708875282603,0.01771922378553457,-0.5007004597641007,-0.8996547221359745,-0.13370798882848176,0.008,-0.40639185648629805,-0.6524507548658951,-0.1484346708860924,0.002,-0.030544481573636387,-0.05266173136440339,0.00041420073533092016,0.098
phase3,heat_pilot,precip,4,99,monsoon_JJAS,all,persistence,baseline,False,20574,25,-0.26102272193555504,12.904310336384839,23.44016973021776,19.186301759670634,27.556339145944854,12.904310336384839,10.372311706203533,15.612423631045647,357.0,0.0056022408963585435,0.9942196531791907,0.0028530670470756064,0.969187675070028,-0.005760882062420116,-0.01083642195167394,0.0015038116392221605,0.033974919801691456,-1.006346836151729,-3.1335732313981057,-0.36281155218965505,59.0,0.0,1.0,0.0,0.9830508474576272,-0.001423617235836215,-0.002363882907282894,-0.00040800726557427785,0.005686789151356081,-0.99336153589294,-5.851445536040811,-0.2005176575914852,8.714540222966615,5.574950850386002,12.732124700653932,0.0,4.416950105075479,2.5054881857771436,6.660992357699694,0.0,-0.0766643568627132,-0.145567059268258,-0.004965444310635059,0.002
phase3,heat_pilot,precip,4,99,monsoon_JJAS,all,climatology,baseline,False,20574,25,-1.5048394760933008,9.463368021886783,16.5422964285054,12.215197581216554,20.707100911936923,9.463368021886783,7.753568586924395,11.19284726750645,357.0,0.0,,0.0,0.0,0.0,0.0,0.0,0.0173519976669583,-0.02470074464401617,-0.03636127889021852,0.011529943879454597,59.0,0.0,,0.0,0.0,0.0,0.0,0.0,0.0028676970934188783,-0.005199406988747546,-0.009682708875282603,0.01771922378553457,1.816666921254253,0.31999321586927126,3.2789250426049588,0.008,0.9760077905774232,0.011264254728887483,1.9953488366311019,0.048,-0.07090347480029308,-0.13659384978696462,0.00041420073533092016,0.098
phase3,heat_pilot,precip,4,99,monsoon_JJAS,all,ecmwf_ifs_ctrl,source,False,20574,25,1.2366832191917816,9.949872029588732,18.901425355164253,14.299066185607133,23.103200182603825,9.949872029588732,7.401405508839016,12.304774402036099,357.0,0.1568627450980392,0.8,0.0963855421686747,0.7843137254901961,0.08876542641207255,-0.004537570145745045,0.17606095720975995,0.02551764362787985,-0.5069128597706118,-1.1794938730845002,-0.1151403946907039,59.0,0.22033898305084745,0.821917808219178,0.1092436974789916,1.2372881355932204,0.10767393931012247,-0.0012765823947195692,0.2048825937482403,0.0051521337610576454,-0.8059514769628344,-2.817351285093596,-0.17698557185188613,4.175795847913108,1.9915965883260915,6.128133051170297,0.0,1.4625117982793725,0.6735813019415159,2.30399272047014,0.0,0.017861951611779475,-0.0210527606871776,0.046940028019250665,0.518
phase3,heat_pilot,precip,4,99,monsoon_JJAS,all,ecmwf_aifs,source,False,20574,25,2.1995008900548667,8.957858846045664,14.755093060291552,11.240220497276379,17.97457122741201,8.957858846045664,6.865675896101068,10.883945483997662,357.0,0.0700280112044818,0.6666666666666666,0.06142506142506143,0.21008403361344538,0.05841430107167465,-0.001848357700293824,0.11797820440060466,0.018567123554000194,-0.09645849987118815,-0.2110986325845694,-0.0017022986594209747,59.0,0.03389830508474576,0.8181818181818182,0.029411764705882353,0.1864406779661017,0.028961307452965317,0.0,0.04678634215096745,0.0032079323417906094,-0.12446035358063279,-0.22424305328910643,0.01771922378553457,0.029463553040406154,-0.6101718817277919,0.7928660632213723,0.952,0.4704986147363037,-0.0823190199624149,1.1369354474017335,0.096,-0.012489173728618429,-0.03741736776156475,-0.0001741949102261374,0.04
phase3,heat_pilot,precip,4,99,monsoon_JJAS,all,ncep_gfs,source,False,20574,25,-0.9217112152288128,9.637000095481264,18.707330967057104,13.930702281830085,22.52367197330232,9.637000095481264,7.1629683675328355,11.885126300871963,357.0,0.10644257703081232,0.8031088082901554,0.07421875,0.5406162464985994,0.06812344821833033,0.00949072374839554,0.12818483356670932,0.023038786818314377,-0.3605270391071811,-0.8168721207296452,-0.017898874815420348,59.0,0.06779661016949153,0.9384615384615385,0.03333333333333333,1.1016949152542372,0.03182943921916233,-0.0011779242883495826,0.07547452926038267,0.005638184115874405,-0.9763242578083848,-4.394707596688293,-0.1618659145994371,3.981701459805958,2.0586373628098773,6.000205409758956,0.0,1.1496398641719043,0.3750899556645276,1.9711836917725094,0.006,-0.0027800265819627468,-0.022660437380866646,0.04371101469543059,0.996
phase3,heat_pilot,precip,4,99,monsoon_JJAS,all,ecmwf_ifs_ens,source,True,20574,25,1.123940244544442,8.752266948208463,14.869639213802154,11.13428798187905,18.281076771380924,5.676445689817416,4.219301368326391,7.091124113362697,357.0,0.008403361344537815,0.7692307692307693,0.008174386920980926,0.036414565826330535,0.007564387941347071,-0.0002824846696033605,0.024869881447268948,0.016330469691331315,0.03562432555195927,-0.06708556669884873,0.12303003745759936,59.0,0.0,,0.0,0.0,0.0,0.0,0.0,0.002900829245633033,-0.016813053295521074,-0.22911982973514033,0.04259424873426406,0.14400970655100842,-0.31244704976261506,0.6622065051867889,0.638,-2.810914541491944,-3.3137162749833995,-2.2383195378146103,0.0,-0.063339086858946,-0.1366196522668505,0.00041420073533092016,0.1
phase3,heat_pilot,precip,4,99,postmonsoon_OND,all,blend_A,L3A,False,15379,19,0.6752357545733175,1.3005378309353246,3.7308985014993845,1.6739330362180214,5.192469298028981,1.3005378309353246,0.43070116861022806,2.2514046121216085,4.0,0.0,,0.0,0.0,0.0,0.0,0.0,0.00026009493465114765,-0.0005865884408386979,-0.007116686436688357,1.0,0.0,,,,,,,,0.0,1.0,1.0,1.0,-0.22080148823712653,-0.4077162516393692,0.008958016298830416,0.07,-0.07477756899271926,-0.15877597574364977,-0.002327359086987957,0.042,0.0,0.0,0.0,1.0
phase3,heat_pilot,precip,4,99,postmonsoon_OND,all,equal_mean,prev,False,15379,19,0.7302151033854072,1.3753153999280439,3.951699989736511,1.6448649945785698,5.52637808902667,1.3753153999280439,0.4703518197426966,2.3864859770337543,4.0,0.0,,0.0,0.0,0.0,0.0,0.0,0.00026009493465114765,-0.0005865884408386979,-0.007116686436688357,1.0,0.0,,,,,,,,0.0,1.0,1.0,1.0,,,,,,,,,,,,
phase3,heat_pilot,precip,4,99,postmonsoon_OND,all,superensemble,baseline,False,15379,19,-0.5058822213844374,2.037797835146361,3.6454927068375844,1.89751382413627,4.994782115307341,2.037797835146361,1.449036307647662,2.718856599773681,4.0,0.0,,0.0,0.0,0.0,0.0,0.0,0.00026009493465114765,-0.0005865884408386979,-0.007116686436688357,1.0,0.0,,,,,,,,0.0,1.0,1.0,1.0,-0.3062072828989266,-0.7949924505048632,0.32798020941829675,0.342,0.662482435218317,0.15757366019173596,1.1361660292282814,0.006,0.0,0.0,0.0,1.0
phase3,heat_pilot,precip,4,99,postmonsoon_OND,all,persistence,baseline,False,15379,19,0.6915952608941769,2.132771622991987,7.487737345988387,3.873846020800983,10.370738243034156,2.132771622991987,0.7458221798460222,3.8210605850684343,4.0,0.0,1.0,0.0,4.0,-0.00020811925233158598,-0.00044607592583987735,0.0,0.0013004746732557383,-4.002932942204193,-682.9934916198589,-0.00734403140819801,0.0,,1.0,0.0,,0.0,0.0,0.0,6.502373366278691e-05,-380.38917148914817,-1237.2846923385537,1.0,3.5360373562518763,1.1083206701987955,5.679081903936086,0.0,0.757456223063943,0.018588648574095736,1.6684905216821462,0.04,-0.00020811925233158598,-0.000450997557516386,0.0,0.07207207207207207
phase3,heat_pilot,precip,4,99,postmonsoon_OND,all,climatology,baseline,False,15379,19,-0.03155649716732282,1.4101970303057365,4.266581374401783,1.416261099729008,6.545442965696637,1.4101970303057365,0.6596132232971333,2.320621059087433,4.0,0.0,,0.0,0.0,0.0,0.0,0.0,0.00026009493465114765,-0.0005865884408386979,-0.007116686436688357,1.0,0.0,,,,,,,,0.0,1.0,1.0,1.0,0.3148813846652718,-1.5148390838917931,1.513757128911876,0.67,0.03488163037769265,-0.540609550680352,0.49157486116889154,0.752,0.0,0.0,0.0,1.0
phase3,heat_pilot,precip,4,99,postmonsoon_OND,all,ecmwf_ifs_ctrl,source,False,15379,19,0.697843449061997,1.4616760312793888,5.483012280550339,2.0950539505872934,8.32820484936001,1.4616760312793888,0.43439012902900237,2.6147676872061725,4.0,0.0,1.0,0.0,6.0,-0.00022298822807979263,-0.0005577168256194829,0.0,0.0018206645425580337,-6.004106119085871,-23.949196231034065,1.0,0.0,,1.0,0.0,,0.0,0.0,0.0,0.00013004746732557382,-761.7783429782963,-2463.74267951307,1.0,1.531312290813828,-0.3668270118647236,3.2957301207755365,0.192,0.08636063135134497,-0.3400115132835437,0.5545433679313779,0.674,-0.00022298822807979263,-0.0005577168256194829,0.0,0.5247747747747747
phase3,heat_pilot,precip,4,99,postmonsoon_OND,all,ecmwf_aifs,source,False,15379,19,0.42642127269527386,1.0889811638140254,3.589404663875392,1.4433138464985706,5.2387168818580845,1.0889811638140254,0.33442866033389296,1.9541843589847436,4.0,0.0,1.0,0.0,3.0,-0.0001951092611862643,-0.0004700344157774886,0.0,0.0010403797386045906,-3.002346353763355,-11.973582040137714,1.0,0.0,,,,,,,,0.0,1.0,1.0,1.0,-0.362295325861119,-1.1617946938930201,0.13266778631841486,0.348,-0.2863342361140184,-0.5793185915481714,-0.03612610467612821,0.0,-0.0001951092611862643,-0.0004700344157774886,0.0,0.5247747747747747
phase3,heat_pilot,precip,4,99,postmonsoon_OND,all,ncep_gfs,source,False,15379,19,1.0471256067847368,2.045126289205318,6.599725470226062,2.701800404890697,9.63927871263534,2.045126289205318,0.652131802510473,3.6981547494788662,4.0,0.0,1.0,0.0,3.75,-0.00020538027870103817,-0.0004336795541774183,0.0,0.0012354509395929513,-3.7527862950939834,-720.4648284737593,1.0,0.0,,1.0,0.0,,0.0,0.0,0.0,6.502373366278691e-05,-380.38917148914817,-1237.2846923385537,1.0,2.648025480489551,0.5988171394948066,4.674888705872932,0.0,0.6698108892772743,0.1076575442458908,1.3671809058134297,0.002,-0.00020538027870103817,-0.0004339150416107314,0.0,0.7725225225225225
phase3,heat_pilot,precip,4,99,postmonsoon_OND,all,ecmwf_ifs_ens,source,True,15379,19,0.9044357422032199,1.5154933043815975,4.149229859980843,1.9427770973374654,5.785058603735344,0.7754443565794896,0.25896131027801506,1.3676209640313197,4.0,0.0,,0.0,0.0,0.0,0.0,0.0,0.0003840425207719079,-0.4774136074229296,-22.923333431644636,-0.010782999282924933,0.0,,,,,,,,1.1399777989323672e-05,-65.86407620109642,-153.8828389170109,-0.45281915378707854,0.197529870244332,0.04841049946602154,0.3352852577471446,0.004,-0.5998710433485542,-1.1167120564306947,-0.1883569563371844,0.0,0.0,0.0,0.0,1.0
phase3,heat_pilot,precip,5,123,all,all,blend_A,L3A,False,61685,74,0.4581655879628924,3.622192752189775,9.132352895396378,6.813317512764036,11.360302643866957,3.622192752189775,2.520264300448312,4.64147459319103,363.0,0.0,1.0,0.0,0.005509641873278237,-3.224617386488472e-05,-9.715053291925884e-05,0.0,0.005917159763313609,-0.02991096060281273,-0.044991912242461886,-0.0024146288658469534,59.0,0.0,,0.0,0.0,0.0,0.0,0.0,0.0009564724000972683,-0.00514435358387777,-0.009810423516653271,0.014722881678353091,-0.07801659290300833,-0.17311154220170466,0.05333619206132759,0.198,0.014070164046606326,-0.04240831929499387,0.10089599770407875,0.792,4.7715884909211e-05,0.0,0.0001426283672499804,0.676
phase3,heat_pilot,precip,5,123,all,all,equal_mean,prev,False,61685,74,0.3390490444159206,3.6081225881431687,9.210369488299387,6.830067782766754,11.483941168295447,3.6081225881431687,2.506472377060984,4.633981230005549,363.0,0.0,1.0,0.0,0.013774104683195593,-7.996205877409572e-05,-0.00020321105971021457,0.0,0.005965793953149064,-0.03837598219680838,-0.06491938911753073,-0.004923133761440908,59.0,0.0,,0.0,0.0,0.0,0.0,0.0,0.0009564724000972683,-0.00514435358387777,-0.009810423516653271,0.014722881678353091,,,,,,,,,,,,
phase3,heat_pilot,precip,5,123,all,all,superensemble,baseline,False,61685,74,-0.2438148632657363,3.772634072727981,9.009810649089088,6.757915526806477,11.163104180470912,3.772634072727981,2.7484481200208504,4.7456580022540615,363.0,0.0,1.0,0.0,0.0027548209366391185,-1.6167121179521095e-05,-4.877436519546521e-05,0.0,0.005900948366701791,-0.027089286738147367,-0.0410668473093113,0.005113438800309047,59.0,0.0,,0.0,0.0,0.0,0.0,0.0,0.0009564724000972683,-0.00514435358387777,-0.009810423516653271,0.014722881678353091,-0.2005588392102986,-0.3942771449530518,0.02883877690089245,0.086,0.16451148458481235,-0.028371059750385785,0.36854321808585927,0.1,6.379493759457462e-05,-3.2058316734774595e-05,0.00018105511715149476,0.332
phase3,heat_pilot,precip,5,123,all,all,persistence,baseline,False,61685,74,0.012387429487693636,5.333003218523216,14.389541104025023,11.197353611511506,16.964732702027497,5.333003218523216,3.7230305622471414,6.823348836643516,363.0,0.008264462809917356,0.9917355371900827,0.004149377593360996,1.0,0.001198340700904497,-0.00357828959685233,0.010400747918992282,0.011672205560509038,-1.0316051825589727,-2.8157377914191732,-0.36966149395074477,59.0,0.0,1.0,0.0,1.0,-0.0004784650193413402,-0.0007786029728761891,-0.00010049357306499199,0.0019129448001945367,-1.0102887071677555,-5.1981443091260875,-0.13055145488339015,5.179171615725636,3.1562528114026995,7.4501963260415645,0.0,1.7248806303800475,0.8989778901789499,2.5713682304580594,0.0,0.0012783027596785926,-0.0034065714838063563,0.010509321516419954,0.844
phase3,heat_pilot,precip,5,123,all,all,climatology,baseline,False,61685,74,-0.6816252883649621,3.9369987265723756,10.101707985460948,7.472089432552328,12.539306111351294,3.9369987265723756,2.823935182709756,4.957147306540775,363.0,0.0,,0.0,0.0,0.0,0.0,0.0,0.005884736970089973,-0.024267612873482225,-0.0360463866266157,0.005113438800309047,59.0,0.0,,0.0,0.0,0.0,0.0,0.0,0.0009564724000972683,-0.00514435358387777,-0.009810423516653271,0.014722881678353091,0.891338497161561,0.36689263167088443,1.3525986605364413,0.0,0.32887613842920693,-0.02561445178221637,0.7065316934405956,0.062,7.996205877409572e-05,0.0,0.00020321105971021455,0.248
phase3,heat_pilot,precip,5,123,all,all,ecmwf_ifs_ctrl,source,False,61685,74,0.25162030109045447,4.082466554166075,11.054813814560564,8.177002273270013,13.552900843041973,4.082466554166075,2.812441574373602,5.311098460494408,363.0,0.01928374655647383,0.9457364341085271,0.01443298969072165,0.35537190082644626,0.012887943441530308,-0.00032136814570773244,0.029729904396122765,0.007749047580449055,-0.34876010730998486,-0.8503082425054065,-0.07871510975332799,59.0,0.0,1.0,0.0,0.3220338983050847,-0.00023304116222055588,-0.00045303307000536683,0.0,0.0012644889357218123,-0.32883490812783855,-1.4795422210070488,0.003245286876810512,1.8444443262611774,1.1553888141881274,2.559951278417649,0.0,0.4743439660229063,0.21363532088850573,0.7689524232461771,0.0,0.012967905500304404,-0.00032136814570773244,0.02989992659853344,0.084
phase3,heat_pilot,precip,5,123,all,all,ecmwf_aifs,source,False,61685,74,0.7397399149265612,3.7623543007631612,9.415932905001094,7.0339762588757,11.716011862822814,3.7623543007631612,2.6272486384082865,4.919428461452152,363.0,0.024793388429752067,0.8695652173913043,0.02127659574468085,0.19008264462809918,0.02033619526503826,-4.741919531756349e-05,0.038989101612723474,0.006711518197292697,-0.16817297997140934,-0.35259067521155013,-0.0006140962063968302,59.0,0.0,,0.0,0.0,0.0,0.0,0.0,0.0009564724000972683,-0.00514435358387777,-0.009810423516653271,0.014722881678353091,0.20556341670170752,-0.28333827583141225,0.8023869381124196,0.502,0.15423171261999258,-0.11828615132113524,0.5148566711547338,0.322,0.020416157323812356,-1.6081715337054664e-05,0.03906748764348764,0.132
phase3,heat_pilot,precip,5,123,all,all,ncep_gfs,source,False,61685,74,-0.2108133752862561,4.1061865731484355,11.308419541119477,8.505469587029584,13.944473385808207,4.1061865731484355,2.8330649288361025,5.364520716537014,363.0,0.01928374655647383,0.9615384615384616,0.013011152416356878,0.5013774104683195,0.011042387570415679,0.0007835938246015528,0.027014198544623218,0.008608251600875416,-0.4983088221372425,-0.9099110982833036,-0.22593055323073624,59.0,0.0,1.0,0.0,0.5932203389830508,-0.0003562602166027612,-0.0006815775090821452,-1.590160823974342e-05,0.0015238712815109023,-0.6014164277438054,-1.8800372242889765,-0.025304554991674985,2.0980500528200903,1.2647065010221021,2.998622832325817,0.0,0.49806398500526683,0.20408908080288485,0.8277610415669032,0.0,0.011122349629189775,0.0008563557887966926,0.02704773200515171,0.036
phase3,heat_pilot,precip,5,123,all,all,ecmwf_ifs_ens,source,True,61685,74,0.47264378882054675,3.7274915877288457,9.197679994176726,6.948752562188531,11.25441436675087,2.3784246417214283,1.628293989755749,3.1011399275760194,363.0,0.005509641873278237,0.6666666666666666,0.005449591280653951,0.01652892561983471,0.00535389813589435,0.0,0.01824888251399039,0.005596459570593692,0.025908496157082794,-0.05234197361900453,0.10275370699377219,59.0,0.0,,0.0,0.0,0.0,0.0,0.0,0.0009606483461679776,-0.009532800771080652,-0.2095540881058161,0.051134497709042145,-0.01268949412266096,-0.34722213835436305,0.2642908425916518,0.94,-1.2296979464217404,-1.5749340147547322,-0.8570603408883708,0.0,0.005433860194668446,0.0,0.018362093727991358,0.248
phase3,heat_pilot,precip,5,123,winter_JF,all,blend_A,L3A,False,9971,13,0.010073847420668657,0.011381080109215805,0.041871715336066435,0.00888894555101569,0.06768173360336167,0.011381080109215805,0.004255780815799944,0.020979483509868616,0.0,,,,,,,,0.0,1.0,1.0,1.0,0.0,,,,,,,,0.0,1.0,1.0,1.0,0.0010954374602610353,0.00045860703766390176,0.0016332726161029116,0.0,0.0007611978129776417,0.00027170281581751914,0.0014212708133813784,0.0,,,,
phase3,heat_pilot,precip,5,123,winter_JF,all,equal_mean,prev,False,9971,13,0.009280399292474059,0.010619882296238163,0.0407762778758054,0.007900677872321607,0.06607080291352095,0.010619882296238163,0.003791402149072415,0.01959310764481585,0.0,,,,,,,,0.0,1.0,1.0,1.0,0.0,,,,,,,,0.0,1.0,1.0,1.0,,,,,,,,,,,,
phase3,heat_pilot,precip,5,123,winter_JF,all,superensemble,baseline,False,9971,13,-0.20266470841518053,0.2066617300261523,0.21121668310237596,0.20224089200227394,0.2210809781372969,0.2066617300261523,0.19711915225878043,0.21621717873742952,0.0,,,,,,,,0.0,1.0,1.0,1.0,0.0,,,,,,,,0.0,1.0,1.0,1.0,0.17044040522657056,0.14752888063089364,0.20606712256698825,0.0,0.19604184772991412,0.17968826593188225,0.21030179118468367,0.0,,,,
phase3,heat_pilot,precip,5,123,winter_JF,all,persistence,baseline,False,9971,13,0.07663410154873025,0.07860625711295922,0.9466359999655988,0.03931521249200678,1.4650131158269337,0.07860625711295922,0.0015589513969765825,0.19360870395244192,0.0,,,,,,,,0.0,1.0,1.0,1.0,0.0,,,,,,,,0.0,1.0,1.0,1.0,0.9058597220897934,-0.0027422616268961693,1.4451835150065875,0.082,0.06798637481672107,-0.011730153680716983,0.1814800629943061,0.206,,,,
phase3,heat_pilot,precip,5,123,winter_JF,all,climatology,baseline,False,9971,13,0.30629605188907516,0.3072381350777355,0.3330898635079049,0.3066590213770848,0.35865158174272216,0.3072381350777355,0.2805571428982641,0.3341330692568553,0.0,,,,,,,,0.0,1.0,1.0,1.0,0.0,,,,,,,,0.0,1.0,1.0,1.0,0.2923135856320995,0.24870937098278614,0.34081812112048065,0.0,0.29661825278149734,0.26609484503892616,0.32615203771826523,0.0,,,,
phase3,heat_pilot,precip,5,123,winter_JF,all,ecmwf_ifs_ctrl,source,False,9971,13,-0.0004501874311949948,0.0015219681330339778,0.032179845624580136,0.000841170401688804,0.05557053389560062,0.0015219681330339778,5.712367403022986e-05,0.003687176851947348,0.0,,,,,,,,0.0,1.0,1.0,1.0,0.0,,,,,,,,0.0,1.0,1.0,1.0,-0.008596432251225264,-0.018000602741276402,-0.0005521359399828804,0.032,-0.009097914163204185,-0.016155540433314446,-0.0036042676035283492,0.0,,,,
phase3,heat_pilot,precip,5,123,winter_JF,all,ecmwf_aifs,source,False,9971,13,0.03071952520420123,0.03152805724302752,0.08876630205681717,0.024271986172999506,0.14108396019870464,0.03152805724302752,0.013453844500167336,0.05531285695673099,0.0,,,,,,,,0.0,1.0,1.0,1.0,0.0,,,,,,,,0.0,1.0,1.0,1.0,0.04799002418101177,0.01575801693665138,0.07455596089038376,0.0,0.020908174946789357,0.00948891302757274,0.03572782716825093,0.0,,,,
phase3,heat_pilot,precip,5,123,winter_JF,all,ncep_gfs,source,False,9971,13,-0.0006530330185844288,0.0013191225456445437,0.032003184515926666,0.0,0.05543204065974768,0.0013191225456445437,0.0,0.0036246492861154657,0.0,,,,,,,,0.0,1.0,1.0,1.0,0.0,,,,,,,,0.0,1.0,1.0,1.0,-0.008773093359878734,-0.025656770136122418,0.0017882227222769762,0.096,-0.009300759750593619,-0.01682521401994956,-0.003366954279321397,0.0,,,,
phase3,heat_pilot,precip,5,123,winter_JF,all,ecmwf_ifs_ens,source,True,9971,13,0.007505292483706868,0.009067683381980614,0.05815039324484163,0.005526543134066,0.08817074102532153,0.00165562363254798,4.665430072909659e-05,0.003743339889289917,0.0,,,,,,,,0.0,1.0,1.0,1.0,0.0,,,,,,,,0.0,1.0,1.0,1.0,0.017374115369036228,-0.0007156967945813657,0.03155879811632353,0.054,-0.008964258663690184,-0.01581624297987511,-0.0036369861270756742,0.0,,,,
phase3,heat_pilot,precip,5,123,premonsoon_MAM,all,blend_A,L3A,False,15548,19,-0.29079630649774996,1.4343988189175387,4.419740075363645,2.25341900526769,6.102747624192043,1.4343988189175387,0.592786186067821,2.4869319459556203,2.0,0.0,,0.0,0.0,0.0,0.0,0.0,0.00012863390789812196,0.0011664172636860481,-0.0025990898383251083,1.0,0.0,,,,,,,,0.0,1.0,1.0,1.0,-0.012367558046182836,-0.07874164110733353,0.04647179206559429,0.662,-0.007629607103291525,-0.024444517902562544,0.00212047940240862,0.232,0.0,0.0,0.0,1.0
phase3,heat_pilot,precip,5,123,premonsoon_MAM,all,equal_mean,prev,False,15548,19,-0.2679219889649637,1.4420284260208303,4.432107633409828,2.2601551440781114,6.126905978341645,1.4420284260208303,0.5934065271999006,2.496776754584144,2.0,0.0,,0.0,0.0,0.0,0.0,0.0,0.00012863390789812196,0.0011664172636860481,-0.0025990898383251083,1.0,0.0,,,,,,,,0.0,1.0,1.0,1.0,,,,,,,,,,,,
phase3,heat_pilot,precip,5,123,premonsoon_MAM,all,superensemble,baseline,False,15548,19,-0.5029780354163156,1.574822644093702,4.716992414629315,2.3082959776314333,6.541881300967788,1.574822644093702,0.7096616753954152,2.681440071500099,2.0,0.0,,0.0,0.0,0.0,0.0,0.0,0.00012863390789812196,0.0011664172636860481,-0.0025990898383251083,1.0,0.0,,,,,,,,0.0,1.0,1.0,1.0,0.28488478121948724,-0.002221112337274843,0.49960623268509535,0.056,0.13279421807287184,0.05857772865047139,0.2049274159673467,0.0,0.0,0.0,0.0,1.0
phase3,heat_pilot,precip,5,123,premonsoon_MAM,all,persistence,baseline,False,15548,19,-0.39353863447415804,1.644119116550746,5.354465545496559,3.0009249645192577,7.276553399440005,1.644119116550746,0.7616143694994252,2.7542081894486197,2.0,0.0,1.0,0.0,0.5,-4.287980789846062e-05,-0.00011801131767194877,0.0,0.00019295086184718292,-0.4982503741044708,-1.005174034829748,1.0,0.0,,,,,,,,0.0,1.0,1.0,1.0,0.9223579120867313,0.553042062095459,1.3232967007917387,0.0,0.2020906905299158,0.10644451353918562,0.3014509569968234,0.0,-4.287980789846062e-05,-0.00011801131767194877,0.0,0.5691609977324263
phase3,heat_pilot,precip,5,123,premonsoon_MAM,all,climatology,baseline,False,15548,19,-0.8912563152155538,1.4921885193281252,4.962511274919205,2.210227386913945,7.153372200893684,1.4921885193281252,0.7333824926478366,2.449568330357734,2.0,0.0,,0.0,0.0,0.0,0.0,0.0,0.00012863390789812196,0.0011664172636860481,-0.0025990898383251083,1.0,0.0,,,,,,,,0.0,1.0,1.0,1.0,0.5304036415093769,-0.49954672713241605,1.0999480744122985,0.234,0.050160093307294984,-0.34443189850900957,0.2992760023223176,0.666,0.0,0.0,0.0,1.0
phase3,heat_pilot,precip,5,123,premonsoon_MAM,all,ecmwf_ifs_ctrl,source,False,15548,19,-0.11595478671158928,1.6166485990156836,4.998129757937255,2.6569341670213222,6.868402589253598,1.6166485990156836,0.6543516544509789,2.8150340832014282,2.0,0.0,,0.0,0.0,0.0,0.0,0.0,0.00012863390789812196,0.0011664172636860481,-0.0025990898383251083,1.0,0.0,,,,,,,,0.0,1.0,1.0,1.0,0.5660221245274268,0.21491164919127606,0.9551201988228228,0.0,0.17462017299485333,0.03083212090003345,0.3314367801365532,0.014,0.0,0.0,0.0,1.0
phase3,heat_pilot,precip,5,123,premonsoon_MAM,all,ecmwf_aifs,source,False,15548,19,-0.18015892772616904,1.6712872105225793,5.123065226385435,2.2921719070200632,7.132687265481722,1.6712872105225793,0.675172521622007,2.9297248895633263,2.0,0.0,,0.0,0.0,0.0,0.0,0.0,0.00012863390789812196,0.0011664172636860481,-0.0025990898383251083,1.0,0.0,,,,,,,,0.0,1.0,1.0,1.0,0.6909575929756073,-0.03199757224179316,1.211203475407559,0.074,0.22925878450174908,0.04051075014879139,0.49603789730538156,0.002,0.0,0.0,0.0,1.0
phase3,heat_pilot,precip,5,123,premonsoon_MAM,all,ncep_gfs,source,False,15548,19,-0.5200464416967127,1.4289850357192508,4.9316759079809565,2.3983628429636665,6.87052186684799,1.4289850357192508,0.5738840714807263,2.457579996654651,2.0,0.0,1.0,0.0,5.5,-0.00010885592423627673,-0.00026138680473951104,0.0,0.0008361204013377926,-5.49241828778604,-608.1563202656552,1.0,0.0,,,,,,,,0.0,1.0,1.0,1.0,0.4995682745711285,0.05922686977941701,0.76944129646215,0.0,-0.013043390301579416,-0.17426720416569308,0.10215245402612846,0.942,-0.00010885592423627673,-0.00026331559135458885,-4.721361011000771e-05,0.0
phase3,heat_pilot,precip,5,123,premonsoon_MAM,all,ecmwf_ifs_ens,source,True,15548,19,-0.2555278122796099,1.427772385280942,4.3293912005533555,2.195652200120218,5.981425075186243,0.9892688016600212,0.43115330949159086,1.6902559549652356,2.0,0.0,,0.0,0.0,0.0,0.0,0.0,0.00013958831412627776,-0.0838938051800231,-13.090102055462037,0.7590438380329949,0.0,,,,,,,,8.654722753622199e-07,-35.256721809912115,-218.6448804689252,1.0,-0.10271643285647247,-0.3135091395200911,0.014323598249585756,0.208,-0.4527596243608091,-0.8480079607771895,-0.14513162216376826,0.0,0.0,0.0,0.0,1.0
phase3,heat_pilot,precip,5,123,monsoon_JJAS,all,blend_A,L3A,False,20618,25,0.9964470129392098,8.650243082451496,14.9371771587534,11.035249227991242,18.64247550710881,8.650243082451496,6.635857336848448,10.580875016739718,357.0,0.0,1.0,0.0,0.0056022408963585435,-9.647152036413811e-05,-0.00028745490292404725,0.0,0.017411970123193326,-0.03043233717043159,-0.04493352912653952,0.00235474399637871,59.0,0.0,,0.0,0.0,0.0,0.0,0.0,0.0028615772625860897,-0.005196238842984702,-0.009679365660550332,0.017765974209257854,-0.12476915787031118,-0.29429384574128,0.10330188953216257,0.278,0.08648012342944966,-0.09031874736949264,0.3095899725552208,0.408,0.00014274269911872765,0.0,0.00042971422190854513,0.738
phase3,heat_pilot,precip,5,123,monsoon_JJAS,all,equal_mean,prev,False,20618,25,0.6152047725030118,8.563762959022046,15.061946316623711,11.055831419831188,18.873112956144542,8.563762959022046,6.525344708151,10.471306228428608,357.0,0.0,1.0,0.0,0.014005602240896359,-0.00023921421948286576,-0.0006080607341742853,0.0,0.017557474051799398,-0.03904319235569975,-0.06600118132352821,-0.0004979201098947258,59.0,0.0,,0.0,0.0,0.0,0.0,0.0,0.0028615772625860897,-0.005196238842984702,-0.009679365660550332,0.017765974209257854,,,,,,,,,,,,
phase3,heat_pilot,precip,5,123,monsoon_JJAS,all,superensemble,baseline,False,20618,25,0.13817311498830773,8.28905064023244,14.659710832100815,10.79009124143846,18.276532375971183,8.28905064023244,6.300040332918813,10.255816691432178,357.0,0.0,1.0,0.0,0.0028011204481792717,-4.8368170383857666e-05,-0.00014844378149407583,0.0,0.017363468813657967,-0.02756205210867546,-0.04137660846004107,0.011530447425632046,59.0,0.0,,0.0,0.0,0.0,0.0,0.0,0.0028615772625860897,-0.005196238842984702,-0.009679365660550332,0.017765974209257854,-0.4022354845228957,-0.7088921675386236,-0.027608646109998337,0.034,-0.27471231878960545,-0.6162723550598527,0.10040095240337582,0.154,0.0001908460490990081,-9.660818868749371e-05,0.0005749308495008487,0.376
phase3,heat_pilot,precip,5,123,monsoon_JJAS,all,persistence,baseline,False,20618,25,-0.3135021239828446,12.89600269195787,23.438291798444375,19.401345088741373,27.581732956358398,12.89600269195787,10.494576663933314,15.489126440856543,357.0,0.008403361344537815,0.9911764705882353,0.004322766570605188,0.9523809523809523,-0.004195661649484419,-0.010248773488942793,0.004496790353877684,0.033514404888932,-0.983366977673449,-3.1896404166227934,-0.3297622166247148,59.0,0.0,1.0,0.0,0.9830508474576272,-0.0014205748388050235,-0.0023824668847867068,-0.0003801546371836063,0.005674653215636823,-0.9933552532988004,-6.130835517226205,-0.159425747350088,8.376345481820664,5.182331236766616,12.868591195980779,0.0,4.3322397329358235,2.3497107394821475,6.8176908094469155,0.0,-0.0039564474300015536,-0.00998254710449147,0.004753828381159493,0.326
phase3,heat_pilot,precip,5,123,monsoon_JJAS,all,climatology,baseline,False,20618,25,-1.4937035972110653,9.451097113985085,16.52555295532367,12.192651508260537,20.707100911936923,9.451097113985085,7.744723418082373,11.176493252669651,357.0,0.0,,0.0,0.0,0.0,0.0,0.0,0.017314967504122612,-0.024691767046919333,-0.036348866672533044,0.011530447425632046,59.0,0.0,,0.0,0.0,0.0,0.0,0.0,0.0028615772625860897,-0.005196238842984702,-0.009679365660550332,0.017765974209257854,1.4636066386999573,0.6101078339776457,2.2319873425674914,0.0,0.8873341549630389,0.008215834408928395,1.8219844932902487,0.046,0.00023921421948286576,0.0,0.0006080607341742853,0.268
phase3,heat_pilot,precip,5,123,monsoon_JJAS,all,ecmwf_ifs_ctrl,source,False,20618,25,0.20938092269251285,9.720085904075185,18.027693233323593,13.341920310239212,22.396369541664363,9.720085904075185,7.251033207796562,12.114050001179335,357.0,0.0196078431372549,0.9457364341085271,0.014613778705636743,0.36134453781512604,0.00999728483375685,-0.001426302751680235,0.027440595141396077,0.022892618100688718,-0.3547745491488683,-0.8410243746584306,-0.07471757056154399,59.0,0.0,1.0,0.0,0.3220338983050847,-0.0006975370904925259,-0.0013556919516109853,0.0,0.0037831021437578815,-0.32890350219920017,-1.4977898159902727,0.0025254148647491756,2.9657469166998816,1.7367371360014932,4.210811749814486,0.0,1.1563229450531392,0.5245762215418761,1.8430907884886805,0.0,0.010236499053239716,-0.001373870574406297,0.02772440876703233,0.17
phase3,heat_pilot,precip,5,123,monsoon_JJAS,all,ecmwf_aifs,source,False,20618,25,2.0099460809619947,9.122162529670561,15.348860027022742,11.353496689190756,19.312778774360947,9.122162529670561,6.784685169179677,11.32811707803919,357.0,0.025210084033613446,0.8676470588235294,0.021634615384615384,0.19047619047619047,0.018857657575075893,0.0,0.0334830734978942,0.019740032980890485,-0.1682060201347233,-0.3530747242985398,0.011530447425632046,59.0,0.0,,0.0,0.0,0.0,0.0,0.0,0.0028615772625860897,-0.005196238842984702,-0.009679365660550332,0.017765974209257854,0.28691371039903046,-0.5992144011149523,1.2953576776613207,0.558,0.5583995706485148,-0.20496978106147717,1.4811131774041606,0.168,0.01909687179455876,0.0,0.03366704186218026,0.11
phase3,heat_pilot,precip,5,123,monsoon_JJAS,all,ncep_gfs,source,False,20618,25,-0.9219066740088371,9.653593273057728,18.393299016309278,13.512776079836396,22.551521588847258,9.653593273057728,7.295934249394038,12.08996743085661,357.0,0.0196078431372549,0.9588235294117647,0.013461538461538462,0.47619047619047616,0.007845285521454094,-0.0030644802054363178,0.02291940708807193,0.024881171791638373,-0.47245623668086734,-0.8600696656266305,-0.19778891931601741,59.0,0.0,1.0,0.0,0.5932203389830508,-0.0010666173560596004,-0.001974563045337913,-8.925986856351749e-05,0.004559123096323601,-0.6014990923939079,-1.8274411548059053,-0.0445355611677742,3.331352699685567,1.9360823254964399,4.839732392417044,0.0,1.089830314035682,0.3470410739172334,1.9255309554730986,0.004,0.00808449974093696,-0.002963714985303057,0.02314151641889307,0.192
phase3,heat_pilot,precip,5,123,monsoon_JJAS,all,ecmwf_ifs_ens,source,True,20618,25,0.8360340532474534,8.813148293545328,15.01140743075972,11.350214707535144,18.353475589679206,5.730966107549573,4.290479522067084,7.15385450102599,357.0,0.0056022408963585435,0.6666666666666666,0.00554016620498615,0.01680672268907563,0.005253894795238676,0.0,0.01736168680116216,0.016386058340530196,0.030280647544153827,-0.04745011232704461,0.10576962244108531,59.0,0.0,,0.0,0.0,0.0,0.0,0.0,0.002868364835316139,-0.007580533220887586,-0.20629738332823025,0.05186344338406333,-0.05053888586399147,-0.6442834115807937,0.4945760735002276,0.978,-2.832796851472473,-3.4872611653521703,-2.1617429230302827,0.0,0.005493109014721542,0.0,0.017783003253668134,0.268
phase3,heat_pilot,precip,5,123,postmonsoon_OND,all,blend_A,L3A,False,15548,19,0.7806826872591922,1.4579839502535672,3.933083724509782,1.9525529100295054,5.42375924020661,1.4579839502535672,0.47587185155828693,2.511275083021621,4.0,0.0,,0.0,0.0,0.0,0.0,0.0,0.0002572678157962439,-0.0005811834499875879,-0.007113635656051526,1.0,0.0,,,,,,,,0.0,1.0,1.0,1.0,-0.0761200523397827,-0.1359284415002776,0.0010657068817825175,0.054,-0.05171686955265509,-0.12285517544300853,-0.0035155863489895523,0.02,0.0,0.0,0.0,1.0
phase3,heat_pilot,precip,5,123,postmonsoon_OND,all,equal_mean,prev,False,15548,19,0.7912956347061336,1.5097008198062223,4.0092037768495645,1.979095608759345,5.528942153461832,1.5097008198062223,0.532033158235575,2.5744344450470997,4.0,0.0,,0.0,0.0,0.0,0.0,0.0,0.0002572678157962439,-0.0005811834499875879,-0.007113635656051526,1.0,0.0,,,,,,,,0.0,1.0,1.0,1.0,,,,,,,,,,,,
phase3,heat_pilot,precip,5,123,postmonsoon_OND,all,superensemble,baseline,False,15548,19,-0.5175907398453327,2.2681579685781714,3.846495453353078,2.1296656353668375,5.22916483030934,2.2681579685781714,1.6308769054063685,2.969504183229398,4.0,0.0,,0.0,0.0,0.0,0.0,0.0,0.0002572678157962439,-0.0005811834499875879,-0.007113635656051526,1.0,0.0,,,,,,,,0.0,1.0,1.0,1.0,-0.16270832349648634,-0.6561876240502653,0.383817780591985,0.638,0.7584571487719491,0.21626379830714332,1.266672174488635,0.002,0.0,0.0,0.0,1.0
phase3,heat_pilot,precip,5,123,postmonsoon_OND,all,persistence,baseline,False,15548,19,0.8092697094474204,2.3623599831497906,7.984242290107663,4.019058312519489,10.976883377190063,2.3623599831497906,0.8144424370596037,4.0886231065641905,4.0,0.0,1.0,0.0,5.5,-0.00021773555027711797,-0.0004765916815354567,0.0,0.0016722408026755853,-5.5037776924249195,-986.3891138332118,-0.005483574051061213,0.0,,1.0,0.0,,0.0,0.0,0.0,6.431695394906098e-05,-380.2239209645782,-1236.4362333802026,1.0,3.9750385132580988,1.2648527891178085,6.275507673244681,0.0,0.8526591633435683,-0.0796426949154983,1.9425033498082147,0.082,-0.00021773555027711797,-0.0004905172508073559,0.0,0.08783783783783784
phase3,heat_pilot,precip,5,123,postmonsoon_OND,all,climatology,baseline,False,15548,19,-0.028666059294409317,1.3974162341843777,4.243412452683237,1.3984822131014476,6.526272931796473,1.3974162341843777,0.6551089004625084,2.2974161182142105,4.0,0.0,,0.0,0.0,0.0,0.0,0.0,0.0002572678157962439,-0.0005811834499875879,-0.007113635656051526,1.0,0.0,,,,,,,,0.0,1.0,1.0,1.0,0.23420867583367233,-1.6661882935750958,1.4932178619737781,0.768,-0.11228458562184462,-0.7239836444337461,0.3874658567002301,0.852,0.0,0.0,0.0,1.0
phase3,heat_pilot,precip,5,123,postmonsoon_OND,all,ecmwf_ifs_ctrl,source,False,15548,19,0.8368623778851741,1.6894385298277492,5.375253839015939,2.7450028869187078,7.29697493643555,1.6894385298277492,0.53903831533192,3.010919624960566,4.0,0.0,,0.0,0.0,0.0,0.0,0.0,0.0002572678157962439,-0.0005811834499875879,-0.007113635656051526,1.0,0.0,,,,,,,,0.0,1.0,1.0,1.0,1.3660500621663747,0.15304932945060698,2.455470851197621,0.012,0.17973771002152694,-0.12113968157794675,0.5352443905360403,0.308,0.0,0.0,0.0,1.0
phase3,heat_pilot,precip,5,123,postmonsoon_OND,all,ecmwf_aifs,source,False,15548,19,0.4299327873325122,1.138444700144885,3.617695800927356,1.55221668234222,5.164213700028047,1.138444700144885,0.36711312326717577,1.9987260129155575,4.0,0.0,1.0,0.0,0.25,-5.14562107646393e-05,-0.00014016290043761972,0.0,0.00032158476974530485,-0.2507264793124846,-0.9959147293562292,1.0,0.0,,,,,,,,0.0,1.0,1.0,1.0,-0.39150797592220865,-1.0630209692201653,0.13549202300445443,0.214,-0.3712561196613373,-0.6713710353524723,-0.086330008653417,0.0,-5.14562107646393e-05,-0.00014016290043761972,0.0,0.5247747747747747
phase3,heat_pilot,precip,5,123,postmonsoon_OND,all,ncep_gfs,source,False,15548,19,0.9066144981933554,2.059513786627957,5.864832729720495,3.0081607700416666,7.887578800365505,2.059513786627957,0.7502453514271016,3.4870331919008053,4.0,0.0,1.0,0.0,0.25,-5.14562107646393e-05,-0.0001139871764426502,0.0,0.00032158476974530485,-0.2507264793124846,-47.00395377062812,1.0,0.0,,,,,,,,0.0,1.0,1.0,1.0,1.8556289528709309,0.7054979588211581,2.748258761397687,0.0,0.5498129668217346,0.10107550778374952,1.1250851756337292,0.0,-5.14562107646393e-05,-0.00011614259991850463,0.0,0.7725225225225225
phase3,heat_pilot,precip,5,123,postmonsoon_OND,all,ecmwf_ifs_ens,source,True,15548,19,1.0172236401793007,1.6678291841642936,4.249859889085278,2.137786827026578,5.823283203645504,0.8460512778285997,0.2784396614448595,1.4793257473210415,4.0,0.0,,0.0,0.0,0.0,0.0,0.0,0.00033441848719996213,-0.3006401311973901,-12.736975213988092,-0.033701580270336325,0.0,,,,,,,,6.701228189233182e-06,-38.719985613764166,-83.43536070132116,-0.2226977090432307,0.2406561122357136,0.038392199773667104,0.41135327663450577,0.024,-0.6636495419776226,-1.151435294691004,-0.22524638133141017,0.0,0.0,0.0,0.0,1.0
