sample,region,variable,lead_day,lead_h,season,regime,forecast,kind,ensemble,n_cases,n_blocks,bias,mae,rmse,rmse_lo,rmse_hi,crps,crps_lo,crps_hi,n_obs_ev_64.5,pod_64.5,far_64.5,csi_64.5,fbias_64.5,ets_64.5,ets_64.5_lo,ets_64.5_hi,brier_64.5,bss_64.5,bss_64.5_lo,bss_64.5_hi,n_obs_ev_115.6,pod_115.6,far_115.6,csi_115.6,fbias_115.6,ets_115.6,ets_115.6_lo,ets_115.6_hi,brier_115.6,bss_115.6,bss_115.6_lo,bss_115.6_hi,d_rmse_vs_ref,d_rmse_lo,d_rmse_hi,d_rmse_p,d_crps_vs_ref,d_crps_lo,d_crps_hi,d_crps_p,d_ets_64.5_vs_ref,d_ets_64.5_lo,d_ets_64.5_hi,d_ets_64.5_p
L1,rain_pilot,precip,1,27,all,all,equal_mean_qm,L1,False,56316,73,-0.37202232138851965,4.374733061692166,10.963946979492661,8.785201636377998,13.231287791394745,4.374733061692166,3.340108921873943,5.525713001517218,870.0,0.43103448275862066,0.5449029126213593,0.28430629264594387,0.9471264367816092,0.2773318617424486,0.10690872402729712,0.3822367354506526,0.016762554158676043,-0.16583632526187642,-0.6332101770706928,0.12327748782146442,144.0,0.10416666666666667,0.8351648351648352,0.06818181818181818,0.6319444444444444,0.06719522032872845,-3.483108226224201e-05,0.10256877178488921,0.0036401733077633357,-0.43903534956313983,-1.1797124112682853,0.004912852557045637,0.6526455335821417,-0.009553947518306467,1.498303838932778,0.058,-0.3574951641282107,-0.5279646829842815,-0.1236759348815197,0.004,0.05021289933650047,0.013272039005357186,0.09329879068616496,0.002
L1,rain_pilot,precip,1,27,all,all,equal_mean,baseline,False,56316,73,0.517279549272663,4.732228225820377,10.31130144591052,8.445566825024063,12.026115402878213,4.732228225820377,3.8009783764676826,5.753802453941101,870.0,0.2896551724137931,0.4603854389721627,0.23225806451612904,0.5367816091954023,0.22711896240594814,0.052634336438029596,0.32878285601629653,0.014791533489594432,-0.028751757355024443,-0.26664819329451883,0.14566353902968518,144.0,0.006944444444444444,0.9230769230769231,0.00641025641025641,0.09027777777777778,0.006198493890309746,-0.00013699836786593982,0.016813119147337834,0.0027523261595283756,-0.08805111796237397,-0.1993733015925829,0.0018814277172135695,,,,,,,,,,,,
L1,rain_pilot,precip,1,27,winter_JF,all,equal_mean_qm,L1,False,9204,13,0.0630120075588427,0.23781312058694626,1.5003249335389761,0.6853247958175688,2.0706274710206767,0.23781312058694626,0.045991933514340166,0.469799395364097,0.0,,,,,,,,0.0,1.0,1.0,1.0,0.0,,,,,,,,0.0,1.0,1.0,1.0,-0.36320994790286076,-0.6612186196804668,-0.11547772728894637,0.0,-0.32515624366616336,-0.5263529902927723,-0.16921095041542397,0.0,,,,
L1,rain_pilot,precip,1,27,winter_JF,all,equal_mean,baseline,False,9204,13,0.4749821483687851,0.5629693642531096,1.8635348814418369,0.8217316615283511,2.651732728305255,0.5629693642531096,0.22415048596525358,0.9831830090393467,0.0,,,,,,,,0.0,1.0,1.0,1.0,0.0,,,,,,,,0.0,1.0,1.0,1.0,,,,,,,,,,,,
L1,rain_pilot,precip,1,27,premonsoon_MAM,all,equal_mean_qm,L1,False,14352,19,-1.0057843055108762,4.487855104437169,11.158818359160433,7.112188862424086,14.92672484290455,4.487855104437169,2.815754970927461,6.519391718310282,353.0,0.603399433427762,0.36607142857142855,0.4474789915966387,0.9518413597733711,0.4377167454398547,-0.00025320094341386165,0.5318383883653092,0.018324972129319956,0.2136236062462813,-0.350158689586518,0.37966709225121154,75.0,0.05333333333333334,0.5555555555555556,0.05,0.12,0.049441169165610005,0.0,0.05968370943631439,0.005295429208472687,-0.025248398302188058,-0.05562785864560583,0.029497180525439967,0.09196661212075519,-0.07683068008192247,0.2737900330111159,0.29,-0.477636014894931,-0.6053210948436424,-0.3465606447905133,0.0,0.08382835812051154,0.0,0.1309749912485553,0.078
L1,rain_pilot,precip,1,27,premonsoon_MAM,all,equal_mean,baseline,False,14352,19,-0.07007381667805208,4.9654911193321,11.066851747039678,6.970196952121194,14.78057792816898,4.9654911193321,3.3723351353394397,6.881409559252667,353.0,0.4447592067988669,0.33755274261603374,0.3625866050808314,0.6713881019830028,0.3538883873193432,-0.00025320094341386165,0.4609380972116862,0.019230769230769232,0.174753290205223,-0.25695831216409726,0.3402582652087208,75.0,0.0,1.0,0.0,0.02666666666666667,-0.00013575225756004322,-0.0004034678554207382,0.0,0.005365105908584169,-0.03873850880616425,-0.05562785864560583,0.004468095444562152,,,,,,,,,,,,
L1,rain_pilot,precip,1,27,monsoon_JJAS,all,equal_mean_qm,L1,False,19032,25,-0.0813794545898355,7.018523731502403,14.447607390433749,10.181180635522963,18.235517751185053,7.018523731502403,4.8713595109853935,9.219229947079205,458.0,0.34934497816593885,0.6610169491525424,0.2077922077922078,1.0305676855895196,0.1959310907309808,0.035369889630418636,0.3017287610010041,0.03205128205128205,-0.46499292737653186,-1.077349157474997,-0.03914686176225176,66.0,0.16666666666666666,0.8641975308641975,0.08088235294117647,1.2272727272727273,0.07898007205558176,-0.0010213583225021183,0.11487054054824838,0.006567885666246322,-0.914537805910111,-1.8449824113133615,0.03737074088321679,1.352428353306438,-0.12661114480350738,2.7057918866800703,0.156,-0.09238443771355254,-0.5552510383682195,0.45918979306514224,0.632,0.043246229998867486,0.0030603669174871905,0.11016301414624827,0.03
L1,rain_pilot,precip,1,27,monsoon_JJAS,all,equal_mean,baseline,False,19032,25,0.6790548104948396,7.110908169215955,13.095179037127311,10.046407286639681,15.679868183930092,7.110908169215955,5.32977299313015,8.930031549539438,458.0,0.2052401746724891,0.5765765765765766,0.16040955631399317,0.4847161572052402,0.15268486073211332,0.01295282047828925,0.2585544672387322,0.025851197982345524,-0.18160085290041583,-0.45550012302674187,0.012998175865619245,66.0,0.015151515151515152,0.9090909090909091,0.013157894736842105,0.16666666666666666,0.012662325535067295,-0.00023533875113942798,0.021916271318963985,0.003940731399747793,-0.14872268354606666,-0.2750286403001354,0.03737074088321679,,,,,,,,,,,,
L1,rain_pilot,precip,1,27,postmonsoon_OND,all,equal_mean_qm,L1,False,13728,18,-0.4040604193212132,3.3648306398264713,8.488688925502169,5.932898606058047,10.760440245069463,3.3648306398264713,1.8897734673729527,4.983490919238436,59.0,0.03389830508474576,0.875,0.0273972602739726,0.2711864406779661,0.02648022373152217,0.0,0.06558241129382035,0.005171911421911422,-0.20577733028318002,-0.7450400589357954,0.044298473113899936,3.0,0.0,1.0,0.0,0.3333333333333333,-5.463585204611266e-05,-0.00014551369993080966,0.0,0.0002913752913752914,-0.3166524171769627,-0.9598528313586159,1.0,0.23906409972708964,-0.05753429144863393,0.528764240861367,0.118,-0.6211150125294722,-0.7974554611574468,-0.4567669514516532,0.0,0.011842026606156656,0.0,0.02278556690633003,0.752
L1,rain_pilot,precip,1,27,postmonsoon_OND,all,equal_mean,baseline,False,13728,18,0.9354099407691291,3.9859456523559436,8.24962482577508,5.78668990179633,10.389611409745086,3.9859456523559436,2.496405509425689,5.576446883828138,59.0,0.01694915254237288,0.875,0.015151515151515152,0.13559322033898305,0.014638197125365513,0.0,0.042959550454161895,0.004734848484848485,-0.10388065448460138,-0.3707544404407337,0.044298473113899936,3.0,0.0,,0.0,0.0,0.0,0.0,0.0,0.00021853146853146853,0.012510687117277985,0.004408891436972489,1.0,,,,,,,,,,,,
L1,rain_pilot,precip,2,51,all,all,equal_mean_qm,L1,False,56472,73,-0.3724124038449329,4.403805734926118,10.671742068998183,8.705371002828223,12.548489730304432,4.403805734926118,3.428501370198581,5.488487819349231,870.0,0.39655172413793105,0.487369985141159,0.2879799666110184,0.7735632183908046,0.28176395919445635,0.06030883226684448,0.38378085356261543,0.015104830712565518,-0.0534511220378977,-0.31534179573057475,0.12884243452759253,144.0,0.13194444444444445,0.7285714285714285,0.09743589743589744,0.4861111111111111,0.09660896785663645,0.0,0.16348343399395007,0.003116588751947868,-0.23546440652222111,-0.6345370022809488,0.014990798285702498,0.34588223739088164,-0.18557555188561978,1.0171694882270015,0.272,-0.31369562465677436,-0.4645451133475857,-0.09790744411729309,0.006,0.07030412856207938,0.032968239664972754,0.0979901507098076,0.0
L1,rain_pilot,precip,2,51,all,all,equal_mean,baseline,False,56472,73,0.07851932763993781,4.717501359582893,10.325859831607302,8.559879260192574,12.015721122754853,4.717501359582893,3.8229184609405817,5.700125302633108,870.0,0.2413793103448276,0.3333333333333333,0.2153846153846154,0.3620689655172414,0.21145983063237697,0.010990639670669333,0.3134262026274785,0.013546536336591586,0.05522847789098262,-0.11140940785878348,0.17793048997049218,144.0,0.006944444444444444,0.8,0.006756756756756757,0.034722222222222224,0.006671184960972275,-6.955543948192891e-05,0.01931540381272199,0.0026030599235019125,-0.03189356681117328,-0.051100702467005404,0.007470423263326776,,,,,,,,,,,,
L1,rain_pilot,precip,2,51,winter_JF,all,equal_mean_qm,L1,False,9204,13,0.02313538469017819,0.2254278810893769,1.3705053956568642,0.6372545970024164,1.9553534074701475,0.2254278810893769,0.05388606331382356,0.42661232956096873,0.0,,,,,,,,0.0,1.0,1.0,1.0,0.0,,,,,,,,0.0,1.0,1.0,1.0,-0.08878365255364096,-0.27632753898163287,0.09828221345184536,0.4,-0.2121599875342154,-0.3203867742932031,-0.12497240277830979,0.0,,,,
L1,rain_pilot,precip,2,51,winter_JF,all,equal_mean,baseline,False,9204,13,0.3098293993367087,0.4375878686235923,1.4592890482105052,0.7593117238375949,1.9867160455687656,0.4375878686235923,0.19890283294973832,0.7285081306066337,0.0,,,,,,,,0.0,1.0,1.0,1.0,0.0,,,,,,,,0.0,1.0,1.0,1.0,,,,,,,,,,,,
L1,rain_pilot,precip,2,51,premonsoon_MAM,all,equal_mean_qm,L1,False,14352,19,-0.3153573234376057,4.762098791158045,11.284152329510363,7.253070557309465,14.93582141213394,4.762098791158045,3.070355938236275,6.863937544903291,353.0,0.6288951841359773,0.38333333333333336,0.45213849287169044,1.019830028328612,0.4420771149023837,-0.00025320094341386165,0.5064796386025859,0.018743032329988852,0.19568346038117745,-0.23186680301054166,0.2905001295282893,75.0,0.05333333333333334,0.6363636363636364,0.04878048780487805,0.14666666666666667,0.048113200327540157,0.0,0.058387440839981014,0.005434782608695652,-0.052228619310140445,-0.07841119372428801,0.004468095444562152,0.06952436764444236,-0.10463972793300673,0.2279193342744393,0.416,-0.35491261093061066,-0.5252433249495176,-0.18757346685442614,0.0,0.09492844947452123,-3.492087175851865e-05,0.09822250671064005,0.078
L1,rain_pilot,precip,2,51,premonsoon_MAM,all,equal_mean,baseline,False,14352,19,0.045943207486244274,5.1170114020886555,11.21462796186592,7.087561754457354,14.884361436723522,5.1170114020886555,3.512523666058873,7.106970792919773,353.0,0.40509915014164305,0.25906735751295334,0.3548387096774194,0.546742209631728,0.3471486654278625,-0.00021603535102642212,0.41796542659797226,0.018115942028985508,0.22259367917883321,-0.18263983327456232,0.3273268142053179,75.0,0.0,1.0,0.0,0.02666666666666667,-0.00013575225756004322,-0.0003479807054047682,0.0,0.005365105908584169,-0.03873850880616425,-0.05834119900454497,0.004468095444562152,,,,,,,,,,,,
L1,rain_pilot,precip,2,51,monsoon_JJAS,all,equal_mean_qm,L1,False,19032,25,-0.841859074648909,6.7426100016734525,13.622922765798677,10.225074061049614,16.98229150747488,6.7426100016734525,4.932894905566345,8.721193187056144,458.0,0.2663755458515284,0.6051779935275081,0.18914728682170542,0.6746724890829694,0.17969019256282162,0.01848257906374649,0.28547240896911635,0.02748003362757461,-0.2560513131441413,-0.48139852917849435,0.0034130569367126196,66.0,0.22727272727272727,0.7457627118644068,0.13636363636363635,0.8939393939393939,0.13475425746042594,0.0,0.18765333497535158,0.004991593106347204,-0.4550487324916843,-0.8796055919418052,0.0816062897733602,0.6531923789710348,-0.5330783398232324,1.9389884698008275,0.444,-0.1341482979581441,-0.5311112365061531,0.3616036429272511,0.502,0.05380204309465342,0.009447414444977964,0.09115455317776663,0.014
L1,rain_pilot,precip,2,51,monsoon_JJAS,all,equal_mean,baseline,False,19032,25,-0.7251723541371826,6.876758299631597,12.969730386827642,10.088906710260114,15.653345671553804,6.876758299631597,5.263178056238681,8.477298347771313,458.0,0.1462882096069869,0.4462809917355372,0.130859375,0.26419213973799127,0.1258881494681682,0.0,0.26337336236706504,0.023381672971836905,-0.06872434865992894,-0.20438310172800198,0.05097823148762269,66.0,0.015151515151515152,0.6666666666666666,0.014705882352941176,0.045454545454545456,0.014555116083890143,0.0,0.02691862475970251,0.0035203867171080287,-0.026192263967819596,-0.056466597331667354,0.0816062897733602,,,,,,,,,,,,
L1,rain_pilot,precip,2,51,postmonsoon_OND,all,equal_mean_qm,L1,False,13884,18,-0.0500965957883101,3.5973699108795523,8.715308798369469,5.996885976545693,11.132962996041755,3.5973699108795523,1.948715919191756,5.4339584201454745,59.0,0.01694915254237288,0.75,0.016129032258064516,0.06779661016949153,0.015859219216985913,-0.00020455236762409817,0.05515152388570738,0.004393546528377989,-0.03594199887319549,-0.09161935226241091,0.027460099020682915,3.0,0.0,,0.0,0.0,0.0,0.0,0.0,0.000216076058772688,0.012514012020014786,0.004410919250350742,1.0,0.2490635203196252,-0.063620255109585,0.6274967106394581,0.164,-0.584520497805888,-0.82023178434182,-0.34365299599069815,0.0,0.015930049163887464,0.0,0.055222084494069935,0.752
L1,rain_pilot,precip,2,51,postmonsoon_OND,all,equal_mean,baseline,False,13884,18,1.0605428557392524,4.18189040868544,8.466245278049843,5.973649003428708,10.668376758944795,4.18189040868544,2.5636812145228847,5.916784961371681,59.0,0.0,1.0,0.0,0.01694915254237288,-7.082994690154998e-05,-0.00026389343320404654,0.0,0.00432152117545376,-0.01895934315396275,-0.06347233261719328,0.03227850802908359,3.0,0.0,,0.0,0.0,0.0,0.0,0.0,0.000216076058772688,0.012514012020014786,0.004410919250350742,1.0,,,,,,,,,,,,
L1,rain_pilot,precip,3,75,all,all,equal_mean_qm,L1,False,56628,73,-0.593695279689922,4.438648353415389,10.603019237438751,8.811576631210016,12.354116171078635,4.438648353415389,3.467573795912431,5.513865089284044,870.0,0.3471264367816092,0.47017543859649125,0.26537785588752194,0.6551724137931034,0.2596809433546942,0.026569723628996955,0.3723349855227595,0.014763014763014764,-0.0324556529724751,-0.2596595048219519,0.1711096275239475,144.0,0.06944444444444445,0.7222222222222222,0.058823529411764705,0.25,0.05831643381500078,0.0,0.08035699731528212,0.002825457370911916,-0.12314937982705398,-0.3782435026047665,0.02316687702325727,0.23943970436518391,-0.05049955522865197,0.6273364069951703,0.146,-0.4061487804379533,-0.535910635366966,-0.2569093217279312,0.0,0.04562149221792702,0.012822062523039118,0.05974320849191213,0.002
L1,rain_pilot,precip,3,75,all,all,equal_mean,baseline,False,56628,73,0.24425988358690084,4.844797133853342,10.363579533073567,8.653509685795347,12.120143955614639,4.844797133853342,3.927737266693912,5.838666020173387,870.0,0.24482758620689654,0.334375,0.218014329580348,0.367816091954023,0.2140594511367672,0.015053815388288795,0.3145749680511577,0.0134915589461044,0.056463972642379234,-0.07348715227618369,0.18176252045393415,144.0,0.0,1.0,0.0,0.034722222222222224,-8.533988743668848e-05,-0.00018665512331205426,0.0,0.002631207176661722,-0.04593285996394392,-0.07364720459430286,0.007470441576947532,,,,,,,,,,,,
L1,rain_pilot,precip,3,75,winter_JF,all,equal_mean_qm,L1,False,9204,13,0.06111694368533626,0.291664258218561,1.9398608291572548,0.8580523356007694,2.8231947046116628,0.291664258218561,0.08680667096933022,0.5308047445656994,0.0,,,,,,,,0.0,1.0,1.0,1.0,0.0,,,,,,,,0.0,1.0,1.0,1.0,0.268412873567766,-0.2378694466755073,0.7489891149000385,0.35,-0.1968492640806705,-0.3259882392271484,-0.11215320811239975,0.0,,,,
L1,rain_pilot,precip,3,75,winter_JF,all,equal_mean,baseline,False,9204,13,0.3312030470588991,0.4885135222992315,1.6714479555894888,0.951814594224816,2.2346225642829647,0.4885135222992315,0.22253259351970447,0.7907549399501929,0.0,,,,,,,,0.0,1.0,1.0,1.0,0.0,,,,,,,,0.0,1.0,1.0,1.0,,,,,,,,,,,,
L1,rain_pilot,precip,3,75,premonsoon_MAM,all,equal_mean_qm,L1,False,14352,19,-0.4998698854695618,4.923219290742297,11.419025900394555,7.328270164830351,15.105244674821897,4.923219290742297,3.0481655766639535,7.226693738685837,353.0,0.5609065155807366,0.3550488599348534,0.42857142857142855,0.8696883852691218,0.4190768128743243,0.0,0.5227618886444407,0.01839464882943144,0.2106335819354307,-0.1060945044384546,0.4027669627124649,75.0,0.06666666666666667,0.4444444444444444,0.06329113924050633,0.12,0.06273314782995465,0.0,0.08339069170605115,0.005156075808249721,0.0017318227057642188,-0.01463507777388361,0.012850735943763177,0.1338574256177676,-0.056303660644575704,0.3085132478924796,0.138,-0.45446822279893606,-0.6410403535301054,-0.27170002422640177,0.0,0.059030452683088486,0.0,0.08795962693318742,0.078
L1,rain_pilot,precip,3,75,premonsoon_MAM,all,equal_mean,baseline,False,14352,19,0.414552118045229,5.377687513541233,11.285168474776787,7.098258680462801,14.955665416380429,5.377687513541233,3.617077100425832,7.554814763607447,353.0,0.4447592067988669,0.3173913043478261,0.3685446009389671,0.6515580736543909,0.3600463601912358,0.0,0.43512033766144853,0.018743032329988852,0.19568346038117745,-0.027538921502111152,0.3265163082505145,75.0,0.0,1.0,0.0,0.04,-0.00020103088638538424,-0.000496320707080515,0.0,0.005434782608695652,-0.052228619310140445,-0.05834119900454497,0.004468095444562152,,,,,,,,,,,,
L1,rain_pilot,precip,3,75,monsoon_JJAS,all,equal_mean_qm,L1,False,19032,25,-1.010016473782954,6.800271403909628,13.446319178743272,10.454551520816068,16.30675685351857,6.800271403909628,5.030983132095375,8.699899154520834,458.0,0.22707423580786026,0.6030534351145038,0.16883116883116883,0.5720524017467249,0.16023591063414513,0.002465826410167792,0.2834825238426788,0.026902059688944935,-0.22963340789636777,-0.35027843582927926,-0.043790126727400555,66.0,0.07575757575757576,0.8148148148148148,0.056818181818181816,0.4090909090909091,0.055813569837791704,0.0,0.08613214625219949,0.004361076082387558,-0.2712531031243137,-0.5202585674665092,0.0816062897733602,0.4109849176504401,-0.27265902484880533,1.13854346631581,0.358,-0.2407531595063217,-0.516639439611627,0.08496640392182017,0.136,0.050333055999498985,0.002465826410167792,0.06081160334871285,0.026
L1,rain_pilot,precip,3,75,monsoon_JJAS,all,equal_mean,baseline,False,19032,25,-0.3934167264003791,7.04102456341595,13.035334261092832,10.237483487138698,15.619121153553442,7.04102456341595,5.4439379091143545,8.651994338136209,458.0,0.1222707423580786,0.37777777777777777,0.11382113821138211,0.1965065502183406,0.10990285463464615,0.0,0.22912607919517664,0.02290878520386717,-0.04710969891175054,-0.12244134566066639,0.045022642372075025,66.0,0.0,1.0,0.0,0.030303030303030304,-0.00010200580505763328,-0.00030551239104233694,0.0,0.003572929802437999,-0.04150856641510048,-0.08302713284519816,0.0816062897733602,,,,,,,,,,,,
L1,rain_pilot,precip,3,75,postmonsoon_OND,all,equal_mean_qm,L1,False,14040,18,-0.5545249660017382,3.4605763892180574,8.52030818790978,6.200782776591622,10.597633826965527,3.4605763892180574,2.0066543232898235,4.999585739384386,59.0,0.0,1.0,0.0,0.01694915254237288,-7.004289236781779e-05,-0.000207244767446162,0.0,0.004273504273504274,-0.018951928430051668,-0.08806046600044701,0.02075507271368073,3.0,0.0,,0.0,0.0,0.0,0.0,0.0,0.00021367521367521368,0.012517336900361609,0.004412947055468461,1.0,0.10349516911132817,-0.07945940001169689,0.3078518059396829,0.23,-0.718165986232715,-0.9053575145111958,-0.5206305997999476,0.0,-7.004289236781779e-05,-0.000207244767446162,0.0,0.686
L1,rain_pilot,precip,3,75,postmonsoon_OND,all,equal_mean,baseline,False,14040,18,0.8775933747361682,4.178742375450772,8.416813018798452,6.100951359109786,10.506742557683648,4.178742375450772,2.6418413070289017,5.751950780285185,59.0,0.0,,0.0,0.0,0.0,0.0,0.0,0.004202279202279203,-0.00196939628955084,-0.012298821084074263,0.04433945351263057,3.0,0.0,,0.0,0.0,0.0,0.0,0.0,0.00021367521367521368,0.012517336900361609,0.004412947055468461,1.0,,,,,,,,,,,,
L1,rain_pilot,precip,4,99,all,all,equal_mean_qm,L1,False,56784,74,-0.6905862342180057,4.527001364405368,10.898906816797814,8.901809800506133,12.783039282882465,4.527001364405368,3.5242434114673244,5.574426648037071,870.0,0.32298850574712645,0.4982142857142857,0.24456048738033073,0.6436781609195402,0.23887698398285692,0.02317635005334569,0.3305151007494662,0.015285996055226824,-0.07197492232415548,-0.31764513054398513,0.12262602622739883,144.0,0.027777777777777776,0.875,0.023255813953488372,0.2222222222222222,0.02279476841380667,0.0,0.04020444499864199,0.0029585798816568047,-0.17930676413834168,-0.47555741075841973,0.016356832359790133,0.3066303323935209,-0.047490908151605726,0.7864696792051806,0.112,-0.4263566876207907,-0.5587097083272842,-0.2851952231833882,0.0,0.06354789350901263,0.011871401763624107,0.08367501025782594,0.004
L1,rain_pilot,precip,4,99,all,all,equal_mean,baseline,False,56784,74,0.20378519176032586,4.953358052026159,10.592276484404293,8.756241958000247,12.2712615426156,4.953358052026159,3.99199753824357,5.96294212099473,870.0,0.20229885057471264,0.39100346020761245,0.1790437436419125,0.332183908045977,0.1753290904738443,0.012600085203033835,0.2565379418619613,0.014211749788672866,0.0033597208345697016,-0.1266371586401152,0.1307426940847097,144.0,0.0,1.0,0.0,0.006944444444444444,-1.748944803302008e-05,-5.2420187296179715e-05,0.0,0.002553536207382361,-0.017854052381306884,-0.029222003266430662,0.016356832359790133,,,,,,,,,,,,
L1,rain_pilot,precip,4,99,winter_JF,all,equal_mean_qm,L1,False,9204,13,0.19675612899783027,0.40215385707072004,2.228326799114162,0.9723695348914537,3.2664876802254836,0.40215385707072004,0.11388226118644834,0.766659797101918,0.0,,,,,,,,0.0,1.0,1.0,1.0,0.0,,,,,,,,0.0,1.0,1.0,1.0,0.3999830922135845,-0.20668339600704805,0.8751909688926466,0.332,-0.18818347881852815,-0.2998950494702092,-0.10451151800842955,0.0,,,,
L1,rain_pilot,precip,4,99,winter_JF,all,equal_mean,baseline,False,9204,13,0.45385820056338244,0.5903373358892482,1.8283437069005775,1.0814397943925675,2.454809377211112,0.5903373358892482,0.2646904652047524,0.9658150492430319,0.0,,,,,,,,0.0,1.0,1.0,1.0,0.0,,,,,,,,0.0,1.0,1.0,1.0,,,,,,,,,,,,
L1,rain_pilot,precip,4,99,premonsoon_MAM,all,equal_mean_qm,L1,False,14352,19,-1.035508744190124,4.840962006552733,11.52075319050129,7.357373700235071,15.225292287327674,4.840962006552733,3.066328227571488,7.046087663236352,353.0,0.5184135977337111,0.35789473684210527,0.4021978021978022,0.8073654390934845,0.3928438282276145,-6.351673114671574e-05,0.4489828414217117,0.0189520624303233,0.18671338744862553,-0.04829806821821776,0.32344459970566325,75.0,0.013333333333333334,0.75,0.01282051282051282,0.05333333333333334,0.012555890331642774,0.0,0.02058550577912765,0.005365105908584169,-0.03873850880616425,-0.05562785864560583,0.004468095444562152,0.01047417667427375,-0.28170280806662246,0.29815833579269757,0.836,-0.5615389203682382,-0.7140891029031037,-0.41352791618229784,0.0,0.08832329563904384,-0.002952942785774796,0.10202437205498742,0.27
L1,rain_pilot,precip,4,99,premonsoon_MAM,all,equal_mean,baseline,False,14352,19,0.00739771700161156,5.402500926920971,11.510279013827017,7.1378025627184565,15.364343900795939,5.402500926920971,3.680644601216531,7.6005052958604,353.0,0.3654390934844193,0.31746031746031744,0.31234866828087166,0.5354107648725213,0.30452053258857065,0.0,0.35744822194052356,0.019788182831661092,0.15083309571841785,-0.024076195847812065,0.2604381607311556,75.0,0.0,1.0,0.0,0.013333333333333334,-6.876462967496336e-05,-0.00020531721509732537,0.0,0.005295429208472687,-0.025248398302188058,-0.0328287542025201,0.004468095444562152,,,,,,,,,,,,
L1,rain_pilot,precip,4,99,monsoon_JJAS,all,equal_mean_qm,L1,False,19032,25,-0.9816513486480589,7.057735373942745,14.061255171171817,10.86085594404271,17.258995391456764,7.057735373942745,5.239083965987347,9.04454072018276,458.0,0.21397379912663755,0.6423357664233577,0.15457413249211358,0.5982532751091703,0.1456891148630292,0.00540695457772219,0.2518749453125262,0.02816309373686423,-0.28727247389151,-0.4818137265441666,-0.05359758903527485,66.0,0.045454545454545456,0.8928571428571429,0.03296703296703297,0.42424242424242425,0.03193407873928363,0.0,0.048130773082564186,0.004623791509037411,-0.34783461536071814,-0.6724130489852267,0.0816062897733602,0.6283465031794382,-0.12076897491049973,1.50114772459965,0.184,-0.22379704394425737,-0.4852532588470751,0.09355880202154444,0.156,0.05800902388361198,0.00540695457772219,0.08406489713153316,0.01
L1,rain_pilot,precip,4,99,monsoon_JJAS,all,equal_mean,baseline,False,19032,25,-0.2501246381472536,7.281532417887003,13.432908667992379,10.574686088145254,16.12754578560733,7.281532417887003,5.603128664013704,9.066711029173515,458.0,0.10262008733624454,0.53,0.09197651663405088,0.2183406113537118,0.08768009097941723,0.0,0.1760122597163805,0.02437999159310635,-0.1143552759060833,-0.1737675614143259,0.018261197351083974,66.0,0.0,,0.0,0.0,0.0,0.0,0.0,0.0034678436317780582,-0.010875961520538713,-0.031168424875190615,0.0816062897733602,,,,,,,,,,,,
L1,rain_pilot,precip,4,99,postmonsoon_OND,all,equal_mean_qm,L1,False,14196,19,-0.5269640864359499,3.4910900972803858,8.524396804988227,6.352993441623583,10.492324385644666,3.4910900972803858,2.1099350128572754,4.893697764920147,59.0,0.0,1.0,0.0,0.01694915254237288,-6.927313693420578e-05,-0.00020635135125010584,0.0,0.00422654268808115,-0.01894455314859944,-0.08688794719114393,0.027691142591828213,3.0,0.0,,0.0,0.0,0.0,0.0,0.0,0.00021132713440405747,0.012520661758318563,0.004759666668104459,1.0,0.11232876782965384,-0.15299917735516,0.3726297071916243,0.35,-0.7156724066878852,-0.952019477043359,-0.5091993546432024,0.0,-6.927313693420578e-05,-0.00020635135125010584,0.0,0.7
L1,rain_pilot,precip,4,99,postmonsoon_OND,all,equal_mean,baseline,False,14196,19,0.8487339764542388,4.206762503968271,8.412068037158573,6.192447204803995,10.30795424711349,4.206762503968271,2.7129019944529214,5.671162953515809,59.0,0.0,,0.0,0.0,0.0,0.0,0.0,0.004156100309946464,-0.0019621439294561505,-0.01268398294189384,0.04899662637097866,3.0,0.0,,0.0,0.0,0.0,0.0,0.0,0.00021132713440405747,0.012520661758318563,0.004759666668104459,1.0,,,,,,,,,,,,
L1,rain_pilot,precip,5,123,all,all,equal_mean_qm,L1,False,56940,74,-0.5082754884236238,4.65931683588084,11.158103692695315,9.06806880797009,13.135069714194245,4.65931683588084,3.6146125520429586,5.73687061749881,870.0,0.2896551724137931,0.5087719298245614,0.22281167108753316,0.5896551724137931,0.21738787790939043,0.03014912727167903,0.29070928329752055,0.015437302423603793,-0.08555929114195071,-0.3274619652661434,0.10173105668110138,144.0,0.0625,0.8392857142857143,0.04712041884816754,0.3888888888888889,0.04641335301775684,-5.11104312278032e-05,0.0933464618111174,0.0031963470319634705,-0.2775822360798128,-0.7911760435124824,0.015186974053295874,0.371168678534902,-0.15742141993713807,1.061388672171066,0.252,-0.39573070492894935,-0.5606234062597062,-0.20277418156550894,0.0,0.07238334867965365,0.027255248908367058,0.10258551409211521,0.0
L1,rain_pilot,precip,5,123,all,all,equal_mean,baseline,False,56940,74,0.1794466738157151,5.055047540809789,10.786935014160413,8.89673513130455,12.509244490336112,5.055047540809789,4.085708581392053,6.054870705253123,870.0,0.16551724137931034,0.4122448979591837,0.14830072090628219,0.28160919540229884,0.14500452922973678,0.0019715396619169588,0.20820529548456596,0.014524060414471374,-0.021339628867341753,-0.12877239274098415,0.07814716682290669,144.0,0.006944444444444444,0.8,0.006756756756756757,0.034722222222222224,0.00667188835089718,0.0,0.018539666956838934,0.0025816649104320336,-0.03189334452600279,-0.08515084211343898,0.016889873905277072,,,,,,,,,,,,
L1,rain_pilot,precip,5,123,winter_JF,all,equal_mean_qm,L1,False,9204,13,0.19400497215591997,0.3644736848582682,1.9250370444513856,1.0421519609112115,2.683772125084944,0.3644736848582682,0.1182490708470449,0.6342749469991394,0.0,,,,,,,,0.0,1.0,1.0,1.0,0.0,,,,,,,,0.0,1.0,1.0,1.0,0.005113944858757602,-0.37406113410511205,0.35571898721722917,0.968,-0.30364362244097404,-0.5019597300906131,-0.15247816535367179,0.0,,,,
L1,rain_pilot,precip,5,123,winter_JF,all,equal_mean,baseline,False,9204,13,0.5507186978146895,0.6681173072992422,1.919923099592628,1.1302108749211075,2.520924315759387,0.6681173072992422,0.3007775243698682,1.0809651308962498,0.0,,,,,,,,0.0,1.0,1.0,1.0,0.0,,,,,,,,0.0,1.0,1.0,1.0,,,,,,,,,,,,
L1,rain_pilot,precip,5,123,premonsoon_MAM,all,equal_mean_qm,L1,False,14352,19,-1.3020292513030878,4.92542432947926,11.80169170750697,7.43384692424605,15.728863763660383,4.92542432947926,3.046650124396764,7.2605302839445685,353.0,0.41359773371104813,0.33636363636363636,0.34192037470725994,0.623229461756374,0.3334739244285402,-0.0002583002562203302,0.37338893665801864,0.019579152731326644,0.15980316865096977,-0.07991389545454199,0.24003031184930823,75.0,0.0,1.0,0.0,0.013333333333333334,-6.876462967496336e-05,-0.000215391407981586,0.0,0.005295429208472687,-0.025248398302188058,-0.05834119900454497,0.004468095444562152,-0.21201841830201928,-0.6835132176080888,0.22042910438396654,0.694,-0.6444017524296859,-0.825782534864053,-0.4684658823468243,0.0,0.12098993238130015,-0.00012587433219278453,0.1422227975687743,0.27
L1,rain_pilot,precip,5,123,premonsoon_MAM,all,equal_mean,baseline,False,14352,19,-0.24743339023177857,5.569826081908946,12.01371012580899,7.262063821077266,16.291892731224834,5.569826081908946,3.7566240638204897,7.979108013669383,353.0,0.24079320113314448,0.2975206611570248,0.2185089974293059,0.34277620396600567,0.21248399204724003,-0.00013211314100184938,0.23578547100144415,0.021181716833890748,0.09103260950140502,-0.053867452413397486,0.1635278164674591,75.0,0.0,,0.0,0.0,0.0,0.0,0.0,0.005225752508361204,-0.011758287798211864,-0.01463507777388361,0.004468095444562152,,,,,,,,,,,,
L1,rain_pilot,precip,5,123,monsoon_JJAS,all,equal_mean_qm,L1,False,19032,25,-0.45187732916545637,7.250609185444388,14.30322356391984,10.876859437184203,17.691748684402707,7.250609185444388,5.36041173975691,9.315149042690726,458.0,0.2314410480349345,0.6332179930795848,0.16536661466458658,0.631004366812227,0.15621169870267626,0.013634855306878083,0.2545669229133147,0.02811055065153426,-0.28487084614171243,-0.5376740031064452,-0.015508269061249821,66.0,0.13636363636363635,0.8363636363636363,0.08035714285714286,0.8333333333333334,0.07878835726712137,0.0,0.10865432598517895,0.005411937788986969,-0.5775791520699314,-1.1163370936197428,0.0816062897733602,0.8405680113001797,-0.3100385686243588,2.080720401731177,0.292,-0.1043488803618775,-0.4637881689355739,0.3481426643838318,0.546,0.04824307634898836,0.00692731249800419,0.0838934000327425,0.01
L1,rain_pilot,precip,5,123,monsoon_JJAS,all,equal_mean,baseline,False,19032,25,-0.2018605019417566,7.354958065806265,13.46265555261966,10.797842197190018,16.128771261567774,7.354958065806265,5.7058379778861,9.066162854704725,458.0,0.12882096069868995,0.5203252032520326,0.11302681992337164,0.2685589519650655,0.1079686223536879,0.0,0.20955859174397662,0.024327448507776378,-0.11195364815628572,-0.1694499843900843,0.018261197351083974,66.0,0.015151515151515152,0.8,0.014285714285714285,0.07575757575757576,0.014041489289816881,0.0,0.025230437151148234,0.0036254728877679696,-0.05682486886238136,-0.11191216099693199,0.0816062897733602,,,,,,,,,,,,
L1,rain_pilot,precip,5,123,postmonsoon_OND,all,equal_mean_qm,L1,False,14352,19,-0.23968610167121968,3.7112319429734923,9.000165433774331,6.446045230101737,11.231858012166217,3.7112319429734923,2.177106913222985,5.3585512197417104,59.0,0.0,1.0,0.0,0.06779661016949153,-0.0002610792751731309,-0.0005865681596511703,0.0,0.004389632107023411,-0.06988409882363222,-0.2790276951900757,0.01309815143918113,3.0,0.0,,0.0,0.0,0.0,0.0,0.0,0.00020903010033444816,0.012523986593886094,0.004761363766040655,1.0,0.36301677872312865,-0.008273086591773834,0.6994033992948421,0.056,-0.5925131407322737,-0.8607774619958275,-0.35630214180486297,0.0,-0.00019255915871216008,-0.00046137310842293583,0.0,0.272
L1,rain_pilot,precip,5,123,postmonsoon_OND,all,equal_mean,baseline,False,14352,19,0.8738748468466008,4.303745083705766,8.637148655051202,6.255206537757595,10.72853399641048,4.303745083705766,2.7361100502274667,5.868642972338742,59.0,0.0,1.0,0.0,0.01694915254237288,-6.852011646097082e-05,-0.00020207863992145392,0.0,0.004180602006688963,-0.018937236974887695,-0.08688732086797611,0.02769169618036878,3.0,0.0,,0.0,0.0,0.0,0.0,0.0,0.00020903010033444816,0.012523986593886094,0.004761363766040655,1.0,,,,,,,,,,,,
phase3,rain_pilot,precip,1,27,all,all,blend_A,L3A,False,56316,73,0.33625733477144454,4.595144176691094,10.205946289231997,8.354023556551768,11.934245369530906,4.595144176691094,3.691111056993044,5.599630521494113,870.0,0.29195402298850576,0.45726495726495725,0.23431734317343172,0.5379310344827586,0.2291762066712287,0.05889272730865777,0.32325722238686094,0.014738262660700333,-0.025046769033217675,-0.2440968090818028,0.14475291026236237,144.0,0.013888888888888888,0.875,0.012658227848101266,0.1111111111111111,0.012402502623761975,-5.10244971449614e-05,0.019477965707223432,0.002770083102493075,-0.09507080259438938,-0.2500246551049462,-0.0029505479285775356,-0.10535515667852202,-0.18051800890277783,-0.03698489939067425,0.002,-0.13708404912928263,-0.18074157787443634,-0.0977826731140864,0.0,0.002057244265280561,-0.012882758840912745,0.02260677165326868,0.876
phase3,rain_pilot,precip,1,27,all,all,equal_mean,prev,False,56316,73,0.517279549272663,4.732228225820377,10.31130144591052,8.445566825024063,12.026115402878213,4.732228225820377,3.8009783764676826,5.753802453941101,870.0,0.2896551724137931,0.4603854389721627,0.23225806451612904,0.5367816091954023,0.22711896240594814,0.052634336438029596,0.32878285601629653,0.014791533489594432,-0.028751757355024443,-0.26664819329451883,0.14566353902968518,144.0,0.006944444444444444,0.9230769230769231,0.00641025641025641,0.09027777777777778,0.006198493890309746,-0.00013699836786593982,0.016813119147337834,0.0027523261595283756,-0.08805111796237397,-0.1993733015925829,0.0018814277172135695,,,,,,,,,,,,
phase3,rain_pilot,precip,1,27,all,all,superensemble,baseline,False,56316,73,-0.6337272028319606,4.680711159411022,10.274473003927254,8.413056595115707,12.03331551996508,4.680711159411022,3.7617525936949865,5.677895251635628,870.0,0.2517241379310345,0.44556962025316454,0.20936902485659656,0.4540229885057471,0.20472956199597128,0.06301298900086565,0.2810924493003393,0.014684991831806236,-0.021341780711410907,-0.21650256004974194,0.12044972781495442,144.0,0.006944444444444444,0.875,0.006622516556291391,0.05555555555555555,0.006487925289359774,-6.974861364359972e-05,0.017998243325518425,0.0026635414447048794,-0.05295269480229736,-0.12020873498090003,0.005524708097485159,-0.03682844198326585,-0.1876295520830543,0.09771870896938582,0.586,-0.05151706640935494,-0.18817666011732653,0.08876426994530395,0.464,-0.022389400409976862,-0.055382933876701367,0.019703424052528076,0.344
phase3,rain_pilot,precip,1,27,all,all,persistence,baseline,False,56316,73,0.003496450717937405,6.513093093377721,15.31269008273782,12.686714880315158,17.76508622965974,6.513093093377721,5.1908557081529345,7.923431353005537,870.0,0.2517241379310345,0.7482758620689656,0.14398422090729784,1.0,0.13635265014251635,0.05389810111173827,0.18752227833084179,0.023119539740038355,-0.6079649316641558,-1.2184884676894387,-0.28823119947266074,144.0,0.041666666666666664,0.9583333333333334,0.02127659574468085,1.0,0.019997003854133093,-0.0004961454259195081,0.02974509391417547,0.004900916258256978,-0.9374329584362271,-1.946627510345146,-0.4825825148586255,5.001388636827301,3.6194130072761195,6.423654104243362,0.0,1.7808648675573444,1.0795914943851777,2.512398503904682,0.0,-0.09076631226343179,-0.1601227805449278,0.01775125404012269,0.106
phase3,rain_pilot,precip,1,27,all,all,climatology,baseline,False,56316,73,-0.8944217758270911,6.001714744489709,13.246844633564082,10.191959896141064,16.24842190489879,6.001714744489709,4.877373502665522,7.282827626047324,870.0,0.0,,0.0,0.0,0.0,0.0,0.0,0.015448540379288302,-0.07444661332397517,-0.11708292156286207,-0.017249357457617923,144.0,0.0,,0.0,0.0,0.0,0.0,0.0,0.0025569997869166845,-0.010834587010205565,-0.025065432806039623,0.01597395499852914,2.935543187653563,1.266699346566272,4.895877868742661,0.0,1.269486518669332,0.6318337376927328,1.9511934665080115,0.0,-0.22711896240594814,-0.32878285601629653,-0.052634336438029596,0.0
phase3,rain_pilot,precip,1,27,all,all,ecmwf_ifs_ctrl,source,False,56316,73,0.254393324898919,4.9349586914004195,11.063682530781882,9.148683486571091,12.869162348845855,4.9349586914004195,3.98844611826699,5.94937013065785,870.0,0.3333333333333333,0.458955223880597,0.25985663082437277,0.6160919540229886,0.2543239163086166,0.06704519979796537,0.365210055037524,0.014667234888841536,-0.020106784604141836,-0.2225992113755293,0.13217499942446362,144.0,0.06944444444444445,0.803921568627451,0.05405405405405406,0.3541666666666667,0.053386783895213535,-0.00014494098500737377,0.07970715174923262,0.0031074650188223597,-0.22844481060268018,-0.3175208636254497,-0.04183090892329405,0.752381084871363,0.4515117587570611,1.0066095949562552,0.0,0.20273046558004282,0.07225943323832977,0.3299369206165902,0.0,0.02720495390266847,-0.0030347224311246864,0.04385469060358869,0.106
phase3,rain_pilot,precip,1,27,all,all,ecmwf_aifs,source,False,56316,73,0.6177109898452274,4.747875633844736,10.272633963053877,8.38538545941781,12.105850323884162,4.747875633844736,3.7628924804354,5.812243446295429,870.0,0.32068965517241377,0.45294117647058824,0.25340599455040874,0.5862068965517241,0.24802486073148283,0.10169213841970806,0.3367898027398129,0.01459620711698274,-0.01516680017506622,-0.20102949069125436,0.141893595202155,144.0,0.006944444444444444,0.9090909090909091,0.006493506493506494,0.0763888888888889,0.006312016496215004,-0.0001378850226130783,0.017642978637736638,0.002716812273598977,-0.07401174869834337,-0.13681629762158523,0.014990600934868157,-0.03866748285664201,-0.32911612001675944,0.22948593329779832,0.788,0.0156474080243596,-0.12546823118566192,0.16377303948289781,0.828,0.02090589832553469,-0.005078524769643221,0.06865127173258305,0.13
phase3,rain_pilot,precip,1,27,all,all,ncep_gfs,source,False,56316,73,1.0679019721616114,5.885649723047195,14.101102292032127,11.324358766402183,16.814937622588936,5.885649723047195,4.6823829877052585,7.193136690807398,870.0,0.1793103448275862,0.7515923566878981,0.11624441132637854,0.7218390804597701,0.10980897807524571,0.038108856489466554,0.1873853577027703,0.021059734356133248,-0.4647053832209591,-1.1021268718882382,-0.1806119391820234,144.0,0.041666666666666664,0.9617834394904459,0.020338983050847456,1.0902777777777777,0.019004000575747297,-0.0015451168435889795,0.050643814390578044,0.005131756516798068,-1.0286888586524263,-2.8552082081139973,-0.3541405055580537,3.789800846121608,2.2026204810218575,5.4560997218562415,0.0,1.1534214972268186,0.7551172593726458,1.5883072575157684,0.0,-0.11730998433070243,-0.22239392746940206,-0.0022145124175715863,0.04
phase3,rain_pilot,precip,1,27,all,all,ecmwf_ifs_ens,source,True,56316,73,0.43691647430123676,4.840143544332177,10.504136935170314,8.625217801568382,12.278604384877676,3.5015264532829486,2.775404735890289,4.247414470701763,870.0,0.30114942528735633,0.4609053497942387,0.23948811700182815,0.5586206896551724,0.2342327483125305,0.05437614647548716,0.3405773002932849,0.011689011195380466,0.18702879471897638,-0.011243411279494181,0.3413208855591856,144.0,0.034722222222222224,0.7058823529411765,0.03205128205128205,0.11805555555555555,0.03178149046869535,-3.444432873312746e-05,0.0572280366380447,0.002431192426304045,0.03889964920616418,-0.011473464102854302,0.0842105228089105,0.1928354892597941,-0.014294766745846397,0.4235315554723094,0.072,-1.230701772537428,-1.5129764247361013,-0.977813877931616,0.0,0.007113785906582348,-0.04006597215682758,0.03987472045027836,0.7
phase3,rain_pilot,precip,1,27,winter_JF,all,blend_A,L3A,False,9204,13,0.44004414655553575,0.5313338395813666,1.7485290465423597,0.6985291789856484,2.523320061588258,0.5313338395813666,0.2184072166938454,0.923642093651816,0.0,,,,,,,,0.0,1.0,1.0,1.0,0.0,,,,,,,,0.0,1.0,1.0,1.0,-0.11500583489947713,-0.20024707053613724,-0.04933538414330502,0.0,-0.03163552467174302,-0.06267944423116584,-0.00341169515099921,0.026,,,,
phase3,rain_pilot,precip,1,27,winter_JF,all,equal_mean,prev,False,9204,13,0.4749821483687851,0.5629693642531096,1.8635348814418369,0.8217316615283511,2.651732728305255,0.5629693642531096,0.22415048596525358,0.9831830090393467,0.0,,,,,,,,0.0,1.0,1.0,1.0,0.0,,,,,,,,0.0,1.0,1.0,1.0,,,,,,,,,,,,
phase3,rain_pilot,precip,1,27,winter_JF,all,superensemble,baseline,False,9204,13,-1.017211087889687,1.4097322468194806,1.8519834337368197,1.3875966696225082,2.288778655353909,1.4097322468194806,1.2759755392933454,1.5844108525328287,0.0,,,,,,,,0.0,1.0,1.0,1.0,0.0,,,,,,,,0.0,1.0,1.0,1.0,-0.011551447705017148,-0.3929456936703211,0.5951832663994773,0.952,0.846762882566371,0.5750623308730466,1.0664396895849926,0.0,,,,
phase3,rain_pilot,precip,1,27,winter_JF,all,persistence,baseline,False,9204,13,0.015375889343141163,0.32621059519218937,1.8639465773080286,0.8039948966625358,2.878638359329616,0.32621059519218937,0.07613662962356751,0.7025082430594939,0.0,,,,,,,,0.0,1.0,1.0,1.0,0.0,,,,,,,,0.0,1.0,1.0,1.0,0.00041169586619171916,-0.8651221252215536,0.8315431008912817,0.97,-0.23675876906092025,-0.5224356852394999,0.039173473393843215,0.11,,,,
phase3,rain_pilot,precip,1,27,winter_JF,all,climatology,baseline,False,9204,13,0.1858050155611033,0.4651372275332022,1.3263419105702425,0.6529417220218272,1.998758054629059,0.4651372275332022,0.3679701290729745,0.6153422390991419,0.0,,,,,,,,0.0,1.0,1.0,1.0,0.0,,,,,,,,0.0,1.0,1.0,1.0,-0.5371929708715943,-1.3386429682974144,0.07789758241850671,0.224,-0.09783213671990743,-0.4759117539257814,0.1780594356738155,0.666,,,,
phase3,rain_pilot,precip,1,27,winter_JF,all,ecmwf_ifs_ctrl,source,False,9204,13,0.5842963613793156,0.6708352587589332,2.759754460860442,1.2544012732745669,3.8624397638481045,0.6708352587589332,0.22371547527384653,1.220249594559176,0.0,,1.0,0.0,,0.0,0.0,0.0,0.0001086484137331595,-158.47953195271126,-607.2234005602265,1.0,0.0,,,,,,,,0.0,1.0,1.0,1.0,0.896219579418605,0.29261846023372295,1.3097154029663962,0.0,0.10786589450582362,-0.001115677175701734,0.24052629145812665,0.056,,,,
phase3,rain_pilot,precip,1,27,winter_JF,all,ecmwf_aifs,source,False,9204,13,0.4725114106087711,0.5757926287480032,1.6267766478986163,0.6894321349753543,2.3528912664564086,0.5757926287480032,0.30158567410881676,0.9165736471051438,0.0,,,,,,,,0.0,1.0,1.0,1.0,0.0,,,,,,,,0.0,1.0,1.0,1.0,-0.23675823354322056,-0.3753877822018896,-0.03690255351984832,0.016,0.012823264494893571,-0.07616738091000658,0.09282357379972261,0.772,,,,
phase3,rain_pilot,precip,1,27,winter_JF,all,ncep_gfs,source,False,9204,13,0.2893402337322076,0.42465149325645263,1.8316111571781506,0.8280895434954922,2.621480709775189,0.42465149325645263,0.14858459983007538,0.7593107415786331,0.0,,,,,,,,0.0,1.0,1.0,1.0,0.0,,,,,,,,0.0,1.0,1.0,1.0,-0.03192372426368628,-0.07366485414307393,0.014688312681700313,0.162,-0.138317870996657,-0.2220911815541791,-0.07600794250400272,0.0,,,,
phase3,rain_pilot,precip,1,27,winter_JF,all,ecmwf_ifs_ens,source,True,9204,13,0.5537805882050776,0.6302235870030094,2.081674509762547,0.946626427472942,2.9387140727025725,0.3607033631449655,0.12919212489012075,0.6511732611932316,0.0,,,,,,,,1.6290996292169247e-06,-1.3912732588065126,-6.154763127101213,0.8902223325540563,0.0,,,,,,,,4.1771785364536523e-08,-0.5504444271074052,-4.592948745544212,1.0,0.21813962832071,0.09378118619160722,0.3848411727241619,0.0,-0.20226600110814413,-0.3311487974542681,-0.09842127121669887,0.0,,,,
phase3,rain_pilot,precip,1,27,premonsoon_MAM,all,blend_A,L3A,False,14352,19,-0.1443470518018141,4.92158217601204,11.041860840873271,6.925245917895677,14.843403236499558,4.92158217601204,3.3390921914044784,6.853615870303114,353.0,0.46175637393767704,0.34274193548387094,0.3721461187214612,0.7025495750708215,0.36327886540126914,-0.00021603535102642212,0.4517431193097658,0.019161092530657748,0.1777433145160736,-0.21770686563717268,0.3318451309103026,75.0,0.013333333333333334,0.5,0.013157894736842105,0.02666666666666667,0.013022165739655712,0.0,0.021717033914313212,0.005225752508361204,-0.011758287798211864,-0.01463507777388361,0.004468095444562152,-0.024990906166406646,-0.0944390275852109,0.04279012673671313,0.53,-0.04390894332005946,-0.1000729265706091,0.006507234686193598,0.096,0.009390478081925946,-0.010629789874213143,0.04843397029670413,0.706
phase3,rain_pilot,precip,1,27,premonsoon_MAM,all,equal_mean,prev,False,14352,19,-0.07007381667805208,4.9654911193321,11.066851747039678,6.970196952121194,14.78057792816898,4.9654911193321,3.3723351353394397,6.881409559252667,353.0,0.4447592067988669,0.33755274261603374,0.3625866050808314,0.6713881019830028,0.3538883873193432,-0.00025320094341386165,0.4609380972116862,0.019230769230769232,0.174753290205223,-0.25695831216409726,0.3402582652087208,75.0,0.0,1.0,0.0,0.02666666666666667,-0.00013575225756004322,-0.0004034678554207382,0.0,0.005365105908584169,-0.03873850880616425,-0.05562785864560583,0.004468095444562152,,,,,,,,,,,,
phase3,rain_pilot,precip,1,27,premonsoon_MAM,all,superensemble,baseline,False,14352,19,-1.386477207008105,4.919476498634769,11.195768213784815,6.862015766652643,15.071752072056261,4.919476498634769,3.2754881070382993,7.003822881810944,353.0,0.35694050991501414,0.3076923076923077,0.3080684596577017,0.5155807365439093,0.30041155949251447,-0.00011999214103312409,0.36629364576962825,0.019718506131549608,0.15382312002926846,-0.09572493446895032,0.2648329789573872,75.0,0.0,1.0,0.0,0.013333333333333334,-6.876462967496336e-05,-0.00020531721509732537,0.0,0.005295429208472687,-0.025248398302188058,-0.0328287542025201,0.004468095444562152,0.12891646674513701,-0.13662859277930284,0.3428003879045394,0.436,-0.04601462069733042,-0.2606490222237837,0.15653963437435398,0.658,-0.05347682782682872,-0.0951124527640485,0.010070742267827655,0.598
phase3,rain_pilot,precip,1,27,premonsoon_MAM,all,persistence,baseline,False,14352,19,-0.7826371441918156,7.06000767736784,16.243306277906292,10.27474373775297,21.77941751111577,7.06000767736784,4.437452495282073,10.403539964355984,353.0,0.38243626062322944,0.5178571428571429,0.2710843373493976,0.7932011331444759,0.26086280456315536,-0.002536587670617062,0.3297973674495374,0.025292642140468228,-0.08537882483878279,-1.1186162451511745,0.06376272518332388,75.0,0.06666666666666667,0.9074074074074074,0.04032258064516129,0.72,0.03813363159904438,-0.00048272532928763534,0.04850257716155142,0.008291527313266444,-0.6053231499731628,-1.0265481790069546,-0.4922135190134464,5.176454530866614,1.9407329189287397,7.843055475366463,0.0,2.09451655803574,0.7656107769586774,3.739445055075806,0.0,-0.09302558275618783,-0.1999486466046487,0.10081757947901092,0.43
phase3,rain_pilot,precip,1,27,premonsoon_MAM,all,climatology,baseline,False,14352,19,-3.703702972193717,6.570556874256145,16.89916120802384,7.555582415561501,24.509081202695466,6.570556874256145,3.6807174180154325,10.588711796820368,353.0,0.0,,0.0,0.0,0.0,0.0,0.0,0.0245958751393534,-0.05547858173027631,-0.07967539180049202,0.0024043244649743136,75.0,0.0,,0.0,0.0,0.0,0.0,0.0,0.005225752508361204,-0.011758287798211864,-0.01463507777388361,0.004468095444562152,5.832309460984163,0.4779373802695007,10.053827309085294,0.006,1.6050657549240448,0.14414458427490878,3.7778298620870903,0.008,-0.3538883873193432,-0.4609380972116862,0.00025320094341386155,0.078
phase3,rain_pilot,precip,1,27,premonsoon_MAM,all,ecmwf_ifs_ctrl,source,False,14352,19,0.004158781064776008,5.20878212550736,12.010890186670517,7.377921131272795,16.187378852491456,5.20878212550736,3.5209521337405683,7.333995529879052,353.0,0.5609065155807366,0.38125,0.4168421052631579,0.9065155807365439,0.407016455258165,0.0,0.5060315594349359,0.019300445930880712,0.1717632658943723,-0.1060945044384546,0.3265163082505145,75.0,0.08,0.8181818181818182,0.058823529411764705,0.44,0.057229601985453966,-0.0007471867203061814,0.08839545014520812,0.006688963210702341,-0.29505060838171127,-0.3745945497471559,0.004468095444562152,0.9440384396308392,0.40881869935207554,1.3958809334453026,0.0,0.24329100617526045,0.03940571400792841,0.47563955335871005,0.014,0.0531280679388218,0.0002841971282081098,0.07345029824143685,0.018
phase3,rain_pilot,precip,1,27,premonsoon_MAM,all,ecmwf_aifs,source,False,14352,19,0.051546877211659584,5.021997302549464,11.230457671673769,6.814528856506015,15.191217668762066,5.021997302549464,3.261542884061011,7.251913436361355,353.0,0.46458923512747874,0.376425855513308,0.36283185840707965,0.7450424929178471,0.35358074774817744,0.0,0.4449684275289814,0.020066889632107024,0.13887299847501533,-0.12612607616989208,0.3063360387225502,75.0,0.0,1.0,0.0,0.05333333333333334,-0.0002646650927915816,-0.0007797196812658083,0.0,0.005504459308807135,-0.06571872981411664,-0.10119452880297018,0.004468095444562152,0.16360592463409063,-0.18298648043779073,0.4267014487518233,0.384,0.05650618321736456,-0.1860154361623024,0.35943439422798107,0.782,-0.000307639571165752,-0.019754729210768623,0.08723875264841696,0.922
phase3,rain_pilot,precip,1,27,premonsoon_MAM,all,ncep_gfs,source,False,14352,19,-0.22037151686789067,5.931160155932939,13.24344084249145,8.524914378323807,17.690496399272327,5.931160155932939,3.9993334957723397,8.34026018194083,353.0,0.1359773371104816,0.48936170212765956,0.12030075187969924,0.26628895184135976,0.1151736103670547,-0.0004524842791345533,0.16110997169173166,0.024456521739130436,-0.049498533108575105,-0.8734570296718771,0.015050033914007119,75.0,0.0,1.0,0.0,0.16,-0.0007213133673793242,-0.0014995857648407243,0.0,0.006061872909698997,-0.17363961384592574,-2.620084766340725,-0.03225616334441714,2.1765890954517726,0.9734780995357375,3.4332945805977464,0.0,0.9656690366008389,0.49775369992478474,1.5378564743574608,0.0,-0.2387147769522885,-0.37879797636402684,0.008857899011569609,0.092
phase3,rain_pilot,precip,1,27,premonsoon_MAM,all,ecmwf_ifs_ens,source,True,14352,19,-0.11562941123625069,5.011581848404378,11.386063592118182,6.872996728379384,15.481165375667574,3.694017719535171,2.4634610256165623,5.250397907430996,353.0,0.5184135977337111,0.35789473684210527,0.4021978021978022,0.8073654390934845,0.3928438282276145,0.0,0.49093672021796464,0.01390089010444057,0.40347348126076554,-0.016599480200074023,0.5255715123848288,75.0,0.05333333333333334,0.6666666666666666,0.04819277108433735,0.16,0.04747310798140998,-0.00020858201922472827,0.07647268624281871,0.004821622290029091,0.06648539042669532,-0.00017349606156799027,0.09934593017023258,0.3192118450785042,-0.09092971718643672,0.7496479387133057,0.204,-1.2714733997969287,-1.678409339075401,-0.9113398570670513,0.0,0.0389554409082713,0.0002841971282081098,0.06701947462047199,0.018
phase3,rain_pilot,precip,1,27,monsoon_JJAS,all,blend_A,L3A,False,19032,25,0.44832283107915744,6.873538469065402,12.910165200010368,9.832288350510948,15.577360343930504,6.873538469065402,5.137614506820039,8.647398745503255,458.0,0.1965065502183406,0.5794392523364486,0.15463917525773196,0.4672489082969432,0.14709218250904577,0.014974974153737473,0.2405930333655685,0.025851197982345524,-0.18160085290041583,-0.3932997290563971,0.023283927647697197,66.0,0.015151515151515152,0.9285714285714286,0.012658227848101266,0.21212121212121213,0.01205107932628956,-0.00019340863376141114,0.020106908760432727,0.004098360655737705,-0.1946715908879093,-0.3508739163263716,0.020614958601933967,-0.18501383711694253,-0.3321475893774909,-0.04126713262877401,0.018,-0.2373697001505537,-0.3273873092656216,-0.15173779080757127,0.0,-0.005592678223067554,-0.01912211520423849,0.009302721494738481,0.586
phase3,rain_pilot,precip,1,27,monsoon_JJAS,all,equal_mean,prev,False,19032,25,0.6790548104948396,7.110908169215955,13.095179037127311,10.046407286639681,15.679868183930092,7.110908169215955,5.32977299313015,8.930031549539438,458.0,0.2052401746724891,0.5765765765765766,0.16040955631399317,0.4847161572052402,0.15268486073211332,0.01295282047828925,0.2585544672387322,0.025851197982345524,-0.18160085290041583,-0.45550012302674187,0.012998175865619245,66.0,0.015151515151515152,0.9090909090909091,0.013157894736842105,0.16666666666666666,0.012662325535067295,-0.00023533875113942798,0.021916271318963985,0.003940731399747793,-0.14872268354606666,-0.2750286403001354,0.03737074088321679,,,,,,,,,,,,
phase3,rain_pilot,precip,1,27,monsoon_JJAS,all,superensemble,baseline,False,19032,25,-0.07093234479900976,6.924898424240314,12.955162883575333,9.919279150927254,15.524676631039963,6.924898424240314,5.145891201952154,8.75017391937817,458.0,0.20305676855895197,0.5633802816901409,0.16089965397923875,0.4650655021834061,0.1533918092933082,0.008825328122888844,0.25229650755115723,0.02548339638503573,-0.1647894586518326,-0.37891975562214303,0.033893444605053835,66.0,0.015151515151515152,0.8571428571428571,0.013888888888888888,0.10606060606060606,0.01355630795376401,-0.00013610554186995263,0.024165983067763762,0.003730559058427911,-0.08745747375694313,-0.16061742921055872,0.04106774014695382,-0.1400161535519775,-0.3893299000880834,0.08580648991317544,0.254,-0.1860097449756415,-0.366139937852032,-0.03216522862202162,0.014,0.0007069485611948811,-0.021707302325313926,0.0419459797306958,0.956
phase3,rain_pilot,precip,1,27,monsoon_JJAS,all,persistence,baseline,False,19032,25,0.502022972079123,9.711956608731231,19.298581882842083,16.09304512291504,22.41935947350191,9.711956608731231,8.007715575982068,11.523234850953811,458.0,0.1812227074235808,0.8436911487758946,0.09161147902869757,1.1593886462882097,0.07861612911309397,0.027605388094447143,0.1201639147024831,0.043242959226565784,-0.9765396380834193,-2.348149787868541,-0.43249728798259485,66.0,0.015151515151515152,0.9885057471264368,0.006578947368421052,1.3181818181818181,0.004603200003325111,-0.0020550106035898907,0.014650578918407401,0.007934005884825557,-1.3127616695394142,-5.690936379473868,-0.392201744049927,6.203402845714772,3.412952680243829,9.820313384527825,0.0,2.601048439515276,1.0970395757128069,4.405770460797295,0.0,-0.07406873161901935,-0.17128050008086645,0.05695246089212272,0.434
phase3,rain_pilot,precip,1,27,monsoon_JJAS,all,climatology,baseline,False,19032,25,-0.17384056665375985,8.742146002159256,15.315643011018315,12.15239234163763,18.461300334295082,8.742146002159256,7.537994335578829,10.087776793223055,458.0,0.0,,0.0,0.0,0.0,0.0,0.0,0.024064733081126524,-0.09994550940729763,-0.14776305397210882,0.018783259572529173,66.0,0.0,,0.0,0.0,0.0,0.0,0.0,0.0034678436317780582,-0.010875961520538713,-0.031168424875190615,0.0816062897733602,2.220463973891004,0.44636143382937965,3.6327009511864214,0.022,1.6312378329433006,0.44601909976600845,2.7385003933757113,0.006,-0.15268486073211332,-0.2585544672387322,-0.012952820478289261,0.01
phase3,rain_pilot,precip,1,27,monsoon_JJAS,all,ecmwf_ifs_ctrl,source,False,19032,25,0.020702648890674892,7.334958491520427,13.80820923574247,10.710305398061655,16.56602556747297,7.334958491520427,5.602929976711672,9.087755814453654,458.0,0.19868995633187772,0.5666666666666667,0.15771230502599654,0.4585152838427948,0.15027003429584382,0.015692146879905472,0.26034832570526467,0.0255359394703657,-0.16719108640163016,-0.3807972519309267,-0.023006331239952896,66.0,0.06060606060606061,0.7777777777777778,0.05,0.2727272727272727,0.049258169599545674,-0.0001396034318762448,0.0820827724441202,0.003993274485077764,-0.16403898599334754,-0.29678261854888854,0.04772902287146206,0.7130301986151597,0.14854405754333566,1.2091300203619624,0.018,0.22405032230447208,-0.09356006406813723,0.5052320352700791,0.148,-0.0024148264362695016,-0.024054737264991823,0.011421542307250326,0.844
phase3,rain_pilot,precip,1,27,monsoon_JJAS,all,ecmwf_aifs,source,False,19032,25,1.1890048929691759,7.32030011676432,13.026170796846012,9.952607567091437,15.75773116588222,7.32030011676432,5.520674022069389,9.174587614547548,458.0,0.25109170305676853,0.5344129554655871,0.19491525423728814,0.5393013100436681,0.1867218364134363,0.03183118529009153,0.28126328947838986,0.024957965531736022,-0.14077318115385684,-0.2878139003834702,0.057392708381239194,66.0,0.015151515151515152,0.8571428571428571,0.013888888888888888,0.10606060606060606,0.01355630795376401,0.0,0.023779125858057644,0.003730559058427911,-0.08745747375694313,-0.16917184396781204,0.0816062897733602,-0.06900824028129904,-0.6314764960867864,0.481321769764509,0.814,0.20939194754836432,-0.09061713782258896,0.5175547305349862,0.194,0.03403697568132297,-0.006353949259732887,0.10284126653466828,0.134
phase3,rain_pilot,precip,1,27,monsoon_JJAS,all,ncep_gfs,source,False,19032,25,1.1214504845423945,8.660659948802746,18.549656236086598,13.092490441371456,22.824966108903926,8.660659948802746,6.375938059949417,10.98598953021448,458.0,0.22270742358078602,0.7738359201773836,0.12639405204460966,0.9847161572052402,0.11448492258517637,0.011131429759850434,0.22008976335975533,0.03704287515762925,-0.6931475636073032,-1.6339874115048907,-0.19518802131750826,66.0,0.09090909090909091,0.952,0.032432432432432434,1.893939393939394,0.030159963788229466,-0.0020869175072841745,0.06957668385444052,0.009405212274064732,-1.741618138063279,-5.642215453042083,-0.38716725961916265,5.454477198959287,2.078727197686419,8.67739615509465,0.0,1.5497517795867903,0.6956331548304195,2.588342946908468,0.0,-0.03819993814693695,-0.0805289281812928,0.009647387878584433,0.182
phase3,rain_pilot,precip,1,27,monsoon_JJAS,all,ecmwf_ifs_ens,source,True,19032,25,0.6120210785724371,7.324452128419041,13.245840899383102,10.167724511475168,15.9414411470201,5.355086352312735,4.0434178028825,6.7273328191968265,458.0,0.17248908296943233,0.605,0.13644214162348878,0.4366812227074236,0.12920363311324892,0.012017292266267144,0.22071777202943374,0.021057373736198398,0.03751420790916438,-0.11054723868526903,0.17081183718107049,66.0,0.015151515151515152,0.8,0.014285714285714285,0.07575757575757576,0.014041489289816881,0.0,0.025230437151148234,0.003394493403852982,0.010505620250348291,-0.0236767122877456,0.1001136509306198,0.1506618622557916,-0.19573288987454415,0.5471127209254959,0.434,-1.7558218169032198,-2.2869059222876422,-1.2057084759910253,0.0,-0.023481227618864398,-0.08215595830281133,0.038443290358396054,0.368
phase3,rain_pilot,precip,1,27,postmonsoon_OND,all,blend_A,L3A,False,13728,18,0.6137595065889153,3.8197852026261097,8.167941486217089,5.698250266322242,10.326298545676522,3.8197852026261097,2.349613891339258,5.396640777921537,59.0,0.01694915254237288,0.8333333333333334,0.015625,0.1016949152542373,0.015228218318952266,0.0,0.04756415176318716,0.004589160839160839,-0.06991509588507516,-0.2438524695793788,0.044298473113899936,3.0,0.0,,0.0,0.0,0.0,0.0,0.0,0.00021853146853146853,0.012510687117277985,0.004408891436972489,1.0,-0.08168333955799056,-0.21764721009824226,0.039881721010444286,0.206,-0.1661604497298339,-0.22993134743696492,-0.09973947502096431,0.0,0.0005900211935867521,0.0,0.0044717660304782175,0.752
phase3,rain_pilot,precip,1,27,postmonsoon_OND,all,equal_mean,prev,False,13728,18,0.9354099407691291,3.9859456523559436,8.24962482577508,5.78668990179633,10.389611409745086,3.9859456523559436,2.496405509425689,5.576446883828138,59.0,0.01694915254237288,0.875,0.015151515151515152,0.13559322033898305,0.014638197125365513,0.0,0.042959550454161895,0.004734848484848485,-0.10388065448460138,-0.3707544404407337,0.044298473113899936,3.0,0.0,,0.0,0.0,0.0,0.0,0.0,0.00021853146853146853,0.012510687117277985,0.004408891436972489,1.0,,,,,,,,,,,,
phase3,rain_pilot,precip,1,27,postmonsoon_OND,all,superensemble,baseline,False,13728,18,-0.36989110143887916,3.5128759131058267,8.187259884661383,5.671501390747608,10.380645318645493,3.5128759131058267,2.1156803613528403,5.069492764570758,59.0,0.0,,0.0,0.0,0.0,0.0,0.0,0.004297785547785548,-0.001983978686022736,-0.01231144139511231,0.044298473113899936,3.0,0.0,,0.0,0.0,0.0,0.0,0.0,0.00021853146853146853,0.012510687117277985,0.004408891436972489,1.0,-0.06236494111369595,-0.32872519947322976,0.19579070934813717,0.604,-0.47306973925011686,-0.6136038725870216,-0.3096917496202487,0.0,-0.014638197125365513,-0.04295955045416191,0.0,0.752
phase3,rain_pilot,precip,1,27,postmonsoon_OND,all,persistence,baseline,False,13728,18,0.12625972624913745,5.654554193295074,12.938185619913,9.607142528719422,16.11270581057314,5.654554193295074,3.484565945719472,8.119975325969321,59.0,0.01694915254237288,0.9830508474576272,0.008547008547008548,1.0,0.006393605770280683,-0.0023036925706160774,0.016280970289099323,0.00844988344988345,-0.9700023987725193,-2.2159568168187156,-0.506114360598256,3.0,0.0,1.0,0.0,1.0,-0.00010927767457108513,-0.0002498126405196103,0.0,0.00043706293706293706,-0.974978625765444,-1.939779247037924,1.0,4.688560794137921,3.1011824312427736,6.267625138150642,0.0,1.6686085409391307,0.7235344841801346,2.8174868921578984,0.0,-0.00824459135508483,-0.04473337699475219,0.01599614771774673,0.614
phase3,rain_pilot,precip,1,27,postmonsoon_OND,all,climatology,baseline,False,13728,18,0.31932347252154136,5.31980547319695,9.742811098254721,7.137952601170466,12.229794759753998,5.31980547319695,3.9321173770303317,6.8107625216060095,59.0,0.0,,0.0,0.0,0.0,0.0,0.0,0.004297785547785548,-0.001983978686022736,-0.01231144139511231,0.044298473113899936,3.0,0.0,,0.0,0.0,0.0,0.0,0.0,0.00021853146853146853,0.012510687117277985,0.004408891436972489,1.0,1.493186272479642,0.9922411233000047,2.028917786626657,0.0,1.3338598208410062,0.6677069022571316,2.056150989608253,0.0,-0.014638197125365513,-0.04295955045416191,0.0,0.752
phase3,rain_pilot,precip,1,27,postmonsoon_OND,all,ecmwf_ifs_ctrl,source,False,13728,18,0.6187974311875957,4.180317225188694,9.048785354505833,6.612977431238869,11.185418837483283,4.180317225188694,2.6444187308330482,5.795715889729035,59.0,0.01694915254237288,0.8,0.015873015873015872,0.0847457627118644,0.01553722143634574,-0.00047519803553428057,0.0643241524348037,0.004516317016317016,-0.052932316585311945,-0.20188530828556853,0.03324730514352546,3.0,0.0,,0.0,0.0,0.0,0.0,0.0,0.00021853146853146853,0.012510687117277985,0.004408891436972489,1.0,0.7991605287307539,0.48924337919528443,1.0407820385680189,0.0,0.19437157283275042,0.0022357944248600718,0.3590145333086542,0.044,0.000899024310980226,-0.04101962715532982,0.06025418277292405,1.0
phase3,rain_pilot,precip,1,27,postmonsoon_OND,all,ecmwf_aifs,source,False,13728,18,0.5149384598011078,3.6921701436593155,8.00190496281026,5.544119520400694,10.133333369717693,3.6921701436593155,2.2222411430208493,5.301277849667027,59.0,0.0,,0.0,0.0,0.0,0.0,0.0,0.004297785547785548,-0.001983978686022736,-0.01231144139511231,0.044298473113899936,3.0,0.0,,0.0,0.0,0.0,0.0,0.0,0.00021853146853146853,0.012510687117277985,0.004408891436972489,1.0,-0.24771986296481963,-0.3696279848607996,-0.14311206004392063,0.0,-0.29377550869662805,-0.4007898336409848,-0.2005204018152337,0.0,-0.014638197125365513,-0.04295955045416191,0.0,0.752
phase3,rain_pilot,precip,1,27,postmonsoon_OND,all,ncep_gfs,source,False,13728,18,2.862485893156992,5.652248452478881,12.37160744281492,8.542496533890196,15.642084838016617,5.652248452478881,3.4782880058109966,7.979324833679717,59.0,0.1016949152542373,0.927710843373494,0.04411764705882353,1.4067796610169492,0.041603857127743726,-0.0031222934683532108,0.11336040559816303,0.00946969696969697,-1.2077613089692028,-2.695043900743216,-0.5179981071301177,3.0,0.0,1.0,0.0,6.666666666666667,-0.00019006348120272174,-0.0004176637140240408,0.0,0.0016754079254079255,-6.570751398767535,-43.50298787253167,0.033516615294693484,4.121982617039841,2.246775959377131,6.068933547231724,0.0,1.6663028001229376,0.9535365137861853,2.4297659099965436,0.0,0.02696566000237821,-0.0031222934683532108,0.07428794521423165,0.752
phase3,rain_pilot,precip,1,27,postmonsoon_OND,all,ecmwf_ifs_ens,source,True,13728,18,0.6934673496198253,4.03931747898196,8.423225419522016,6.074560942251083,10.501704392601084,2.8363566594341174,1.767110348008624,3.977809365974615,59.0,0.0,1.0,0.0,0.01694915254237288,-7.163489031969802e-05,-0.00021471514457486405,0.0,0.004224493627607816,0.015103269844342182,-0.013311915882872926,0.06654565115058161,3.0,0.0,,0.0,0.0,0.0,0.0,0.0,0.00022659722054185714,-0.0239364386177241,-0.04671892117172966,0.6920393719207886,0.17360059374693648,-0.10390112870598944,0.43043261162141166,0.226,-1.1495889929218261,-1.6338477228128574,-0.7135393492915503,0.0,-0.014709832015685211,-0.04322418976202762,0.0,0.752
phase3,rain_pilot,precip,2,51,all,all,blend_A,L3A,False,56472,73,0.06240114329636836,4.60308935776098,10.18333279830348,8.472998319823553,11.853579156421903,4.60308935776098,3.73283033253459,5.562543597765466,870.0,0.2620689655172414,0.36312849162011174,0.228,0.4114942528735632,0.22371857535557885,0.012656340305697008,0.32271482572623245,0.013670491571044057,0.046583509714821725,-0.12417586482664063,0.15765302485381422,144.0,0.020833333333333332,0.6666666666666666,0.02,0.0625,0.019850040805223068,0.0,0.029405011781285795,0.0026030599235019125,-0.03189356681117328,-0.06821636786358977,0.02779005825025355,-0.14252703330382133,-0.2351392509567948,-0.028030307901521903,0.01,-0.11441200182191302,-0.17699152707423804,-0.056002162198856176,0.0,0.012258744723201875,0.00027692053536065717,0.028733919723291187,0.026
phase3,rain_pilot,precip,2,51,all,all,equal_mean,prev,False,56472,73,0.07851932763993781,4.717501359582893,10.325859831607302,8.559879260192574,12.015721122754853,4.717501359582893,3.8229184609405817,5.700125302633108,870.0,0.2413793103448276,0.3333333333333333,0.2153846153846154,0.3620689655172414,0.21145983063237697,0.010990639670669333,0.3134262026274785,0.013546536336591586,0.05522847789098262,-0.11140940785878348,0.17793048997049218,144.0,0.006944444444444444,0.8,0.006756756756756757,0.034722222222222224,0.006671184960972275,-6.955543948192891e-05,0.01931540381272199,0.0026030599235019125,-0.03189356681117328,-0.051100702467005404,0.007470423263326776,,,,,,,,,,,,
phase3,rain_pilot,precip,2,51,all,all,superensemble,baseline,False,56472,73,-0.6354306302620515,4.843952759499031,10.283289826773657,8.457574976445354,12.024547268445856,4.843952759499031,3.966753863940232,5.777343995378676,870.0,0.21149425287356322,0.3543859649122807,0.18949536560247168,0.3275862068965517,0.18581377524298104,0.008250950702467523,0.2732235647242137,0.01393610993058507,0.02805857790876254,-0.08912602733118916,0.14586631138336645,144.0,0.0,1.0,0.0,0.013888888888888888,-3.49318537752601e-05,-8.705949590865838e-05,0.0,0.002585352032865845,-0.024873882683206228,-0.04729195871492163,0.014990798285702498,-0.04257000483364415,-0.1934710887088911,0.11356445647304723,0.592,0.12645139991613785,-0.003444186198738629,0.26009853253689225,0.058,-0.025646055389395933,-0.041635890965581894,-0.0018696684546359744,0.024
phase3,rain_pilot,precip,2,51,all,all,persistence,baseline,False,56472,73,0.0037054249158973212,7.107146984798735,16.530965859990502,13.901540911016792,18.912617489420267,7.107146984798735,5.718849126017903,8.574428875280876,870.0,0.18045977011494252,0.8195402298850575,0.09917877447883765,1.0,0.09148648152858929,0.027736323487708388,0.15172526680998746,0.025251452047032157,-0.7611035170293579,-1.5294779720434115,-0.41096304067835554,144.0,0.08333333333333333,0.9166666666666666,0.043478260869565216,1.0,0.0422040076229948,-0.0008654215698697313,0.09516178926559501,0.004674883127921802,-0.8531966097833317,-2.2779454558645544,-0.3155552856711721,6.2051060283832005,4.640535714346891,7.728238271173666,0.0,2.3896456252158425,1.601954648089083,3.228515778200504,0.0,-0.11997334910378768,-0.22872755389144803,0.03208787776937735,0.202
phase3,rain_pilot,precip,2,51,all,all,climatology,baseline,False,56472,73,-0.8902797091210932,5.986806710310854,13.228597956621849,10.135359193057697,16.225453929159016,5.986806710310854,4.861949586766489,7.2637407343047435,870.0,0.0,,0.0,0.0,0.0,0.0,0.0,0.015405864853378666,-0.07444604475143146,-0.11708289700834912,-0.017247870045298232,144.0,0.0,,0.0,0.0,0.0,0.0,0.0,0.0025499362515937103,-0.010834514427271902,-0.02506531439379831,0.015974137555141276,2.9027381250145474,1.2662698533322987,4.7470809690907005,0.0,1.2693053507279615,0.7059392796133953,1.9072204938899542,0.0,-0.21145983063237697,-0.3134262026274785,-0.010990639670669343,0.012
phase3,rain_pilot,precip,2,51,all,all,ecmwf_ifs_ctrl,source,False,56472,73,-0.023020210976704886,5.070187724122065,11.410155505214135,9.448894547196597,13.283992266209173,5.070187724122065,4.066709012886364,6.153705528817902,870.0,0.3264367816091954,0.4308617234468938,0.26175115207373273,0.5735632183908046,0.2564831283873777,0.031177904923679257,0.35698434213149705,0.014184020399490013,0.010768641556440639,-0.11078574526971177,0.09385999824488257,144.0,0.05555555555555555,0.8181818181818182,0.044444444444444446,0.3055555555555556,0.04384845821638836,-6.524702696845435e-05,0.06255726174325811,0.0030457571894035983,-0.20738567001035246,-0.306366662297086,-0.03847586427755236,1.0842956736068334,0.821853887875983,1.3260484767786047,0.0,0.35268636453917246,0.2144638837178071,0.5010745128074664,0.0,0.04502329775500072,0.014934670888233255,0.06026817706675396,0.002
phase3,rain_pilot,precip,2,51,all,all,ecmwf_aifs,source,False,56472,73,0.919657145042639,5.020044429299878,10.522887528137806,8.598380219939962,12.35882858446791,5.020044429299878,4.007588259497024,6.100741175083784,870.0,0.2735632183908046,0.4209245742092457,0.22818791946308725,0.4724137931034483,0.22347380953869486,0.041777073125257226,0.3208542016321882,0.014254851962034283,0.005828659741491604,-0.15211712785648104,0.1526977870470082,144.0,0.006944444444444444,0.9285714285714286,0.006369426751592357,0.09722222222222222,0.006143440814215743,-0.00016992688511020636,0.016974423154316104,0.0027624309392265192,-0.09507072396287786,-0.17957666711893663,0.014990798285702498,0.19702769653050467,-0.19626148953602118,0.6360669176529649,0.376,0.3025430697169851,0.11282634970775365,0.5149414963114287,0.0,0.01201397890631789,-0.01816099396214224,0.04950548973844956,0.494
phase3,rain_pilot,precip,2,51,all,all,ncep_gfs,source,False,56472,73,-0.9391329750835047,5.405348512179277,12.915466783005344,10.727424639495913,15.031636713420477,5.405348512179277,4.344804417862286,6.532280197007645,870.0,0.09885057471264368,0.7024221453287197,0.08014911463187326,0.332183908045977,0.07631639155782476,0.012100176767456568,0.13008746459784934,0.017477688057798556,-0.21894051283869298,-0.4353789800315461,-0.10189755257156495,144.0,0.020833333333333332,0.9166666666666666,0.01694915254237288,0.25,0.016439047241540845,-0.0004492107508213412,0.041997517155372956,0.003081172970675733,-0.2214250382662868,-0.5781018036783842,-0.04684957159022799,2.589606951398043,1.8514052473929816,3.258539479058564,0.0,0.6878471525963841,0.429713250440975,0.97473447185767,0.0,-0.13514343907455223,-0.2237923574747867,-0.0035777216059714404,0.034
phase3,rain_pilot,precip,2,51,all,all,ecmwf_ifs_ens,source,True,56472,73,0.3381440788334557,4.906437389745341,10.514334083557769,8.711287876912053,12.27153785756398,3.4880926843909985,2.8007901692487103,4.236647430802906,870.0,0.29195402298850576,0.34704370179948585,0.2527363184079602,0.4471264367816092,0.24825360496583146,0.011730450838581858,0.3705696118430113,0.01119577130397448,0.21917709197229407,0.013853481294906841,0.37031561758651665,144.0,0.04861111111111111,0.6111111111111112,0.04516129032258064,0.125,0.04487845817551501,0.0,0.07534523290475333,0.0024122354457478436,0.04375223342826984,-0.01109035603191908,0.1004854195995626,0.18847425195046696,-0.019731072574303662,0.38964851891655694,0.06,-1.2294086751918942,-1.497010233453983,-0.9809286307957314,0.0,0.03679377433345449,-0.004767034884557497,0.07063208575923258,0.17
phase3,rain_pilot,precip,2,51,winter_JF,all,blend_A,L3A,False,9204,13,0.3050437615650407,0.4307954704951084,1.43548286708025,0.7279533342117921,1.9615190867641341,0.4307954704951084,0.20088755105122394,0.7053432629278974,0.0,,,,,,,,0.0,1.0,1.0,1.0,0.0,,,,,,,,0.0,1.0,1.0,1.0,-0.023806181130255233,-0.10285763309384692,0.0431229229913872,0.574,-0.0067923981284838675,-0.03164543667665007,0.00858663145212637,0.568,,,,
phase3,rain_pilot,precip,2,51,winter_JF,all,equal_mean,prev,False,9204,13,0.3098293993367087,0.4375878686235923,1.4592890482105052,0.7593117238375949,1.9867160455687656,0.4375878686235923,0.19890283294973832,0.7285081306066337,0.0,,,,,,,,0.0,1.0,1.0,1.0,0.0,,,,,,,,0.0,1.0,1.0,1.0,,,,,,,,,,,,
phase3,rain_pilot,precip,2,51,winter_JF,all,superensemble,baseline,False,9204,13,-0.9846536441764708,1.2523106324385955,1.6966361260824634,1.2741132788640779,2.0790493593258312,1.2523106324385955,1.1413051206968299,1.379694345164426,0.0,,,,,,,,0.0,1.0,1.0,1.0,0.0,,,,,,,,0.0,1.0,1.0,1.0,0.2373470778719582,0.06383255601862262,0.5394955524456579,0.004,0.8147227638150032,0.6290471125729157,0.9756660147039933,0.0,,,,
phase3,rain_pilot,precip,2,51,winter_JF,all,persistence,baseline,False,9204,13,0.015081095052271861,0.31466599708032034,1.8302986049466494,0.806788156102295,2.8068924653107015,0.31466599708032034,0.07223232960285637,0.666827003483391,0.0,,,,,,,,0.0,1.0,1.0,1.0,0.0,,,,,,,,0.0,1.0,1.0,1.0,0.3710095567361442,-0.2188436827595434,0.9723976712825584,0.466,-0.12292187154327194,-0.31203878704528226,0.09311456713729058,0.234,,,,
phase3,rain_pilot,precip,2,51,winter_JF,all,climatology,baseline,False,9204,13,0.1858050155611033,0.4651372275332022,1.3263419105702425,0.6529417220218272,1.998758054629059,0.4651372275332022,0.3679701290729745,0.6153422390991419,0.0,,,,,,,,0.0,1.0,1.0,1.0,0.0,,,,,,,,0.0,1.0,1.0,1.0,-0.13294713764026267,-0.6183358202207678,0.22958231133692014,0.634,0.02754935890960991,-0.21640190391103709,0.21595792923355872,0.772,,,,
phase3,rain_pilot,precip,2,51,winter_JF,all,ecmwf_ifs_ctrl,source,False,9204,13,0.29104051042812795,0.43502595632789137,1.859462908772967,0.9951815696385461,2.507335293014579,0.43502595632789137,0.16570616392043588,0.7405424936950913,0.0,,,,,,,,0.0,1.0,1.0,1.0,0.0,,,,,,,,0.0,1.0,1.0,1.0,0.40017386056246185,0.20877620724787044,0.5468693600139746,0.0,-0.0025619122957009077,-0.03062804190486095,0.02568839131599219,0.868,,,,
phase3,rain_pilot,precip,2,51,winter_JF,all,ecmwf_aifs,source,False,9204,13,0.3723317615700799,0.5233522449247296,1.5093075254281418,0.6882513740114076,2.1454962960622592,0.5233522449247296,0.29021569884857246,0.8190588091957738,0.0,,,,,,,,0.0,1.0,1.0,1.0,0.0,,,,,,,,0.0,1.0,1.0,1.0,0.05001847721763664,-0.16990756570486187,0.2751529983403965,0.854,0.08576437630113737,0.005106040506864704,0.15130346610735265,0.038,,,,
phase3,rain_pilot,precip,2,51,winter_JF,all,ncep_gfs,source,False,9204,13,0.1869067528844851,0.37051261251129336,1.539981024441911,0.8408759921518225,2.0951922009178534,0.37051261251129336,0.13516742994817635,0.6555369620023822,0.0,,,,,,,,0.0,1.0,1.0,1.0,0.0,,,,,,,,0.0,1.0,1.0,1.0,0.08069197623140578,-0.003129802563345518,0.1727547889563466,0.064,-0.06707525611229892,-0.09611552421117053,-0.03599793298224433,0.0,,,,
phase3,rain_pilot,precip,2,51,winter_JF,all,ecmwf_ifs_ens,source,True,9204,13,0.389038572027296,0.4924317289506076,1.7854154503296802,0.9221674638229188,2.4702492847337045,0.2517077131974715,0.09325864737612519,0.4320992385169203,0.0,,,,,,,,9.231564565562567e-06,-12.55054846657023,-41.10980044622266,-0.23645028776949462,0.0,,,,,,,,3.759460682808287e-07,-12.953999843966647,-49.33653870989791,1.0,0.326126402119175,0.13360916479435328,0.5250526057154983,0.0,-0.1858801554261208,-0.29620830254181973,-0.0981367082413404,0.0,,,,
phase3,rain_pilot,precip,2,51,premonsoon_MAM,all,blend_A,L3A,False,14352,19,0.05231539250507085,5.052707469691547,11.067016416717331,7.081203839758916,14.6413429689428,5.052707469691547,3.501609457605033,7.013303749946968,353.0,0.4447592067988669,0.3022222222222222,0.37292161520190026,0.6373937677053825,0.36456883188627026,-0.00021603535102642212,0.4107129965018334,0.01839464882943144,0.2106335819354307,-0.2027434298347215,0.28143511461066656,75.0,0.02666666666666667,0.6,0.02564102564102564,0.06666666666666667,0.02531452146895533,0.0,0.0433404533866189,0.005295429208472687,-0.025248398302188058,-0.05562785864560583,0.029497180525439967,-0.14761154514858887,-0.2839943989723898,0.01906559606185818,0.104,-0.06430393239710863,-0.1737142959829677,0.02280807444621545,0.166,0.01742016645840777,-0.00733052088036582,0.06099972833432903,0.75
phase3,rain_pilot,precip,2,51,premonsoon_MAM,all,equal_mean,prev,False,14352,19,0.045943207486244274,5.1170114020886555,11.21462796186592,7.087561754457354,14.884361436723522,5.1170114020886555,3.512523666058873,7.106970792919773,353.0,0.40509915014164305,0.25906735751295334,0.3548387096774194,0.546742209631728,0.3471486654278625,-0.00021603535102642212,0.41796542659797226,0.018115942028985508,0.22259367917883321,-0.18263983327456232,0.3273268142053179,75.0,0.0,1.0,0.0,0.02666666666666667,-0.00013575225756004322,-0.0003479807054047682,0.0,0.005365105908584169,-0.03873850880616425,-0.05834119900454497,0.004468095444562152,,,,,,,,,,,,
phase3,rain_pilot,precip,2,51,premonsoon_MAM,all,superensemble,baseline,False,14352,19,-0.8389741269821959,5.106645700341535,11.297434872285127,6.875049277435872,15.17793418666922,5.106645700341535,3.4474538748936028,7.205043874283307,353.0,0.34844192634560905,0.30113636363636365,0.30295566502463056,0.4985835694050991,0.29544350664309366,0.0,0.3642013122805525,0.019718506131549608,0.15382312002926846,-0.028420387882862087,0.2807659155733442,75.0,0.0,1.0,0.0,0.013333333333333334,-6.876462967496336e-05,-0.00020531721509732537,0.0,0.005295429208472687,-0.025248398302188058,-0.0328287542025201,0.004468095444562152,0.0828069104192064,-0.28082276252208865,0.34333385949310913,0.682,-0.010365701747120148,-0.24012110668362746,0.23448865638310054,0.834,-0.051705158784768834,-0.0584176768664407,0.00021603535102642207,0.078
phase3,rain_pilot,precip,2,51,premonsoon_MAM,all,persistence,baseline,False,14352,19,-1.1449328160360912,7.269539038816294,16.835057196971427,10.439047159063714,22.912048821689147,7.269539038816294,4.627735292238243,10.764592261267305,353.0,0.31444759206798867,0.5450819672131147,0.22839506172839505,0.6912181303116147,0.21874773187166674,-0.0022412118774358786,0.41789334539408374,0.02612876254180602,-0.12125911656899047,-1.0157874169323953,0.035575129131595745,75.0,0.16,0.7692307692307693,0.10434782608695652,0.6933333333333334,0.10222643297015632,-0.0003510267532532658,0.20952386242445786,0.00717670011148272,-0.3894813819095444,-0.9794969748867104,-0.12489942202552115,5.620429235105506,2.09597371963996,8.721288201871424,0.0,2.1525276367276387,0.7779856212749592,3.7726902383969754,0.0,-0.12840093355619575,-0.2908861368039314,0.13204059626754683,0.476
phase3,rain_pilot,precip,2,51,premonsoon_MAM,all,climatology,baseline,False,14352,19,-3.703702972193717,6.570556874256145,16.89916120802384,7.555582415561501,24.509081202695466,6.570556874256145,3.6807174180154325,10.588711796820368,353.0,0.0,,0.0,0.0,0.0,0.0,0.0,0.0245958751393534,-0.05547858173027631,-0.07967539180049202,0.0024043244649743136,75.0,0.0,,0.0,0.0,0.0,0.0,0.0,0.005225752508361204,-0.011758287798211864,-0.01463507777388361,0.004468095444562152,5.684533246157921,0.3330595592560161,9.830449111434305,0.02,1.4535454721674892,0.004652553318290512,3.5991784030295,0.048,-0.3471486654278625,-0.4179654265979723,0.00021603535102642207,0.078
phase3,rain_pilot,precip,2,51,premonsoon_MAM,all,ecmwf_ifs_ctrl,source,False,14352,19,0.1422258658394832,5.307297052425169,12.126716838674392,7.410996238359763,16.22341413705027,5.307297052425169,3.526595001209798,7.584155104930641,353.0,0.5779036827195467,0.4,0.4171779141104294,0.9631728045325779,0.4070374079385246,0.0,0.4537975210314768,0.019857859531772576,0.14784307140756725,0.007828634066025544,0.1790789417914425,75.0,0.08,0.7931034482758621,0.061224489795918366,0.38666666666666666,0.05977052255146793,-0.00021448706949381052,0.07707409753008233,0.00641025641025641,-0.2410901663658067,-0.32970780536288924,0.004468095444562152,0.9120888768084718,0.18291397723174949,1.4405936344892118,0.006,0.1902856503365138,-0.11573568830329321,0.5505690383853873,0.288,0.05988874251066212,0.00023520056819673467,0.10936346173702592,0.018
phase3,rain_pilot,precip,2,51,premonsoon_MAM,all,ecmwf_aifs,source,False,14352,19,0.8773327042865738,5.528896261287444,11.534511411363987,7.045667837839079,15.477499025188258,5.528896261287444,3.677016583735756,7.839236023729301,353.0,0.44192634560906513,0.35269709543568467,0.3561643835616438,0.6827195467422096,0.3473315956854773,0.0,0.44990246497605957,0.019648829431438128,0.15681314434011917,-0.15879784562609373,0.3417664391429046,75.0,0.0,1.0,0.0,0.06666666666666667,-0.00032671624041087833,-0.0009584858728533423,0.0,0.005574136008918618,-0.07920884031809261,-0.12397786388165237,0.004468095444562152,0.31988344949806624,-0.2156183688417526,0.7219384374127648,0.248,0.41188485919878826,0.0748264055325775,0.8210466979340831,0.014,0.00018293025761478843,-0.03261654409740329,0.03487611890374415,0.91
phase3,rain_pilot,precip,2,51,premonsoon_MAM,all,ncep_gfs,source,False,14352,19,-1.0680121213505034,6.082831394733028,14.320136613293789,9.206800034112588,19.313618485179564,6.082831394733028,4.101864513664289,8.6614427401885,353.0,0.1048158640226629,0.5487804878048781,0.09296482412060302,0.23229461756373937,0.08834501992732903,-0.0005280352931861149,0.11535366468404001,0.02515328874024526,-0.07939877621708158,-1.1500012356307863,-0.007619560657844049,75.0,0.0,1.0,0.0,0.12,-0.0005602157204000688,-0.0012913031382903088,0.0,0.005852842809364548,-0.13316928233399739,-3.4796388526850803,-0.009818651872488555,3.1055086514278685,1.360185602783925,4.923740184506171,0.0,0.9658199926443727,0.40515727552065994,1.7426530490985377,0.0,-0.2588036455005335,-0.33779294862962495,-0.00047983584784694013,0.0
phase3,rain_pilot,precip,2,51,premonsoon_MAM,all,ecmwf_ifs_ens,source,True,14352,19,0.23222636584082715,5.14443641365586,11.277029545555836,6.943840461146036,15.165323582457333,3.6911257068842036,2.50604800243052,5.187583065554118,353.0,0.5325779036827195,0.3237410071942446,0.42437923250564336,0.7875354107648725,0.415355309960283,0.0,0.5169455533848637,0.013094906684119861,0.4380605098807434,-0.008117571944717582,0.5411105731576994,75.0,0.08,0.5714285714285714,0.07228915662650602,0.18666666666666668,0.07147070240621896,0.0,0.09990647992077001,0.004708066145556743,0.08847100304736255,0.003289532782386729,0.13616988118900883,0.06240158368991544,-0.46906628999511335,0.5871393930997711,0.922,-1.4258856952044519,-1.9213277815355707,-0.9963380076751728,0.0,0.06820664453242054,-0.021681107251000937,0.10191920731254828,0.21
phase3,rain_pilot,precip,2,51,monsoon_JJAS,all,blend_A,L3A,False,19032,25,-0.7167411389637387,6.652697747568713,12.775550167777748,9.99445364073911,15.361792538528178,6.652697747568713,5.113859131079237,8.174172545717663,458.0,0.15502183406113537,0.46616541353383456,0.13653846153846153,0.2903930131004367,0.13119092581472885,0.0,0.27182747515961586,0.02359184531315679,-0.07833085965911923,-0.23268033867354787,0.05097823148762269,66.0,0.015151515151515152,0.75,0.014492753623188406,0.06060606060606061,0.014294592914853948,0.0,0.0260936851335586,0.003572929802437999,-0.04150856641510048,-0.08302713284519816,0.0816062897733602,-0.19418021904989402,-0.37869888814282776,0.04335543440502093,0.094,-0.224060552062884,-0.3796803685500841,-0.07100139660750358,0.002,0.00530277634656065,0.0,0.008474175123396642,0.244
phase3,rain_pilot,precip,2,51,monsoon_JJAS,all,equal_mean,prev,False,19032,25,-0.7251723541371826,6.876758299631597,12.969730386827642,10.088906710260114,15.653345671553804,6.876758299631597,5.263178056238681,8.477298347771313,458.0,0.1462882096069869,0.4462809917355372,0.130859375,0.26419213973799127,0.1258881494681682,0.0,0.26337336236706504,0.023381672971836905,-0.06872434865992894,-0.20438310172800198,0.05097823148762269,66.0,0.015151515151515152,0.6666666666666666,0.014705882352941176,0.045454545454545456,0.014555116083890143,0.0,0.02691862475970251,0.0035203867171080287,-0.026192263967819596,-0.056466597331667354,0.0816062897733602,,,,,,,,,,,,
phase3,rain_pilot,precip,2,51,monsoon_JJAS,all,superensemble,baseline,False,19032,25,-0.8684172623672942,6.8137012753282855,12.91381021129793,10.068918786024245,15.646479918459212,6.8137012753282855,5.174724907653198,8.46679186003347,458.0,0.1331877729257642,0.44036697247706424,0.12055335968379446,0.23799126637554585,0.11597063548313358,0.0,0.23676708442975952,0.023381672971836905,-0.06872434865992894,-0.13283986769225373,0.01654913641220382,66.0,0.0,1.0,0.0,0.015151515151515152,-5.176153929406672e-05,-0.00015705516112483368,0.0,0.0035203867171080287,-0.026192263967819596,-0.056466597331667354,0.0816062897733602,-0.05592017552971207,-0.33783265815426183,0.2178527884584378,0.65,-0.06305702430331106,-0.18861083641677703,0.0693174751300826,0.32,-0.009917513985034626,-0.02885904126194777,0.002213676003770226,0.746
phase3,rain_pilot,precip,2,51,monsoon_JJAS,all,persistence,baseline,False,19032,25,0.6749794336228454,11.18053760948329,21.660126114526832,18.466991653482005,24.7882709871232,11.18053760948329,9.199670766729202,13.169201281976251,458.0,0.09606986899563319,0.9222614840989399,0.044897959183673466,1.2358078602620088,0.031436268508729714,0.011820303886489901,0.05113814839860087,0.04918032786885246,-1.2479235738105472,-3.0398804152728682,-0.5491704098911557,66.0,0.0,1.0,0.0,1.3484848484848484,-0.001995186281922471,-0.003018719586610345,-0.0006404751673197074,0.00814417822614544,-1.3740268793285377,-6.75572161820583,-0.3871420286258877,8.69039572769919,5.680408243960175,12.222666245568055,0.0,4.303779309851693,2.597663546518754,6.3147737868611085,0.0,-0.09445188095943849,-0.23937676326538748,0.047084381800966725,0.744
phase3,rain_pilot,precip,2,51,monsoon_JJAS,all,climatology,baseline,False,19032,25,-0.17384056665375985,8.742146002159256,15.315643011018315,12.15239234163763,18.461300334295082,8.742146002159256,7.537994335578829,10.087776793223055,458.0,0.0,,0.0,0.0,0.0,0.0,0.0,0.024064733081126524,-0.09994550940729763,-0.14776305397210882,0.018783259572529173,66.0,0.0,,0.0,0.0,0.0,0.0,0.0,0.0034678436317780582,-0.010875961520538713,-0.031168424875190615,0.0816062897733602,2.3459126241906727,1.0506207826357754,3.5890185019754983,0.0,1.8653877025276593,1.0936944626626297,2.701702318620514,0.0,-0.1258881494681682,-0.26337336236706504,0.0,0.244
phase3,rain_pilot,precip,2,51,monsoon_JJAS,all,ecmwf_ifs_ctrl,source,False,19032,25,-1.025201762448597,7.516530354980171,14.319804385191535,11.199958613711962,17.24656512331404,7.516530354980171,5.831960841817111,9.329600951317525,458.0,0.17467248908296942,0.4666666666666667,0.15151515151515152,0.32751091703056767,0.14567449376745706,0.0035473148783878965,0.2826323842894556,0.023539302227826818,-0.07592923190932166,-0.1563254619784649,0.01238706651644603,66.0,0.030303030303030304,0.8571428571428571,0.02564102564102564,0.21212121212121213,0.02503417427667818,-0.0001396034318762448,0.04221821860920713,0.003993274485077764,-0.16403898599334754,-0.29678261854888854,0.04772902287146206,1.350073998363893,0.931317757902389,1.7420100595378019,0.0,0.6397720553485744,0.36965664332262527,0.8899617222286781,0.0,0.019786344299288855,0.0031663473863858377,0.03203511292921718,0.026
phase3,rain_pilot,precip,2,51,monsoon_JJAS,all,ecmwf_aifs,source,False,19032,25,1.0590125380421371,7.509703599057462,13.30100440454307,10.190062343000312,16.051012287492345,7.509703599057462,5.680125596304424,9.339877685774542,458.0,0.17903930131004367,0.5176470588235295,0.15018315018315018,0.37117903930131,0.1437676732458037,0.006267496825528307,0.25215197890451735,0.02437999159310635,-0.1143552759060833,-0.22309538894248587,0.013524578629615536,66.0,0.015151515151515152,0.8888888888888888,0.013513513513513514,0.13636363636363635,0.01309727271564896,0.0,0.022469685363403973,0.003835645229087852,-0.11809007865150489,-0.22705271373965777,0.0816062897733602,0.33127401771542786,-0.5874941346368033,1.1729068184794609,0.528,0.6329452994258657,0.21079314324485082,1.0676716036877403,0.002,0.017879523777635492,-0.026196942048453034,0.09112630497144189,0.554
phase3,rain_pilot,precip,2,51,monsoon_JJAS,all,ncep_gfs,source,False,19032,25,-3.103817518372222,7.513965500629076,15.58510446161406,12.085513010213589,18.710831452638597,7.513965500629076,5.682249546568009,9.360664102202914,458.0,0.10480349344978165,0.6778523489932886,0.08586762075134168,0.32532751091703055,0.07996616290054553,-0.0031949026694325106,0.15531267541636065,0.026849516603614964,-0.2272317801465702,-0.42774542024997536,-0.0711044396110819,66.0,0.045454545454545456,0.875,0.034482758620689655,0.36363636363636365,0.033558215451577805,-0.0006014973896994646,0.057427235366105486,0.004413619167717529,-0.2865694055715946,-0.7010627912595413,0.03737074088321679,2.615374074786418,1.7962066706864492,3.361455395990385,0.0,0.6372072009974792,0.31165387696727853,0.99705942456782,0.0,-0.04592198656762267,-0.10591929640183155,0.014623854682641012,0.434
phase3,rain_pilot,precip,2,51,monsoon_JJAS,all,ecmwf_ifs_ens,source,True,19032,25,-0.24973940824490706,7.265857308274587,13.273286257637682,10.424606273583247,16.119994772668903,5.3141803977281725,4.1591158330691345,6.583518711265781,458.0,0.14410480349344978,0.40540540540540543,0.1312127236580517,0.2423580786026201,0.126574390233913,-0.0001040151057633582,0.2555509156544024,0.02027502517462243,0.07327362332406673,-0.06054505615164161,0.21121291315441473,66.0,0.015151515151515152,0.75,0.014492753623188406,0.06060606060606061,0.014294592914853948,0.0,0.0260936851335586,0.003441743798542255,-0.003267863572869567,-0.01876579583132058,0.07567916677014055,0.3035558708100403,-0.0038366565633790334,0.5891572710175131,0.052,-1.562577901903424,-2.0217272161815485,-1.0859242236204087,0.0,0.0006862407657448055,-0.011055390096437669,0.0119444739459099,0.892
phase3,rain_pilot,precip,2,51,postmonsoon_OND,all,blend_A,L3A,False,13884,18,0.9800116267871635,4.094642722868067,8.371752213146351,5.858076629085815,10.591330077172247,4.094642722868067,2.4627754968307163,5.852918992703306,59.0,0.0,,0.0,0.0,0.0,0.0,0.0,0.00424949582252953,-0.0019766874347300067,-0.012305131200148828,0.04431896375305765,3.0,0.0,,0.0,0.0,0.0,0.0,0.0,0.000216076058772688,0.012514012020014786,0.004410919250350742,1.0,-0.0944930649034923,-0.2017828369104616,-0.02093063411703162,0.0,-0.08724768581737319,-0.14761953965626254,-0.03415266179347099,0.0,7.082994690154998e-05,0.0,0.0002638934332040465,0.72
phase3,rain_pilot,precip,2,51,postmonsoon_OND,all,equal_mean,prev,False,13884,18,1.0605428557392524,4.18189040868544,8.466245278049843,5.973649003428708,10.668376758944795,4.18189040868544,2.5636812145228847,5.916784961371681,59.0,0.0,1.0,0.0,0.01694915254237288,-7.082994690154998e-05,-0.00026389343320404654,0.0,0.00432152117545376,-0.01895934315396275,-0.06347233261719328,0.03227850802908359,3.0,0.0,,0.0,0.0,0.0,0.0,0.0,0.000216076058772688,0.012514012020014786,0.004410919250350742,1.0,,,,,,,,,,,,
phase3,rain_pilot,precip,2,51,postmonsoon_OND,all,superensemble,baseline,False,13884,18,0.12585620834518038,4.253276534868539,8.226139907321265,5.800795410983868,10.384842565397427,4.253276534868539,2.828982707690656,5.8310274528979775,59.0,0.0,,0.0,0.0,0.0,0.0,0.0,0.00424949582252953,-0.0019766874347300067,-0.012305131200148828,0.04431896375305765,3.0,0.0,,0.0,0.0,0.0,0.0,0.0,0.000216076058772688,0.012514012020014786,0.004410919250350742,1.0,-0.2401053707285783,-0.3557766230070179,-0.11043558222152189,0.002,0.07138612618309903,-0.20962760847994877,0.37380401924300777,0.692,7.082994690154998e-05,0.0,0.0002638934332040465,0.72
phase3,rain_pilot,precip,2,51,postmonsoon_OND,all,persistence,baseline,False,13884,18,0.26334727398656227,5.858412749902728,13.160591537297133,10.214988955253785,15.682625388952628,5.858412749902728,3.7988363050644485,7.98165194673873,59.0,0.03389830508474576,0.9666666666666667,0.017094017094017096,1.0169491525423728,0.014947362186653242,-0.002914617080377619,0.055243404533947646,0.008282915586286372,-0.953005407711762,-2.9276665935878143,-0.3349565658704299,3.0,0.0,1.0,0.0,1.0,-0.00010804970286331712,-0.00023016473218689378,0.0,0.000432152117545376,-0.9749719759599704,-15.327511272947705,0.03938313352514619,4.69434625924729,3.048042643326729,6.285682219849555,0.0,1.6765223412172876,0.5677481517972417,2.7663424350944203,0.0,0.015018192133554792,-0.0027871679992207935,0.0553136775085866,0.752
phase3,rain_pilot,precip,2,51,postmonsoon_OND,all,climatology,baseline,False,13884,18,0.32253339273752596,5.266830202394109,9.688269938840516,7.056529107549986,12.1789900393068,5.266830202394109,3.869089142386012,6.787792854830755,59.0,0.0,,0.0,0.0,0.0,0.0,0.0,0.00424949582252953,-0.0019766874347300067,-0.012305131200148828,0.04431896375305765,3.0,0.0,,0.0,0.0,0.0,0.0,0.0,0.000216076058772688,0.012514012020014786,0.004410919250350742,1.0,1.222024660790673,0.6628015905206065,1.8490225212823657,0.0,1.0849397937086689,0.3287498350947452,1.8580761310108027,0.004,7.082994690154998e-05,0.0,0.0002638934332040465,0.72
phase3,rain_pilot,precip,2,51,postmonsoon_OND,all,ecmwf_ifs_ctrl,source,False,13884,18,0.9717430210412321,4.544420141327479,9.702994398855534,6.729232674920516,12.249867814248361,4.544420141327479,2.7256273727823994,6.4596045272470555,59.0,0.0,1.0,0.0,0.15254237288135594,-0.0005627497798281228,-0.0014526052882840863,0.0,0.004897723998847595,-0.15482058890782446,-0.5973927206141278,0.03227850802908359,3.0,0.0,1.0,0.0,0.3333333333333333,-5.402193290475933e-05,-0.0001582180867854945,0.0,0.0002881014116969173,-0.3166479839733136,-0.9612513354573857,1.0,1.2367491208056904,0.7420311492930541,1.7127609525314684,0.0,0.3625297326420389,0.1052505480752791,0.622152192220395,0.002,-0.0004919198329265728,-0.0012356417183590025,0.0,0.236
phase3,rain_pilot,precip,2,51,postmonsoon_OND,all,ecmwf_aifs,source,False,13884,18,1.1352154397448884,4.0622023127251845,8.296677781593417,5.736090407292875,10.537741087424909,4.0622023127251845,2.4209825553108506,5.845236662062406,59.0,0.0,,0.0,0.0,0.0,0.0,0.0,0.00424949582252953,-0.0019766874347300067,-0.012305131200148828,0.04431896375305765,3.0,0.0,,0.0,0.0,0.0,0.0,0.0,0.000216076058772688,0.012514012020014786,0.004410919250350742,1.0,-0.16956749645642688,-0.35466665338497105,-0.04510646378789587,0.0,-0.11968809596025576,-0.25086786385906135,-0.014172596209182988,0.018,7.082994690154998e-05,0.0,0.0002638934332040465,0.72
phase3,rain_pilot,precip,2,51,postmonsoon_OND,all,ncep_gfs,source,False,13884,18,1.414935022530832,5.152265594140966,11.487995571279242,8.125337193388605,14.247980809233454,5.152265594140966,3.140927818936989,7.235762953344611,59.0,0.01694915254237288,0.9827586206896551,0.008620689655172414,0.9830508474576272,0.006509773371281085,-0.003049426289067951,0.038688519957982045,0.008282915586286372,-0.953005407711762,-3.056829138030057,-0.30642538367710187,3.0,0.0,1.0,0.0,1.0,-0.00010804970286331712,-0.0002077829558609635,0.0,0.000432152117545376,-0.9749719759599704,-28.642593088746985,0.007393089759322253,3.021750293229399,1.700199592158225,4.224300210132973,0.0,0.9703751854555254,0.4328494725843938,1.5657256064820146,0.0,0.006580603318182635,-0.0029562786431524962,0.03875812997089895,0.704
phase3,rain_pilot,precip,2,51,postmonsoon_OND,all,ecmwf_ifs_ens,source,True,13884,18,1.2197557633328435,4.352293499032464,8.636038476693937,6.242186134096734,10.796157332588997,2.920508124884349,1.8027317682508457,4.096463263049499,59.0,0.0,,0.0,0.0,0.0,0.0,0.0,0.0042026973425441615,0.009057794751160975,-0.010743712690349448,0.03741391024235366,3.0,0.0,,0.0,0.0,0.0,0.0,0.0,0.00022665417673387793,-0.03582888781445215,-0.11392246752178319,0.028221647911634513,0.16979319864409348,-0.015200175688454774,0.4004172636707321,0.08,-1.2613822838010913,-1.7972575522927448,-0.7347448171825877,0.0,7.082994690154998e-05,0.0,0.0002638934332040465,0.72
phase3,rain_pilot,precip,3,75,all,all,blend_A,L3A,False,56627,73,0.14914746136659884,4.735503522812458,10.243542145676123,8.59066357391705,11.877342027912903,4.735503522812458,3.8343368184727913,5.692005090511456,870.0,0.23908045977011494,0.35202492211838005,0.2115971515768057,0.3689655172413793,0.20762176146709282,0.014054967265332794,0.305440100287004,0.013686050823811963,0.04287902984010983,-0.11833542823654501,0.16711091084542776,144.0,0.013888888888888888,0.6,0.013605442176870748,0.034722222222222224,0.013520116480559922,-3.4685379551865886e-05,0.029074380425774867,0.0025606159605841734,-0.01785412546826759,-0.029727840326906285,0.01582435596387695,-0.12012856124039928,-0.3501157562757508,0.12376883652280671,0.282,-0.10936812441491917,-0.21657400280428832,-0.005463413288873922,0.034,-0.0064376194755880745,-0.02666335791510164,0.017342421497880286,0.662
phase3,rain_pilot,precip,3,75,all,all,equal_mean,prev,False,56627,73,0.24425315413948537,4.844871647227377,10.363670706916523,8.653509685795347,12.120143955614639,4.844871647227377,3.9279093129187164,5.83867065483699,870.0,0.24482758620689654,0.334375,0.218014329580348,0.367816091954023,0.2140593809426809,0.015053803512808717,0.3145748804205616,0.013491797199215921,0.056463972642379234,-0.07348715227618369,0.18176252045393415,144.0,0.0,1.0,0.0,0.034722222222222224,-8.534139461825312e-05,-0.00018666163465450402,0.0,0.002631253642255461,-0.04593285996394392,-0.07364720459430286,0.007470441576947532,,,,,,,,,,,,
phase3,rain_pilot,precip,3,75,all,all,superensemble,baseline,False,56627,73,-0.6070299128240523,4.928264625294639,10.509170160973103,8.653651823139143,12.336121059799128,4.928264625294639,4.006813345934647,5.926537148262068,870.0,0.12873563218390804,0.34502923976608185,0.12055974165769645,0.19655172413793104,0.11806565032676893,0.0022692061726652412,0.1962830606178626,0.014427746481360481,-0.008990751768555238,-0.11521423964941506,0.11225944665099236,144.0,0.0,1.0,0.0,0.013888888888888888,-3.483623461913714e-05,-8.670584671156133e-05,0.0,0.0025782753810019957,-0.024873809092186727,-0.047291888141034376,0.014990995636457505,0.14549945405657994,-0.07991819211489415,0.3567414383527415,0.222,0.08339297806726176,-0.06673687291993666,0.22467838188631323,0.252,-0.09599373061591197,-0.13243568837358136,-0.012665709231954252,0.022
phase3,rain_pilot,precip,3,75,all,all,persistence,baseline,False,56627,73,0.005800716047668907,7.239700206565902,16.96551503608934,14.11802375332671,19.358390473580897,7.239700206565902,5.762411021913354,8.667359222943801,870.0,0.15517241379310345,0.8448275862068966,0.08411214953271028,1.0,0.07642059444841744,0.016607360086503722,0.15271590148070818,0.025959348014198174,-0.8154423563032756,-1.7231297656177695,-0.4043029009206637,144.0,0.08333333333333333,0.9166666666666666,0.043478260869565216,1.0,0.04220750015568624,-0.0013621308689384852,0.11133198073991618,0.004662086990304978,-0.8531964767146389,-2.4634343880001066,-0.3226571982897499,6.601844329172817,4.780037884886131,8.340266624047407,0.0,2.3948285593385252,1.559120389946305,3.300653694765081,0.0,-0.13763878649426348,-0.2639069615206768,0.017158703444443008,0.124
phase3,rain_pilot,precip,3,75,all,all,climatology,baseline,False,56627,73,-0.8862759352700795,5.971986453310649,13.210536466908568,10.098299013980737,16.191513842711124,5.971986453310649,4.845092127956395,7.24536737465428,870.0,0.0,,0.0,0.0,0.0,0.0,0.0,0.015363695763505042,-0.07444547617948971,-0.11708287245387934,-0.017246382637415167,144.0,0.0,,0.0,0.0,0.0,0.0,0.0,0.0025429565401663516,-0.010834441844348452,-0.025065195981584926,0.015974320111683083,2.8468657599920455,1.2602327963929927,4.636442012208604,0.0,1.1271148060832719,0.5805002326798017,1.730306692561305,0.0,-0.2140593809426809,-0.3145748804205616,-0.015053803512808732,0.022
phase3,rain_pilot,precip,3,75,all,all,ecmwf_ifs_ctrl,source,False,56627,73,0.4037035545016307,5.286885235317895,11.80666267449907,9.54855002323333,13.94260247431675,5.286885235317895,4.20607605149941,6.493643305597676,870.0,0.37701149425287356,0.49693251533742333,0.2747068676716918,0.7494252873563219,0.26857049905200053,0.057715105883842995,0.37738446425902317,0.015293058081833755,-0.06950549697866437,-0.20799392920872758,0.07456800227503751,144.0,0.10416666666666667,0.810126582278481,0.07211538461538461,0.5486111111111112,0.07121833528228,0.01387799258510762,0.10509332029938764,0.0034082681406396244,-0.35479893941638374,-0.47823138997193954,-0.09847343078096253,1.4429919675825467,0.8952368497020361,2.0250850322387346,0.0,0.44201358809051783,0.22270271942014108,0.6863017275660093,0.0,0.054511118109319634,0.012282686893254562,0.08001621939605677,0.016
phase3,rain_pilot,precip,3,75,all,all,ecmwf_aifs,source,False,56627,73,1.135739939347993,5.25520031205206,10.792287872071267,8.831621162450103,12.577431070334022,5.25520031205206,4.182816040867841,6.354643553190754,870.0,0.2367816091954023,0.4758269720101781,0.19489120151371808,0.4517241379310345,0.19026573245240955,0.02080609980253512,0.2861511296494337,0.015028166775566426,-0.050980574975569626,-0.28402997609982195,0.11371470516768115,144.0,0.027777777777777776,0.6,0.02666666666666667,0.06944444444444445,0.026501629063385695,-3.6005697823551884e-05,0.057542832124075356,0.0025782753810019957,-0.024873809092186727,-0.047291888141034376,0.014990995636457505,0.42861716515474413,-0.05310534570239582,1.0185647170854017,0.104,0.4103286648246831,0.1788696068616039,0.707577457598503,0.0,-0.023793648490271352,-0.04637073245073247,0.00381030182415236,0.09
phase3,rain_pilot,precip,3,75,all,all,ncep_gfs,source,False,56627,73,-1.2801874976947991,5.281301073174491,12.602512368847153,10.47104442478034,14.74342306097105,5.281301073174491,4.251649696211753,6.420509319467217,870.0,0.07931034482758621,0.6101694915254238,0.0705521472392638,0.20344827586206896,0.06796056857184327,0.011801255626674861,0.11005547210364962,0.016052413159800095,-0.1226102733875356,-0.28465442257987605,-0.038088347015218536,144.0,0.013888888888888888,0.9047619047619048,0.012269938650306749,0.14583333333333334,0.01194623230918839,-0.0004402724517478053,0.02844888155251339,0.0028431666872693238,-0.13016906345097312,-0.3813989232742927,-0.013399225849971847,2.23884166193063,1.5242779423799773,2.9464239408718353,0.0,0.4364294259471144,0.12608077919383073,0.7393634939719725,0.008,-0.14609881237083763,-0.24229976606911655,-0.007826000287023646,0.028
phase3,rain_pilot,precip,3,75,all,all,ecmwf_ifs_ens,source,True,56627,73,0.7129575933789183,5.158950840963738,10.655474022769765,8.87238660065608,12.460431217707523,3.517599720349422,2.8404088510101495,4.268081103435248,870.0,0.28160919540229884,0.4024390243902439,0.23671497584541062,0.47126436781609193,0.23204109987520652,0.015171775803604055,0.3452929121643082,0.01131708811949625,0.20855018735782827,0.021667671597279815,0.35598332648522646,144.0,0.041666666666666664,0.6,0.0392156862745098,0.10416666666666667,0.038976093918899495,0.0,0.062199376872212817,0.002370626125308545,0.057667522685568406,-0.010142590899327031,0.12430025489784828,0.29180331585324204,0.07355114336211885,0.5310742623847184,0.006,-1.327271926877955,-1.5999300215428518,-1.0650166404257908,0.0,0.01798171893252562,-0.00017067788842626045,0.0316235776070904,0.102
phase3,rain_pilot,precip,3,75,winter_JF,all,blend_A,L3A,False,9203,13,0.34789658686650415,0.5074114237517279,1.9995789616069235,0.9462106924416968,2.8851154279581386,0.5074114237517279,0.23620778142522553,0.8195241085326509,0.0,,1.0,0.0,,0.0,0.0,0.0,0.00021732043898728675,-317.9590639054225,-1215.446801120453,1.0,0.0,,,,,,,,0.0,1.0,1.0,1.0,0.328052908428343,-0.034920710788991186,0.8165499160015033,0.38,0.01891276777653028,-0.010553443190510168,0.05023714225782837,0.236,,,,
phase3,rain_pilot,precip,3,75,winter_JF,all,equal_mean,prev,False,9203,13,0.3311710873440969,0.4884986559751976,1.6715260531785805,0.9518436769342405,2.234826921527154,0.4884986559751976,0.22253052527284012,0.7907730716960801,0.0,,,,,,,,0.0,1.0,1.0,1.0,0.0,,,,,,,,0.0,1.0,1.0,1.0,,,,,,,,,,,,
phase3,rain_pilot,precip,3,75,winter_JF,all,superensemble,baseline,False,9203,13,-0.6078982679699515,0.9689644608420214,1.6056125573668454,1.0357487146592521,2.079371750595831,0.9689644608420214,0.8237624729099816,1.1491630573564051,0.0,,,,,,,,0.0,1.0,1.0,1.0,0.0,,,,,,,,0.0,1.0,1.0,1.0,-0.06591349581173511,-0.48871628826611524,0.2289889836985958,0.674,0.4804658048668238,0.3059300685928926,0.6267751085072321,0.0,,,,
phase3,rain_pilot,precip,3,75,winter_JF,all,persistence,baseline,False,9203,13,0.028037675463394227,0.317850765385285,1.8224740440569362,1.03128779734366,2.581254570193346,0.317850765385285,0.12460580490169802,0.5703685975026177,0.0,,,,,,,,0.0,1.0,1.0,1.0,0.0,,,,,,,,0.0,1.0,1.0,1.0,0.15094799087835575,-0.6005368318894961,0.7486853557461084,0.662,-0.1706478905899126,-0.4238369996719057,0.06446080603387537,0.184,,,,
phase3,rain_pilot,precip,3,75,winter_JF,all,climatology,baseline,False,9203,13,0.18576825665763189,0.46513082092919533,1.3264027180209226,0.6529662265150072,1.9987607704391306,0.46513082092919533,0.3679181850023858,0.6153424739665861,0.0,,,,,,,,0.0,1.0,1.0,1.0,0.0,,,,,,,,0.0,1.0,1.0,1.0,-0.3451233351576579,-0.9987262185708127,0.1750684907913929,0.29,-0.02336783504600226,-0.3046531407119283,0.19834560287986136,0.928,,,,
phase3,rain_pilot,precip,3,75,winter_JF,all,ecmwf_ifs_ctrl,source,False,9203,13,0.22157546899638772,0.40071982886805346,1.791239027464289,1.1436564669534828,2.3395305419441104,0.40071982886805346,0.17739784397673652,0.6534694120109122,0.0,,,,,,,,0.0,1.0,1.0,1.0,0.0,,,,,,,,0.0,1.0,1.0,1.0,0.1197129742857086,-0.1956928293029322,0.5043702232737336,0.522,-0.08777882710714413,-0.1775233053104148,-0.001431140577256862,0.046,,,,
phase3,rain_pilot,precip,3,75,winter_JF,all,ecmwf_aifs,source,False,9203,13,0.398963446347471,0.5686626433832327,1.6222598177346765,0.8017786481215544,2.2865276737608395,0.5686626433832327,0.31311142412964904,0.9175273935864995,0.0,,,,,,,,0.0,1.0,1.0,1.0,0.0,,,,,,,,0.0,1.0,1.0,1.0,-0.04926623544390396,-0.6124533449261302,0.3537691093574765,0.692,0.0801639874080351,-0.05172116436324378,0.18878858535577614,0.216,,,,
phase3,rain_pilot,precip,3,75,winter_JF,all,ncep_gfs,source,False,9203,13,0.26651280515659354,0.4783812693730976,2.71547516050446,0.9408448090367931,4.229312597477374,0.4783812693730976,0.1493014164526254,0.8679905403402274,0.0,,1.0,0.0,,0.0,0.0,0.0,0.0003259806584809301,-477.43859585813374,-1823.6702016806796,1.0,0.0,,,,,,,,0.0,1.0,1.0,1.0,1.0439491073258795,-0.07607159560388171,2.2540687597155813,0.162,-0.010117386602099987,-0.13911524317398288,0.16449030322367947,0.838,,,,
phase3,rain_pilot,precip,3,75,winter_JF,all,ecmwf_ifs_ens,source,True,9203,13,0.4376326258478191,0.5685482564052077,1.8774676039493834,1.0986949307526228,2.544069065954418,0.26473204620113433,0.1029237723699012,0.4463195590235113,0.0,,,,,,,,8.940133399323217e-06,-12.121345573963941,-31.05960423328613,-2.8553150109281282,0.0,,,,,,,,1.671052971836115e-07,-5.201777708429621,-21.371794982176848,1.0,0.2059415507708029,-0.15737496118946165,0.5455823162865612,0.294,-0.22376660977406326,-0.3531964255016586,-0.11338551877050121,0.0,,,,
phase3,rain_pilot,precip,3,75,premonsoon_MAM,all,blend_A,L3A,False,14352,19,0.26695372155910974,5.3413301702822285,11.188200264458578,7.162547075427094,14.833142094132155,5.3413301702822285,3.585770681361849,7.50656292819386,353.0,0.41359773371104813,0.3145539906103286,0.3476190476190476,0.603399433427762,0.3393787070668178,0.0,0.40695840420596874,0.019091415830546264,0.18073333882692422,-0.07991389545454199,0.3214329312863845,75.0,0.013333333333333334,0.6666666666666666,0.012987012987012988,0.04,0.012786015482238327,-0.0001979790082571325,0.041402000456286545,0.005295429208472687,-0.025248398302188058,-0.0328287542025201,0.004468095444562152,-0.09696821031820946,-0.3962661390071062,0.10920495999654768,0.676,-0.03635734325900497,-0.137403038628331,0.049182962590037294,0.452,-0.02066765312441804,-0.028589627998714326,0.0,0.078
phase3,rain_pilot,precip,3,75,premonsoon_MAM,all,equal_mean,prev,False,14352,19,0.414552118045229,5.377687513541233,11.285168474776787,7.098258680462801,14.955665416380429,5.377687513541233,3.617077100425832,7.554814763607447,353.0,0.4447592067988669,0.3173913043478261,0.3685446009389671,0.6515580736543909,0.3600463601912358,0.0,0.43512033766144853,0.018743032329988852,0.19568346038117745,-0.027538921502111152,0.3265163082505145,75.0,0.0,1.0,0.0,0.04,-0.00020103088638538424,-0.000496320707080515,0.0,0.005434782608695652,-0.052228619310140445,-0.05834119900454497,0.004468095444562152,,,,,,,,,,,,
phase3,rain_pilot,precip,3,75,premonsoon_MAM,all,superensemble,baseline,False,14352,19,-1.0466490807300415,5.16331562673501,11.571632030969813,6.965557624374979,15.569574203582155,5.16331562673501,3.379741890673432,7.485644017260893,353.0,0.24079320113314448,0.2975206611570248,0.2185089974293059,0.34277620396600567,0.21248399204724003,0.0,0.2977769440621026,0.021181716833890748,0.09103260950140502,-0.1353994728672068,0.23493027056460813,75.0,0.0,1.0,0.0,0.013333333333333334,-6.876462967496336e-05,-0.00020531721509732537,0.0,0.005295429208472687,-0.025248398302188058,-0.0328287542025201,0.004468095444562152,0.2864635561930253,-0.1756757635294271,0.7534537032881785,0.482,-0.214371886806223,-0.46451574412645885,0.04962203544906308,0.112,-0.1475623681439958,-0.16795840252253796,0.0,0.078
phase3,rain_pilot,precip,3,75,premonsoon_MAM,all,persistence,baseline,False,14352,19,-1.4263081003012656,7.244783275368766,16.959491928799537,10.331146397907014,23.322757158943684,7.244783275368766,4.5616810808101755,10.731741859831581,353.0,0.28328611898017,0.5555555555555556,0.20920502092050208,0.6373937677053825,0.19994230795606027,-0.0013285137232247148,0.408254280894177,0.026337792642140468,-0.1302291895015424,-0.7663853345453034,-0.04907107091268069,75.0,0.16,0.76,0.10619469026548672,0.6666666666666666,0.10412317230996289,-0.0012257660733038477,0.22109835495334465,0.007037346711259755,-0.362501160901592,-0.8961688449882804,-0.01255562038938733,5.674323454022749,2.008196047113627,9.430471181461856,0.0,1.8670957618275326,0.6292320993927074,3.5728238004076025,0.0,-0.16010405223517554,-0.3685695190696726,0.11175969537872482,0.468
phase3,rain_pilot,precip,3,75,premonsoon_MAM,all,climatology,baseline,False,14352,19,-3.703702972193717,6.570556874256145,16.89916120802384,7.555582415561501,24.509081202695466,6.570556874256145,3.6807174180154325,10.588711796820368,353.0,0.0,,0.0,0.0,0.0,0.0,0.0,0.0245958751393534,-0.05547858173027631,-0.07967539180049202,0.0024043244649743136,75.0,0.0,,0.0,0.0,0.0,0.0,0.0,0.005225752508361204,-0.011758287798211864,-0.01463507777388361,0.004468095444562152,5.613992733247054,0.38040410503506683,9.838558043956619,0.01,1.1928693607149112,-0.10300563023267943,3.2054318575415235,0.136,-0.3600463601912358,-0.43512033766144853,0.0,0.078
phase3,rain_pilot,precip,3,75,premonsoon_MAM,all,ecmwf_ifs_ctrl,source,False,14352,19,1.4120867794432543,6.070117853789039,13.399646449835664,7.792230132003497,17.982845175551972,6.070117853789039,3.793257210479703,8.942849898932971,353.0,0.6685552407932012,0.4778761061946903,0.4147627416520211,1.2804532577903682,0.4031002911050351,0.0,0.4999012965554038,0.023202341137123744,0.0043219044867364165,-0.31975683654884945,0.22473018799520783,75.0,0.16,0.8032786885245902,0.0967741935483871,0.8133333333333334,0.0944462565764901,0.0,0.12510266940451747,0.007803790412486065,-0.5108923764453297,-0.7370126354642387,0.004468095444562152,2.114477975058877,0.4570369275133219,3.258275072847788,0.0,0.6924303402478058,0.08673143919857847,1.4092147622235587,0.006,0.043053930913799277,-0.022542238161898907,0.18503956785032932,0.264
phase3,rain_pilot,precip,3,75,premonsoon_MAM,all,ecmwf_aifs,source,False,14352,19,0.6921145435705066,5.567505826326367,11.568860118085075,7.147085147460202,15.461115893675515,5.567505826326367,3.703293915695082,7.889979527603833,353.0,0.41076487252124644,0.3584070796460177,0.33410138248847926,0.6402266288951841,0.3254619051258824,-6.351673114671574e-05,0.42457703330967045,0.020136566332218508,0.13588297416416462,-0.21138271439329193,0.31755781248153425,75.0,0.05333333333333334,0.5555555555555556,0.05,0.12,0.049441169165610005,0.0,0.07979262606076404,0.005295429208472687,-0.025248398302188058,-0.0328287542025201,0.004468095444562152,0.28369164330828767,-0.08298736416010527,0.5621942354199596,0.11,0.1898183127851336,-0.023918342140126978,0.4420053211032528,0.092,-0.0345844550653534,-0.06082072416851925,-6.613029322636278e-05,0.018
phase3,rain_pilot,precip,3,75,premonsoon_MAM,all,ncep_gfs,source,False,14352,19,-1.467881402650738,5.9541167899822955,13.978488017894254,8.608369635794242,19.04011147780878,5.9541167899822955,3.8319531069022026,8.68588099860016,353.0,0.10198300283286119,0.3898305084745763,0.09574468085106383,0.1671388101983003,0.09224122295031648,-0.0003347612617426728,0.15836888616250896,0.023690078037904124,-0.016608265689218138,-0.4561473326709876,0.03752963306746964,75.0,0.02666666666666667,0.7142857142857143,0.025,0.09333333333333334,0.024553974042269538,-0.0005824294623910276,0.043573308143849944,0.005434782608695652,-0.052228619310140445,-0.15800842364282575,0.012850735943763177,2.6933195431174664,1.129171427847311,4.406313297595262,0.0,0.5764292764410621,-0.08507502058178923,1.4740927618833093,0.11,-0.26780513724091937,-0.36679823734542544,-0.0005658419157062019,0.0
phase3,rain_pilot,precip,3,75,premonsoon_MAM,all,ecmwf_ifs_ens,source,True,14352,19,1.0218885521141288,5.688202190352504,11.591511068607737,7.232385443211028,15.482286011754484,3.8986748120693613,2.606520969900362,5.511036326648122,353.0,0.5297450424929179,0.3848684210526316,0.39787234042553193,0.8611898016997167,0.38813834261707514,0.0,0.48517954173015554,0.013309589142671727,0.42884787826707327,-3.462973079013587e-05,0.5404493352833724,75.0,0.06666666666666667,0.5833333333333334,0.06097560975609756,0.16,0.06025694664122371,0.0,0.08155475360735939,0.004584035725904239,0.1124845407764703,0.0051984982785225845,0.1692350595947845,0.30634259383094964,-0.15934234036706657,0.7835236970258099,0.282,-1.4790127014718721,-2.0730634662708254,-0.9934123972856115,0.0,0.028091982425839324,0.0,0.050233290964319825,0.078
phase3,rain_pilot,precip,3,75,monsoon_JJAS,all,blend_A,L3A,False,19032,25,-0.5727610210152129,6.756194772884466,12.801600437606218,10.142663946308941,15.144431596753341,6.756194772884466,5.23082339813079,8.243830417263492,458.0,0.13537117903930132,0.41509433962264153,0.12350597609561753,0.2314410480349345,0.1190294140791515,-0.0019639161145631008,0.2565761051412624,0.023118957545187054,-0.05671620991094106,-0.19564290909404655,0.07001291431877388,66.0,0.015151515151515152,0.5,0.014925373134328358,0.030303030303030304,0.014823389897506846,0.0,0.027925415286498854,0.0034678436317780582,-0.010875961520538713,-0.031168424875190615,0.0816062897733602,-0.2337338234866131,-0.7358909967096527,0.2713224773485904,0.382,-0.28482979053148405,-0.5935156854920444,-0.00867377745958159,0.042,0.009126559444505356,-0.002008493949103136,0.030150704277944553,0.758
phase3,rain_pilot,precip,3,75,monsoon_JJAS,all,equal_mean,prev,False,19032,25,-0.3934167264003791,7.04102456341595,13.035334261092832,10.237483487138698,15.619121153553442,7.04102456341595,5.4439379091143545,8.651994338136209,458.0,0.1222707423580786,0.37777777777777777,0.11382113821138211,0.1965065502183406,0.10990285463464615,0.0,0.22912607919517664,0.02290878520386717,-0.04710969891175054,-0.12244134566066639,0.045022642372075025,66.0,0.0,1.0,0.0,0.030303030303030304,-0.00010200580505763328,-0.00030551239104233694,0.0,0.003572929802437999,-0.04150856641510048,-0.08302713284519816,0.0816062897733602,,,,,,,,,,,,
phase3,rain_pilot,precip,3,75,monsoon_JJAS,all,superensemble,baseline,False,19032,25,-0.7428184148612189,7.065265209020032,13.187138311991538,10.285045019294829,15.836054084823783,7.065265209020032,5.368775809973642,8.808321981426324,458.0,0.05895196506550218,0.46,0.056133056133056136,0.1091703056768559,0.053766022025754395,0.0,0.11161841488346338,0.02385456073980664,-0.09033899840810733,-0.1362597743144888,0.018783259572529173,66.0,0.0,1.0,0.0,0.015151515151515152,-5.176153929406672e-05,-0.00015705516112483368,0.0,0.0035203867171080287,-0.026192263967819596,-0.056466597331667354,0.0816062897733602,0.15180405089870597,-0.22908583647243982,0.502344243360967,0.498,0.024240645604082012,-0.18964640496696822,0.2576078742913535,0.874,-0.056136832608891754,-0.11725561533880585,0.009154369379683664,0.744
phase3,rain_pilot,precip,3,75,monsoon_JJAS,all,persistence,baseline,False,19032,25,0.8076507820626043,11.775923817839745,22.82306571525597,19.308214947247293,25.869482636419704,11.775923817839745,9.770708842733706,13.78849258202873,458.0,0.06986899563318777,0.9452991452991453,0.03165182987141444,1.277292576419214,0.017977463422254564,6.124940650995482e-05,0.042531283074727866,0.051439680538041196,-1.3511935670518436,-3.422223101362855,-0.5601240584996642,66.0,0.0,1.0,0.0,1.378787878787879,-0.0020140723496638855,-0.003010071774051831,-0.0006199112208448779,0.008249264396805381,-1.4046594842230995,-7.385835161869098,-0.37643579315446474,9.78773145416314,6.696266900217003,13.334225347145516,0.0,4.734899254423795,2.946033264708812,6.867586378440551,0.0,-0.09192539121239159,-0.21278843219046106,0.03675741568351579,0.698
phase3,rain_pilot,precip,3,75,monsoon_JJAS,all,climatology,baseline,False,19032,25,-0.17384056665375985,8.742146002159256,15.315643011018315,12.15239234163763,18.461300334295082,8.742146002159256,7.537994335578829,10.087776793223055,458.0,0.0,,0.0,0.0,0.0,0.0,0.0,0.024064733081126524,-0.09994550940729763,-0.14776305397210882,0.018783259572529173,66.0,0.0,,0.0,0.0,0.0,0.0,0.0,0.0034678436317780582,-0.010875961520538713,-0.031168424875190615,0.0816062897733602,2.2803087499254833,1.11545315838604,3.441729803538506,0.0,1.7011214387433062,0.9472394053490542,2.5407618844728668,0.0,-0.10990285463464615,-0.2291260791951767,0.0,0.744
phase3,rain_pilot,precip,3,75,monsoon_JJAS,all,ecmwf_ifs_ctrl,source,False,19032,25,-0.4950167762856271,7.732329636750748,14.644091468681513,11.243710933346295,17.87515892938898,7.732329636750748,5.956290537481303,9.665876025843133,458.0,0.20087336244541484,0.54,0.1625441696113074,0.4366812227074236,0.15536184033125003,-0.000620792481992976,0.2830606966614794,0.024905422446406054,-0.13837155340405904,-0.19531759939542992,-0.02014226575415354,66.0,0.045454545454545456,0.8333333333333334,0.037037037037037035,0.2727272727272727,0.0362943747224754,0.0,0.05875750780280335,0.004098360655737705,-0.1946715908879093,-0.3754015633824896,0.0816062897733602,1.6087572075886811,0.8699695260285392,2.6452752037051814,0.0,0.6913050733347985,0.33809257514853375,1.1739567856386584,0.0,0.04545898569660388,-0.000620792481992976,0.05666205112684486,0.266
phase3,rain_pilot,precip,3,75,monsoon_JJAS,all,ecmwf_aifs,source,False,19032,25,1.6384021727890465,7.989517204828338,13.790911200415538,10.625382007702832,16.6404386254377,7.989517204828338,5.970953450708722,9.966171639280459,458.0,0.1331877729257642,0.6347305389221557,0.10815602836879433,0.3646288209606987,0.10175554221500191,0.005095660787039079,0.19750918555107497,0.0264291719209752,-0.20801875814818938,-0.4658732257416669,-0.044720760665201184,66.0,0.0,1.0,0.0,0.015151515151515152,-5.176153929406672e-05,-0.00015705516112483368,0.0,0.0035203867171080287,-0.026192263967819596,-0.056466597331667354,0.0816062897733602,0.7555769393227063,-0.39349515972738,1.9623787138993711,0.234,0.948492641412388,0.34992597184420043,1.6755614287753084,0.0,-0.00814731241964424,-0.04209459454006736,0.024668872778116285,0.892
phase3,rain_pilot,precip,3,75,monsoon_JJAS,all,ncep_gfs,source,False,19032,25,-3.1382889258528475,7.541721481602433,15.7030655474285,12.36816822054442,18.581066284020217,7.541721481602433,5.829149458788502,9.219410017848237,458.0,0.07205240174672489,0.6886792452830188,0.062146892655367235,0.2314410480349345,0.05761980877049875,-0.0005151672144986534,0.11266195625152994,0.026166456494325346,-0.19601061939920128,-0.3797646454764037,-0.057120303812328334,66.0,0.0,1.0,0.0,0.18181818181818182,-0.0005337991944484884,-0.0011860519173023487,0.0,0.004098360655737705,-0.1946715908879093,-0.6600371721145031,0.04066942700698657,2.667731286335668,1.6114344601388406,3.948928885208962,0.0,0.5006969181864838,-0.09929302067308189,1.1254066295159082,0.098,-0.0522830458641474,-0.12108459807800813,0.0237315703357963,0.63
phase3,rain_pilot,precip,3,75,monsoon_JJAS,all,ecmwf_ifs_ens,source,True,19032,25,0.24562395456407635,7.491704676632773,13.344985463733126,10.5344885198104,16.03528422983085,5.259742923159773,4.108039559167056,6.479982806153986,458.0,0.12663755458515283,0.4368932038834951,0.11530815109343936,0.22489082969432314,0.11092700528095864,0.0,0.22610386582143838,0.020491985088672362,0.06335686744831681,-0.03650612132209678,0.16719872638988925,66.0,0.015151515151515152,0.6666666666666666,0.014705882352941176,0.045454545454545456,0.014555116083890143,0.0,0.02691862475970251,0.0034205124326515206,0.0029210767854898068,-0.018397615757665003,0.08717649976471623,0.30965120264029444,-0.06470188226991523,0.6710101535030832,0.104,-1.7812816402561769,-2.2585038023710156,-1.2940464900637192,0.0,0.001024150646312491,-0.003267504360990152,0.0011026462500353523,1.0
phase3,rain_pilot,precip,3,75,postmonsoon_OND,all,blend_A,L3A,False,14040,18,0.8770334007136144,4.1485029296357725,8.395398314594708,6.060523341854424,10.521662364366744,4.1485029296357725,2.60896955445171,5.721961666765118,59.0,0.0,,0.0,0.0,0.0,0.0,0.0,0.004202279202279203,-0.00196939628955084,-0.012298821084074263,0.04433945351263057,3.0,0.0,,0.0,0.0,0.0,0.0,0.0,0.00021367521367521368,0.012517336900361609,0.004412947055468461,1.0,-0.02141470420374425,-0.06394730354595637,0.015651613834642874,0.262,-0.030239445814999932,-0.07443250177817448,0.014075399168316394,0.208,0.0,0.0,0.0,1.0
phase3,rain_pilot,precip,3,75,postmonsoon_OND,all,equal_mean,prev,False,14040,18,0.8775933747361682,4.178742375450772,8.416813018798452,6.100951359109786,10.506742557683648,4.178742375450772,2.6418413070289017,5.751950780285185,59.0,0.0,,0.0,0.0,0.0,0.0,0.0,0.004202279202279203,-0.00196939628955084,-0.012298821084074263,0.04433945351263057,3.0,0.0,,0.0,0.0,0.0,0.0,0.0,0.00021367521367521368,0.012517336900361609,0.004412947055468461,1.0,,,,,,,,,,,,
phase3,rain_pilot,precip,3,75,postmonsoon_OND,all,superensemble,baseline,False,14040,18,0.026996621432772372,4.386426472255004,8.434697526613268,6.196865245144911,10.45102323117312,4.386426472255004,3.058987224462749,5.768171281615406,59.0,0.0,,0.0,0.0,0.0,0.0,0.0,0.004202279202279203,-0.00196939628955084,-0.012298821084074263,0.04433945351263057,3.0,0.0,,0.0,0.0,0.0,0.0,0.0,0.00021367521367521368,0.012517336900361609,0.004412947055468461,1.0,0.01788450781481643,-0.17506340977209953,0.31471916032147557,0.934,0.20768409680423172,-0.10201884776116318,0.5310158721068151,0.21,0.0,0.0,0.0,1.0
phase3,rain_pilot,precip,3,75,postmonsoon_OND,all,persistence,baseline,False,14040,18,0.3682058825961545,5.622564909839604,12.59352805445946,9.748964280560788,15.124321720635603,5.622564909839604,3.66457552262761,7.660107500730307,59.0,0.05084745762711865,0.95,0.02586206896551724,1.0169491525423728,0.023740077533690233,-0.0028398982468980528,0.08571551423966339,0.008048433048433048,-0.9190261318765973,-3.069126029088709,-0.2567533265914786,3.0,0.0,1.0,0.0,1.0,-0.00010684902233144567,-0.00022899015342340277,0.0,0.00042735042735042735,-0.9749653261992768,-15.327511272947705,0.03939257267766011,4.176715035661008,2.5951569231752663,5.676593986945226,0.0,1.4438225343888318,0.43189959897259717,2.496947746273603,0.01,0.023740077533690233,-0.0028398982468980528,0.08571551423966339,0.752
phase3,rain_pilot,precip,3,75,postmonsoon_OND,all,climatology,baseline,False,14040,18,0.3253067000654985,5.214666878503675,9.63460460701392,7.003759373309212,12.075152304514265,5.214666878503675,3.790117428837559,6.769574251414098,59.0,0.0,,0.0,0.0,0.0,0.0,0.0,0.004202279202279203,-0.00196939628955084,-0.012298821084074263,0.04433945351263057,3.0,0.0,,0.0,0.0,0.0,0.0,0.0,0.00021367521367521368,0.012517336900361609,0.004412947055468461,1.0,1.2177915882154675,0.6244151522815192,1.7819036005127928,0.0,1.035924503052903,0.35515116885062875,1.7639258934015913,0.0,0.0,0.0,0.0,1.0
phase3,rain_pilot,precip,3,75,postmonsoon_OND,all,ecmwf_ifs_ctrl,source,False,14040,18,0.7105592569293842,4.374116563465329,9.267362258006262,6.815089078360413,11.404054681120309,4.374116563465329,2.705196537849589,6.068530438991444,59.0,0.0,,0.0,0.0,0.0,0.0,0.0,0.004202279202279203,-0.00196939628955084,-0.012298821084074263,0.04433945351263057,3.0,0.0,,0.0,0.0,0.0,0.0,0.0,0.00021367521367521368,0.012517336900361609,0.004412947055468461,1.0,0.85054923920781,0.5586364649531492,1.1701584510386749,0.0,0.19537418801455697,-0.07567833804673829,0.46688722151718476,0.152,0.0,0.0,0.0,1.0
phase3,rain_pilot,precip,3,75,postmonsoon_OND,all,ecmwf_aifs,source,False,14040,18,1.390782540375924,4.301388226623018,8.568443508891189,6.160042367937139,10.743599498308122,4.301388226623018,2.607235800588379,5.985273024066194,59.0,0.0,,0.0,0.0,0.0,0.0,0.0,0.004202279202279203,-0.00196939628955084,-0.012298821084074263,0.04433945351263057,3.0,0.0,,0.0,0.0,0.0,0.0,0.0,0.00021367521367521368,0.012517336900361609,0.004412947055468461,1.0,0.151630490092737,-0.10949957124812318,0.37152748928349505,0.272,0.12264585117224591,-0.08574611631605086,0.3445127592145795,0.284,0.0,0.0,0.0,1.0
phase3,rain_pilot,precip,3,75,postmonsoon_OND,all,ncep_gfs,source,False,14040,18,0.4165992841777256,4.677647125422212,10.086672580256131,7.208213780499774,12.548870052257296,4.677647125422212,2.884482067865784,6.52055703919353,59.0,0.0,1.0,0.0,0.15254237288135594,-0.0005564935248677149,-0.0014241171517716841,0.0,0.004843304843304843,-0.1548121855540585,-0.6311992484502048,0.007201106191963476,3.0,0.0,1.0,0.0,0.6666666666666666,-8.547739123001966e-05,-0.00022934253509839184,0.0,0.00035612535612535614,-0.6458044384993973,-1.9418626173182998,1.0,1.6698595614576792,0.8340667019677459,2.4938749872376205,0.0,0.4989047499714392,-0.028645281692525084,1.0676086599925734,0.066,-0.0005564935248677149,-0.0014241171517716841,0.0,0.252
phase3,rain_pilot,precip,3,75,postmonsoon_OND,all,ecmwf_ifs_ens,source,True,14040,18,1.2111294146285647,4.4646978935856385,8.76724205395136,6.6331385756609755,10.69882213362636,2.8986881856582176,1.820726923139811,3.9713202548463276,59.0,0.0,1.0,0.0,0.05084745762711865,-0.00020337744440729265,-0.0005735573797174852,0.0,0.00425554054927373,-0.014668752311571165,-0.16880500654158087,0.03300833566653535,3.0,0.0,,0.0,0.0,0.0,0.0,0.0,0.0002386491717518245,-0.10289778404630856,-4.896537032713379,-0.0029703659447203215,0.35042903515290824,-0.05970033412727722,1.0739213790247188,0.168,-1.2800541897925548,-1.7835883837347335,-0.7896278980227753,0.0,-0.00020337744440729265,-0.0005735573797174852,0.0,0.686
phase3,rain_pilot,precip,4,99,all,all,blend_A,L3A,False,56748,74,0.20355973134740146,4.857300322069633,10.467773519993397,8.702063746084585,12.073718573648083,4.857300322069633,3.9280932877453405,5.784270297819808,870.0,0.22988505747126436,0.3993993993993994,0.19940179461615154,0.38275862068965516,0.1953059565342094,0.012399743633917618,0.2790453884336392,0.014150278423909212,0.00807266636955939,-0.12632208122809788,0.12520627150034871,144.0,0.020833333333333332,0.625,0.020134228187919462,0.05555555555555555,0.020000709698023495,-8.574401340841253e-05,0.03324062171249145,0.0025727778952562203,-0.02492552635107459,-0.06344834563352747,0.014000257844402548,-0.1277050928071759,-0.36816988340442236,0.12726745220045743,0.358,-0.09796503916403054,-0.19843253970138308,0.0024504569885974016,0.056,0.019979233244905942,-0.0017058175745450978,0.03842886178129952,0.144
phase3,rain_pilot,precip,4,99,all,all,equal_mean,prev,False,56748,74,0.20363355737593308,4.955265361233663,10.595478612800573,8.756436012371923,12.27177035304584,4.955265361233663,3.992802785521278,5.967950884515843,870.0,0.20229885057471264,0.39100346020761245,0.1790437436419125,0.332183908045977,0.17532672328930346,0.012600085203033835,0.2565379418619613,0.014220765489532671,0.0031315588545882678,-0.1269279678797743,0.13059894419719634,144.0,0.0,1.0,0.0,0.006944444444444444,-1.7500543246029926e-05,-5.245365822700288e-05,0.0,0.002555156128850356,-0.017905488499354805,-0.029295491846253918,0.015971840289743813,,,,,,,,,,,,
phase3,rain_pilot,precip,4,99,all,all,superensemble,baseline,False,56748,74,-0.5831063264301037,4.9739180445890945,10.720157135260871,8.820019413736029,12.47644503594692,4.9739180445890945,4.033214204076613,5.958683562005819,870.0,0.09195402298850575,0.42857142857142855,0.08602150537634409,0.16091954022988506,0.08390727058083514,0.0019709191910096623,0.12739919894674936,0.014978501444984846,-0.049985346931350705,-0.127045080590806,0.037574836907122565,144.0,0.0,,0.0,0.0,0.0,0.0,0.0,0.0025375343624444912,-0.010885450647635242,-0.02591923029188208,0.016587742386188487,0.12467852246029842,-0.13017587008998585,0.4105898204995351,0.402,0.018652683355431243,-0.10696259682565697,0.16038634960260695,0.78,-0.09141945270846832,-0.13897362025303697,-0.009219606730801811,0.028
phase3,rain_pilot,precip,4,99,all,all,persistence,baseline,False,56748,74,-0.0002006725057914392,7.522788323109752,17.555621567794486,14.594923449072136,20.298140806119715,7.522788323109752,5.9658863404748965,9.12777332359183,870.0,0.11494252873563218,0.8850574712643678,0.06097560975609756,1.0,0.053276021987693184,0.00923873094837268,0.09788130188060501,0.027137520265031367,-0.9023263932638588,-1.9204970295004682,-0.41706819560016584,144.0,0.06944444444444445,0.9305555555555556,0.03597122302158273,1.0,0.03470242982510926,-0.0009415724313377123,0.07465921052102638,0.004722633396771692,-0.8813701442608766,-2.7225015739621696,-0.28971767434164114,6.960142954993913,5.039158953131867,8.728724324768788,0.0,2.5675229618760884,1.5919036404613647,3.5241810115017613,0.0,-0.12205070130161028,-0.20502538351543023,0.0011026209275678686,0.056
phase3,rain_pilot,precip,4,99,all,all,climatology,baseline,False,56748,74,-0.8933908373554224,5.950248132796141,13.189151365251432,10.147286177541856,16.15255642192435,5.950248132796141,4.790361513312482,7.177321372990709,870.0,0.0,,0.0,0.0,0.0,0.0,0.0,0.015330936773102136,-0.07469088450620598,-0.11745853800246979,-0.016636146514750535,144.0,0.0,,0.0,0.0,0.0,0.0,0.0,0.0025375343624444912,-0.010885450647635242,-0.02591923029188208,0.016587742386188487,2.5936727524508587,1.1293449710191215,4.295021745257563,0.0,0.9949827715624782,0.48354460381710795,1.5524566363615264,0.0,-0.17532672328930346,-0.2565379418619613,-0.012600085203033835,0.028
phase3,rain_pilot,precip,4,99,all,all,ecmwf_ifs_ctrl,source,False,56748,74,0.3227066082978764,5.338054007844089,11.726177014104845,9.74623381066599,13.591276096583897,5.338054007844089,4.292958442304485,6.467405482172773,870.0,0.3333333333333333,0.5051194539249146,0.24871355060034306,0.6735632183908046,0.24288000666724052,0.03528238444126265,0.34747118921244596,0.015436667371537323,-0.0821025457786626,-0.2802582429387608,0.09220146297209912,144.0,0.05555555555555555,0.8918918918918919,0.0380952380952381,0.5138888888888888,0.03723435348850335,-0.00011930183876107615,0.05704123019117516,0.003559596813984634,-0.4180476460473772,-0.6177082846608254,-0.1278209968254133,1.1306984013042722,0.8187817952529557,1.402509463744102,0.0,0.38278864661042533,0.2296633736067745,0.5453006924606142,0.0,0.06755328337793706,0.022330147687682222,0.09621473674596652,0.0
phase3,rain_pilot,precip,4,99,all,all,ecmwf_aifs,source,False,56748,74,0.9122568120505227,5.263148319368072,10.897758561837492,8.895613937846335,12.650626101561915,5.263148319368072,4.2217040717327405,6.33673253704182,870.0,0.18735632183908046,0.5219941348973607,0.15553435114503816,0.39195402298850573,0.15130069447634123,0.007787423580180694,0.2315184158868919,0.015595263269190104,-0.09322003768734732,-0.3336834388571832,0.07412919216160813,144.0,0.0,,0.0,0.0,0.0,0.0,0.0,0.0025375343624444912,-0.010885450647635242,-0.02591923029188208,0.016587742386188487,0.3022799490369188,-0.10169511433207253,0.8030548787889941,0.15,0.30788295813440847,0.11255452083839275,0.5379362153152568,0.0,-0.02402602881296223,-0.05452115170026858,0.007722324030509051,0.158
phase3,rain_pilot,precip,4,99,all,all,ncep_gfs,source,False,56748,74,-1.238705658056816,5.538643044249628,13.397562170366719,10.804887024594382,15.774968615498533,5.538643044249628,4.411870889863009,6.7653293347201116,870.0,0.08505747126436781,0.7004048582995951,0.07094918504314478,0.28390804597701147,0.06756385952050077,0.010476606357774686,0.1122778879587879,0.017075491647282722,-0.19698329550173965,-0.39190651770860263,-0.07863908447315812,144.0,0.006944444444444444,0.9705882352941176,0.005649717514124294,0.2361111111111111,0.00516479904377708,-0.0008141298888498655,0.013905951920163901,0.003101430887432156,-0.23552666190266525,-0.5535756197184152,-0.03660100805108527,2.802083557566146,1.8918414938443024,3.6895969887498383,0.0,0.5833776830159652,0.22927542265390563,0.95220484062154,0.0,-0.10776286376880269,-0.18165295485618166,-0.0018080590137604267,0.024
phase3,rain_pilot,precip,4,99,all,all,ecmwf_ifs_ens,source,True,56748,74,0.773501090786679,5.314253486035539,10.826823399830932,9.020209922146675,12.523444666355685,3.534765922099304,2.855502529279978,4.2641434297683904,870.0,0.2425287356321839,0.45618556701030927,0.20152817574021012,0.4459770114942529,0.1969658345610407,-8.68495931264155e-05,0.27958409405795087,0.011490062421296549,0.19455245760066509,0.01411913241810087,0.3260575795929768,144.0,0.013888888888888888,0.8,0.013157894736842105,0.06944444444444445,0.012993120797898392,-6.858265845465135e-05,0.02459163383182646,0.002441939159066273,0.027197107632935258,-0.052209554757970025,0.10265716093608133,0.2313447870303591,-0.036709070134144636,0.4969765346546754,0.08,-1.420499439134359,-1.7092769037032525,-1.1424566857170697,0.0,0.021639111271737232,-0.015940251211584388,0.05009996232407217,0.286
phase3,rain_pilot,precip,4,99,winter_JF,all,blend_A,L3A,False,9204,13,0.44483182215345335,0.5856887082635943,1.7796024934505843,1.0359358324095786,2.4214047885813126,0.5856887082635943,0.2894415927086676,0.9434455921747252,0.0,,,,,,,,0.0,1.0,1.0,1.0,0.0,,,,,,,,0.0,1.0,1.0,1.0,-0.04874121344999316,-0.12392376039053177,0.01665241311076106,0.18,-0.004648627625653878,-0.04683237724592918,0.028031488817139526,0.852,,,,
phase3,rain_pilot,precip,4,99,winter_JF,all,equal_mean,prev,False,9204,13,0.45385820056338244,0.5903373358892482,1.8283437069005775,1.0814397943925675,2.454809377211112,0.5903373358892482,0.2646904652047524,0.9658150492430319,0.0,,,,,,,,0.0,1.0,1.0,1.0,0.0,,,,,,,,0.0,1.0,1.0,1.0,,,,,,,,,,,,
phase3,rain_pilot,precip,4,99,winter_JF,all,superensemble,baseline,False,9204,13,-0.5546715916589567,0.9916493387644543,1.6355507622749474,1.1245042169390356,2.0813478101132215,0.9916493387644543,0.8587025710280475,1.1496750161535294,0.0,,,,,,,,0.0,1.0,1.0,1.0,0.0,,,,,,,,0.0,1.0,1.0,1.0,-0.19279294462563001,-0.4645785753033462,0.11582119882757454,0.26,0.4013120028752061,0.1776212761946934,0.5949258887790853,0.0,,,,
phase3,rain_pilot,precip,4,99,winter_JF,all,persistence,baseline,False,9204,13,0.054020824872510996,0.3344381027278215,1.8890268933363479,1.1528689940683041,2.4873019239488023,0.3344381027278215,0.13708151741115193,0.5582155440537183,0.0,,,,,,,,0.0,1.0,1.0,1.0,0.0,,,,,,,,0.0,1.0,1.0,1.0,0.06068318643577042,-0.7206867609076476,0.9609450532027348,0.908,-0.2558992331614267,-0.6122206172512439,0.10819917865795642,0.168,,,,
phase3,rain_pilot,precip,4,99,winter_JF,all,climatology,baseline,False,9204,13,0.1858050155611033,0.4651372275332022,1.3263419105702425,0.6529417220218272,1.998758054629059,0.4651372275332022,0.3679701290729745,0.6153422390991419,0.0,,,,,,,,0.0,1.0,1.0,1.0,0.0,,,,,,,,0.0,1.0,1.0,1.0,-0.5020017963303349,-1.1745629619098812,0.07429568739539426,0.104,-0.125200108356046,-0.48123704346624036,0.15155248300843102,0.484,,,,
phase3,rain_pilot,precip,4,99,winter_JF,all,ecmwf_ifs_ctrl,source,False,9204,13,0.4609658091828091,0.6067954113537762,2.4615190819487265,1.4841202830287572,3.26583884897647,0.6067954113537762,0.24528068114665563,0.9943862218444802,0.0,,,,,,,,0.0,1.0,1.0,1.0,0.0,,,,,,,,0.0,1.0,1.0,1.0,0.633175375048149,0.27952494133120354,1.0279547118630543,0.0,0.016458075464528044,-0.07965605764335416,0.1411494561571883,0.794,,,,
phase3,rain_pilot,precip,4,99,winter_JF,all,ecmwf_aifs,source,False,9204,13,0.39425486521872294,0.5657462391837207,1.5484332205193305,0.916086877741615,2.070599697386823,0.5657462391837207,0.3430818492116241,0.8378083173591104,0.0,,,,,,,,0.0,1.0,1.0,1.0,0.0,,,,,,,,0.0,1.0,1.0,1.0,-0.27991048638124694,-0.43192670059184113,-0.09658653051745225,0.002,-0.024591096705527504,-0.13450153163412817,0.0805338519377917,0.67,,,,
phase3,rain_pilot,precip,4,99,winter_JF,all,ncep_gfs,source,False,9204,13,0.3131850137893776,0.5027117679281721,2.602645005493992,0.9306727827669475,4.024762852286425,0.5027117679281721,0.15211271570593013,0.9479511087408917,0.0,,1.0,0.0,,0.0,0.0,0.0,0.0001086484137331595,-158.47953195271126,-564.8524698025989,1.0,0.0,,,,,,,,0.0,1.0,1.0,1.0,0.7743012985934143,-0.3282534247819256,1.6624336841055471,0.348,-0.08762556796107612,-0.23771900130325044,0.027728943709996626,0.142,,,,
phase3,rain_pilot,precip,4,99,winter_JF,all,ecmwf_ifs_ens,source,True,9204,13,0.6470271137698561,0.7529705024530894,2.271271849406038,1.407418494724905,2.970023610647382,0.31826721507814437,0.12772010356276575,0.5213445178764854,0.0,,,,,,,,1.7001116643366368e-05,-23.955082470108994,-58.2271058136951,-7.071084424133201,0.0,,,,,,,,1.420240702394242e-06,-51.71511052165179,-137.08543926051536,-3.722279883680447,0.44292814250546053,0.25706040500219046,0.667073524795874,0.0,-0.2720701208111038,-0.44379653506626315,-0.1330766198921885,0.0,,,,
phase3,rain_pilot,precip,4,99,premonsoon_MAM,all,blend_A,L3A,False,14352,19,0.08669729919510359,5.380632207340343,11.487093699783863,7.2223408768428605,15.278670741275013,5.380632207340343,3.669535638647543,7.545499162595703,353.0,0.4164305949008499,0.33783783783783783,0.34345794392523366,0.6288951841359773,0.3349737562022924,-6.351673114671574e-05,0.3733733279529684,0.019579152731326644,0.15980316865096977,-0.04829806821821776,0.2778817580320033,75.0,0.02666666666666667,0.6,0.02564102564102564,0.06666666666666667,0.02531452146895533,-0.0004022596498592091,0.043573308143849944,0.005295429208472687,-0.025248398302188058,-0.10243874896306766,0.012850735943763177,-0.023185314043153937,-0.1091646645801168,0.08258625243356274,0.736,-0.021868719580627527,-0.07180826131231591,0.03392803990548831,0.44,0.03045322361372177,-0.002952942785774796,0.06041117020977173,0.27
phase3,rain_pilot,precip,4,99,premonsoon_MAM,all,equal_mean,prev,False,14352,19,0.00739771700161156,5.402500926920971,11.510279013827017,7.1378025627184565,15.364343900795939,5.402500926920971,3.680644601216531,7.6005052958604,353.0,0.3654390934844193,0.31746031746031744,0.31234866828087166,0.5354107648725213,0.30452053258857065,0.0,0.35744822194052356,0.019788182831661092,0.15083309571841785,-0.024076195847812065,0.2604381607311556,75.0,0.0,1.0,0.0,0.013333333333333334,-6.876462967496336e-05,-0.00020531721509732537,0.0,0.005295429208472687,-0.025248398302188058,-0.0328287542025201,0.004468095444562152,,,,,,,,,,,,
phase3,rain_pilot,precip,4,99,premonsoon_MAM,all,superensemble,baseline,False,14352,19,-1.445038680707361,5.275836841945553,12.15310659769958,7.152050504660823,16.51830180148157,5.275836841945553,3.413483930824838,7.791116260061821,353.0,0.1388101983002833,0.379746835443038,0.1279373368146214,0.2237960339943343,0.12349054083532626,0.0,0.16433088635292253,0.023272017837235228,0.0013318801758858134,-0.17248916726582053,0.10232253474556591,75.0,0.0,,0.0,0.0,0.0,0.0,0.0,0.005225752508361204,-0.011758287798211864,-0.01463507777388361,0.004468095444562152,0.6428275838725632,-0.08079457339435722,1.2271414967894128,0.09,-0.1266640849754177,-0.4217265589070452,0.19327802392662938,0.394,-0.18102999175324438,-0.19282677312884863,0.0,0.078
phase3,rain_pilot,precip,4,99,premonsoon_MAM,all,persistence,baseline,False,14352,19,-1.9483010194834358,7.185633425256123,16.955958797294134,10.062419227632716,23.436616488466196,7.185633425256123,4.3608281685687755,10.903972601858898,353.0,0.2096317280453258,0.5722543352601156,0.16371681415929204,0.49008498583569404,0.1557693040887577,-0.0010132192788767545,0.2863687250842632,0.026337792642140468,-0.1302291895015424,-0.7662784424037377,-0.054332838459061145,75.0,0.13333333333333333,0.7142857142857143,0.1,0.4666666666666667,0.09835087168211087,-0.00010609114745153908,0.18517288188205602,0.006270903010033445,-0.21410994535785433,-0.5875319692713414,-0.01255562038938733,5.445679783467117,2.484964027262773,8.56097813585907,0.0,1.783132498335152,0.5437550528613362,3.5638287549499275,0.0,-0.14875122849981295,-0.2878461272529264,0.026945791135848617,0.334
phase3,rain_pilot,precip,4,99,premonsoon_MAM,all,climatology,baseline,False,14352,19,-3.703702972193717,6.570556874256145,16.89916120802384,7.555582415561501,24.509081202695466,6.570556874256145,3.6807174180154325,10.588711796820368,353.0,0.0,,0.0,0.0,0.0,0.0,0.0,0.0245958751393534,-0.05547858173027631,-0.07967539180049202,0.0024043244649743136,75.0,0.0,,0.0,0.0,0.0,0.0,0.0,0.005225752508361204,-0.011758287798211864,-0.01463507777388361,0.004468095444562152,5.388882194196825,0.28308484579515236,9.293399817107625,0.012,1.1680559473351737,-0.11181319555147243,3.040707940419601,0.138,-0.30452053258857065,-0.35744822194052356,0.0,0.078
phase3,rain_pilot,precip,4,99,premonsoon_MAM,all,ecmwf_ifs_ctrl,source,False,14352,19,0.9365117702230296,5.857369712991027,12.802176320276708,7.802111645627589,17.14274131723405,5.857369712991027,3.85244570840685,8.44921227451061,353.0,0.6005665722379604,0.43010752688172044,0.41325536062378165,1.0538243626062322,0.4026003766978369,0.0,0.49104588510844,0.0209726867335563,0.10000268243395694,-0.23849222312591148,0.2960160464657343,75.0,0.09333333333333334,0.8793103448275862,0.05555555555555555,0.7733333333333333,0.05327821144322457,-0.0003510267532532658,0.06988304742460222,0.008291527313266444,-0.6053231499731628,-0.7619138695575642,0.004468095444562152,1.291897306449691,0.5363651929014694,1.9010132784406433,0.0,0.45486878607005643,0.13293527530950988,0.8527563355551971,0.004,0.09807984410926623,0.0,0.13435236825927702,0.078
phase3,rain_pilot,precip,4,99,premonsoon_MAM,all,ecmwf_aifs,source,False,14352,19,0.21706559268265563,5.648948802897206,12.014999911827479,7.443138590093929,16.124553235750497,5.648948802897206,3.8293466350549603,7.970391731619722,353.0,0.3059490084985836,0.39664804469273746,0.25471698113207547,0.5070821529745042,0.24689703408849561,-0.0007207528518313009,0.3278094816455125,0.02201783723522854,0.055152317771197334,-0.37870668064413937,0.22850106512560348,75.0,0.0,,0.0,0.0,0.0,0.0,0.0,0.005225752508361204,-0.011758287798211864,-0.01463507777388361,0.004468095444562152,0.5047208980004623,0.03993974727626899,0.933730879220046,0.038,0.2464478759762354,0.035804876537443485,0.4754209098589607,0.014,-0.05762349850007503,-0.12422203615601249,-0.00037300054590762516,0.018
phase3,rain_pilot,precip,4,99,premonsoon_MAM,all,ncep_gfs,source,False,14352,19,-1.6198538114569059,6.193928481278984,14.59908116180207,8.558521821918669,20.190738460397963,6.193928481278984,3.8509883983268915,9.275141805006207,353.0,0.1501416430594901,0.43010752688172044,0.13486005089058525,0.26345609065155806,0.12979511215946765,-0.0003154813103806182,0.2176966556105561,0.023690078037904124,-0.016608265689218138,-0.3818055242535554,0.03270720037212109,75.0,0.013333333333333334,0.8,0.012658227848101266,0.06666666666666667,0.012331562606700174,-0.000364337432576003,0.021122080254221996,0.005434782608695652,-0.052228619310140445,-0.3027594765981789,0.004468095444562152,3.088802147975054,1.1942086878168496,5.0138420287514185,0.0,0.7914275543580134,0.02727430960952544,1.8651031701129333,0.042,-0.174725420429103,-0.2794559254195732,-0.0004854688106694745,0.0
phase3,rain_pilot,precip,4,99,premonsoon_MAM,all,ecmwf_ifs_ens,source,True,14352,19,0.4958673172474705,5.583568434950403,11.594749337549544,7.185773856265683,15.568672565146215,3.816398916449473,2.5906824990999584,5.372977442916869,353.0,0.45609065155807366,0.3970037453183521,0.35076252723311546,0.7563739376770539,0.34133879494871416,0.0,0.39252306955459765,0.013900809739157851,0.40347692996239315,-0.022208524065721272,0.49893995995565227,75.0,0.02666666666666667,0.75,0.024691358024691357,0.10666666666666667,0.024187718174870382,0.0,0.03797117516629712,0.0047451681177422145,0.08128768776554463,-0.03885449161057668,0.150168127567697,0.0844703237225275,-0.44112595499022655,0.7186741251610442,0.754,-1.5861020104714978,-2.226863325063529,-1.0754695254433875,0.0,0.03681826236014352,-0.12421560299158253,0.0771457758040555,0.298
phase3,rain_pilot,precip,4,99,monsoon_JJAS,all,blend_A,L3A,False,18996,25,-0.2960929121134195,7.035180205408741,13.173423057989066,10.45196894074816,15.560454670728374,7.035180205408741,5.445611894426856,8.642302670675118,458.0,0.11572052401746726,0.5225225225225225,0.10271317829457365,0.2423580786026201,0.09803511358413174,-0.0021720723242689166,0.20602308623406723,0.024373552326805645,-0.11244878614556764,-0.2085805956882195,-0.022534373475728408,66.0,0.015151515151515152,0.6666666666666666,0.014705882352941176,0.045454545454545456,0.014554830317530371,-0.00010360811654012523,0.027446114165126535,0.003527058328069067,-0.026305418974915007,-0.06377944992040012,0.04785971693628846,-0.2718382868264495,-0.8609469671123047,0.2974179109024067,0.372,-0.25646224933225437,-0.5528158960235573,0.011964804219727494,0.072,0.010363203514570693,-0.0022105241986020326,0.0320848808668595,0.748
phase3,rain_pilot,precip,4,99,monsoon_JJAS,all,equal_mean,prev,False,18996,25,-0.2514378462922417,7.2916424547409955,13.445261344815515,10.593327792882405,16.138623720476666,7.2916424547409955,5.6097229607658035,9.08127165425114,458.0,0.10262008733624454,0.53,0.09197651663405088,0.2183406113537118,0.08767191006956104,0.0,0.1760122597163805,0.024426194988418616,-0.1148514833078691,-0.17407556743365568,0.01666027828685461,66.0,0.0,,0.0,0.0,0.0,0.0,0.0,0.003474415666456096,-0.01098742764693128,-0.031169628930428673,0.08118317716797396,,,,,,,,,,,,
phase3,rain_pilot,precip,4,99,monsoon_JJAS,all,superensemble,baseline,False,18996,25,-0.5201926793641486,7.208147733932433,13.328150406516267,10.451385290942927,15.932234834938113,7.208147733932433,5.459908707543492,8.95683272326441,458.0,0.06768558951965066,0.4918032786885246,0.06352459016393443,0.1331877729257642,0.06069371604536193,0.0,0.12516697133480106,0.024057696357127817,-0.0980326031717591,-0.1421188204224207,0.00813345825526951,66.0,0.0,,0.0,0.0,0.0,0.0,0.0,0.003474415666456096,-0.01098742764693128,-0.031169628930428673,0.08118317716797396,-0.11711093829924835,-0.4270172857830291,0.24972875726537597,0.48,-0.08349472080856213,-0.279576849571245,0.13753456978946055,0.47,-0.026978194024199112,-0.05006320588425243,0.009002879676582217,0.744
phase3,rain_pilot,precip,4,99,monsoon_JJAS,all,persistence,baseline,False,18996,25,1.041082204797847,12.477441779683955,23.902328321127424,19.997682487921566,27.51288996881145,12.477441779683955,10.264472208379576,14.664418699912764,458.0,0.05240174672489083,0.9617224880382775,0.022620169651272386,1.3689956331877728,0.00849312875894862,-0.004633912693526049,0.027474122286557923,0.054590440092651085,-1.4915969573065953,-3.84608812970971,-0.5932507512797474,66.0,0.0,1.0,0.0,1.5757575757575757,-0.002130052357580677,-0.003216389933367195,-0.0006343747860752276,0.008949252474205097,-1.6040585257572473,-8.16902625447211,-0.4501895389772639,10.457066976311909,6.940611876239997,14.463394780407187,0.0,5.18579932494296,3.0936418534556154,7.551107037880832,0.0,-0.07917878131061243,-0.1649438871069126,0.021201748160719697,0.588
phase3,rain_pilot,precip,4,99,monsoon_JJAS,all,climatology,baseline,False,18996,25,-0.20543648132646075,8.727447092986516,15.311258147665063,12.151727309555008,18.461300334295082,8.727447092986516,7.5196413896100305,10.075931646644843,458.0,0.0,,0.0,0.0,0.0,0.0,0.0,0.024110339018740788,-0.10043530033406056,-0.14801697137404063,0.017863127042349828,66.0,0.0,,0.0,0.0,0.0,0.0,0.0,0.003474415666456096,-0.01098742764693128,-0.031169628930428673,0.08118317716797396,1.8659968028495477,0.8680665653964879,2.686615675847785,0.0,1.4358046382455205,0.653089466686626,2.3163102083395306,0.0,-0.08767191006956104,-0.1760122597163805,0.0,0.744
phase3,rain_pilot,precip,4,99,monsoon_JJAS,all,ecmwf_ifs_ctrl,source,False,18996,25,-0.1683957978991282,8.071900132599929,14.808911680589507,11.764912895312362,17.781257827232047,8.071900132599929,6.3216850761386905,9.95658208996796,458.0,0.1703056768558952,0.625,0.1326530612244898,0.45414847161572053,0.1251919745603909,0.005952019446524009,0.2222503810106259,0.026847757422615286,-0.22537555277373555,-0.3262970345250962,-0.060287342312930335,66.0,0.015151515151515152,0.9230769230769231,0.01282051282051282,0.19696969696969696,0.012248536293835214,-0.0001398098187111414,0.02046342478960457,0.004053484944198779,-0.17948533225475316,-0.32450008891787047,0.04741068415097848,1.3636503357739915,0.9388203162210991,1.8433851482983885,0.0,0.7802576778589332,0.46363673446616566,1.1190802819484205,0.0,0.03752006449082987,0.005952019446524009,0.04889895329941337,0.006
phase3,rain_pilot,precip,4,99,monsoon_JJAS,all,ecmwf_aifs,source,False,18996,25,1.4781939660776136,8.005456106953368,13.802284360378204,10.594993173281358,16.573756468046607,8.005456106953368,6.03023811813296,9.9844456262739,458.0,0.12008733624454149,0.6604938271604939,0.09734513274336283,0.3537117903930131,0.09106159340337666,0.0020775306862273104,0.1911995582615407,0.026847757422615286,-0.22537555277373555,-0.6022365705648293,-0.024295493422291547,66.0,0.0,,0.0,0.0,0.0,0.0,0.0,0.003474415666456096,-0.01098742764693128,-0.031169628930428673,0.08118317716797396,0.3570230155626888,-0.49415608053644655,1.4359953321711776,0.578,0.7138136522123721,0.2155845297118521,1.3439821576878326,0.0,0.0033896833338156185,-0.01278153663678172,0.02409709927709366,0.302
phase3,rain_pilot,precip,4,99,monsoon_JJAS,all,ncep_gfs,source,False,18996,25,-3.2658072759794057,7.943620579743554,16.847242735723928,12.76802115531576,20.60700277595743,7.943620579743554,6.071271362680806,9.98216534734424,458.0,0.043668122270742356,0.8260869565217391,0.03616636528028933,0.25109170305676853,0.031309443693613104,-0.0033726972166788797,0.06530814949709572,0.028058538639713623,-0.2806375875066687,-0.43970212389224556,-0.09645102933350712,66.0,0.0,1.0,0.0,0.36363636363636365,-0.0009273700628082452,-0.00223674805573384,0.0,0.004737839545167404,-0.3786192195185425,-0.6944645129228311,0.009648727550322016,3.4019813909084125,1.9388329393145824,4.771042309029176,0.0,0.6519781250025583,0.011488190441121348,1.262603739545371,0.044,-0.05636246637594794,-0.11221519710702252,-0.0005059860105684991,0.002
phase3,rain_pilot,precip,4,99,monsoon_JJAS,all,ecmwf_ifs_ens,source,True,18996,25,0.7349725534092856,7.850141535043054,13.64804169759704,10.896868435837808,16.25785220295994,5.368052643575222,4.229607799094697,6.550638175301841,458.0,0.1091703056768559,0.5833333333333334,0.0946969696969697,0.26200873362445415,0.08970891819971032,-0.0004900356075823409,0.17629312586426513,0.020576601690928426,0.06085025001055555,-0.027487293462151056,0.15052102952419086,66.0,0.0,1.0,0.0,0.030303030303030304,-0.0001021991396690606,-0.00030612109527267383,0.0,0.00352197824038554,-0.024827212199319604,-0.058929250122725145,0.07418746967517269,0.2027803527815255,-0.06042415317977707,0.46705766305754565,0.126,-1.9235898111657734,-2.542188490532577,-1.3525165988969918,0.0,0.002037008130149273,-0.0006622133739769839,0.002982599220208274,0.822
phase3,rain_pilot,precip,4,99,postmonsoon_OND,all,blend_A,L3A,False,14196,19,0.833874109880272,4.183451900835193,8.387245061843348,6.144553362951103,10.303988431161219,4.183451900835193,2.655058631934093,5.678372183111154,59.0,0.0,,0.0,0.0,0.0,0.0,0.0,0.004156100309946464,-0.0019621439294561505,-0.01268398294189384,0.04899662637097866,3.0,0.0,,0.0,0.0,0.0,0.0,0.0,0.00021132713440405747,0.012520661758318563,0.004759666668104459,1.0,-0.024822975315224483,-0.09990879173784022,0.037947373501082404,0.408,-0.02331060313307809,-0.10133446093575207,0.040178989438376264,0.526,0.0,0.0,0.0,1.0
phase3,rain_pilot,precip,4,99,postmonsoon_OND,all,equal_mean,prev,False,14196,19,0.8487339764542388,4.206762503968271,8.412068037158573,6.192447204803995,10.30795424711349,4.206762503968271,2.7129019944529214,5.671162953515809,59.0,0.0,,0.0,0.0,0.0,0.0,0.0,0.004156100309946464,-0.0019621439294561505,-0.01268398294189384,0.04899662637097866,3.0,0.0,,0.0,0.0,0.0,0.0,0.0,0.00021132713440405747,0.012520661758318563,0.004759666668104459,1.0,,,,,,,,,,,,
phase3,rain_pilot,precip,4,99,postmonsoon_OND,all,superensemble,baseline,False,14196,19,0.1856758805358495,4.2609168759489195,8.404554191282624,6.1753014781484685,10.354587271982142,4.2609168759489195,2.892521329824273,5.657349717116581,59.0,0.0,,0.0,0.0,0.0,0.0,0.0,0.004156100309946464,-0.0019621439294561505,-0.01268398294189384,0.04899662637097866,3.0,0.0,,0.0,0.0,0.0,0.0,0.0,0.00021132713440405747,0.012520661758318563,0.004759666668104459,1.0,-0.007513845875948277,-0.20068525509869958,0.15637005917253716,0.908,0.05415437198064854,-0.17411902080696867,0.2879033279075898,0.674,0.0,0.0,0.0,1.0
phase3,rain_pilot,precip,4,99,postmonsoon_OND,all,persistence,baseline,False,14196,19,0.5407877735841875,5.894289130471472,13.21143038254066,10.084031473274475,15.909513436312738,5.894289130471472,3.78498637628095,7.995002591363922,59.0,0.03389830508474576,0.9714285714285714,0.015748031496062992,1.1864406779661016,0.013488165749554415,-0.002904387710231653,0.05034282039576479,0.008805297266835729,-1.1228011523929156,-3.863301577233903,-0.3391691881345348,3.0,0.0,1.0,0.0,1.6666666666666667,-0.0001320969062904547,-0.00022676251162157872,0.0,0.0005635390250774866,-1.6332782353111504,-19.626244129069548,-0.2820550448787291,4.799362345382088,2.958517156128392,6.626685580320962,0.0,1.6875266265032014,0.5160518379265534,2.958595285364045,0.004,0.013488165749554415,-0.002904387710231653,0.05034282039576479,0.704
phase3,rain_pilot,precip,4,99,postmonsoon_OND,all,climatology,baseline,False,14196,19,0.3275376059968842,5.163168551704971,9.581794210909418,6.977618642221833,11.86313257944571,5.163168551704971,3.724651641214293,6.5335778238950235,59.0,0.0,,0.0,0.0,0.0,0.0,0.0,0.004156100309946464,-0.0019621439294561505,-0.01268398294189384,0.04899662637097866,3.0,0.0,,0.0,0.0,0.0,0.0,0.0,0.00021132713440405747,0.012520661758318563,0.004759666668104459,1.0,1.1697261737508455,0.4429449464493007,1.7518491959834512,0.004,0.9564060477367002,0.30712008900172894,1.6488511959542913,0.002,0.0,0.0,0.0,1.0
phase3,rain_pilot,precip,4,99,postmonsoon_OND,all,ecmwf_ifs_ctrl,source,False,14196,19,0.2696713828275735,4.222327333849021,9.305019725911064,6.956806245092268,11.238834346056194,4.222327333849021,2.679662674090108,5.760053028966401,59.0,0.0,1.0,0.0,0.1016949152542373,-0.0003837872647676786,-0.000990850508568627,0.0,0.004578754578754579,-0.1038565992443159,-0.6371763720398613,0.027691142591828213,3.0,0.0,1.0,0.0,1.0,-0.00010567473317129876,-0.00019215249221782408,0.0,0.00042265426880811494,-0.9749586764833629,-8.733661065685057,0.04196602919457248,0.8929516887524915,0.446882768252052,1.512392563006182,0.0,0.015564829880750253,-0.20016248524136054,0.24076474439115805,0.888,-0.0003837872647676786,-0.000990850508568627,0.0,0.7
phase3,rain_pilot,precip,4,99,postmonsoon_OND,all,ecmwf_aifs,source,False,14196,19,1.193641154196824,4.249130389911628,8.504450853853509,6.064255343208839,10.640129461337986,4.249130389911628,2.608002393659617,5.8722802022734735,59.0,0.0,,0.0,0.0,0.0,0.0,0.0,0.004156100309946464,-0.0019621439294561505,-0.01268398294189384,0.04899662637097866,3.0,0.0,,0.0,0.0,0.0,0.0,0.0,0.00021132713440405747,0.012520661758318563,0.004759666668104459,1.0,0.09238281669493631,-0.2645238423469664,0.3897256926394403,0.698,0.042367885943357386,-0.23814608115006594,0.30807812689722097,0.794,0.0,0.0,0.0,1.0
phase3,rain_pilot,precip,4,99,postmonsoon_OND,all,ncep_gfs,source,False,14196,19,0.8529722010572466,4.9230542594352285,10.856215424133495,8.210458440250154,12.940099152017469,4.9230542594352285,3.065174002028678,6.63111267423691,59.0,0.01694915254237288,0.9736842105263158,0.010416666666666666,0.6440677966101694,0.008785997674510906,-0.0017288565814641765,0.02065785216208945,0.0066920259227951535,-0.6133288758186157,-2.1169207293520413,-0.17732040873136923,3.0,0.0,1.0,0.0,1.6666666666666667,-0.0001320969062904547,-0.00023523478158685702,0.0,0.0005635390250774866,-1.6332782353111504,-14.373013176988904,0.04285459452585099,2.4441473869749224,1.3581462457632218,3.6320351452299917,0.0,0.7162917554669574,0.18178046357479102,1.3692205555977468,0.01,0.008785997674510906,-0.0017288565814641765,0.02065785216208945,0.748
phase3,rain_pilot,precip,4,99,postmonsoon_OND,all,ecmwf_ifs_ens,source,True,14196,19,1.18774133439886,4.605963196878027,8.948295941715694,6.6282600684413016,10.816230579592807,2.8822964097967243,1.8188839220543118,3.9686873108799885,59.0,0.0,1.0,0.0,0.01694915254237288,-6.927313693420578e-05,-0.00020635135125010584,0.0,0.004332490624745082,-0.044486723415914975,-0.31912831372312683,0.023058149774454178,3.0,0.0,,0.0,0.0,0.0,0.0,0.0,0.00025048887172922287,-0.17047243360211506,-1.3012731081736935,-0.011536057806296662,0.536227904557121,0.016681110107458683,1.4417872304966537,0.042,-1.3244660941715467,-1.7615221327211834,-0.8677350576717238,0.0,-6.927313693420578e-05,-0.00020635135125010584,0.0,0.7
phase3,rain_pilot,precip,5,123,all,all,blend_A,L3A,False,56940,74,0.23047120240405028,4.98416052525262,10.71605255422873,8.873577056491051,12.411166755548322,4.98416052525262,4.027606538103842,5.930130936549405,870.0,0.18160919540229886,0.4456140350877193,0.1584754262788365,0.3275862068965517,0.15478378655241576,0.0013561140628154675,0.22416339486052125,0.01473480857042501,-0.0361595509307131,-0.17561881707225457,0.06333902738295001,144.0,0.0,1.0,0.0,0.013888888888888888,-3.46447327014519e-05,-0.00010308167051259217,0.0,0.002564102564102564,-0.02487366191017948,-0.06576993736275827,0.016889873905277072,-0.07088245993168307,-0.197673396805886,0.10200247157014124,0.346,-0.07088701555716881,-0.13704127028602955,-0.0005999099960445845,0.05,0.00977925732267898,-0.007090381304814408,0.0284689965337725,0.338
phase3,rain_pilot,precip,5,123,all,all,equal_mean,prev,False,56940,74,0.1794466738157151,5.055047540809789,10.786935014160413,8.89673513130455,12.509244490336112,5.055047540809789,4.085708581392053,6.054870705253123,870.0,0.16551724137931034,0.4122448979591837,0.14830072090628219,0.28160919540229884,0.14500452922973678,0.0019715396619169588,0.20820529548456596,0.014524060414471374,-0.021339628867341753,-0.12877239274098415,0.07814716682290669,144.0,0.006944444444444444,0.8,0.006756756756756757,0.034722222222222224,0.00667188835089718,0.0,0.018539666956838934,0.0025816649104320336,-0.03189334452600279,-0.08515084211343898,0.016889873905277072,,,,,,,,,,,,
phase3,rain_pilot,precip,5,123,all,all,superensemble,baseline,False,56940,74,-0.3404620688633542,5.060014601691663,10.749306706675432,8.853403703856937,12.506489236409083,5.060014601691663,4.094667869779378,6.043010051282068,870.0,0.08850574712643679,0.4866666666666667,0.0816542948038176,0.1724137931034483,0.07941689107145257,0.005553904373061799,0.12844843557064986,0.015208991921320688,-0.06950437557329847,-0.147474488761016,0.0019421373235609762,144.0,0.0,,0.0,0.0,0.0,0.0,0.0,0.0025289778714436247,-0.010834296678533306,-0.02588496738112206,0.016889873905277072,-0.03762830748498125,-0.2756819977416995,0.19664426272338498,0.708,0.0049670608818743744,-0.13953172572105843,0.14420422559191143,0.962,-0.06558763815828421,-0.09363947411008618,0.0035029638139292105,0.102
phase3,rain_pilot,precip,5,123,all,all,persistence,baseline,False,56940,74,0.009976051596798393,7.791931648541427,18.05125312106603,14.956151467387716,21.149894985875672,7.791931648541427,6.253953405927057,9.47980790620115,870.0,0.10229885057471265,0.8977011494252873,0.05390672319806178,1.0,0.04622747370967659,0.009389235511474366,0.07478585851135128,0.027432384966631543,-0.9290598552488363,-1.828877556579462,-0.43948935177513865,144.0,0.027777777777777776,0.9722222222222222,0.014084507042253521,1.0,0.012818645735192279,-0.0015409522729834888,0.03808493333319049,0.004917456972251493,-0.9655111324304815,-2.911732509673279,-0.2681414610099211,7.264318106905616,5.29532356739302,9.188590746504293,0.0,2.7368841077316377,1.7453827701024547,3.7827861916639156,0.0,-0.09877705552006019,-0.17774408000761852,0.023022851386238774,0.118
phase3,rain_pilot,precip,5,123,all,all,climatology,baseline,False,56940,74,-0.8785843114563093,5.941978110007704,13.174272061530008,10.13979074449895,16.10920134979953,5.941978110007704,4.789592412777595,7.159341724927387,870.0,0.0,,0.0,0.0,0.0,0.0,0.0,0.015279241306638568,-0.07444434959442225,-0.11744271551555528,-0.016510555389679018,144.0,0.0,,0.0,0.0,0.0,0.0,0.0,0.0025289778714436247,-0.010834296678533306,-0.02588496738112206,0.016889873905277072,2.387337047369595,1.0076074737311635,3.9250897847343587,0.0,0.886930569197915,0.38438924358894583,1.4186763279491992,0.0,-0.14500452922973678,-0.20820529548456598,-0.001971539661916959,0.038
phase3,rain_pilot,precip,5,123,all,all,ecmwf_ifs_ctrl,source,False,56940,74,0.22967049940677328,5.433857237651531,12.04890619311327,9.952617743395543,14.058200052265004,5.433857237651531,4.360669144105045,6.567243161248592,870.0,0.28390804597701147,0.5118577075098815,0.2187776793622675,0.5816091954022988,0.21339104807515197,0.03270387220108251,0.2942905795171025,0.015489989462592202,-0.0892642716577936,-0.2866623736237232,0.08047082633147817,144.0,0.0625,0.8695652173913043,0.04411764705882353,0.4791666666666667,0.04329929525038463,-0.00011794486947119034,0.07255351492350302,0.003424657534246575,-0.3688381100855138,-0.7118961645357662,-0.09235652679883145,1.261971178952857,0.7101811903987106,1.8938303409207626,0.0,0.37880969684174204,0.1818370363820947,0.6134953305163149,0.0,0.06838651884541519,0.005500452608811306,0.11989993510504554,0.024
phase3,rain_pilot,precip,5,123,all,all,ecmwf_aifs,source,False,56940,74,0.9962580645033612,5.34620461393976,10.919154643192842,9.013963513632463,12.67586851328127,5.34620461393976,4.305544206655605,6.399796193735366,870.0,0.1793103448275862,0.5047619047619047,0.15160349854227406,0.3620689655172414,0.1476166298079075,0.02821194669821896,0.21660084424390183,0.015331928345626977,-0.07814933011026515,-0.28742767023322363,0.05727807009027857,144.0,0.0,,0.0,0.0,0.0,0.0,0.0,0.0025289778714436247,-0.010834296678533306,-0.02588496738112206,0.016889873905277072,0.1322196290324289,-0.232991484090486,0.5523157467626099,0.542,0.29115707312997063,0.10181076799461956,0.48847131255459525,0.0,0.002612100578170712,-0.0359274728839872,0.04152434852881342,0.816
phase3,rain_pilot,precip,5,123,all,all,ncep_gfs,source,False,56940,74,-0.9885778914027448,5.76993440498016,14.03297076161742,11.42158738029889,16.576369677895443,5.76993440498016,4.585402860862002,7.0408440545578745,870.0,0.12873563218390804,0.6827195467422096,0.10081008100810081,0.4057471264367816,0.09642348772255212,0.021747655928063388,0.16221670079411055,0.017544783983140147,-0.2337585117756642,-0.5234028481054627,-0.09602785345544873,144.0,0.05555555555555555,0.8688524590163934,0.04060913705583756,0.4236111111111111,0.03985726414377222,-0.000505265068853577,0.0911363356246134,0.0033192834562697578,-0.32672001439057485,-0.7090370139778409,-0.09594696091985579,3.2460357474570074,2.2944332383734607,4.286136479315091,0.0,0.7148868641703707,0.3468203786661982,1.1074024541460927,0.0,-0.04858104150718466,-0.10285261612470571,0.023694570532274275,0.242
phase3,rain_pilot,precip,5,123,all,all,ecmwf_ifs_ens,source,True,56940,74,0.5301906352969216,5.410098901279793,11.091352053135259,9.247915657379844,12.859404364086597,3.569538270251645,2.857326345640838,4.296718536488045,870.0,0.1471264367816092,0.5241635687732342,0.12660731948565776,0.30919540229885056,0.1230421380195565,0.003771536539830155,0.20124964185758246,0.012025163378436348,0.15438413559860253,0.0026578019439987646,0.25369775978805886,144.0,0.0,1.0,0.0,0.027777777777777776,-6.8355425427079e-05,-0.00018105900983737418,0.0,0.002501415588584382,0.00018236784964364983,-0.04066740724975511,0.03438467976515698,0.3044170389748455,0.09860366457042709,0.5399579186644344,0.002,-1.4855092705581439,-1.8075426423761412,-1.1911002445056154,0.0,-0.021962391210180274,-0.08687475336670623,0.06593309653873543,0.622
phase3,rain_pilot,precip,5,123,winter_JF,all,blend_A,L3A,False,9204,13,0.4988678529065121,0.6252894566842279,1.7825241460450352,1.0664689573501036,2.325852304559436,0.6252894566842279,0.32433468805851273,0.9615309156372907,0.0,,,,,,,,0.0,1.0,1.0,1.0,0.0,,,,,,,,0.0,1.0,1.0,1.0,-0.1373989535475928,-0.21724185203145452,-0.038824709277297385,0.01,-0.04282785061501437,-0.12541024983840518,0.02628550114866346,0.266,,,,
phase3,rain_pilot,precip,5,123,winter_JF,all,equal_mean,prev,False,9204,13,0.5507186978146895,0.6681173072992422,1.919923099592628,1.1302108749211075,2.520924315759387,0.6681173072992422,0.3007775243698682,1.0809651308962498,0.0,,,,,,,,0.0,1.0,1.0,1.0,0.0,,,,,,,,0.0,1.0,1.0,1.0,,,,,,,,,,,,
phase3,rain_pilot,precip,5,123,winter_JF,all,superensemble,baseline,False,9204,13,-0.39486626619156984,1.064215085046784,1.7758202168818233,1.1833032303760906,2.2821021425140238,1.064215085046784,0.8860735086465853,1.2791744799871438,0.0,,,,,,,,0.0,1.0,1.0,1.0,0.0,,,,,,,,0.0,1.0,1.0,1.0,-0.14410288271080463,-0.3209141184489397,0.0809770781554586,0.188,0.39609777774754173,0.15072843529193442,0.6089543533364845,0.0,,,,
phase3,rain_pilot,precip,5,123,winter_JF,all,persistence,baseline,False,9204,13,0.052970346145943835,0.3492608052726571,1.9261567351639752,1.1689570140527021,2.532440945465598,0.3492608052726571,0.14571157233971888,0.5831150039963532,0.0,,,,,,,,0.0,1.0,1.0,1.0,0.0,,,,,,,,0.0,1.0,1.0,1.0,0.006233635571347262,-0.7280520841604425,0.8689872910923532,0.968,-0.3188565020265851,-0.7307982264164783,0.0767206033590457,0.118,,,,
phase3,rain_pilot,precip,5,123,winter_JF,all,climatology,baseline,False,9204,13,0.1858050155611033,0.4651372275332022,1.3263419105702425,0.6529417220218272,1.998758054629059,0.4651372275332022,0.3679701290729745,0.6153422390991419,0.0,,,,,,,,0.0,1.0,1.0,1.0,0.0,,,,,,,,0.0,1.0,1.0,1.0,-0.5935811890223854,-1.1855215132290298,-0.12354877345687644,0.004,-0.20298007976604004,-0.6192495242304354,0.12743962439221423,0.276,,,,
phase3,rain_pilot,precip,5,123,winter_JF,all,ecmwf_ifs_ctrl,source,False,9204,13,0.5352045633392599,0.6876630120534695,2.6907832127940305,1.722987714191924,3.552650640877778,0.6876630120534695,0.30520182185886197,1.1319409178639848,0.0,,,,,,,,0.0,1.0,1.0,1.0,0.0,,,,,,,,0.0,1.0,1.0,1.0,0.7708601132014026,0.36589139089098216,1.2144582507796904,0.0,0.019545704754227233,-0.11220002527661245,0.14590497738792527,0.766,,,,
phase3,rain_pilot,precip,5,123,winter_JF,all,ecmwf_aifs,source,False,9204,13,0.42626652960988914,0.5850784652540602,1.5567075771127814,0.8776522850659024,2.056660695009187,0.5850784652540602,0.34132755842480017,0.8793168219371699,0.0,,,,,,,,0.0,1.0,1.0,1.0,0.0,,,,,,,,0.0,1.0,1.0,1.0,-0.36321552247984656,-0.5584403826325404,-0.17983056283400634,0.0,-0.08303884204518208,-0.22920216926180503,0.046590809434347485,0.248,,,,
phase3,rain_pilot,precip,5,123,winter_JF,all,ncep_gfs,source,False,9204,13,0.28086743748276094,0.45317348332890267,1.8990125375914473,1.002055273389062,2.5696350436965822,0.45317348332890267,0.15977846695674655,0.7802907128573988,0.0,,,,,,,,0.0,1.0,1.0,1.0,0.0,,,,,,,,0.0,1.0,1.0,1.0,-0.020910562001180688,-0.32818709621230036,0.1775680371944067,0.874,-0.21494382397033956,-0.3329897617556074,-0.11560996453062417,0.0,,,,
phase3,rain_pilot,precip,5,123,winter_JF,all,ecmwf_ifs_ens,source,True,9204,13,0.9605362625473385,1.0380524804896303,2.8903657553781676,1.6685248936451385,3.8699106079126198,0.39036638014918223,0.15731120705641136,0.6598947914740623,0.0,,,,,,,,8.918276175328555e-05,-129.9068822449207,-429.0792446644591,-15.726621792181104,0.0,,,,,,,,1.4035319882484291e-05,-519.9493275080889,-1761.4591519504863,-11.102586090594789,0.9704426557855397,0.5158759047326043,1.3822948185605022,0.0,-0.27775092715006,-0.4326818734414123,-0.1401032533348388,0.0,,,,
phase3,rain_pilot,precip,5,123,premonsoon_MAM,all,blend_A,L3A,False,14352,19,-0.16809981951040828,5.50574251077424,11.87944124552171,7.200176186079137,16.064443806644732,5.50574251077424,3.6748959344845735,7.900140013234742,353.0,0.2776203966005666,0.3466666666666667,0.2419753086419753,0.42492917847025496,0.235006536900936,-0.00013211314100184938,0.28221247959466145,0.021390746934225196,0.0820625365688531,-0.053867452413397486,0.1533269361804769,75.0,0.0,,0.0,0.0,0.0,0.0,0.0,0.005225752508361204,-0.011758287798211864,-0.01463507777388361,0.004468095444562152,-0.13426888028728,-0.2473081760972926,4.337231642754525e-05,0.052,-0.06408357113470586,-0.15517772596020332,0.01728960389997692,0.134,0.02252254485369598,0.0,0.05250096025251895,0.27
phase3,rain_pilot,precip,5,123,premonsoon_MAM,all,equal_mean,prev,False,14352,19,-0.24743339023177857,5.569826081908946,12.01371012580899,7.262063821077266,16.291892731224834,5.569826081908946,3.7566240638204897,7.979108013669383,353.0,0.24079320113314448,0.2975206611570248,0.2185089974293059,0.34277620396600567,0.21248399204724003,-0.00013211314100184938,0.23578547100144415,0.021181716833890748,0.09103260950140502,-0.053867452413397486,0.1635278164674591,75.0,0.0,,0.0,0.0,0.0,0.0,0.0,0.005225752508361204,-0.011758287798211864,-0.01463507777388361,0.004468095444562152,,,,,,,,,,,,
phase3,rain_pilot,precip,5,123,premonsoon_MAM,all,superensemble,baseline,False,14352,19,-1.3073065835181812,5.38415065696496,12.210912881175433,7.067673715170273,16.765552967493665,5.38415065696496,3.5020417604693495,7.903790119681393,353.0,0.11048158640226628,0.44285714285714284,0.1015625,0.19830028328611898,0.09751610237424581,0.0,0.10987632192149131,0.02403846153846154,-0.031558387243471264,-0.17248916726582053,0.046379722473029385,75.0,0.0,,0.0,0.0,0.0,0.0,0.0,0.005225752508361204,-0.011758287798211864,-0.01463507777388361,0.004468095444562152,0.19720275536644394,-0.28144652897232386,0.5510067349793016,0.412,-0.18567542494398648,-0.48344932418314035,0.12472381896585444,0.216,-0.11496788967299422,-0.12948093533548466,0.00013211314100184938,0.27
phase3,rain_pilot,precip,5,123,premonsoon_MAM,all,persistence,baseline,False,14352,19,-2.5951777307172343,7.145449480511676,16.61254926136658,10.136429231100312,22.814654963775645,7.145449480511676,4.427600345231971,10.758047667748137,353.0,0.15864022662889518,0.48623853211009177,0.13793103448275862,0.3087818696883853,0.13220067254793394,-0.0010092006647550364,0.20779356194478146,0.024386845039018952,-0.04650850879772439,-0.7246202014254941,0.009644894671126456,75.0,0.05333333333333334,0.6666666666666666,0.04819277108433735,0.16,0.04747310798140998,-0.0007905179463357059,0.08252078848507872,0.005504459308807135,-0.06571872981411664,-0.49338897329107856,0.012422065061986646,4.598839135557592,2.3064004816454005,6.905042853993025,0.0,1.5756233986027297,0.4072546561632536,3.11051808005498,0.0,-0.08028331949930609,-0.13547105113189192,-0.0004465037557174501,0.0
phase3,rain_pilot,precip,5,123,premonsoon_MAM,all,climatology,baseline,False,14352,19,-3.703702972193717,6.570556874256145,16.89916120802384,7.555582415561501,24.509081202695466,6.570556874256145,3.6807174180154325,10.588711796820368,353.0,0.0,,0.0,0.0,0.0,0.0,0.0,0.0245958751393534,-0.05547858173027631,-0.07967539180049202,0.0024043244649743136,75.0,0.0,,0.0,0.0,0.0,0.0,0.0,0.005225752508361204,-0.011758287798211864,-0.01463507777388361,0.004468095444562152,4.885451082214852,0.23183796051516573,8.357808688169655,0.012,1.0007307923471984,-0.22737905932556973,2.7759706203309813,0.234,-0.21248399204724003,-0.23578547100144415,0.00013211314100184938,0.27
phase3,rain_pilot,precip,5,123,premonsoon_MAM,all,ecmwf_ifs_ctrl,source,False,14352,19,0.21591794642037324,5.677469876221585,12.47890272540041,7.596200499127688,16.767399010136234,5.677469876221585,3.7865676034303264,8.09522076652208,353.0,0.48158640226628896,0.3992932862190813,0.3648068669527897,0.8016997167138811,0.3551751307995755,0.0,0.4056782512110335,0.020624303232998884,0.11495280398821017,-0.10816787516339034,0.26551578468095416,75.0,0.09333333333333334,0.7666666666666667,0.07142857142857142,0.4,0.06994073687943565,0.0,0.09737218032623501,0.006340579710144928,-0.22760005586183052,-0.2788289487971584,0.004468095444562152,0.4651925995914201,-0.14154628539433745,1.3283809067195782,0.198,0.10764379431263915,-0.12687872547916684,0.4035762698757467,0.414,0.1426911387523355,0.0,0.17225167521735807,0.078
phase3,rain_pilot,precip,5,123,premonsoon_MAM,all,ecmwf_aifs,source,False,14352,19,0.09453119382359827,5.727551010896741,12.093468906932515,7.275728834923158,16.34465167794471,5.727551010896741,3.8687067882530037,8.138204158752654,353.0,0.2521246458923513,0.38620689655172413,0.2176039119804401,0.41076487252124644,0.2107215546618597,0.0,0.27838253863895285,0.022296544035674472,0.04319222052779481,-0.16823892737227417,0.1890298990023066,75.0,0.0,,0.0,0.0,0.0,0.0,0.0,0.005225752508361204,-0.011758287798211864,-0.01463507777388361,0.004468095444562152,0.07975878112352497,-0.3791892605287967,0.6409406524103874,0.792,0.1577249289877951,-0.05113709874543806,0.4039463285359725,0.138,-0.0017624373853803166,-0.08597520405121224,0.06572409315423301,1.0
phase3,rain_pilot,precip,5,123,premonsoon_MAM,all,ncep_gfs,source,False,14352,19,-1.3449966042399106,6.6308143809562345,15.840801972828364,9.761949219495326,21.470930475275786,6.6308143809562345,4.119298236477347,9.813640265089075,353.0,0.1274787535410765,0.5833333333333334,0.10817307692307693,0.3059490084985836,0.10244174779866454,-0.0007730516345498508,0.20805767140043985,0.025850055741360088,-0.10929901932558783,-2.0427809541567314,0.041247181753918775,75.0,0.0,1.0,0.0,0.09333333333333334,-0.0004462999186459006,-0.0010104588935882562,0.0,0.005713489409141583,-0.106189061326045,-0.5922615825088855,0.004468095444562152,3.827091847019375,2.04178156707814,5.301456981264026,0.0,1.0609882990472883,0.26226443870649924,2.089087321545074,0.002,-0.11004224424857549,-0.17800354035986954,0.028321234272271862,0.194
phase3,rain_pilot,precip,5,123,premonsoon_MAM,all,ecmwf_ifs_ens,source,True,14352,19,0.044813897501353596,5.699970855263568,12.09358716780336,7.200996311800066,16.408990183392376,3.9293866912021596,2.576546241359629,5.689676527168262,353.0,0.2804532577903683,0.4530386740331492,0.22758620689655173,0.5127478753541076,0.21959947417371134,0.0,0.3368557195417308,0.015635092540087263,0.32905394884571837,-0.005353455788397397,0.37385869677280076,75.0,0.0,1.0,0.0,0.04,-0.00020103088638538424,-0.0006200839023741786,0.0,0.005022856957940457,0.02752433310033242,-0.01984813148385365,0.045630911122128845,0.0798770419943704,-0.19436032265582276,0.38669331232379056,0.684,-1.6404393907067867,-2.2365943786076614,-1.1436129467011762,0.0,0.007115482126471312,-0.07678930811974063,0.10795759081566264,0.764
phase3,rain_pilot,precip,5,123,monsoon_JJAS,all,blend_A,L3A,False,19032,25,-0.06440773697607964,7.219483351776362,13.403276207218799,10.699588000316766,15.972574829305177,7.219483351776362,5.541607172561654,8.892713214460665,458.0,0.13100436681222707,0.5555555555555556,0.1125703564727955,0.29475982532751094,0.10712812825262992,-0.00010448335588537482,0.22297163975763157,0.024852879361076084,-0.13596992565426147,-0.3111432832879227,-0.009135500886614653,66.0,0.0,1.0,0.0,0.030303030303030304,-0.00010200580505763328,-0.00030551239104233694,0.0,0.003572929802437999,-0.04150856641510048,-0.08302713284519816,0.0816062897733602,-0.05937934540086154,-0.33059142388324086,0.3125726283980884,0.638,-0.13547471402990308,-0.30507338124769623,0.04228199841838601,0.138,-0.0008404941010579786,-0.013900303178196053,0.01865256422852947,0.808
phase3,rain_pilot,precip,5,123,monsoon_JJAS,all,equal_mean,prev,False,19032,25,-0.2018605019417566,7.354958065806265,13.46265555261966,10.797842197190018,16.128771261567774,7.354958065806265,5.7058379778861,9.066162854704725,458.0,0.12882096069868995,0.5203252032520326,0.11302681992337164,0.2685589519650655,0.1079686223536879,0.0,0.20955859174397662,0.024327448507776378,-0.11195364815628572,-0.1694499843900843,0.018261197351083974,66.0,0.015151515151515152,0.8,0.014285714285714285,0.07575757575757576,0.014041489289816881,0.0,0.025230437151148234,0.0036254728877679696,-0.05682486886238136,-0.11191216099693199,0.0816062897733602,,,,,,,,,,,,
phase3,rain_pilot,precip,5,123,monsoon_JJAS,all,superensemble,baseline,False,19032,25,-0.05403989529880792,7.330243279842059,13.277047413717982,10.532104759051105,15.771610893050275,7.330243279842059,5.583504433241915,9.08801285120817,458.0,0.08296943231441048,0.525,0.076,0.17467248908296942,0.07242851838098774,0.0,0.1484823507119612,0.024274905422446407,-0.10955202040648793,-0.19879060066670007,-0.015460467673385266,66.0,0.0,,0.0,0.0,0.0,0.0,0.0,0.0034678436317780582,-0.010875961520538713,-0.031168424875190615,0.0816062897733602,-0.18560813890167793,-0.6128516620338301,0.3365513558079782,0.434,-0.024714785964206065,-0.2971243951874355,0.27756369776679346,0.868,-0.03554010397270016,-0.06306632507143778,0.008445607829622878,0.744
phase3,rain_pilot,precip,5,123,monsoon_JJAS,all,persistence,baseline,False,19032,25,1.5269005821000734,13.079797141468477,24.913089275105808,20.343444776040265,29.43233802141034,13.079797141468477,10.668530846505258,15.6666117202813,458.0,0.06986899563318777,0.9536903039073806,0.02864816472694718,1.5087336244541485,0.01396916646937824,-0.006221819260866944,0.04405090392896874,0.05700924758301808,-1.6057661085303887,-3.98003236220743,-0.7360512628193481,66.0,0.0,1.0,0.0,1.9242424242424243,-0.0022871681191357547,-0.00369712299161849,-0.0006329278243092129,0.010140815468684321,-1.9560463723252113,-9.505162268129494,-0.5990733860496096,11.450433722486148,7.640576923859188,15.88014679306633,0.0,5.724839075662212,3.5875264657369517,8.191710266962614,0.0,-0.09399945588430966,-0.20956369694273178,0.040472401308580486,0.628
phase3,rain_pilot,precip,5,123,monsoon_JJAS,all,climatology,baseline,False,19032,25,-0.17384056665375985,8.742146002159256,15.315643011018315,12.15239234163763,18.461300334295082,8.742146002159256,7.537994335578829,10.087776793223055,458.0,0.0,,0.0,0.0,0.0,0.0,0.0,0.024064733081126524,-0.09994550940729763,-0.14776305397210882,0.018783259572529173,66.0,0.0,,0.0,0.0,0.0,0.0,0.0,0.0034678436317780582,-0.010875961520538713,-0.031168424875190615,0.0816062897733602,1.8529874583986548,0.8750132783120605,2.726908809303228,0.002,1.3871879363529906,0.5940034315133693,2.233794642882738,0.002,-0.1079686223536879,-0.20955859174397665,0.0,0.244
phase3,rain_pilot,precip,5,123,monsoon_JJAS,all,ecmwf_ifs_ctrl,source,False,19032,25,-0.03368027843127811,8.297890988675334,15.289098677112467,11.7283299849634,18.62451960161477,8.297890988675334,6.44847645078231,10.31502069307517,458.0,0.16812227074235808,0.6298076923076923,0.1307300509337861,0.45414847161572053,0.12327946776955395,0.01615708084472197,0.2062406718965568,0.026902059688944935,-0.22963340789636777,-0.3327634425830787,-0.06995671494732164,66.0,0.030303030303030304,0.9393939393939394,0.020618556701030927,0.5,0.019461735449253385,-0.0002479482527990487,0.028954215670049466,0.004991593106347204,-0.4550487324916843,-0.8302559144077771,0.044364370250864676,1.8264431244928065,1.0845673352599452,2.79953406502635,0.0,0.942932922869069,0.5086218211943371,1.503028296798291,0.0,0.015310845415866053,-0.007918385482021308,0.059947198647585735,0.22
phase3,rain_pilot,precip,5,123,monsoon_JJAS,all,ecmwf_aifs,source,False,19032,25,1.6031069538793665,7.985605899602357,13.606936489819004,10.647750349668947,16.21305477590601,7.985605899602357,6.04289880021527,9.833403679146517,458.0,0.1462882096069869,0.6058823529411764,0.11942959001782531,0.37117903930131,0.1129609970363499,0.008170978968502515,0.20956515444066087,0.025956284153005466,-0.18640410840001098,-0.5195939941682926,-0.01642784630270758,66.0,0.0,,0.0,0.0,0.0,0.0,0.0,0.0034678436317780582,-0.010875961520538713,-0.031168424875190615,0.0816062897733602,0.1442809371993441,-0.6601900976695254,1.0892258325059938,0.84,0.6306478337960915,0.1756185920788107,1.1507484354758608,0.006,0.004992374682662004,-0.02726371666613723,0.05941230623429335,0.556
phase3,rain_pilot,precip,5,123,monsoon_JJAS,all,ncep_gfs,source,False,19032,25,-2.7135315457986886,8.250617451552019,17.494877258969225,13.463209724789413,21.543095030811,8.250617451552019,6.287180231175016,10.292902859310216,458.0,0.1462882096069869,0.6683168316831684,0.11298482293423272,0.4410480349344978,0.10565347979981167,0.0024474906738045747,0.18422761375519647,0.027637662883564524,-0.26325619639353404,-0.5298893729712432,-0.09830796031880566,66.0,0.12121212121212122,0.8367346938775511,0.07476635514018691,0.7424242424242424,0.07329467487052367,-0.0007212680723875444,0.11304123495717441,0.005201765447667087,-0.5163139422808078,-0.9471566545808751,-0.05439242297038784,4.032221706349565,2.17659030759959,5.985192705264206,0.0,0.8956593857457538,0.27859152052933883,1.5466565920857416,0.002,-0.002315142553876229,-0.04403050717165012,0.05495371701404106,0.89
phase3,rain_pilot,precip,5,123,monsoon_JJAS,all,ecmwf_ifs_ens,source,True,19032,25,0.3459201986946873,7.894600216449819,13.890143423896502,11.13663755797482,16.40801454828691,5.390547768708776,4.295089067883516,6.579094935061753,458.0,0.06331877729257641,0.6704545454545454,0.05609284332688588,0.19213973799126638,0.05221057959596866,0.0,0.10098591344423408,0.02094939880690632,0.04244950215086685,-0.03535934191862991,0.12227500151504639,66.0,0.0,1.0,0.0,0.015151515151515152,-5.176153929406672e-05,-0.00015705516112483368,0.0,0.0035099023413732128,-0.02313606982320615,-0.04543700518386381,0.055677451847001645,0.42748787127684196,0.15275367158204753,0.7540867380443792,0.0,-1.9644102970974888,-2.6448137584873916,-1.3384267476305967,0.0,-0.055758042757719235,-0.10873104207182838,0.005436015097350297,0.568
phase3,rain_pilot,precip,5,123,postmonsoon_OND,all,blend_A,L3A,False,14352,19,0.8479534006742763,4.293709063748812,8.61412375091035,6.215051037698144,10.718736919397825,4.293709063748812,2.7135393440868936,5.891328697687919,59.0,0.0,,0.0,0.0,0.0,0.0,0.0,0.00411092530657748,-0.0019549496919730736,-0.012678261551915865,0.048997309133986144,3.0,0.0,,0.0,0.0,0.0,0.0,0.0,0.00020903010033444816,0.012523986593886094,0.004761363766040655,1.0,-0.023024904140852342,-0.10214619801442146,0.0415473425576786,0.506,-0.010036019956953801,-0.07766382070790882,0.056431508326973225,0.76,6.852011646097082e-05,0.0,0.00020207863992145387,0.7
phase3,rain_pilot,precip,5,123,postmonsoon_OND,all,equal_mean,prev,False,14352,19,0.8738748468466008,4.303745083705766,8.637148655051202,6.255206537757595,10.72853399641048,4.303745083705766,2.7361100502274667,5.868642972338742,59.0,0.0,1.0,0.0,0.01694915254237288,-6.852011646097082e-05,-0.00020207863992145392,0.0,0.004180602006688963,-0.018937236974887695,-0.08688732086797611,0.02769169618036878,3.0,0.0,,0.0,0.0,0.0,0.0,0.0,0.00020903010033444816,0.012523986593886094,0.004761363766040655,1.0,,,,,,,,,,,,
phase3,rain_pilot,precip,5,123,postmonsoon_OND,all,superensemble,baseline,False,14352,19,0.28145138565549555,4.287881511067275,8.575031129198054,6.107282681838223,10.714258027737982,4.287881511067275,2.787533871030434,5.8386129163452525,59.0,0.0,,0.0,0.0,0.0,0.0,0.0,0.00411092530657748,-0.0019549496919730736,-0.012678261551915865,0.048997309133986144,3.0,0.0,,0.0,0.0,0.0,0.0,0.0,0.00020903010033444816,0.012523986593886094,0.004761363766040655,1.0,-0.062117525853148337,-0.28257475890232353,0.10216813047520333,0.432,-0.015863572638490808,-0.26735996503272025,0.21674095735109974,0.868,6.852011646097082e-05,0.0,0.00020207863992145387,0.7
phase3,rain_pilot,precip,5,123,postmonsoon_OND,all,persistence,baseline,False,14352,19,0.5759835719564927,6.199261529785929,13.833206370952672,10.642121163063996,16.692133879925773,6.199261529785929,3.9717031205919593,8.536687042699597,59.0,0.01694915254237288,0.9857142857142858,0.0078125,1.1864406779661016,0.005576875443962276,-0.002502025932415821,0.01840867429696887,0.008848940914158306,-1.1567504849301793,-4.245114085608187,-0.34111887314379186,3.0,0.0,1.0,0.0,1.6666666666666667,-0.00013066088274492382,-0.0002090738030524775,0.0,0.0005574136008918618,-1.6332693690829703,-29.945483724033153,0.00540517745403076,5.196057715901469,3.2726698708666975,7.091014106509783,0.0,1.8955164460801628,0.5451144791268784,3.3661423249729703,0.008,0.005645395560423247,-0.0023655929328350567,0.018479310389199696,0.746
phase3,rain_pilot,precip,5,123,postmonsoon_OND,all,climatology,baseline,False,14352,19,0.3293853584122029,5.112455098188681,9.529824636506078,6.9002649011498045,11.852186148339582,5.112455098188681,3.6728382781537827,6.480666723187908,59.0,0.0,,0.0,0.0,0.0,0.0,0.0,0.00411092530657748,-0.0019549496919730736,-0.012678261551915865,0.048997309133986144,3.0,0.0,,0.0,0.0,0.0,0.0,0.0,0.00020903010033444816,0.012523986593886094,0.004761363766040655,1.0,0.8926759814548753,0.34855988914240665,1.329679291347425,0.008,0.8087100144829149,0.12794996402806008,1.5276797860826883,0.016,6.852011646097082e-05,0.0,0.00020207863992145387,0.7
phase3,rain_pilot,precip,5,123,postmonsoon_OND,all,ecmwf_ifs_ctrl,source,False,14352,19,0.3967087602651903,4.436041791313883,10.277295482465567,7.501362452604283,12.485534805754028,4.436041791313883,2.806308513712184,6.068287515929883,59.0,0.0,1.0,0.0,0.2542372881355932,-0.0008339906310340636,-0.0017396230686183764,0.0,0.005156075808249721,-0.25668925893569505,-1.5150038047480021,0.01309815143918113,3.0,0.0,1.0,0.0,2.0,-0.0001393728222996516,-0.00024597825552221184,0.0,0.0006270903010033445,-1.9624280402183416,-17.49358775655658,0.041966263876632194,1.6401468274143642,0.6642689349532708,3.4958519501817285,0.0,0.13229670760811718,-0.02835447831554325,0.3208109158396295,0.118,-0.0007654705145730928,-0.001541363771664789,0.0,0.272
phase3,rain_pilot,precip,5,123,postmonsoon_OND,all,ecmwf_aifs,source,False,14352,19,1.4587885879531477,4.518113498739512,8.927177257053597,6.2563991688950695,11.297019106830623,4.518113498739512,2.7209844829160437,6.2888720275269705,59.0,0.0,,0.0,0.0,0.0,0.0,0.0,0.00411092530657748,-0.0019549496919730736,-0.012678261551915865,0.048997309133986144,3.0,0.0,,0.0,0.0,0.0,0.0,0.0,0.00020903010033444816,0.012523986593886094,0.004761363766040655,1.0,0.2900286020023941,-0.1687034496716481,0.6475773746277876,0.208,0.21436841503374637,-0.20037469679772346,0.6000830421580118,0.316,6.852011646097082e-05,0.0,0.00020207863992145387,0.7
phase3,rain_pilot,precip,5,123,postmonsoon_OND,all,ncep_gfs,source,False,14352,19,0.8411785543915985,5.029114893087318,11.052398687985834,7.971955928239131,13.6520533090448,5.029114893087318,3.0614161461743636,6.871208973411601,59.0,0.0,1.0,0.0,0.7288135593220338,-0.0017360457708433267,-0.002853895515823281,-0.0005343357197815007,0.007107023411371237,-0.7321933028573093,-2.296203255896021,-0.2001638343551343,3.0,0.0,1.0,0.0,1.6666666666666667,-0.00013066088274492382,-0.00027125553474211954,0.0,0.0005574136008918618,-1.6332693690829703,-5.699871110139,0.029462478534200014,2.4152500329346314,1.225532347825629,3.653721672985881,0.0,0.7253698093815517,0.09577253970658335,1.3732192591823185,0.028,-0.001667525654382356,-0.00280837538460619,-0.0004717106816879577,0.0
phase3,rain_pilot,precip,5,123,postmonsoon_OND,all,ecmwf_ifs_ens,source,True,14352,19,0.9839434737196413,4.629374538338154,8.977662983353524,6.66070723843765,10.975158472146346,2.8336896613041205,1.7450520538238077,3.9344787366392335,59.0,0.0,,0.0,0.0,0.0,0.0,0.0,0.004235518283208972,-0.03232196935857723,-0.2613896344975634,0.04089513933724087,3.0,0.0,,0.0,0.0,0.0,0.0,0.0,0.00023780087154541798,-0.12339158926131932,-1.2343920318819892,0.054813679629255124,0.3405143283023211,-0.09631668870800132,1.0439292131382325,0.172,-1.4700554224016456,-1.964774674778256,-0.9627967322733517,0.0,6.852011646097082e-05,0.0,0.00020207863992145387,0.7
