sample,region,variable,lead_day,lead_h,season,regime,forecast,kind,ensemble,n_cases,n_blocks,bias,mae,rmse,rmse_lo,rmse_hi,crps,crps_lo,crps_hi,n_obs_ev_40.0,pod_40.0,far_40.0,csi_40.0,fbias_40.0,ets_40.0,ets_40.0_lo,ets_40.0_hi,brier_40.0,bss_40.0,bss_40.0_lo,bss_40.0_hi,d_rmse_vs_ref,d_rmse_lo,d_rmse_hi,d_rmse_p,d_crps_vs_ref,d_crps_lo,d_crps_hi,d_crps_p,d_ets_40.0_vs_ref,d_ets_40.0_lo,d_ets_40.0_hi,d_ets_40.0_p
L1,heat_pilot,tmax,1,27,all,all,equal_mean_cell_bias,L1,False,61009,73,-0.013939404710752364,0.6945027499864902,0.8882246271181609,0.8264947866854712,0.9608617433107786,0.6945027499864902,0.6478929384210018,0.7476971455461872,4471.0,0.7711921270409304,0.1923167018037011,0.6515495086923658,0.9548199507940058,0.6296556234607725,0.4193079806921861,0.7539154124130567,0.030225048763297218,0.6001545155127754,0.2607959182209998,0.7937039825187295,-0.8413419156002988,-0.9703773892818373,-0.723411825241611,0.0,-0.7147513268613686,-0.8323523174528236,-0.6097568825902115,0.0,0.20374792740694941,0.09368888306057581,0.26477189777335475,0.006
L1,heat_pilot,tmax,1,27,all,all,equal_mean,baseline,False,61009,73,-1.182363134971063,1.4092540768478587,1.7295665427184597,1.6361227828500342,1.8338807173896383,1.4092540768478587,1.3188152267742328,1.5176761108573291,4471.0,0.47193021695370163,0.1059322033898305,0.4469392077949587,0.5278461194363677,0.4259076960538231,0.23754841230304538,0.5649700556598105,0.04279696438230425,0.43384134490447746,-0.06647221179178947,0.7730032413024127,,,,,,,,,,,,
L1,heat_pilot,tmax,1,27,winter_JF,all,equal_mean_cell_bias,L1,False,9971,13,0.41504471338616605,0.7212556694183028,0.9375846758151112,0.7295959671062816,1.1482703570894026,0.7212556694183028,0.5727643964023639,0.8925926605885142,0.0,,,,,,,,0.0,1.0,1.0,1.0,-0.6879796055662879,-1.0221932948827759,-0.3529189972552436,0.0,-0.6180237638186385,-0.9100028807802959,-0.32098456368350914,0.0,,,,
L1,heat_pilot,tmax,1,27,winter_JF,all,equal_mean,baseline,False,9971,13,-1.1233186915960705,1.3392794332369413,1.625564281381399,1.4553383172773544,1.7941404182589429,1.3392794332369413,1.1744615889192864,1.5160914807570425,0.0,,,,,,,,0.0,1.0,1.0,1.0,,,,,,,,,,,,
L1,heat_pilot,tmax,1,27,premonsoon_MAM,all,equal_mean_cell_bias,L1,False,15548,19,0.15085522718162134,0.7734657246624255,0.9674587676105352,0.8502950981599362,1.0896901032963897,0.7734657246624255,0.6797097301084323,0.8788731670129153,4234.0,0.769485120453472,0.17727272727272728,0.6600486223662885,0.9352857817666509,0.5650168607680166,0.3963572770996637,0.6874013066333503,0.10792384872652432,0.5692867310338849,0.09571995840024972,0.7604745651502417,-0.6549162376015306,-0.8596232922955511,-0.44536106808101517,0.0,-0.49939310725501374,-0.6886427341282904,-0.31765269933164925,0.0,0.19461908922285265,0.09031331448733504,0.2674772413991539,0.004
L1,heat_pilot,tmax,1,27,premonsoon_MAM,all,equal_mean,baseline,False,15548,19,-0.8900759907715848,1.2728588319174392,1.6223750052120658,1.4733428906720345,1.7693983000899678,1.2728588319174392,1.1435448965408026,1.4099874508832044,4234.0,0.4728389230042513,0.07699400645458737,0.45489661440581686,0.5122815304676429,0.37039777154516396,0.21084117704222596,0.5038962585657084,0.15429637252379727,0.38421863393938616,-0.28754081291794625,0.7177626949746522,,,,,,,,,,,,
L1,heat_pilot,tmax,1,27,monsoon_JJAS,all,equal_mean_cell_bias,L1,False,20618,25,-0.0556420451952514,0.6531793246711881,0.8553201117566903,0.7363528131406564,0.9783349185631376,0.6531793246711881,0.5761965959605381,0.7363198544375598,237.0,0.8016877637130801,0.3851132686084142,0.5337078651685393,1.3037974683544304,0.5290086730358378,0.49992898399772745,0.5293383643464216,0.008051217382869338,0.7681297131399287,0.2687104965472027,1.0,-0.6192043404187108,-0.7396872212900365,-0.49357888920288684,0.0,-0.5255781857901927,-0.6274880359731251,-0.4185669255130558,0.0,0.1960854635032217,0.1949140180150607,0.4999763302404847,0.0
L1,heat_pilot,tmax,1,27,monsoon_JJAS,all,equal_mean,baseline,False,20618,25,-0.9285439627167557,1.1787575104613808,1.474524452175401,1.3712199650530994,1.5754589382983142,1.1787575104613808,1.0823042605079856,1.275501917123753,237.0,0.45569620253164556,0.43455497382198954,0.3375,0.8059071729957806,0.33292320953261606,0.0,0.3341038474564294,0.01028227762149578,0.7038765011184631,0.06483584709975619,1.0,,,,,,,,,,,,
L1,heat_pilot,tmax,1,27,postmonsoon_OND,all,equal_mean_cell_bias,L1,False,14872,18,-0.41602402928697607,0.6513032269388068,0.8089127321835916,0.7255179446178014,0.8908207365903517,0.6513032269388068,0.5719661633561431,0.739104031017938,0.0,,,,,,,,0.0,,,,-1.3668370615450682,-1.5096994058471322,-1.2215646062335708,0.0,-1.2670127545203362,-1.4238365678382834,-1.1176690142159398,0.0,,,,
L1,heat_pilot,tmax,1,27,postmonsoon_OND,all,equal_mean,baseline,False,14872,18,-1.8794083445222227,1.918315981459143,2.17574979372866,1.9988145174593324,2.3528669876208546,1.918315981459143,1.729787261214945,2.127056488699013,0.0,,,,,,,,0.0,,,,,,,,,,,,,,,
L1,heat_pilot,tmax,2,51,all,all,equal_mean_cell_bias,L1,False,61178,73,-0.006242263749299799,0.7538664026006907,0.9762076909706106,0.887436855664192,1.0805399369692557,0.7538664026006907,0.6954831665256088,0.8234336147094955,4471.0,0.7702974726012077,0.22571942446043167,0.6290410958904109,0.9948557369715947,0.6056258633246221,0.3894392414220969,0.7381864730007304,0.0331982085063258,0.5596061936043637,0.20243467861030257,0.7605566669030925,-0.7403775028383399,-0.8868469073430936,-0.6082891367740432,0.0,-0.6466983968323265,-0.7686461423739551,-0.53606856855693,0.0,0.15331136217430463,0.061174301758517,0.21505376981532487,0.014
L1,heat_pilot,tmax,2,51,all,all,equal_mean,baseline,False,61178,73,-1.078498842077945,1.4005647994330173,1.7165851938089505,1.6280391268107253,1.8098226385537257,1.4005647994330173,1.3149644472201019,1.4941321949884512,4471.0,0.5280697830462984,0.1736086804340217,0.47533722568955106,0.6390069335719079,0.45231450115031746,0.2719678411041233,0.5780353467000692,0.042597011997776976,0.43492552463464895,-0.02131116251611853,0.7433279913294148,,,,,,,,,,,,
L1,heat_pilot,tmax,2,51,winter_JF,all,equal_mean_cell_bias,L1,False,9971,13,0.5110350428917811,0.7774008734751556,1.0311884447681685,0.7614629859647868,1.3115555909521073,0.7774008734751556,0.5938350858698983,1.0016551826448934,0.0,,,,,,,,0.0,1.0,1.0,1.0,-0.4902608241361861,-0.8749292995968032,-0.12919540649299016,0.012,-0.46734233596429897,-0.7735944003783161,-0.15544719383199015,0.008,,,,
L1,heat_pilot,tmax,2,51,winter_JF,all,equal_mean,baseline,False,9971,13,-0.9363543218050854,1.2447432094394546,1.5214492689043546,1.371168506116117,1.672979143848056,1.2447432094394546,1.1001852923668376,1.4081972976911143,0.0,,,,,,,,0.0,1.0,1.0,1.0,,,,,,,,,,,,
L1,heat_pilot,tmax,2,51,premonsoon_MAM,all,equal_mean_cell_bias,L1,False,15548,19,0.2571233746200102,0.8265849699359459,1.0459254679300127,0.8962213548368951,1.2023913357845393,0.8265849699359459,0.7171401476118647,0.9560140250978217,4234.0,0.7857817666509211,0.1963768115942029,0.6592034872201308,0.9777987718469532,0.5611801096898763,0.3900884830761294,0.6835106910177029,0.11062516079238487,0.5585060651837199,0.14606109520418767,0.7426574418005367,-0.46805691348312606,-0.6730811786724907,-0.2853679976484457,0.0,-0.35378000489046746,-0.5178384601642914,-0.2106106636930222,0.0,0.16017829422676833,0.0742151643737385,0.23269665757829858,0.004
L1,heat_pilot,tmax,2,51,premonsoon_MAM,all,equal_mean,baseline,False,15548,19,-0.5839136826338791,1.1803649748264133,1.5139823814131388,1.3898931701895239,1.648607487829299,1.1803649748264133,1.0759620928200038,1.294625255859753,4234.0,0.5342465753424658,0.13266871165644173,0.4938864628820961,0.6159659896079358,0.401001815463108,0.2529787668295234,0.5198397687055716,0.14908669925392334,0.40500991807899,-0.19063338129056923,0.6945521471339314,,,,,,,,,,,,
L1,heat_pilot,tmax,2,51,monsoon_JJAS,all,equal_mean_cell_bias,L1,False,20618,25,-0.21422950103727204,0.7894258315052785,1.0295072751983472,0.8731731802529704,1.2220487892322145,0.7894258315052785,0.6965676555632065,0.8978242743030393,237.0,0.4936708860759494,0.6201298701298701,0.2733644859813084,1.2995780590717299,0.26730364641156706,0.2520759109618155,0.33330177365397967,0.015083907265496169,0.5655924143766135,-0.3695057973752386,1.0,-0.5797964129102373,-0.711057820865713,-0.43408291070873706,0.0,-0.5080007751439681,-0.6127306641446478,-0.3979198264208269,0.0,0.01703461751780705,0.014883262767840771,0.33330177365397967,0.0
L1,heat_pilot,tmax,2,51,monsoon_JJAS,all,equal_mean,baseline,False,20618,25,-0.9650024443110297,1.2974266066492466,1.6093036881085845,1.4919668028997237,1.730735407866018,1.2974266066492466,1.1845902680205949,1.4139839603811684,237.0,0.4177215189873418,0.6024096385542169,0.2558139534883721,1.0506329113924051,0.25026902889376,0.0,0.251079552234418,0.013968377146182947,0.5977190203873461,-0.27200053024819887,1.0,,,,,,,,,,,,
L1,heat_pilot,tmax,2,51,postmonsoon_OND,all,equal_mean_cell_bias,L1,False,15041,18,-0.3362934645657907,0.6143507587490433,0.766513589215462,0.688106677337165,0.8420735243901334,0.6143507587490433,0.5452982132900072,0.6879627893915932,0.0,,,,,,,,0.0,,,,-1.362154092159917,-1.4896038029959322,-1.234668863207878,0.0,-1.2585142338642865,-1.4007523844558496,-1.1181360161608673,0.0,,,,
L1,heat_pilot,tmax,2,51,postmonsoon_OND,all,equal_mean,baseline,False,15041,18,-1.8395653801961083,1.8728649926133298,2.128667681375379,1.980570795226389,2.2785143001554244,1.8728649926133298,1.7085271411977283,2.04471107865712,0.0,,,,,,,,0.0,,,,,,,,,,,,,,,
L1,heat_pilot,tmax,3,75,all,all,equal_mean_cell_bias,L1,False,61347,73,-0.00023960022925786472,0.8235569123986908,1.0798003881309217,0.9669640716907714,1.1961520745853609,0.8235569123986908,0.7481766320944625,0.9077786011981667,4471.0,0.7723104450905838,0.22317210348706412,0.6320702910488742,0.9941847461418027,0.6088768363571243,0.3761102542014753,0.7589336373751034,0.032764438358843954,0.5641597484710837,0.16555210333759515,0.7832077675834745,-0.6700581450181149,-0.8148532542198486,-0.5382406238520915,0.0,-0.609170339504975,-0.7367994035250446,-0.4963062789396288,0.0,0.12531684731408466,0.039012324492074306,0.18456023178720576,0.022
L1,heat_pilot,tmax,3,75,all,all,equal_mean,baseline,False,61347,73,-1.017832208822737,1.4327272519036658,1.7498585331490366,1.6614751714249651,1.837898628896092,1.4327272519036658,1.3466305185953413,1.523394262225537,4471.0,0.5795124133303512,0.19708707778122095,0.5073428627374192,0.7217624692462536,0.48355998904303965,0.2763207754966222,0.6260001908198847,0.041012600453159895,0.4544407597777347,0.023063212807830472,0.7459958871189183,,,,,,,,,,,,
L1,heat_pilot,tmax,3,75,winter_JF,all,equal_mean_cell_bias,L1,False,9971,13,0.5774721588082735,0.8094531024737364,1.0913224404107917,0.7789743524031736,1.4077794305222247,0.8094531024737364,0.6057186078482668,1.0655290079483575,0.0,,,,,,,,0.0,1.0,1.0,1.0,-0.3455305616439215,-0.7464691765681728,0.027502339061349707,0.062,-0.35544181833677535,-0.66164196531904,-0.042562317707718546,0.026,,,,
L1,heat_pilot,tmax,3,75,winter_JF,all,equal_mean,baseline,False,9971,13,-0.7607294288660504,1.1648949208105117,1.4368530020547132,1.308500259194605,1.566819983976689,1.1648949208105117,1.0433272769802153,1.300187561577179,0.0,,,,,,,,0.0,1.0,1.0,1.0,,,,,,,,,,,,
L1,heat_pilot,tmax,3,75,premonsoon_MAM,all,equal_mean_cell_bias,L1,False,15548,19,0.3109696990332813,0.8752836771357295,1.1412570775082418,0.9498912213072537,1.331417631042395,0.8752836771357295,0.7444911516111735,1.0238039490586222,4234.0,0.7985356636750118,0.18959731543624161,0.6728358208955224,0.9853566367501181,0.5772571956825144,0.4019639422998059,0.7051323998426475,0.10573707229225623,0.5780139367221138,0.14706007488115141,0.7720041446706509,-0.37314656652192735,-0.5585135083631863,-0.2081876270308692,0.0,-0.3103459214440403,-0.43998183593107526,-0.18458911422103869,0.0,0.13973261354495792,0.0564223624216145,0.20649343574376208,0.006
L1,heat_pilot,tmax,3,75,premonsoon_MAM,all,equal_mean,baseline,False,15548,19,-0.36466601577613544,1.1856295985797698,1.5144036440301691,1.4154879985236095,1.6204868123050993,1.1856295985797698,1.1038610596676028,1.2762011191942209,4234.0,0.593764761454889,0.15694164989939638,0.534666099532114,0.7042985356636751,0.4375245821375565,0.27584727634455947,0.5795144433594516,0.1407254952405454,0.43837864571045304,-0.11881559061968193,0.7160606594409097,,,,,,,,,,,,
L1,heat_pilot,tmax,3,75,monsoon_JJAS,all,equal_mean_cell_bias,L1,False,20618,25,-0.331815492402618,0.923275564676437,1.187883048935212,1.0096786607420556,1.3919718345878997,0.923275564676437,0.7924988960943279,1.067059420742703,237.0,0.3037974683544304,0.7362637362637363,0.1643835616438356,1.1518987341772151,0.15835352353445237,0.14376000966392175,0.1666272170674746,0.01775147928994083,0.4887679217422525,-0.6004822685884202,1.0,-0.5709518342143722,-0.7320578742456739,-0.41085396560890086,0.0,-0.5176824961384858,-0.6525306362753778,-0.3864847601702679,0.0,-0.026098900272185782,-0.8334516933371209,-0.024061810523004684,0.0
L1,heat_pilot,tmax,3,75,monsoon_JJAS,all,equal_mean,baseline,False,20618,25,-1.0619289488112016,1.4409580608149228,1.7588348831495841,1.6369667402727146,1.8826402829966697,1.4409580608149228,1.3241158496498495,1.5601476858268497,237.0,0.32489451476793246,0.6857142857142857,0.19012345679012346,1.0337552742616034,0.18445242380663815,0.1688638624215541,1.0,0.015908429527597245,0.541846662107811,-0.45371489171222723,1.0,,,,,,,,,,,,
L1,heat_pilot,tmax,3,75,postmonsoon_OND,all,equal_mean_cell_bias,L1,False,15210,18,-0.2476172721205692,0.6447523218640209,0.8232827820615625,0.7111771346517032,0.9305517040709947,0.6447523218640209,0.5667212601698676,0.7300846541703806,0.0,,,,,,,,0.0,,,,-1.2883201289623574,-1.434556974000015,-1.120275188567166,0.0,-1.204985296185435,-1.3547256117632012,-1.039645958000073,0.0,,,,
L1,heat_pilot,tmax,3,75,postmonsoon_OND,all,equal_mean,baseline,False,15210,18,-1.7942827810353938,1.849737618049456,2.11160291102392,1.9631758353591955,2.25057776610055,1.849737618049456,1.6884137823486078,2.0098365341527615,0.0,,,,,,,,0.0,,,,,,,,,,,,,,,
L1,heat_pilot,tmax,4,99,all,all,equal_mean_cell_bias,L1,False,61516,74,0.008020568493942856,0.8642144547659721,1.1308620569906223,1.0137256457396526,1.2433025991026274,0.8642144547659721,0.7831561892631665,0.9506355774026242,4471.0,0.7582196376649519,0.202165215344787,0.6360225140712945,0.9503466785953926,0.6136367504406628,0.36037100604974814,0.7707517441795998,0.031536510826451654,0.5793382646934838,0.1885304079714209,0.7848031550135613,-0.6275065848628398,-0.7636383019248876,-0.49059974676321133,0.0,-0.5691850573741085,-0.6874539708474502,-0.4534612108399178,0.0,0.11242356261398212,0.03734657778460891,0.1596883068057258,0.018
L1,heat_pilot,tmax,4,99,all,all,equal_mean,baseline,False,61516,74,-0.9803329272499335,1.4333995121400807,1.758368641853462,1.6689270973546435,1.8489456395669566,1.4333995121400807,1.348606662375766,1.5216252743651422,4471.0,0.5985238201744576,0.1903177004538578,0.5247058823529411,0.7392082308208454,0.5012131878266807,0.27885959488478035,0.6523104678488675,0.039404382599648874,0.4743896668128891,0.05258197007724419,0.7384655948629665,,,,,,,,,,,,
L1,heat_pilot,tmax,4,99,winter_JF,all,equal_mean_cell_bias,L1,False,9971,13,0.6379747391703519,0.8484742043429853,1.1472612482215114,0.7960409707938917,1.504148280951194,0.8484742043429853,0.6185103742169977,1.1396730151810552,0.0,,,,,,,,0.0,1.0,1.0,1.0,-0.22643790275671827,-0.632187711065525,0.13709547430873767,0.244,-0.25958330400991236,-0.5649017207988928,0.05024060452869304,0.122,,,,
L1,heat_pilot,tmax,4,99,winter_JF,all,equal_mean,baseline,False,9971,13,-0.6327208357437863,1.1080575083528976,1.3736991509782297,1.2667982003543663,1.472674959447564,1.1080575083528976,1.0027804084423007,1.2108336654047616,0.0,,,,,,,,0.0,1.0,1.0,1.0,,,,,,,,,,,,
L1,heat_pilot,tmax,4,99,premonsoon_MAM,all,equal_mean_cell_bias,L1,False,15548,19,0.3055832156001494,0.8814784799040453,1.146704019226166,0.9790148949235333,1.317467068540819,0.8814784799040453,0.7611175784113215,1.0142597930979294,4234.0,0.7907416154936231,0.17941176470588235,0.6741844542891663,0.9636277751535192,0.5802790973562619,0.39866232205304775,0.714859913731748,0.10406483148958065,0.5846876822484064,0.14411103171583467,0.7766471381790964,-0.34497355807053887,-0.50035531371972,-0.20354754496560426,0.0,-0.2824853206925998,-0.4034005637113363,-0.16395477912641954,0.0,0.1210427191823713,0.047653926656283194,0.1787836899745385,0.006
L1,heat_pilot,tmax,4,99,premonsoon_MAM,all,equal_mean,baseline,False,15548,19,-0.2657183819391257,1.163963800596645,1.4916775772967048,1.3937189818273228,1.5868361810964515,1.163963800596645,1.0880368056964653,1.2390492998876146,4234.0,0.6195087387812943,0.15523349436392914,0.5561916878710772,0.7333490788852149,0.4592363781738906,0.2957594833376229,0.5942974220901439,0.1346153846153846,0.46276348513344523,-0.07020805220134442,0.7135477757871209,,,,,,,,,,,,
L1,heat_pilot,tmax,4,99,monsoon_JJAS,all,equal_mean_cell_bias,L1,False,20618,25,-0.3790544687874831,1.0223974951694956,1.2927889122998213,1.1211950040092944,1.4698441198695615,1.0223974951694956,0.8844643940482695,1.1691599769427619,237.0,0.17721518987341772,0.7514792899408284,0.11538461538461539,0.7130801687763713,0.11063820153494373,0.05249702231148366,0.11453970748925404,0.015617421670385101,0.5502275158497413,-0.3714691833098603,1.0,-0.5666094016467922,-0.727159597586206,-0.4137525226268818,0.0,-0.5023614579253568,-0.6374532306534229,-0.36811695567158803,0.0,-0.02219098384857772,-0.030706115017683402,-0.019077744684685066,0.0
L1,heat_pilot,tmax,4,99,monsoon_JJAS,all,equal_mean,baseline,False,20618,25,-1.1213412579491941,1.5247589530948524,1.8593983139466135,1.733727001527942,1.9859325418209384,1.5247589530948524,1.4093893449190158,1.651980226961969,237.0,0.22362869198312235,0.735,0.13802083333333334,0.8438818565400844,0.13282918538352145,0.08320313732916707,0.13490071578007642,0.016053933456203318,0.5376562352368459,-0.4299956999874051,1.0,,,,,,,,,,,,
L1,heat_pilot,tmax,4,99,postmonsoon_OND,all,equal_mean_cell_bias,L1,False,15379,19,-0.18230805848787213,0.6448963617222758,0.8318665776454824,0.6962778299382162,0.970661730693426,0.6448963617222758,0.55409485893858,0.7451568832938789,0.0,,,,,,,,0.0,,,,-1.2319335862434633,-1.3814283016166242,-1.0302657842333245,0.0,-1.1493538305162414,-1.3039640960775907,-0.9454236180348375,0.0,,,,
L1,heat_pilot,tmax,4,99,postmonsoon_OND,all,equal_mean,baseline,False,15379,19,-1.7391311165042984,1.7942501922385172,2.0638001638889456,1.8903746512548745,2.224085513228586,1.7942501922385172,1.6171788108746088,1.962530415133129,0.0,,,,,,,,0.0,,,,,,,,,,,,,,,
L1,heat_pilot,tmax,5,123,all,all,equal_mean_cell_bias,L1,False,61685,74,0.010688280234066682,0.8966957072186645,1.1739162196398216,1.047944621182609,1.2941193179780663,0.8966957072186645,0.8068060803095833,0.989692176702251,4471.0,0.75083873853724,0.21252638986629135,0.6243258322484657,0.9534779691344218,0.6014216885392228,0.35963300827692896,0.7545465190795152,0.03274702115587258,0.5619913890107409,0.15570218029503471,0.7752180349847676,-0.572022085703205,-0.7059671847182767,-0.44062849909385887,0.0,-0.524089307028248,-0.6380496181828155,-0.4099563148591638,0.0,0.10909684076966547,0.04739302437171769,0.1529734904070547,0.006
L1,heat_pilot,tmax,5,123,all,all,equal_mean,baseline,False,61685,74,-0.9003904242004211,1.4207850142469125,1.7459383053430266,1.6471547725186428,1.8419106623645274,1.4207850142469125,1.3303557600879123,1.5089422088748212,4471.0,0.6175352270185641,0.2387648194099807,0.5173318343638749,0.8112279132185194,0.49232484776955737,0.276041003188987,0.6346467696375465,0.041760557672043445,0.4414306030156775,0.027138425049436102,0.6999162569697359,,,,,,,,,,,,
L1,heat_pilot,tmax,5,123,winter_JF,all,equal_mean_cell_bias,L1,False,9971,13,0.6967721121706439,0.8944847036921599,1.2155331731910555,0.8542975277655652,1.5885685755686485,0.8944847036921599,0.6596578455239874,1.2045707652127668,0.0,,,,,,,,0.0,1.0,1.0,1.0,-0.1422562398772378,-0.5206296592341041,0.1980204869006386,0.428,-0.19688340656593084,-0.4639505786746968,0.09038474822240822,0.192,,,,
L1,heat_pilot,tmax,5,123,winter_JF,all,equal_mean,baseline,False,9971,13,-0.5277826997655384,1.0913681102580908,1.3577894130682933,1.2477437420676918,1.4617835399271069,1.0913681102580908,0.9914001757415093,1.1923086427745235,0.0,,,,,,,,0.0,1.0,1.0,1.0,,,,,,,,,,,,
L1,heat_pilot,tmax,5,123,premonsoon_MAM,all,equal_mean_cell_bias,L1,False,15548,19,0.35626636153786173,0.9001068576982526,1.1649174730837515,0.9650359395354686,1.3462705011096876,0.9001068576982526,0.7609519785201022,1.046335119934445,4234.0,0.7853094000944734,0.19569424286405418,0.6593297640293476,0.9763816721776098,0.5614256173298021,0.39113808542340334,0.6869494169874976,0.11049652688448675,0.559019430224204,0.07894115047476698,0.7614758270514371,-0.31211948581501736,-0.45571317386563986,-0.1943356153871539,0.0,-0.2632953558171779,-0.3691160496741729,-0.1659216422598076,0.0,0.11790920541921673,0.05569259650259662,0.17322287532149624,0.002
L1,heat_pilot,tmax,5,123,premonsoon_MAM,all,equal_mean,baseline,False,15548,19,-0.10902290022830163,1.1634022135154305,1.4770369588987688,1.3744163757698868,1.5854851492041784,1.1634022135154305,1.080930570922024,1.2456273750851892,4234.0,0.6410014170996693,0.20828471411901983,0.5485044462409054,0.8096362777515352,0.4435164119105854,0.2927788735350515,0.5662718189497795,0.14368407512220222,0.42657124977932004,-0.13070738269588614,0.676359499385123,,,,,,,,,,,,
L1,heat_pilot,tmax,5,123,monsoon_JJAS,all,equal_mean_cell_bias,L1,False,20618,25,-0.42510224813309033,1.0794554059217991,1.3538729523097062,1.1624851105022902,1.5592376546836741,1.0794554059217991,0.9316354280272499,1.2412412476150243,237.0,0.1350210970464135,0.751937984496124,0.09580838323353294,0.5443037974683544,0.09177622169948857,0.0,0.09216723554117177,0.01464739547967795,0.5781636949895088,-0.3340493366017696,1.0,-0.49393541545972885,-0.6372274859658109,-0.3688795013373556,0.0,-0.4292687885004307,-0.5560386275759259,-0.3117368062723308,0.0,-0.023845923830076013,-0.023902071962960986,0.0,0.5368663594470046
L1,heat_pilot,tmax,5,123,monsoon_JJAS,all,equal_mean,baseline,False,20618,25,-1.0580210910989167,1.5087241944222298,1.847808367769435,1.7033751691484966,2.0011971357188645,1.5087241944222298,1.3792638425973376,1.6454957149175542,237.0,0.19831223628691982,0.7638190954773869,0.12082262210796915,0.8396624472573839,0.11562214552956458,0.0,0.11606930750413276,0.016587447861092248,0.5222913367099736,-0.5113316404691144,1.0,,,,,,,,,,,,
L1,heat_pilot,tmax,5,123,postmonsoon_OND,all,equal_mean_cell_bias,L1,False,15548,19,-0.1969822100204338,0.6523472302856131,0.8556437805564753,0.7143985244098081,0.9885981491438159,0.6523472302856131,0.5523642849021165,0.7546718233119482,0.0,,,,,,,,0.0,,,,-1.194252234064153,-1.3254381055671622,-1.0221149755703036,0.0,-1.1204620776705183,-1.2586211712083613,-0.936676723015855,0.0,,,,
L1,heat_pilot,tmax,5,123,postmonsoon_OND,all,equal_mean,baseline,False,15548,19,-1.7216809305642975,1.7728093079561313,2.049896014620628,1.865879360830765,2.210243157768475,1.7728093079561313,1.5935754769412205,1.9388591149756478,0.0,,,,,,,,0.0,,,,,,,,,,,,,,,
phase3,heat_pilot,tmax,1,27,all,all,blend_A,L3A,False,61009,73,0.039425747261184294,0.6839254222924209,0.8797413169409575,0.8147505470826641,0.9523673685408756,0.6839254222924209,0.6363345772834113,0.7409569783320626,4471.0,0.781480653097741,0.18554778554778556,0.6633757357129295,0.9595168866025497,0.6420069767578939,0.43027165399227807,0.7656916358956678,0.029061286039764624,0.6155498676812097,0.28094741061784284,0.8051908558186053,-0.008483310177203385,-0.024805114578459693,0.007482514545879132,0.314,-0.010577327694069272,-0.023027983326408995,0.0021822979816041375,0.106,0.012351353297121337,-0.001770487143244762,0.02623209424432797,0.086
phase3,heat_pilot,tmax,1,27,all,all,equal_mean_cell_bias,prev,False,61009,73,-0.013939404710752364,0.6945027499864902,0.8882246271181609,0.8264947866854712,0.9608617433107786,0.6945027499864902,0.6478929384210018,0.7476971455461872,4471.0,0.7711921270409304,0.1923167018037011,0.6515495086923658,0.9548199507940058,0.6296556234607725,0.4193079806921861,0.7539154124130567,0.030225048763297218,0.6001545155127754,0.2607959182209998,0.7937039825187295,,,,,,,,,,,,
phase3,heat_pilot,tmax,1,27,all,all,superensemble,baseline,False,61009,73,0.11605479170965842,1.0041523236408822,1.2469226764116026,1.1821618157337943,1.317789691098071,1.0041523236408822,0.9530890959528404,1.059551855041751,4471.0,0.6179825542384254,0.23758278145695363,0.518192048012003,0.8105569223887273,0.492935620835556,0.32598868102441164,0.5992027411353886,0.04210854136274976,0.44294845463791754,0.033737361415566575,0.7090802155095887,0.35869804929344173,0.29987866631125254,0.41610336501928596,0.0,0.30964957365439205,0.2610104159790147,0.3567399405667602,0.0,-0.13672000262521655,-0.16793152118662452,-0.08208468474495113,0.0
phase3,heat_pilot,tmax,1,27,all,all,persistence,baseline,False,61009,73,0.001737849526237372,0.832434107610962,1.1447005485319082,1.0374869390537933,1.252161127898813,0.832434107610962,0.7530898469229969,0.9200059029734874,4471.0,0.8280026839633192,0.17199731603668084,0.7064885496183206,1.0,0.6869113066707146,0.5151424738927539,0.7858915796529339,0.02520939533511449,0.6665063149992672,0.3657462021430988,0.8520518216956848,0.2564759214137473,0.14754923740087095,0.36982699395935137,0.0,0.13793135762447184,0.052347003638852245,0.22075322198132194,0.002,0.05725568320994212,-0.04248901700049693,0.19965176538957416,0.316
phase3,heat_pilot,tmax,1,27,all,all,climatology,baseline,False,61009,73,0.6449155170190755,1.828966928397113,2.440692333767547,2.0341969690100967,2.873799939545812,1.828966928397113,1.558107780292108,2.1317704633489902,4471.0,0.6327443524938493,0.6486587183308494,0.29182999793686815,1.8009393871617088,0.24592881705677133,0.06903235665461528,0.44551691273318544,0.11252438164860921,-0.48857876952537804,-0.6500253844438731,-0.285590581139677,1.552467706649386,1.1636594793597006,1.960048432492799,0.0,1.1344641784106229,0.8726264937766921,1.4148926215984396,0.0,-0.3837268064040012,-0.5053512497534371,-0.2133351456117094,0.0
phase3,heat_pilot,tmax,1,27,all,all,ecmwf_ifs_ctrl,source,False,61009,73,-1.0353597511779589,1.429761375940341,1.7707362156074438,1.6975294566652075,1.8510153774985305,1.429761375940341,1.3620525763028852,1.506800554427893,4471.0,0.4947439051666294,0.1789161098737936,0.446598021401171,0.6025497651532096,0.4236235099633012,0.2518805361397026,0.5413369574330966,0.04492779753806815,0.4056526719200202,-0.06456965055749149,0.731287820407578,0.8825115884892829,0.7801731651000339,0.9898116817225315,0.0,0.7352586259538507,0.6489272881262194,0.8252067799487012,0.0,-0.2060321134974713,-0.25020140486137554,-0.13696066398216267,0.0
phase3,heat_pilot,tmax,1,27,all,all,ecmwf_aifs,source,False,61009,73,-1.9229070802605532,2.0062895942116117,2.4251817887552307,2.252415049711856,2.622126389817487,2.0062895942116117,1.8351315111982358,2.208603528903972,4471.0,0.2335048087676135,0.04395604395604396,0.23102456295640628,0.2442406620442854,0.21716136868178887,0.07179085503818015,0.3252090931826142,0.056958809355996655,0.2464950875308538,-0.4056369147636976,0.7221876800421869,1.5369571616370699,1.343578317959752,1.7539436124409251,0.0,1.3117868442251215,1.1341738600175955,1.52245979387871,0.0,-0.41249425477898366,-0.48585529678477496,-0.28002641149832297,0.0
phase3,heat_pilot,tmax,1,27,all,all,ncep_gfs,source,False,61009,73,-0.5225214814144813,1.5030173487854679,1.8841020763515,1.733240138407575,2.049741557077796,1.5030173487854679,1.3896595318105815,1.6312318305417126,4471.0,0.8848132408857079,0.4287364620938628,0.5317204301075269,1.54887049876985,0.4974400624894069,0.28899455089973913,0.6403642558086112,0.05710632857447262,0.2445435640165452,-0.20365484808966225,0.5032422705219739,0.9958774492333391,0.847892921069572,1.1503542245986482,0.0,0.8085145987989777,0.6942903388005779,0.9326094014887489,0.0,-0.1322155609713656,-0.24323415325786948,-0.007264711087528592,0.046
phase3,heat_pilot,tmax,1,27,all,all,ecmwf_ifs_ens,source,True,61009,73,-1.140214216523706,1.4356258812951737,1.7668486672267754,1.6866888078696052,1.8572338994277307,1.2074242759645317,1.131150700119964,1.2926132517595552,4471.0,0.4435249384925073,0.12217795484727756,0.41773751843269435,0.5052560948333706,0.39669766205709317,0.21399799258463784,0.5298553529156399,0.038367474400084256,0.49243882085372237,0.0693237253443834,0.7921160853055498,0.8786240401086145,0.7717847633987308,0.9874696409624526,0.0,0.5129215259780415,0.4181566446576374,0.6133241779452069,0.0,-0.23295796140367936,-0.28901952858705354,-0.13153688426728646,0.0
phase3,heat_pilot,tmax,1,27,winter_JF,all,blend_A,L3A,False,9971,13,0.3963027032468255,0.7260763839570178,0.9415550448519204,0.7416471848685386,1.1441147999142973,0.7260763839570178,0.5823574257264977,0.8905504714227235,0.0,,,,,,,,0.0,1.0,1.0,1.0,0.0039703690368092515,-0.006300918988620596,0.017094977754685,0.482,0.004820714538715021,-0.004485246973467452,0.014662515961008914,0.326,,,,
phase3,heat_pilot,tmax,1,27,winter_JF,all,equal_mean_cell_bias,prev,False,9971,13,0.41504471338616605,0.7212556694183028,0.9375846758151112,0.7295959671062816,1.1482703570894026,0.7212556694183028,0.5727643964023639,0.8925926605885142,0.0,,,,,,,,0.0,1.0,1.0,1.0,,,,,,,,,,,,
phase3,heat_pilot,tmax,1,27,winter_JF,all,superensemble,baseline,False,9971,13,0.35230905320314165,0.8910334553334553,1.143034731060319,0.9733269845787914,1.3458969395705198,0.8910334553334553,0.7739747520228928,1.052625932711719,0.0,,,,,,,,0.0,1.0,1.0,1.0,0.20545005524520787,0.1446932131342309,0.2704398266858909,0.0,0.16977778591515258,0.10369282727072794,0.23027045775961089,0.0,,,,
phase3,heat_pilot,tmax,1,27,winter_JF,all,persistence,baseline,False,9971,13,-0.1081748413783762,0.7488521755357382,1.0118510170303585,0.8221126710650948,1.1722333242901777,0.7488521755357382,0.5994120430528072,0.8955796150658805,0.0,,,,,,,,0.0,1.0,1.0,1.0,0.07426634121524733,-0.1660719759836857,0.29806790871399175,0.518,0.02759650611743547,-0.1528223204804415,0.19865700955918603,0.782,,,,
phase3,heat_pilot,tmax,1,27,winter_JF,all,climatology,baseline,False,9971,13,-1.1578034339822914,1.6506148739930393,1.95863194609274,1.5753577259236144,2.309686702970562,1.6506148739930393,1.2649307667192962,2.039561273902305,0.0,,,,,,,,0.0,1.0,1.0,1.0,1.0210472702776288,0.5796607616823665,1.416461883487536,0.0,0.9293592045747365,0.5088517285440873,1.346624033077315,0.0,,,,
phase3,heat_pilot,tmax,1,27,winter_JF,all,ecmwf_ifs_ctrl,source,False,9971,13,-0.9911509102486689,1.3189586357826002,1.6265720631456484,1.4758316016561415,1.7756109886587663,1.3189586357826002,1.1846695182379485,1.4703097514064412,0.0,,,,,,,,0.0,1.0,1.0,1.0,0.6889873873305372,0.3780889854427769,1.0055218010460472,0.0,0.5977029663642974,0.333090691721059,0.8569912945900539,0.0,,,,
phase3,heat_pilot,tmax,1,27,winter_JF,all,ecmwf_aifs,source,False,9971,13,-2.5475770460424707,2.558535811248556,2.8614393898541675,2.524570877361019,3.1872738393609765,2.558535811248556,2.2145098863776127,2.926111431639139,0.0,,,,,,,,0.0,1.0,1.0,1.0,1.9238547140390563,1.4657112315787524,2.387665884388709,0.0,1.8372801418302531,1.3840366260927213,2.30003289658147,0.0,,,,
phase3,heat_pilot,tmax,1,27,winter_JF,all,ncep_gfs,source,False,9971,13,0.019329482891437415,1.091619279245689,1.3370369697213382,1.2357682390268376,1.4567726486132124,1.091619279245689,1.0236073948463356,1.1687840575204154,0.0,,,,,,,,0.0,1.0,1.0,1.0,0.39945229390622705,0.2869268186489206,0.5318071395342954,0.0,0.37036360982738614,0.244918732763268,0.48793188761249406,0.0,,,,
phase3,heat_pilot,tmax,1,27,winter_JF,all,ecmwf_ifs_ens,source,True,9971,13,-0.9738762971929509,1.3008800099527522,1.6082887537764028,1.4532427077633525,1.7591098296383534,1.1921492936070917,1.0477340402435609,1.3479415392180563,0.0,,,,,,,,0.0,1.0,1.0,1.0,0.6707040779612916,0.35532167765388023,0.989892441654101,0.0,0.4708936241887889,0.1905428306145469,0.7385115192195203,0.004,,,,
phase3,heat_pilot,tmax,1,27,premonsoon_MAM,all,blend_A,L3A,False,15548,19,0.16945514882595336,0.7631073224995355,0.9676623814317162,0.8311713245313789,1.1056025331576762,0.7631073224995355,0.6608679401315284,0.8764325204317499,4234.0,0.7822390174775626,0.17324013979031452,0.672077922077922,0.9461502125649504,0.5788479686431953,0.4031734119612164,0.7094413313559369,0.10393619758168253,0.5852010472888904,0.12542693256423565,0.7696458967368397,0.00020361382118105897,-0.025273112305765448,0.024630923518681846,0.912,-0.010358402162889968,-0.027057351711054375,0.007399817311341157,0.21,0.013831107875178716,-0.0007148233260106426,0.029968441882417454,0.062
phase3,heat_pilot,tmax,1,27,premonsoon_MAM,all,equal_mean_cell_bias,prev,False,15548,19,0.15085522718162134,0.7734657246624255,0.9674587676105352,0.8502950981599362,1.0896901032963897,0.7734657246624255,0.6797097301084323,0.8788731670129153,4234.0,0.769485120453472,0.17727272727272728,0.6600486223662885,0.9352857817666509,0.5650168607680166,0.3963572770996637,0.6874013066333503,0.10792384872652432,0.5692867310338849,0.09571995840024972,0.7604745651502417,,,,,,,,,,,,
phase3,heat_pilot,tmax,1,27,premonsoon_MAM,all,superensemble,baseline,False,15548,19,-0.10225218575872368,1.093874417450485,1.3724232654316668,1.2600042409211332,1.4926819462364074,1.093874417450485,1.0101939699305358,1.1901904242711856,4234.0,0.6140765233821446,0.20489296636085627,0.5301794453507341,0.7723193197921587,0.42594034967863,0.28643011152612,0.5367054741266857,0.14818626189863648,0.40860347336237834,-0.17566212477648138,0.6640728243326013,0.40496449782113164,0.29264130974473473,0.5301311391971644,0.0,0.3204086927880596,0.23629943173364043,0.41336151618234535,0.0,-0.13907651108938662,-0.18538809355316616,-0.08424030104882416,0.0
phase3,heat_pilot,tmax,1,27,premonsoon_MAM,all,persistence,baseline,False,15548,19,0.005253979010909512,0.9206931521722643,1.247621904765104,1.0112482588082792,1.470045510115927,0.9206931521722643,0.7593530293032067,1.0877790768233875,4234.0,0.8476617855455834,0.15233821445441662,0.7356015576962492,1.0,0.6537847449116839,0.5307379294802662,0.7508188374937035,0.08296887059428866,0.6688795488877899,0.309678922427727,0.8465336442034532,0.28016313715456886,0.06479390917203282,0.4838788463953503,0.012,0.14722742750983886,-0.0005398040525994731,0.30501393289513185,0.056,0.08876788414366732,-0.02634063881917941,0.23202901550268998,0.144
phase3,heat_pilot,tmax,1,27,premonsoon_MAM,all,climatology,baseline,False,15548,19,0.8718866692246893,2.453908042917529,3.2905084938847424,2.13458785854777,4.254387101576595,2.453908042917529,1.6952422658976123,3.2870747770007425,4234.0,0.6681624940954181,0.6211329851345923,0.318868349864743,1.7635805384978744,0.11633981110536631,-0.014940917144001012,0.33790251596282966,0.38866735271417546,-0.5511324698225466,-0.6870653744908053,-0.4177443746403981,2.323049726274207,1.230001173031487,3.2565066302444206,0.0,1.6804423182551034,0.9278835764583225,2.487273940328683,0.0,-0.4486770496626503,-0.5964821155506634,-0.21959109954955017,0.0
phase3,heat_pilot,tmax,1,27,premonsoon_MAM,all,ecmwf_ifs_ctrl,source,False,15548,19,-0.8353441286001164,1.4178330269576285,1.8055031664882213,1.643794345204218,1.9669786394697715,1.4178330269576285,1.2817264412768437,1.5628025099044462,4234.0,0.5014170996693434,0.16647035728307813,0.4557750107342207,0.6015588096362777,0.36055995833518956,0.2235818376048818,0.4703690726786813,0.16304347826086957,0.349309811186471,-0.30455242431436247,0.6614389206451998,0.8380443988776861,0.6286204078798582,1.054838894526023,0.0,0.644367302295203,0.4721755784778769,0.8306149610133272,0.0,-0.20445690243282705,-0.26681186552510966,-0.13169099863361003,0.0
phase3,heat_pilot,tmax,1,27,premonsoon_MAM,all,ecmwf_aifs,source,False,15548,19,-2.1879537890065994,2.274985431428737,2.75232200829448,2.458750764069007,3.037421181547082,2.274985431428737,1.9763986785639582,2.5952054508391122,4234.0,0.24633915918752952,0.043996333638863426,0.24357776739841197,0.2576759565422768,0.18718183097950034,0.08244022203497782,0.2903869606399189,0.2083226138410085,0.1686053169360866,-0.7897125376987154,0.6371095604455868,1.7848632406839449,1.4293672636119712,2.126426525358154,0.0,1.5015197067663117,1.1565226462302303,1.858266871432609,0.0,-0.37783502978851624,-0.4646598374206702,-0.26010290482685866,0.0
phase3,heat_pilot,tmax,1,27,premonsoon_MAM,all,ncep_gfs,source,False,15548,19,0.44338947057662664,1.2651140795963602,1.6186323188565184,1.414763223433243,1.8293229778486815,1.2651140795963602,1.1203486484595466,1.4259169084220695,4234.0,0.8809636277751535,0.3739509902651897,0.577220674713711,1.4071799716580067,0.43548230790179776,0.27578081112369124,0.5653881317277067,0.17571391818883458,0.29874335469879243,-0.13308554864618943,0.5245870572805506,0.6511735512459832,0.49176159547060727,0.8193495503357949,0.0,0.4916483549339348,0.3654935070163324,0.6342184821975506,0.0,-0.12953455286621884,-0.2489220270036229,-0.0037537853962471856,0.042
phase3,heat_pilot,tmax,1,27,premonsoon_MAM,all,ecmwf_ifs_ens,source,True,15548,19,-0.980395570033186,1.4296256029302246,1.8155295230069695,1.6303569938776752,2.0007043191859917,1.1855274081107134,1.0510714774332004,1.3320790960758573,4234.0,0.45134624468587625,0.10992081974848626,0.42751677852348996,0.507085498346717,0.34136924461888746,0.18916451931873088,0.46637772766618685,0.13923428651009628,0.4443299103714279,-0.15136929381570646,0.7342541299082154,0.8480707553964343,0.5966576524461155,1.0998324364617469,0.0,0.412061683448288,0.22183124862497935,0.609178221461626,0.0,-0.22364761614912915,-0.2953772395238475,-0.12690732782692302,0.0
phase3,heat_pilot,tmax,1,27,monsoon_JJAS,all,blend_A,L3A,False,20618,25,0.04431893173574488,0.6555125976304955,0.8566634965768186,0.7442483340849051,0.9715511826024797,0.6555125976304955,0.5762273178234538,0.7391479704751435,237.0,0.7679324894514767,0.3591549295774648,0.5368731563421829,1.1983122362869199,0.5323699393573771,0.0,0.5340881232976297,0.007614705597051121,0.7807009937528242,0.30859901491735536,1.0,0.0013433848201283016,-0.03799801594755081,0.04037782747771207,0.944,0.0023332729593074086,-0.02700796676746453,0.03263774952401432,0.858,0.0033612663215393246,-0.4999763302404847,0.005157365593686736,0.5460829493087558
phase3,heat_pilot,tmax,1,27,monsoon_JJAS,all,equal_mean_cell_bias,prev,False,20618,25,-0.0556420451952514,0.6531793246711881,0.8553201117566903,0.7363528131406564,0.9783349185631376,0.6531793246711881,0.5761965959605381,0.7363198544375598,237.0,0.8016877637130801,0.3851132686084142,0.5337078651685393,1.3037974683544304,0.5290086730358378,0.49992898399772745,0.5293383643464216,0.008051217382869338,0.7681297131399287,0.2687104965472027,1.0,,,,,,,,,,,,
phase3,heat_pilot,tmax,1,27,monsoon_JJAS,all,superensemble,baseline,False,20618,25,0.7100793896966605,1.0316327588381737,1.2662131266533172,1.1560016464634681,1.3812959785849972,1.0316327588381737,0.9362007374757846,1.1341784553062388,237.0,0.6877637130801688,0.53954802259887,0.3808411214953271,1.4936708860759493,0.37489803338578587,-9.70217355189037e-05,0.41686739347697055,0.012852847026869726,0.629845626398079,0.011488753857901914,1.0,0.4108930148966269,0.2901649013063189,0.5228775400748772,0.0,0.3784534341669856,0.27403512075166836,0.48127869996892253,0.0,-0.1541106396500519,-0.500047068919867,-0.11235771695268104,0.0
phase3,heat_pilot,tmax,1,27,monsoon_JJAS,all,persistence,baseline,False,20618,25,0.030585138026929547,1.0194293698488377,1.34373182406456,1.1666617822733072,1.5156110893446275,1.0194293698488377,0.8691760828052048,1.1711714822603216,237.0,0.4767932489451477,0.5232067510548524,0.31301939058171746,1.0,0.3077957023818693,0.2498934759965912,0.3086849275582615,0.01202832476476865,0.6535913786668814,-0.0858541111874869,1.0,0.4884117123078696,0.30121079891837543,0.6818816014397779,0.0,0.3662500451776496,0.22485017095056214,0.5153349037348027,0.0,-0.22121297065396844,-0.2500355080011363,-0.22065343678816007,0.0
phase3,heat_pilot,tmax,1,27,monsoon_JJAS,all,climatology,baseline,False,20618,25,1.079887744815866,1.9301400489448195,2.446991395228255,1.992760545256793,2.8740052155677143,1.9301400489448195,1.5483184608457623,2.3426288557702737,237.0,0.0,1.0,0.0,2.4683544303797467,-0.008248087626940504,-0.017674527821878932,0.0,0.03986807643806383,-0.14817696264444935,-0.7152092817922371,0.9894659054394205,1.5916712834715647,1.1755356315319874,1.9956707541300216,0.0,1.2769607242736314,0.9167786228827951,1.6595829745442812,0.0,-0.5372567606627783,-0.5410605362154903,-0.4999763302404847,0.0
phase3,heat_pilot,tmax,1,27,monsoon_JJAS,all,ecmwf_ifs_ctrl,source,False,20618,25,-0.8410041946735284,1.3292225524934906,1.6698801540827617,1.5769661739781256,1.7722384303582197,1.3292225524934906,1.249652908066067,1.4172198262716038,237.0,0.3755274261603376,0.3945578231292517,0.3016949152542373,0.620253164556962,0.2976720351366712,0.0,0.29880435060681104,0.009991269764283635,0.7122573548603934,0.09142819267985791,1.0,0.8145600423260714,0.6999362938022179,0.9362536181638266,0.0,0.6760432278223025,0.5831791458667632,0.7658494929439564,0.0,-0.2313366378991666,-0.4999763302404847,-0.22889208233670288,0.0
phase3,heat_pilot,tmax,1,27,monsoon_JJAS,all,ecmwf_aifs,source,False,20618,25,-1.2544839211261427,1.385893162960386,1.719580670009827,1.504469664206867,1.9481845660215193,1.385893162960386,1.2125974308752565,1.5789026508490782,237.0,0.004219409282700422,0.0,0.004219409282700422,0.004219409282700422,0.004171110277475738,0.0,0.004190149207745066,0.011446309050344359,0.6703530861507421,-0.04153353522065059,1.0,0.8642605582531367,0.6555028692832546,1.0747423664278204,0.0,0.7327138382891978,0.5636071293162581,0.9201757753957774,0.0,-0.524837562758362,-0.5251482151386765,-0.49992898399772745,0.0
phase3,heat_pilot,tmax,1,27,monsoon_JJAS,all,ncep_gfs,source,False,20618,25,-0.538877412250403,1.5578242992149869,1.9961271963670053,1.7241191120176527,2.3225958051533246,1.5578242992149869,1.3770678855557412,1.7749310217359693,237.0,0.9535864978902954,0.766287487073423,0.2310838445807771,4.080168776371308,0.22224424354377742,0.0,0.30204944240269277,0.03647298477058881,-0.050400335655262696,-1.3505551778386236,1.0,1.1408070846103149,0.9509338920914995,1.3846801642796125,0.0,0.9046449745437988,0.7723356136660604,1.0741993418969864,0.0,-0.30676442949206034,-0.49738560142557253,-0.22717566802695882,0.0
phase3,heat_pilot,tmax,1,27,monsoon_JJAS,all,ecmwf_ifs_ens,source,True,20618,25,-1.018671742072102,1.3313312259466483,1.6466685629499844,1.5259754366564466,1.7559089368460365,1.0184850052724521,0.9217547150869798,1.1140787467608695,237.0,0.3037974683544304,0.35714285714285715,0.259927797833935,0.47257383966244726,0.2564720874243268,0.0,0.25750353028255357,0.00853363852050457,0.7542362704154971,0.22399459671937808,1.0,0.7913484511932941,0.6373106851467637,0.9483598501173468,0.0,0.365305680601264,0.24479047954637936,0.4844130026297108,0.0,-0.27253658561151095,-0.4999763302404847,-0.26872368834791277,0.0
phase3,heat_pilot,tmax,1,27,postmonsoon_OND,all,blend_A,L3A,False,14872,18,-0.34256759197754266,0.6122745478775246,0.7643366718393982,0.6924557214134666,0.8420371011021073,0.6122745478775246,0.545139939348404,0.6906642210922453,0.0,,,,,,,,0.0,,,,-0.04457606034419337,-0.06455382249112245,-0.02294169807709036,0.0,-0.03902867906128227,-0.061808199418523724,-0.015784293860686898,0.0,,,,
phase3,heat_pilot,tmax,1,27,postmonsoon_OND,all,equal_mean_cell_bias,prev,False,14872,18,-0.41602402928697607,0.6513032269388068,0.8089127321835916,0.7255179446178014,0.8908207365903517,0.6513032269388068,0.5719661633561431,0.739104031017938,0.0,,,,,,,,0.0,,,,,,,,,,,,,,,
phase3,heat_pilot,tmax,1,27,postmonsoon_OND,all,superensemble,baseline,False,14872,18,-0.6376470316475986,0.9480951362043507,1.144726984637388,1.0690494052586887,1.2235762464200877,0.9480951362043507,0.8818621548734128,1.024296367963155,0.0,,,,,,,,0.0,,,,0.33581425245379637,0.2511157001555828,0.4206035247205831,0.0,0.2967919092655439,0.22357766528571613,0.36534278121263036,0.0,,,,
phase3,heat_pilot,tmax,1,27,postmonsoon_OND,all,persistence,baseline,False,14872,18,0.03176052740916826,0.5369577428357072,0.7472463301746766,0.5252642550751845,0.9792967385078829,0.5369577428357072,0.4118691292810722,0.6947297784797773,0.0,,,,,,,,0.0,,,,-0.061666402008915044,-0.314839411864972,0.16498284943079464,0.564,-0.11434548410309964,-0.2791674143523554,0.05330316110033773,0.164,,,,
phase3,heat_pilot,tmax,1,27,postmonsoon_OND,all,climatology,baseline,False,14872,18,1.0132389296890267,1.1549336098419074,1.4981000491984833,1.1280756527160813,1.845603788607866,1.1549336098419074,0.872481210638703,1.4785603789182062,0.0,,,,,,,,0.0,,,,0.6891873170148917,0.34625518291468343,1.0200553642384835,0.0,0.5036303829031006,0.23732015442265308,0.8200994118430912,0.0,,,,
phase3,heat_pilot,tmax,1,27,postmonsoon_OND,all,ecmwf_ifs_ctrl,source,False,14872,18,-1.5435544873771647,1.655903492261159,1.9531939729239045,1.8112228493230629,2.0941649036097982,1.655903492261159,1.5068213968820232,1.8171593976572291,0.0,,,,,,,,0.0,,,,1.144281240740313,1.0391663563420954,1.2432041326491892,0.0,1.0046002653223522,0.8977719348915936,1.1172323532801343,0.0,,,,
phase3,heat_pilot,tmax,1,27,postmonsoon_OND,all,ecmwf_aifs,source,False,14872,18,-2.153677537404061,2.215219375842229,2.5727314918548587,2.1515841342758484,2.9717119793721425,2.215219375842229,1.7898302183957944,2.655623252604742,0.0,,,,,,,,0.0,,,,1.7638187596712671,1.3822214154033692,2.1193057802230184,0.0,1.5639161489034223,1.192920651147216,1.9662642849021523,0.0,,,,
phase3,heat_pilot,tmax,1,27,postmonsoon_OND,all,ncep_gfs,source,False,14872,18,-1.8729486509059436,1.9515757455564173,2.2584962563515982,2.0245055930959963,2.478314926031457,1.9515757455564173,1.7285148972610427,2.1747928691392704,0.0,,,,,,,,0.0,,,,1.4495835241680066,1.2252046549145252,1.655210598689705,0.0,1.3002725186176105,1.0725493672057012,1.519256963852124,0.0,,,,
phase3,heat_pilot,tmax,1,27,postmonsoon_OND,all,ecmwf_ifs_ens,source,True,14872,18,-1.587321427895729,1.6768301991508365,1.9664620338113727,1.8339056355137968,2.0994487107577506,1.5024961717153722,1.3442371958514823,1.6724350172470737,0.0,,,,,,,,0.0,,,,1.1575493016277811,1.0534480704192681,1.2560171879601387,0.0,0.8511929447765654,0.7284323684555603,0.9750463805534049,0.0,,,,
phase3,heat_pilot,tmax,2,51,all,all,blend_A,L3A,False,61178,73,0.06376221350734367,0.7386485570908653,0.9556250448365949,0.8647206487700576,1.060146081604021,0.7386485570908653,0.6788179073557054,0.8094795227423874,4471.0,0.7752180720196824,0.22926395374694242,0.6299527444565612,1.0058152538581973,0.6064446448329058,0.38270710200591396,0.7438920676023811,0.03327993723233842,0.5585220138741923,0.20361963686747198,0.7590971142588511,-0.020582646134015614,-0.04032194719914051,-0.0021732766240104098,0.024,-0.015217845509825412,-0.03201703531860983,0.0004358449116854008,0.054,0.0008187815082837391,-0.012448463827277463,0.010838862759623012,0.852
phase3,heat_pilot,tmax,2,51,all,all,equal_mean_cell_bias,prev,False,61178,73,-0.006242263749299799,0.7538664026006907,0.9762076909706106,0.887436855664192,1.0805399369692557,0.7538664026006907,0.6954831665256088,0.8234336147094955,4471.0,0.7702974726012077,0.22571942446043167,0.6290410958904109,0.9948557369715947,0.6056258633246221,0.3894392414220969,0.7381864730007304,0.0331982085063258,0.5596061936043637,0.20243467861030257,0.7605566669030925,,,,,,,,,,,,
phase3,heat_pilot,tmax,2,51,all,all,superensemble,baseline,False,61178,73,0.21083557214081908,1.0259254512246256,1.2864875696817042,1.2038930490504964,1.378734800525896,1.0259254512246256,0.9632291732533522,1.0973274744332848,4471.0,0.5721315142026392,0.2626117036609974,0.4752879970271275,0.7758890628494743,0.44934942283061663,0.2739164900585579,0.5775381043757281,0.04616038445192716,0.3876552883991744,-0.09870581367143769,0.6982090988068493,0.31027987871109364,0.2469361984250491,0.3691494387416832,0.0,0.27205904862393493,0.22000751983391142,0.32051491626427075,0.0,-0.15627644049400546,-0.21260271814819925,-0.06534495781048201,0.006
phase3,heat_pilot,tmax,2,51,all,all,persistence,baseline,False,61178,73,0.004207262368850536,1.2351677715417866,1.6525414405632783,1.5074354837903932,1.802908633349532,1.2351677715417866,1.1148936323947696,1.3567863289745794,4471.0,0.7682845001118318,0.2317154998881682,0.6237515888868712,1.0,0.6000193930655213,0.37303889875066126,0.7212562145677192,0.033868384059629275,0.550715919816958,0.16451376688362696,0.7977532168924072,0.6763337495926678,0.519960749421654,0.8274650950301381,0.0,0.4813013689410959,0.3593176767130105,0.5981042598976621,0.0,-0.005606470259100771,-0.14958671329468756,0.1486580997435924,0.9
phase3,heat_pilot,tmax,2,51,all,all,climatology,baseline,False,61178,73,0.6453800902587528,1.8261606413843647,2.437707557379901,2.0318400177491767,2.8667336138187047,1.8261606413843647,1.557450085375176,2.129238271776121,4471.0,0.6327443524938493,0.6486587183308494,0.29182999793686815,1.8009393871617088,0.246063810399702,0.06910556731864126,0.4455318577609845,0.11221354081532577,-0.48857876952537804,-0.6500253844438731,-0.285590581139677,1.4614998664092904,1.0612404548453547,1.875670206092283,0.0,1.072294238783674,0.8126226586085773,1.3532110578974412,0.0,-0.3595620529249201,-0.4799822996062468,-0.19215074378301314,0.002
phase3,heat_pilot,tmax,2,51,all,all,ecmwf_ifs_ctrl,source,False,61178,73,-0.9836683191319828,1.4928975638257054,1.8422257396457316,1.7659065005840673,1.9186502508004357,1.4928975638257054,1.4162446960554644,1.573872420509664,4471.0,0.57235517781257,0.27301136363636364,0.47109720176730485,0.7872959069559383,0.4448043081401076,0.2839370744720401,0.5506514394382577,0.04696132596685083,0.3770303270434944,-0.046585459681126914,0.6613944353213398,0.866018048675121,0.7409364750040482,0.9859230113312619,0.0,0.7390311612250147,0.634045579717446,0.835969713539902,0.0,-0.16082155518451452,-0.20568232116699733,-0.09567991817089505,0.0
phase3,heat_pilot,tmax,2,51,all,all,ecmwf_aifs,source,False,61178,73,-2.0574877476847306,2.1377297908709756,2.5457273725362626,2.362207114228855,2.730737303414255,2.1377297908709756,1.9583683796003108,2.3430634709064684,4471.0,0.2153880563632297,0.02727272727272727,0.21409515340151178,0.22142697383135765,0.2012470923890841,0.06499503146516152,0.3122144456155689,0.05778220929092157,0.23348493076879662,-0.4332113082674367,0.7156541786403139,1.569519681565652,1.3665207512623445,1.8032310685517903,0.0,1.3838633882702849,1.1919079556849062,1.6099807807501159,0.0,-0.404378770935538,-0.5061161123031677,-0.2384656315827822,0.0
phase3,heat_pilot,tmax,2,51,all,all,ncep_gfs,source,False,61178,73,-0.2583749130055975,1.679434529290506,2.132540404151823,1.960636731007241,2.3326626363913214,1.679434529290506,1.5511701317122897,1.8287853725724426,4471.0,0.9320062625810781,0.496130592503023,0.48600419874037787,1.8496980541265935,0.4470246123203076,0.24163501644854082,0.6027681554501768,0.0720356991075223,0.04440398582689853,-0.5013797347955337,0.3627746802344377,1.1563327131812127,1.0178494495822865,1.2996150844556622,0.0,0.9255681266898153,0.8130903071098465,1.051574268172706,0.0,-0.1586012510043145,-0.2652494205842086,-0.034658602976636824,0.01
phase3,heat_pilot,tmax,2,51,all,all,ecmwf_ifs_ens,source,True,61178,73,-1.017299524460829,1.4322328557840003,1.764965121785741,1.6798061221959757,1.8497254709595008,1.1934491498782724,1.1175623331425946,1.280196962020136,4471.0,0.5215835383583091,0.224991691591891,0.452991452991453,0.6730038022813688,0.4285826508878264,0.26341827276452334,0.5392332781036951,0.03838802974118708,0.4907601554906519,0.10537720036620413,0.7456149190109302,0.7887574308151304,0.6567708490136493,0.9134783278184414,0.0,0.43958274727758173,0.3280694038725296,0.5518757067682931,0.0,-0.17704321243679572,-0.23103234121240687,-0.0988627902211662,0.0
phase3,heat_pilot,tmax,2,51,winter_JF,all,blend_A,L3A,False,9971,13,0.4690032511749283,0.7844425448562183,1.032196853320954,0.778883196975055,1.2942976402416173,0.7844425448562183,0.6102302362685309,0.9918955995166049,0.0,,,,,,,,0.0,1.0,1.0,1.0,0.0010084085527855002,-0.018972755732104947,0.02584352077952825,0.862,0.0070416713810627085,-0.010867888215036023,0.0257147169998301,0.42,,,,
phase3,heat_pilot,tmax,2,51,winter_JF,all,equal_mean_cell_bias,prev,False,9971,13,0.5110350428917811,0.7774008734751556,1.0311884447681685,0.7614629859647868,1.3115555909521073,0.7774008734751556,0.5938350858698983,1.0016551826448934,0.0,,,,,,,,0.0,1.0,1.0,1.0,,,,,,,,,,,,
phase3,heat_pilot,tmax,2,51,winter_JF,all,superensemble,baseline,False,9971,13,0.5140471735326759,0.9248799436992156,1.2022773285037693,0.9733904556748736,1.4696171358499244,0.9248799436992156,0.773424131810172,1.1318674569669858,0.0,,,,,,,,0.0,1.0,1.0,1.0,0.17108888373560083,0.09842509051152097,0.2548958446383318,0.0,0.14747907022405993,0.0760784625252356,0.21944076574617216,0.0,,,,
phase3,heat_pilot,tmax,2,51,winter_JF,all,persistence,baseline,False,9971,13,-0.20459149706603985,1.1266975416222302,1.5004225660265,1.190825574186148,1.7695008653096025,1.1266975416222302,0.8717335087755343,1.3827518002823662,0.0,,,,,,,,0.0,1.0,1.0,1.0,0.4692341212583315,0.12377437891158358,0.7867937425446981,0.008,0.3492966681470746,0.042455918944556074,0.636764936025764,0.028,,,,
phase3,heat_pilot,tmax,2,51,winter_JF,all,climatology,baseline,False,9971,13,-1.1578034339822914,1.6506148739930393,1.95863194609274,1.5753577259236144,2.309686702970562,1.6506148739930393,1.2649307667192962,2.039561273902305,0.0,,,,,,,,0.0,1.0,1.0,1.0,0.9274435013245714,0.44586738892874017,1.3730282931871258,0.0,0.8732140005178837,0.42248006036522223,1.3126044467639526,0.0,,,,
phase3,heat_pilot,tmax,2,51,winter_JF,all,ecmwf_ifs_ctrl,source,False,9971,13,-0.8722686516988745,1.2968737591043444,1.6078404262013735,1.4504630205710902,1.7726377151748762,1.2968737591043444,1.151700125712007,1.4628090617205844,0.0,,,,,,,,0.0,1.0,1.0,1.0,0.576651981433205,0.21530671820759312,0.968091518932818,0.004,0.5194728856291888,0.21854771247025614,0.8246432147475472,0.004,,,,
phase3,heat_pilot,tmax,2,51,winter_JF,all,ecmwf_aifs,source,False,9971,13,-2.5939364884253813,2.6064348147178698,2.8679383473334017,2.5605635059942413,3.1749982943091926,2.6064348147178698,2.292928893452138,2.954477680071414,0.0,,,,,,,,0.0,1.0,1.0,1.0,1.8367499025652332,1.3378075147663084,2.3508003762587397,0.0,1.8290339412427141,1.352293122885577,2.3182877841184384,0.0,,,,
phase3,heat_pilot,tmax,2,51,winter_JF,all,ncep_gfs,source,False,9971,13,0.5793660890492952,1.1627808047589108,1.4911478607895488,1.3073362844151912,1.7135705041565625,1.1627808047589108,1.0441915165085622,1.3295704397314791,0.0,,,,,,,,0.0,1.0,1.0,1.0,0.45995941602138024,0.36468170979234327,0.5855039186839706,0.0,0.38537993128375514,0.2870874304508485,0.4841012698457373,0.0,,,,
phase3,heat_pilot,tmax,2,51,winter_JF,all,ecmwf_ifs_ens,source,True,9971,13,-0.8585782103212842,1.2815295609556532,1.5905767114280165,1.4282168503887516,1.755897752150683,1.16190068410379,1.014762889639264,1.3313153165015086,0.0,,,,,,,,0.0,1.0,1.0,1.0,0.559388266659848,0.19222810822813707,0.9490970445046837,0.006,0.38449981062863436,0.0708117127769188,0.6935979469641443,0.014,,,,
phase3,heat_pilot,tmax,2,51,premonsoon_MAM,all,blend_A,L3A,False,15548,19,0.28492817143900767,0.8299480965243595,1.0505426187963751,0.8923478428106726,1.2155157000649186,0.8299480965243595,0.7096523974521758,0.9686256984430968,4234.0,0.7921587151629664,0.2021883920076118,0.6597167584579071,0.992914501653283,0.5608217678992375,0.3846245014843375,0.6897169663198771,0.11126833033187548,0.5559392399812997,0.12830823759808602,0.7407693340776091,0.004617150866362385,-0.01002058829512576,0.018593457077371114,0.558,0.003363126588413645,-0.007849557893452833,0.015427582964569815,0.612,-0.0003583417906387609,-0.013714758825870609,0.012184442150406528,1.0
phase3,heat_pilot,tmax,2,51,premonsoon_MAM,all,equal_mean_cell_bias,prev,False,15548,19,0.2571233746200102,0.8265849699359459,1.0459254679300127,0.8962213548368951,1.2023913357845393,0.8265849699359459,0.7171401476118647,0.9560140250978217,4234.0,0.7857817666509211,0.1963768115942029,0.6592034872201308,0.9777987718469532,0.5611801096898763,0.3900884830761294,0.6835106910177029,0.11062516079238487,0.5585060651837199,0.14606109520418767,0.7426574418005367,,,,,,,,,,,,
phase3,heat_pilot,tmax,2,51,premonsoon_MAM,all,superensemble,baseline,False,15548,19,-0.04131121999781329,1.1724151846127795,1.4666775060315083,1.34697569326175,1.5880412904046337,1.1724151846127795,1.0848893088772156,1.2729363548855508,4234.0,0.5708549834671706,0.23098950047725103,0.4872983870967742,0.7423240434577232,0.38037641321699783,0.23021268146314414,0.49896767044403456,0.16355801389246205,0.3472563510245348,-0.315757671352537,0.6405364187854811,0.42075203810149553,0.28777821706736023,0.5638073359185167,0.0,0.3458302146768336,0.2536395604649376,0.44381726365523494,0.0,-0.18080369647287847,-0.23357628118774187,-0.1163894215849675,0.0
phase3,heat_pilot,tmax,2,51,premonsoon_MAM,all,persistence,baseline,False,15548,19,-0.0021315079775634325,1.3893181702947752,1.8567847936106192,1.484745905184546,2.1960583209190205,1.3893181702947752,1.1161422058358506,1.6934077241632854,4234.0,0.7992442135096836,0.20075578649031647,0.6656176239181747,1.0,0.567540688800044,0.3971818169503761,0.69514130726915,0.10933882171340366,0.5636397155885604,0.10889910283196166,0.8047577854025147,0.8108593256806065,0.47510090907769587,1.1556413549342364,0.0,0.5627332003588293,0.297394070837566,0.8760783352967718,0.0,0.006360579110167741,-0.1598395570281364,0.18626829278320162,0.948
phase3,heat_pilot,tmax,2,51,premonsoon_MAM,all,climatology,baseline,False,15548,19,0.8718866692246893,2.453908042917529,3.2905084938847424,2.13458785854777,4.254387101576595,2.453908042917529,1.6952422658976123,3.2870747770007425,4234.0,0.6681624940954181,0.6211329851345923,0.318868349864743,1.7635805384978744,0.11633981110536631,-0.014940917144001012,0.33790251596282966,0.38866735271417546,-0.5511324698225466,-0.6870653744908053,-0.4177443746403981,2.2445830259547295,1.1891455743868493,3.165045583217497,0.0,1.627323072981583,0.8846799141572228,2.4210783828767735,0.0,-0.44484029858451,-0.5786800936705891,-0.22324397420115522,0.0
phase3,heat_pilot,tmax,2,51,premonsoon_MAM,all,ecmwf_ifs_ctrl,source,False,15548,19,-0.4807326030019687,1.3158840013096258,1.6863539132345227,1.5445455063487759,1.8280374280192595,1.3158840013096258,1.2027449747236445,1.4349818763853053,4234.0,0.5831365139348134,0.24885914207484028,0.48871733966745845,0.776334435521965,0.37862211671991075,0.25228154166270533,0.47870689407501055,0.1661306920504245,0.3369890502148538,-0.23623632497003152,0.6108245370844649,0.6404284453045099,0.47771967430441964,0.8248464786213483,0.0,0.4892990313736799,0.35378350327938407,0.633465506750262,0.0,-0.18255799296996555,-0.23810468272823493,-0.1205557348971005,0.0
phase3,heat_pilot,tmax,2,51,premonsoon_MAM,all,ecmwf_aifs,source,False,15548,19,-2.386500225847351,2.46262249947821,2.942903439656312,2.602168964582865,3.2725184942992267,2.46262249947821,2.131759683023255,2.8282201487363072,4234.0,0.22295701464336326,0.02074688796680498,0.22190879172543487,0.2276806802078413,0.1707347979723239,0.0633112796102728,0.27430118323581354,0.2128891175713918,0.150380857998903,-0.8163591908886008,0.6302654683236136,1.8969779717262993,1.4992883326539324,2.2913667570931215,0.0,1.6360375295422642,1.2604117524219822,2.037552550405927,0.0,-0.39044531171755237,-0.4824399035817033,-0.26383226694916395,0.0
phase3,heat_pilot,tmax,2,51,premonsoon_MAM,all,ncep_gfs,source,False,15548,19,1.0543362161387568,1.5259901178751072,1.9395397828250607,1.6310518537019343,2.252309803934932,1.5259901178751072,1.3087923579375795,1.7686397453951848,4234.0,0.9305621162021729,0.4390660592255125,0.5383984695271932,1.6589513462446859,0.3750507016557036,0.221092351080781,0.5194057818818605,0.21726267043992797,0.13292644662244535,-0.39033254030113995,0.39858904730402583,0.893614314895048,0.6952440097853361,1.0841922414754204,0.0,0.6994051479391613,0.5452982921954015,0.8782455044046706,0.0,-0.18612940803417272,-0.2976204757548653,-0.05610371314902704,0.0
phase3,heat_pilot,tmax,2,51,premonsoon_MAM,all,ecmwf_ifs_ens,source,True,15548,19,-0.5227580534206554,1.2510953216955107,1.6058696926720133,1.4644313712085624,1.7548173135367373,1.024115483738668,0.9221435935353387,1.1379295393554878,4234.0,0.5333018422295701,0.19701280227596016,0.4715956558061821,0.6641473783656117,0.37099754171140226,0.2413438964219993,0.4763288655298607,0.13446550954507114,0.4633616215252897,-0.043342752723266494,0.6999295107431563,0.5599442247420006,0.36686719452126304,0.7751554380544684,0.0,0.19753051380272202,0.039795251956123684,0.3654353192733746,0.012,-0.19018256797847405,-0.25921571523495357,-0.11334992438762463,0.0
phase3,heat_pilot,tmax,2,51,monsoon_JJAS,all,blend_A,L3A,False,20618,25,-0.06448253839181783,0.7578450072596845,0.9868359844385649,0.8317955073951201,1.181856003703609,0.7578450072596845,0.6664043526547284,0.8673296398433707,237.0,0.47257383966244726,0.6177474402730375,0.2679425837320574,1.2362869198312236,0.2619962163477966,0.2458464993661058,1.0,0.014841400717819381,0.5725764591615554,-0.3562096245851877,1.0,-0.042671290759782265,-0.09461534434409498,0.002362230338369496,0.06,-0.03158082424559394,-0.07602790274367041,0.007338742866430503,0.126,-0.005307430063770491,-0.006663723554137968,0.6667613546696967,0.5368663594470046
phase3,heat_pilot,tmax,2,51,monsoon_JJAS,all,equal_mean_cell_bias,prev,False,20618,25,-0.21422950103727204,0.7894258315052785,1.0295072751983472,0.8731731802529704,1.2220487892322145,0.7894258315052785,0.6965676555632065,0.8978242743030393,237.0,0.4936708860759494,0.6201298701298701,0.2733644859813084,1.2995780590717299,0.26730364641156706,0.2520759109618155,0.33330177365397967,0.015083907265496169,0.5655924143766135,-0.3695057973752386,1.0,,,,,,,,,,,,
phase3,heat_pilot,tmax,2,51,monsoon_JJAS,all,superensemble,baseline,False,20618,25,0.6487343462793149,1.063446562786733,1.3216303488071786,1.1872813486418827,1.4794369365587108,1.063446562786733,0.9614439779299748,1.1851093619510267,237.0,0.5949367088607594,0.5674846625766872,0.3341232227488152,1.3755274261603376,0.32815734245380146,-7.976370874440916e-05,0.3322272960580466,0.013628867979435445,0.6074966830862649,-0.22324789668467895,1.0,0.2921230736088314,0.17436135638979844,0.4195389200504445,0.0,0.27402073128145465,0.16607425207441848,0.3879732728604161,0.0,0.060853696042234395,-0.33334614309039695,0.06542753328272716,0.5368663594470046
phase3,heat_pilot,tmax,2,51,monsoon_JJAS,all,persistence,baseline,False,20618,25,0.0798684486606001,1.4698850427454202,1.858639995336495,1.6710094109724405,2.048516984291831,1.4698850427454202,1.3024626668965429,1.6514358966307863,237.0,0.21518987341772153,0.7848101265822784,0.12056737588652482,1.0,0.11486680411228996,0.018042368577355795,0.13106864683804836,0.018042487147152973,0.48038706800032216,-0.465726095913359,1.0,0.8291327201381478,0.632222906267113,1.0386201493674883,0.0,0.6804592112401417,0.5370800935883263,0.8437123722831806,0.0,-0.15243684229927712,-0.31519627675294754,-0.13363076649042732,0.0
phase3,heat_pilot,tmax,2,51,monsoon_JJAS,all,climatology,baseline,False,20618,25,1.079887744815866,1.9301400489448195,2.446991395228255,1.992760545256793,2.8740052155677143,1.9301400489448195,1.5483184608457623,2.3426288557702737,237.0,0.0,1.0,0.0,2.4683544303797467,-0.008248087626940504,-0.017674527821878932,0.0,0.03986807643806383,-0.14817696264444935,-0.7152092817922371,0.9894659054394205,1.417484120029908,0.9500000807887263,1.8480247804436947,0.0,1.140714217439541,0.7765052378955413,1.5415141399228869,0.0,-0.2755517340385076,-0.3333795007517932,-0.2595868930176242,0.0
phase3,heat_pilot,tmax,2,51,monsoon_JJAS,all,ecmwf_ifs_ctrl,source,False,20618,25,-0.9866718151992826,1.5675940342006818,1.9318451975009536,1.7998910778683064,2.050143034867285,1.5675940342006818,1.443942933372633,1.687372253493641,237.0,0.379746835443038,0.6137339055793991,0.23684210526315788,0.9831223628691983,0.23142508649845192,-4.748503690498619e-05,0.23270479910973874,0.014065379765253662,0.5949254024733694,-0.2764325878448824,1.0,0.9023379223026065,0.7322426024078208,1.0659688434726236,0.0,0.7781682026954033,0.6565228287455486,0.8981144790272532,0.0,-0.03587855991311514,-0.3333333328353345,-0.03286255007128394,0.0
phase3,heat_pilot,tmax,2,51,monsoon_JJAS,all,ecmwf_aifs,source,False,20618,25,-1.4549762094179266,1.578515806465471,1.9402442040122982,1.6767496930727062,2.2020118066945082,1.578515806465471,1.3626075051390287,1.8145670057696022,237.0,0.08016877637130802,0.2692307692307692,0.0778688524590164,0.10970464135021098,0.07673798866782232,0.0,0.07708612764101692,0.010912794645455427,0.6857179846776142,0.007219098342869178,1.0,0.9107369288139511,0.6721033058665934,1.1611595297332697,0.0,0.7890899749601925,0.5940314629211483,1.0135288202805295,0.0,-0.19056565774374473,-0.33330177365397967,-0.17776588490219059,0.0
phase3,heat_pilot,tmax,2,51,monsoon_JJAS,all,ncep_gfs,source,False,20618,25,-0.4946502806178489,1.8645461433344779,2.397968110199272,2.0836915803115126,2.7630758487642937,1.8645461433344779,1.6415281078509907,2.114075408994234,237.0,0.9578059071729957,0.8178170144462279,0.1807324840764331,5.257383966244726,0.17128237570967217,0.0,0.28466422117592993,0.04990784751188282,-0.43731641674104416,-2.3025182272651867,0.9601835924678505,1.3684608350009249,1.1728418153426234,1.5705958834402434,0.0,1.0751203118291994,0.9134415939376813,1.245463572276476,0.0,-0.0960212707018949,-0.33174942361481624,0.018444679934108865,0.2073732718894009
phase3,heat_pilot,tmax,2,51,monsoon_JJAS,all,ecmwf_ifs_ens,source,True,20618,25,-1.0582715078981648,1.4610626503965396,1.797330277858555,1.6341472486570332,1.9447474368349882,1.1205226446845673,0.9865057849656887,1.253529918345,237.0,0.31223628691983124,0.6243654822335025,0.20555555555555555,0.8312236286919831,0.20052669605198956,0.0,0.2012313822980735,0.012505244984944073,0.6398563591036619,-0.1400577836790301,1.0,0.7678230026602078,0.5700528447619734,0.9584492661235529,0.0,0.33109681317928885,0.1875348340414412,0.4727272246576657,0.0,-0.06677695035957751,-0.33330177365397967,-0.06342497840960071,0.0
phase3,heat_pilot,tmax,2,51,postmonsoon_OND,all,blend_A,L3A,False,15041,18,-0.25770553503650895,0.5875994579152108,0.7296373337189086,0.6472352916265199,0.8132931617342091,0.5875994579152108,0.5206713608575804,0.6620421350672003,0.0,,,,,,,,0.0,,,,-0.03687625549655338,-0.06945541901062455,-0.006312264214420065,0.016,-0.02675130083383248,-0.057883207598930196,0.00027718736411643305,0.058,,,,
phase3,heat_pilot,tmax,2,51,postmonsoon_OND,all,equal_mean_cell_bias,prev,False,15041,18,-0.3362934645657907,0.6143507587490433,0.766513589215462,0.688106677337165,0.8420735243901334,0.6143507587490433,0.5452982132900072,0.6879627893915932,0.0,,,,,,,,0.0,,,,,,,,,,,,,,,
phase3,heat_pilot,tmax,2,51,postmonsoon_OND,all,superensemble,baseline,False,15041,18,-0.32978948460369617,0.8900496519180175,1.0749551675533593,1.010711769961657,1.1343824139773433,0.8900496519180175,0.8368449277650803,0.9436199115072234,0.0,,,,,,,,0.0,,,,0.3084415783378973,0.23204513555264986,0.3854599585857952,0.0,0.2756988931689742,0.20987937965493378,0.3404898444754426,0.0,,,,
phase3,heat_pilot,tmax,2,51,postmonsoon_OND,all,persistence,baseline,False,15041,18,0.04546152024452661,0.8259812523635348,1.1471535772294266,0.8027268577622834,1.4761029092013063,0.8259812523635348,0.6333830730004604,1.0608992051700987,0.0,,,,,,,,0.0,,,,0.3806399880139646,0.026699659260402474,0.6924796511543412,0.024,0.2116304936144915,-0.0004354211008573486,0.43725465082237314,0.052,,,,
phase3,heat_pilot,tmax,2,51,postmonsoon_OND,all,climatology,baseline,False,15041,18,1.0109900768810856,1.1510926819760687,1.4922445654784522,1.1258336796983222,1.8453557512815,1.1510926819760687,0.8717799898759782,1.467126819956026,0.0,,,,,,,,0.0,,,,0.7257309762629902,0.385672437249811,1.0580209092360153,0.0,0.5367419232270254,0.27396622500604295,0.8511728529964669,0.0,,,,
phase3,heat_pilot,tmax,2,51,postmonsoon_OND,all,ecmwf_ifs_ctrl,source,False,15041,18,-1.573288990393827,1.7034333261211267,2.0086731704977083,1.8786417722141,2.1367741126644813,1.7034333261211267,1.5638378577350573,1.844889489665461,0.0,,,,,,,,0.0,,,,1.2421595812822464,1.1384457134224435,1.340017372038566,0.0,1.0890825673720834,0.9887928977421703,1.1932632101415526,0.0,,,,
phase3,heat_pilot,tmax,2,51,postmonsoon_OND,all,ecmwf_aifs,source,False,15041,18,-2.18767633166103,2.2577340661365852,2.606575324684262,2.1865750448282393,2.9926691418181064,2.2577340661365852,1.8274043227785977,2.704500904987407,0.0,,,,,,,,0.0,,,,1.8400617354688,1.4360358716432629,2.2102884415779265,0.0,1.643383307387542,1.2376399612959,2.069686108773084,0.0,,,,
phase3,heat_pilot,tmax,2,51,postmonsoon_OND,all,ncep_gfs,source,False,15041,18,-1.8468080383294694,1.9268035032704633,2.2918330337781327,2.0073432234726587,2.539736174481282,1.9268035032704633,1.6605223459535876,2.1750050235672247,0.0,,,,,,,,0.0,,,,1.5253194445626708,1.2552748282127855,1.7463359384160826,0.0,1.31245274452142,1.058022579283685,1.5513892483476468,0.0,,,,
phase3,heat_pilot,tmax,2,51,postmonsoon_OND,all,ecmwf_ifs_ens,source,True,15041,18,-1.5775668378380667,1.6798610871130304,1.9746745541515869,1.8458332040676233,2.1005230833124284,1.4893715139138917,1.3470556017259918,1.637436037817814,0.0,,,,,,,,0.0,,,,1.208160964936125,1.1038674964459605,1.3095463141963357,0.0,0.8750207551648483,0.7567218808451146,0.9888991404947182,0.0,,,,
phase3,heat_pilot,tmax,3,75,all,all,blend_A,L3A,False,61347,73,0.08773897584439498,0.7888417386432703,1.0305417027969084,0.9208155870597506,1.1435851060631552,0.7888417386432703,0.7180767116397508,0.8681215643753257,4471.0,0.7682845001118318,0.22964790311729089,0.6251137397634213,0.997316036680832,0.6015493812607204,0.36598984743372653,0.7561153306220673,0.0335794741389147,0.5533179511693694,0.14673704925545078,0.7769740724807267,-0.04925868533401334,-0.07858249393371117,-0.022386236680535933,0.0,-0.034715173755420436,-0.05924678993271487,-0.012445168727027769,0.0,-0.007327455096403868,-0.024354568579466194,0.005746691755810978,0.358
phase3,heat_pilot,tmax,3,75,all,all,equal_mean_cell_bias,prev,False,61347,73,-0.00023960022925786472,0.8235569123986908,1.0798003881309217,0.9669640716907714,1.1961520745853609,0.8235569123986908,0.7481766320944625,0.9077786011981667,4471.0,0.7723104450905838,0.22317210348706412,0.6320702910488742,0.9941847461418027,0.6088768363571243,0.3761102542014753,0.7589336373751034,0.032764438358843954,0.5641597484710837,0.16555210333759515,0.7832077675834745,,,,,,,,,,,,
phase3,heat_pilot,tmax,3,75,all,all,superensemble,baseline,False,61347,73,0.18383583298175962,1.0210256553686092,1.2963855055604452,1.1991579838937325,1.3900336815417955,1.0210256553686092,0.9522102927390625,1.0960605860045969,4471.0,0.5468575262804741,0.24350247524752475,0.46500570559147963,0.722880787295907,0.43991480780248354,0.2441610258407586,0.5899652717915137,0.04585391298678012,0.39004048380555156,-0.10672214889863828,0.7151991785589892,0.21658511742952347,0.13411202651367413,0.28782294037623457,0.0,0.19746874296991845,0.13389253561812872,0.2551838110013825,0.0,-0.16896202855464076,-0.2385127455137301,-0.06881792039381723,0.01
phase3,heat_pilot,tmax,3,75,all,all,persistence,baseline,False,61347,73,0.007415216942666117,1.4820283044744207,1.9498332104515557,1.7515180658438514,2.1498487456652082,1.4820283044744207,1.3251591394283286,1.6406887580116936,4471.0,0.7219861328561843,0.2780138671438157,0.5649282464123206,1.0,0.5386172607987144,0.3104377322147066,0.6607619467617034,0.040523578985117444,0.46094583815876333,0.007001338032250794,0.7358431371366528,0.870032822320634,0.6775134864122966,1.0717962055640025,0.0,0.6584713920757299,0.5081563123342342,0.8107589279267714,0.0,-0.07025957555840989,-0.19418295375011077,0.05463499005784096,0.23
phase3,heat_pilot,tmax,3,75,all,all,climatology,baseline,False,61347,73,0.6453376145833651,1.8228653267251602,2.4345977025933547,2.0292757139658613,2.8594967982729504,1.8228653267251602,1.5554980389971653,2.1292013849058544,4471.0,0.6327443524938493,0.6486587183308494,0.29182999793686815,1.8009393871617088,0.24619801205205696,0.06937724140460134,0.4455437933710226,0.1119044126037133,-0.48857876952537804,-0.6500253844438731,-0.285590581139677,1.354797314462433,0.9696291237258675,1.7422261493298965,0.0,0.9993084143264694,0.7518239401385118,1.2698915164435522,0.0,-0.36267882430506737,-0.5023053112006612,-0.17135407911227113,0.002
phase3,heat_pilot,tmax,3,75,all,all,ecmwf_ifs_ctrl,source,False,61347,73,-0.8889195075339711,1.5248248570239002,1.8961534638814286,1.8029959910748543,1.9889262207873386,1.5248248570239002,1.4389013773979693,1.6144764838243937,4471.0,0.620890181167524,0.32193453834880315,0.4795301433753671,0.9156788190561396,0.45124666619792864,0.2599346488237489,0.5755978001882934,0.0491140561070631,0.3466732945986942,-0.09621971726948671,0.6213333950944644,0.8163530757505069,0.6979666431388531,0.9404516822270943,0.0,0.7012679446252095,0.5968433256915028,0.8047787812514272,0.0,-0.15763017015919567,-0.21574964654350307,-0.09205248297058358,0.0
phase3,heat_pilot,tmax,3,75,all,all,ecmwf_aifs,source,False,61347,73,-2.1552120727775854,2.2264459980498557,2.6222884702632623,2.4409198834790504,2.816182068577227,2.2264459980498557,2.052050682950053,2.4372989325938677,4471.0,0.20621784835607246,0.00966702470461869,0.20580357142857142,0.20823082084544844,0.19359010750348637,0.048455034554832334,0.30632056150953096,0.05799794610983422,0.22849770401000802,-0.449180014167827,0.7155984889743516,1.5424880821323406,1.327586680549361,1.7834320477546763,0.0,1.4028890856511649,1.2060768191706166,1.6356043453496671,0.0,-0.41528672885363793,-0.5208780523588157,-0.2426902918528137,0.0
phase3,heat_pilot,tmax,3,75,all,all,ncep_gfs,source,False,61347,73,-0.12187710937269179,1.8932880649905233,2.3990505041427688,2.192130940300479,2.6155610865767605,1.8932880649905233,1.7387920137655755,2.072446266120807,4471.0,0.9474390516662939,0.5364412344057781,0.45193641310146165,2.0438380675464103,0.41001614991885615,0.216053101858348,0.5674785126298482,0.08373677604446836,-0.11388625477813075,-0.815619763547402,0.25307549400109136,1.319250116011847,1.1738869835695327,1.4735743724134418,0.0,1.0697311525918325,0.9466473882541164,1.211602552874875,0.0,-0.19886068643826815,-0.3165767966044076,-0.06808371788784723,0.0
phase3,heat_pilot,tmax,3,75,all,all,ecmwf_ifs_ens,source,True,61347,73,-0.9124365598937361,1.4580704402691955,1.8010338479997556,1.7091092578474543,1.8911661428367246,1.1905055598436938,1.1161033701350533,1.272594246474456,4471.0,0.571013196152986,0.2678520217952395,0.4723404255319149,0.7799150078282263,0.446306666298132,0.25467568143496466,0.5712197985157245,0.03817339307454728,0.49220856292102466,0.10963145745267379,0.7255856873504622,0.7212334598688339,0.5860379582675256,0.8531608578820608,0.0,0.366948647445003,0.2587724889117511,0.4826334592188602,0.0,-0.16257017005899232,-0.2106698744702719,-0.09357840577040467,0.0
phase3,heat_pilot,tmax,3,75,winter_JF,all,blend_A,L3A,False,9971,13,0.5074533371279273,0.8054827706479772,1.0764695337999326,0.7866504491481886,1.3704445951354698,0.8054827706479772,0.6133597330552955,1.044035394913712,0.0,,,,,,,,0.0,1.0,1.0,1.0,-0.01485290661085914,-0.03892067719756158,0.01527139449907665,0.496,-0.003970331825759121,-0.02657042734208711,0.017089290375354563,0.804,,,,
phase3,heat_pilot,tmax,3,75,winter_JF,all,equal_mean_cell_bias,prev,False,9971,13,0.5774721588082735,0.8094531024737364,1.0913224404107917,0.7789743524031736,1.4077794305222247,0.8094531024737364,0.6057186078482668,1.0655290079483575,0.0,,,,,,,,0.0,1.0,1.0,1.0,,,,,,,,,,,,
phase3,heat_pilot,tmax,3,75,winter_JF,all,superensemble,baseline,False,9971,13,0.5552108666325581,0.9180201103019925,1.21740666268296,0.9606706419062949,1.5067488343962785,0.9180201103019925,0.7507241864357539,1.1466708165741193,0.0,,,,,,,,0.0,1.0,1.0,1.0,0.1260842222721683,0.05873659498616617,0.224326922747693,0.0,0.10856700782825612,0.04104629402587929,0.17925550047317138,0.0,,,,
phase3,heat_pilot,tmax,3,75,winter_JF,all,persistence,baseline,False,9971,13,-0.2780675934927476,1.327146583712456,1.7332668461708916,1.37210860391277,2.057818115770142,1.327146583712456,1.0585159980181174,1.6131971226569086,0.0,,,,,,,,0.0,1.0,1.0,1.0,0.6419444057600998,0.18359663851671904,1.0584039508916594,0.004,0.5176934812387197,0.15886427032586453,0.8477786420039904,0.004,,,,
phase3,heat_pilot,tmax,3,75,winter_JF,all,climatology,baseline,False,9971,13,-1.1578034339822914,1.6506148739930393,1.95863194609274,1.5753577259236144,2.309686702970562,1.6506148739930393,1.2649307667192962,2.039561273902305,0.0,,,,,,,,0.0,1.0,1.0,1.0,0.8673095056819482,0.34702789254538063,1.349155306214926,0.002,0.8411617715193029,0.3580574216480719,1.2935019933306657,0.0,,,,
phase3,heat_pilot,tmax,3,75,winter_JF,all,ecmwf_ifs_ctrl,source,False,9971,13,-0.7395713294643945,1.2664930735580326,1.5848403336227659,1.4240829470343306,1.7490502778761885,1.2664930735580326,1.123719845453094,1.4245488119658618,0.0,,,,,,,,0.0,1.0,1.0,1.0,0.49351789321197415,0.10915622639111605,0.9222005456661193,0.01,0.4570399710842963,0.13475958115685308,0.7794217698771199,0.008,,,,
phase3,heat_pilot,tmax,3,75,winter_JF,all,ecmwf_aifs,source,False,9971,13,-2.5344013364847537,2.552728299068336,2.78739555206224,2.520627145852172,3.048797351616603,2.552728299068336,2.264145087850892,2.8653841544158865,0.0,,,,,,,,0.0,1.0,1.0,1.0,1.6960731116514483,1.1950226821057086,2.2368790223220296,0.0,1.7432751965945996,1.2550819815127217,2.227721597987149,0.0,,,,
phase3,heat_pilot,tmax,3,75,winter_JF,all,ncep_gfs,source,False,9971,13,0.9620634112837751,1.3387053700773135,1.7334017514922728,1.5102833392881356,1.9815109892387712,1.3387053700773135,1.1719565081228918,1.5394476998914528,0.0,,,,,,,,0.0,1.0,1.0,1.0,0.6420793110814811,0.5199087049371315,0.7957515109971989,0.0,0.5292522676035771,0.4177267622982514,0.6358788315793987,0.0,,,,
phase3,heat_pilot,tmax,3,75,winter_JF,all,ecmwf_ifs_ens,source,True,9971,13,-0.7310084961874054,1.24834835391838,1.56136164575481,1.4011293979938553,1.716246744479604,1.1034930547671822,0.9631520170186778,1.256450180670528,0.0,,,,,,,,0.0,1.0,1.0,1.0,0.47003920534401833,0.07989279668431155,0.892156877532669,0.012,0.2940399522934458,-0.03662247533584359,0.6158207789354383,0.094,,,,
phase3,heat_pilot,tmax,3,75,premonsoon_MAM,all,blend_A,L3A,False,15548,19,0.33147575446134486,0.8876667169914904,1.1530341027703486,0.9649949122703123,1.3362335787101647,0.8876667169914904,0.7497965296071594,1.0363865982916818,4234.0,0.7935758148323099,0.19809069212410502,0.6635071090047393,0.9896079357581483,0.5656371746409339,0.3808046662002624,0.700032903621801,0.1095960895291999,0.5626129855075923,0.11042602707950779,0.7645019231706247,0.011777025262106777,-0.0022331061381889727,0.029026362201974864,0.124,0.012383039855760836,0.0009496831673106166,0.02543065038733008,0.034,-0.011620021041580553,-0.028362853388287652,0.0033056794032885043,0.144
phase3,heat_pilot,tmax,3,75,premonsoon_MAM,all,equal_mean_cell_bias,prev,False,15548,19,0.3109696990332813,0.8752836771357295,1.1412570775082418,0.9498912213072537,1.331417631042395,0.8752836771357295,0.7444911516111735,1.0238039490586222,4234.0,0.7985356636750118,0.18959731543624161,0.6728358208955224,0.9853566367501181,0.5772571956825144,0.4019639422998059,0.7051323998426475,0.10573707229225623,0.5780139367221138,0.14706007488115141,0.7720041446706509,,,,,,,,,,,,
phase3,heat_pilot,tmax,3,75,premonsoon_MAM,all,superensemble,baseline,False,15548,19,-0.1275400027291524,1.2093086586165374,1.5262811791163906,1.40879991020272,1.65329770162735,1.2093086586165374,1.109778659868274,1.3210125437138542,4234.0,0.5585734529995277,0.2137632978723404,0.48492925979085505,0.7104393008974964,0.3809556384923005,0.2159352232513569,0.5208191789542007,0.16156418832004116,0.35521350915203753,-0.3269008714468104,0.6721224906613974,0.3850241016081488,0.21595735235439842,0.5609083241948798,0.0,0.33402498148080784,0.208362882618395,0.46131611728068395,0.0,-0.19630155719021392,-0.2584286169015211,-0.11640765948519231,0.0
phase3,heat_pilot,tmax,3,75,premonsoon_MAM,all,persistence,baseline,False,15548,19,0.00797096401614029,1.682039022629691,2.2424756904167533,1.7582010641753618,2.7309414779903833,1.682039022629691,1.3312955880952828,2.096472069206292,4234.0,0.7614548889938593,0.23854511100614076,0.6147978642257819,1.0,0.5062338779425319,0.35326190272323527,0.6323920334655498,0.12992024697710317,0.481501309111113,-0.034945440171500405,0.7501947918978127,1.1012186129085115,0.6284588850759906,1.6237868762655794,0.0,0.8067553454939616,0.44442923817515734,1.2185586490525206,0.0,-0.0710233177399825,-0.21888962979731305,0.0797313379009807,0.376
phase3,heat_pilot,tmax,3,75,premonsoon_MAM,all,climatology,baseline,False,15548,19,0.8718866692246893,2.453908042917529,3.2905084938847424,2.13458785854777,4.254387101576595,2.453908042917529,1.6952422658976123,3.2870747770007425,4234.0,0.6681624940954181,0.6211329851345923,0.318868349864743,1.7635805384978744,0.11633981110536631,-0.014940917144001012,0.33790251596282966,0.38866735271417546,-0.5511324698225466,-0.6870653744908053,-0.4177443746403981,2.149251416376501,1.1333863743272203,2.9842626473747442,0.0,1.5786243657817993,0.8532052763267436,2.3458796396342274,0.0,-0.46091738457714815,-0.6127267440236426,-0.2154285768481343,0.0
phase3,heat_pilot,tmax,3,75,premonsoon_MAM,all,ecmwf_ifs_ctrl,source,False,15548,19,-0.23076476147894323,1.368693150313495,1.7534334741611264,1.5982629527930892,1.9317145660827348,1.368693150313495,1.2485260635238105,1.520364808135904,4234.0,0.6362777515351913,0.297522816166884,0.5012093023255814,0.9057628719886632,0.3809258476253362,0.23723405580568913,0.49156539559958684,0.17243375353743245,0.31183416323113555,-0.246939175846315,0.567231442366813,0.6121763966528846,0.4755853724803455,0.7604097376712675,0.0,0.4934094731777654,0.36911806227428146,0.6220543987024388,0.0,-0.19633134805717822,-0.2637763424155468,-0.13504373306058728,0.0
phase3,heat_pilot,tmax,3,75,premonsoon_MAM,all,ecmwf_aifs,source,False,15548,19,-2.5541343266963343,2.622363980398529,3.098096166148264,2.7622309323994974,3.4244523886051237,2.622363980398529,2.2719135139860365,2.9974282949041138,4234.0,0.2172886159659896,0.00968783638320775,0.2168277162385105,0.21941426547000473,0.16717138340098836,0.056247492851846666,0.2748023228965913,0.2137252379727296,0.14704398523575668,-0.808274499957943,0.6246603598766127,1.9568390886400222,1.5188334335335743,2.376838168339659,0.0,1.7470803032627995,1.3351711798000627,2.1762164477275507,0.0,-0.4100858122815261,-0.5067338354609255,-0.28232359051257416,0.0
phase3,heat_pilot,tmax,3,75,premonsoon_MAM,all,ncep_gfs,source,False,15548,19,1.5501395348935805,1.8596369189102178,2.321989391252635,2.0060523613140724,2.6208412079285477,1.8596369189102178,1.6230980465422562,2.117021158400388,4234.0,0.9504015115729806,0.48469714432065564,0.5018082055119092,1.8443552196504487,0.3220159346218011,0.18682507248617006,0.46196042979007657,0.2569462310264986,-0.02544666836688303,-0.7007259698934478,0.27927259287429923,1.1807323137443932,1.005885338691444,1.3482805825308632,0.0,0.9843532417744882,0.8201720094189775,1.1466661642438407,0.0,-0.2552412610607133,-0.3678294497633243,-0.12235741235371496,0.0
phase3,heat_pilot,tmax,3,75,premonsoon_MAM,all,ecmwf_ifs_ens,source,True,15548,19,-0.22390444517319633,1.3052822901345722,1.6605726672417527,1.5189283560553952,1.816847911574981,1.0332484571102576,0.9525379483141558,1.1215975059394576,4234.0,0.5899858290033065,0.24072948328267477,0.4970155192996419,0.7770429853566367,0.387904405473739,0.24168411218307492,0.5053808828135608,0.13261255813129993,0.47075656499772933,0.008928136237543103,0.6873556774675748,0.5193155897335109,0.3572756636636116,0.6914434163557568,0.0,0.15796477997452807,0.02750649762723092,0.29095086248942903,0.016,-0.18935279020877543,-0.2457206397160828,-0.128143031606285,0.0
phase3,heat_pilot,tmax,3,75,monsoon_JJAS,all,blend_A,L3A,False,20618,25,-0.09492085266557324,0.8246486897680875,1.0633122575157339,0.8844720465509189,1.277963009968692,0.8246486897680875,0.7084718151346148,0.9657931406847143,237.0,0.31645569620253167,0.7211895910780669,0.1740139211136891,1.1350210970464134,0.16804526554232,0.15374053266692697,0.16836837180381417,0.017266466194587254,0.5027360113121363,-0.5563855732930362,1.0,-0.12457079141947802,-0.19248317025136819,-0.06792320738518261,0.0,-0.09862687490834954,-0.15900034257561493,-0.045138633022751305,0.0,0.009691742007867626,0.0,0.009961338198165541,0.5368663594470046
phase3,heat_pilot,tmax,3,75,monsoon_JJAS,all,equal_mean_cell_bias,prev,False,20618,25,-0.331815492402618,0.923275564676437,1.187883048935212,1.0096786607420556,1.3919718345878997,0.923275564676437,0.7924988960943279,1.067059420742703,237.0,0.3037974683544304,0.7362637362637363,0.1643835616438356,1.1518987341772151,0.15835352353445237,0.14376000966392175,0.1666272170674746,0.01775147928994083,0.4887679217422525,-0.6004822685884202,1.0,,,,,,,,,,,,
phase3,heat_pilot,tmax,3,75,monsoon_JJAS,all,superensemble,baseline,False,20618,25,0.5099233809931917,1.0305173538834107,1.2910876143619008,1.1337455591544936,1.47382269304461,1.0305173538834107,0.911887118042955,1.1805325453236768,237.0,0.33755274261603374,0.6428571428571429,0.2099737532808399,0.9451476793248945,0.20459834639987592,0.18969751387889866,1.0,0.014598894170142594,0.5795605039464973,-0.3340493366017696,1.0,0.10320456542668888,-0.03053349835228724,0.24202841734507305,0.112,0.10724178920697369,-0.023556595785378075,0.22805379954908006,0.102,0.04624482286542356,0.04412559067731697,0.8334516933371209,0.0
phase3,heat_pilot,tmax,3,75,monsoon_JJAS,all,persistence,baseline,False,20618,25,0.110061314788472,1.7852789041362085,2.188732587429344,1.944620010747952,2.4584196725910377,1.7852789041362085,1.577118057535386,2.025618827774225,237.0,0.016877637130801686,0.9831223628691983,0.00851063829787234,1.0,0.0027301438164987956,-0.0074003827200216764,0.008648724302874127,0.022601610243476573,0.34908702604341435,-0.7104338656238749,1.0,1.0008495384941323,0.7833879774022736,1.2398753971853118,0.0,0.8620033394597715,0.6794261328993512,1.0707377467752046,0.0,-0.15562337971795356,-0.15799345143260204,-0.1496223106240777,0.0
phase3,heat_pilot,tmax,3,75,monsoon_JJAS,all,climatology,baseline,False,20618,25,1.079887744815866,1.9301400489448195,2.446991395228255,1.992760545256793,2.8740052155677143,1.9301400489448195,1.5483184608457623,2.3426288557702737,237.0,0.0,1.0,0.0,2.4683544303797467,-0.008248087626940504,-0.017674527821878932,0.0,0.03986807643806383,-0.14817696264444935,-0.7152092817922371,0.9894659054394205,1.2591083462930432,0.8192027065784955,1.6718512499374307,0.0,1.0068644842683825,0.6593463946950158,1.3937519051261062,0.0,-0.16660161116139288,-0.1689615474268528,-0.15127237418209488,0.0
phase3,heat_pilot,tmax,3,75,monsoon_JJAS,all,ecmwf_ifs_ctrl,source,False,20618,25,-0.9858776062556411,1.641270559342181,2.0377596571899064,1.8880567218411293,2.1708647868897635,1.641270559342181,1.502317593702585,1.7659262773242452,237.0,0.3459915611814346,0.6833976833976834,0.19806763285024154,1.0928270042194093,0.1922590076145184,0.17720325729325676,0.33330177365397967,0.016102434765738676,0.5362594262798575,-0.46257900690559456,1.0,0.8498766082546945,0.6935673443863228,1.0083895872630615,0.0,0.717994994665744,0.5874970518741336,0.8353440850087206,0.0,0.03390548408006602,0.032912190745304104,0.1666903386674242,0.0
phase3,heat_pilot,tmax,3,75,monsoon_JJAS,all,ecmwf_aifs,source,False,20618,25,-1.6374926998631685,1.7283903555444977,2.0975830102853257,1.8063326066978933,2.376702664202209,1.7283903555444977,1.493931501970343,1.9828577623668888,237.0,0.008438818565400843,0.0,0.008438818565400843,0.008438818565400843,0.008342625202824729,0.0,0.008380695153567843,0.011397807740809002,0.6717498951077304,-0.037101477623967025,1.0,0.9096999613501138,0.6666498380495255,1.1732961181462958,0.0,0.8051147908680607,0.605952867280885,1.0382795425240199,0.0,-0.15001089833162765,-0.1666272170674746,-0.13561241595986387,0.0
phase3,heat_pilot,tmax,3,75,monsoon_JJAS,all,ncep_gfs,source,False,20618,25,-0.6949970649810268,2.1794875595754397,2.767976580612549,2.4098641054421495,3.1668242554747743,2.1794875595754397,1.906633817792658,2.489141439794155,237.0,0.8945147679324894,0.8404815650865313,0.15657311669128507,5.6075949367088604,0.14694850143644622,0.0,0.26018916713719703,0.055388495489378214,-0.5951558288807313,-3.0105279102494884,0.7895418459014956,1.5800935316773372,1.328873573119542,1.8161966167978085,0.0,1.2562119948990027,1.0295494055871999,1.4801162106863988,0.0,-0.011405022098006146,-0.1651887944384774,0.10753864895803747,0.8594470046082949
phase3,heat_pilot,tmax,3,75,monsoon_JJAS,all,ecmwf_ifs_ens,source,True,20618,25,-1.063991688354504,1.5239274974752322,1.8783040328054286,1.7064422018575005,2.030547487513372,1.1617303881080054,1.0230677343636112,1.2993231610400247,237.0,0.2320675105485232,0.7208121827411168,0.14511873350923482,0.8312236286919831,0.13998022280690664,0.0,0.14049842557236283,0.01357857654082842,0.6089450466991053,-0.2362526885254665,0.9999956262528112,0.6904209838702167,0.49504209315213443,0.888910075932766,0.0,0.23845482343156843,0.08446750339897464,0.3965217277252694,0.002,-0.018373300727545727,-0.1666272170674746,-0.01595562038229975,0.0
phase3,heat_pilot,tmax,3,75,postmonsoon_OND,all,blend_A,L3A,False,15210,18,-0.18895471160306812,0.6283732171594744,0.7950778049435009,0.6950707283901684,0.8994244322942067,0.6283732171594744,0.5581932864512056,0.7104122650333331,0.0,,,,,,,,0.0,,,,-0.02820497711806158,-0.06489307273062161,0.0046533969113171465,0.092,-0.01637910470454651,-0.045100969346552416,0.010261617167696618,0.232,,,,
phase3,heat_pilot,tmax,3,75,postmonsoon_OND,all,equal_mean_cell_bias,prev,False,15210,18,-0.2476172721205692,0.6447523218640209,0.8232827820615625,0.7111771346517032,0.9305517040709947,0.6447523218640209,0.5667212601698676,0.7300846541703806,0.0,,,,,,,,0.0,,,,,,,,,,,,,,,
phase3,heat_pilot,tmax,3,75,postmonsoon_OND,all,superensemble,baseline,False,15210,18,-0.18335562210032846,0.8832179180498895,1.0798193827718294,0.9936662430461165,1.1755834113280983,0.8832179180498895,0.8219757636921098,0.9490051056004761,0.0,,,,,,,,0.0,,,,0.25653660071026696,0.1647365150038763,0.34361741050640415,0.0,0.2384655961858686,0.16413267953234395,0.3054073615923749,0.0,,,,
phase3,heat_pilot,tmax,3,75,postmonsoon_OND,all,persistence,baseline,False,15210,18,0.05485447413979354,0.9680334410958976,1.3154444819852986,0.9648481001461323,1.6729784753725239,0.9680334410958976,0.7545301059074577,1.2346456403218156,0.0,,,,,,,,0.0,,,,0.49216169992373615,0.16715115109393797,0.843125903730128,0.0,0.32328111923187675,0.1140800641728889,0.5929369121033606,0.0,,,,
phase3,heat_pilot,tmax,3,75,postmonsoon_OND,all,climatology,baseline,False,15210,18,1.0067564251389964,1.1453023346218132,1.485585688595111,1.120856342199769,1.8452158360840896,1.1453023346218132,0.8689600755853295,1.4577529318092843,0.0,,,,,,,,0.0,,,,0.6623029065335486,0.31496542973167047,0.9852406514881679,0.0,0.5005500127577923,0.23354824453651082,0.8112822624729464,0.0,,,,
phase3,heat_pilot,tmax,3,75,postmonsoon_OND,all,ecmwf_ifs_ctrl,source,False,15210,18,-1.5281738530797915,1.6959283743462696,2.0206729416063234,1.8595374845560058,2.184893093536973,1.6959283743462696,1.537262153841805,1.8696681713383891,0.0,,,,,,,,0.0,,,,1.197390159544761,1.0150214143551577,1.3681227294291234,0.0,1.0511760524822487,0.8915437736580202,1.203407238681876,0.0,,,,
phase3,heat_pilot,tmax,3,75,postmonsoon_OND,all,ecmwf_aifs,source,False,15210,18,-2.2006426236254852,2.2829757563774717,2.620242881999263,2.23123300304702,2.9863656977512902,2.2829757563774717,1.8695974314612513,2.7089416620717244,0.0,,,,,,,,0.0,,,,1.7969600999377007,1.38000242663987,2.198680865004571,0.0,1.638223434513451,1.2148482650490986,2.0767816648727804,0.0,,,,
phase3,heat_pilot,tmax,3,75,postmonsoon_OND,all,ncep_gfs,source,False,15210,18,-1.7647369694506,1.9032874661006087,2.312268254193246,1.9529935224693855,2.6307583154132743,1.9032874661006087,1.5824855593048688,2.2120807056063336,0.0,,,,,,,,0.0,,,,1.4889854721316835,1.1807603008166396,1.758244443780085,0.0,1.2585351442365877,0.9628286793355797,1.5503607221875513,0.0,,,,
phase3,heat_pilot,tmax,3,75,postmonsoon_OND,all,ecmwf_ifs_ens,source,True,15210,18,-1.5297641670131745,1.6624654616908288,1.970699077663103,1.8088578982411425,2.1343311815360164,1.4473051398741845,1.2862940749393932,1.619172241297695,0.0,,,,,,,,0.0,,,,1.1474162956015406,0.9715163423373838,1.3022765993885694,0.0,0.8025528180101636,0.6447529116120728,0.9533370483223881,0.0,,,,
phase3,heat_pilot,tmax,4,99,all,all,blend_A,L3A,False,61516,74,0.09381716046270372,0.8132327378234129,1.057813136635652,0.9541923417362859,1.1636722290962689,0.8132327378234129,0.7404746523732328,0.8912646517033727,4471.0,0.7416685305300827,0.2080248387867208,0.6207412953949831,0.9364795347796914,0.5978313601785514,0.34759489677201,0.761306506879291,0.03293452110020157,0.5606903733345352,0.1677756824500749,0.7759334940541408,-0.07304892035497024,-0.1138437661198666,-0.029995641249409438,0.0,-0.05098171694255926,-0.07963893861444926,-0.021361777286009163,0.0,-0.015805390262111363,-0.03668382337906138,0.001729822104657714,0.076
phase3,heat_pilot,tmax,4,99,all,all,equal_mean_cell_bias,prev,False,61516,74,0.008020568493942856,0.8642144547659721,1.1308620569906223,1.0137256457396526,1.2433025991026274,0.8642144547659721,0.7831561892631665,0.9506355774026242,4471.0,0.7582196376649519,0.202165215344787,0.6360225140712945,0.9503466785953926,0.6136367504406628,0.36037100604974814,0.7707517441795998,0.031536510826451654,0.5793382646934838,0.1885304079714209,0.7848031550135613,,,,,,,,,,,,
phase3,heat_pilot,tmax,4,99,all,all,superensemble,baseline,False,61516,74,0.1495864722933212,1.0290035722438486,1.3098923101575297,1.218388785179399,1.4013601116078191,1.0290035722438486,0.9620110917963379,1.1043345924303534,4471.0,0.5502124804294342,0.21581128466687918,0.47785547785547783,0.7016327443524939,0.45365875500725916,0.24512954417928237,0.6029327189504005,0.04369594902139281,0.41714497705983744,-0.07395585374454933,0.7270724998878081,0.17903025316690746,0.10394799116498736,0.26003894161032315,0.0,0.1647891174778765,0.10143071471185637,0.22903680477150443,0.0,-0.15997799543340363,-0.21644440251011055,-0.06940075158941558,0.006
phase3,heat_pilot,tmax,4,99,all,all,persistence,baseline,False,61516,74,0.008741503148172246,1.6521577971198174,2.141222680243827,1.9028754128853476,2.3706299174368994,1.6521577971198174,1.478902723072969,1.8340311979199664,4471.0,0.6866472824871394,0.31335271751286065,0.5228201634877384,1.0,0.49486631989332336,0.26384394897963026,0.6455363445636726,0.04554912543078223,0.3924256792119287,-0.05248187109295904,0.7133219340258328,1.0103606232532047,0.7985451121359665,1.2365457254798262,0.0,0.7879433423538452,0.6219141056859585,0.9570468984927624,0.0,-0.11877043054733943,-0.24840935961234653,0.023975012481887364,0.102
phase3,heat_pilot,tmax,4,99,all,all,climatology,baseline,False,61516,74,0.6441385914208295,1.8189150347450138,2.4313711358575523,2.014138623358016,2.8835426488519427,1.8189150347450138,1.5507933033792525,2.142989198711117,4471.0,0.6327443524938493,0.6486587183308494,0.29182999793686815,1.8009393871617088,0.2463314289579724,0.07115992039277709,0.45307727204583126,0.11159698289875805,-0.48857876952537804,-0.6504442787876141,-0.3077753230185056,1.30050907886693,0.927005502673829,1.7064018694939587,0.0,0.9547005799790417,0.7096505727885126,1.233490634433001,0.0,-0.3673053214826904,-0.5080512171158693,-0.1728148311082386,0.0
phase3,heat_pilot,tmax,4,99,all,all,ecmwf_ifs_ctrl,source,False,61516,74,-0.8315086687515768,1.5375930121183876,1.9159881752059404,1.809000726833104,2.009833461528175,1.5375930121183876,1.4437290194735828,1.62635086083538,4471.0,0.6338626705435025,0.31907736665064873,0.4887049491291602,0.9308879445314248,0.460566274078347,0.23973462205912652,0.5990274960917229,0.048198842577540806,0.35708142000834,-0.06366545676161697,0.6226844323532167,0.7851261182153182,0.6620482766890244,0.8975544940583028,0.0,0.6733785573524155,0.5693679804374325,0.773464373046394,0.0,-0.1530704763623158,-0.2003089059425361,-0.09318438895467457,0.0
phase3,heat_pilot,tmax,4,99,all,all,ecmwf_aifs,source,False,61516,74,-2.14143819928022,2.2268653303526245,2.6112224428495923,2.4239402478352634,2.7898877331026526,2.2268653303526245,2.046881179216744,2.413465669181924,4471.0,0.21449340192350705,0.005186721991701245,0.2142537980339589,0.21561171997316037,0.20175875659597922,0.053300460324920626,0.3211485690665108,0.057172117823005394,0.23738797779741372,-0.4640890263717221,0.6974600554737255,1.48036038585897,1.2598761905242248,1.7013104958606338,0.0,1.3626508755866524,1.154044095867541,1.5832857658121093,0.0,-0.4118779938446836,-0.5137949697018922,-0.24709461033191393,0.0
phase3,heat_pilot,tmax,4,99,all,all,ncep_gfs,source,False,61516,74,-0.0999997930119318,2.043429108696646,2.6011868994110277,2.3862035591935555,2.797589822242123,2.043429108696646,1.880244074220735,2.206034423237833,4471.0,0.959964213822411,0.5558315223015626,0.43609022556390975,2.161261462760009,0.3927584289918178,0.19018876142776964,0.5498601074643754,0.09022043045711685,-0.20343950049029114,-0.9797479558124152,0.20123253584277767,1.4703248424204054,1.318833741787527,1.6169534342909346,0.0,1.179214653930674,1.057682753134948,1.3038256015550311,0.0,-0.220878321448845,-0.3527097845951012,-0.06360848973026809,0.002
phase3,heat_pilot,tmax,4,99,all,all,ecmwf_ifs_ens,source,True,61516,74,-0.8561192384520544,1.4708328904081782,1.8184015816985826,1.7213213322270875,1.912003729985568,1.1751300894538295,1.0971113129930758,1.2495028371720254,4471.0,0.598300156564527,0.2697242697242697,0.4900164865359956,0.8192798031760232,0.46387017865791796,0.23609555653595696,0.6107211277762487,0.03736321610136641,0.5016165419083047,0.16783429446207798,0.7080317772537706,0.6875395247079603,0.5643154114226279,0.8142063193611988,0.0,0.3109156346878573,0.20485578413329966,0.4198184560119261,0.0,-0.14976657178274483,-0.1946897252656269,-0.08694902669903197,0.0
phase3,heat_pilot,tmax,4,99,winter_JF,all,blend_A,L3A,False,9971,13,0.5396751474203167,0.8256084594022617,1.1106164554032845,0.7893428094589721,1.4405557033716705,0.8256084594022617,0.6165154242656641,1.0944115239986694,0.0,,,,,,,,0.0,1.0,1.0,1.0,-0.03664479281822697,-0.0630565114281909,-0.005804547377834372,0.01,-0.022865744940723576,-0.04772243805697307,-0.00029039282562405344,0.048,,,,
phase3,heat_pilot,tmax,4,99,winter_JF,all,equal_mean_cell_bias,prev,False,9971,13,0.6379747391703519,0.8484742043429853,1.1472612482215114,0.7960409707938917,1.504148280951194,0.8484742043429853,0.6185103742169977,1.1396730151810552,0.0,,,,,,,,0.0,1.0,1.0,1.0,,,,,,,,,,,,
phase3,heat_pilot,tmax,4,99,winter_JF,all,superensemble,baseline,False,9971,13,0.5678998089974843,0.9159131928607366,1.2241690379377101,0.9466098842519042,1.5189992570186077,0.9159131928607366,0.736208931056467,1.1484727430824286,0.0,,,,,,,,0.0,1.0,1.0,1.0,0.07690778971619872,-0.0027298853625443873,0.19564118363577074,0.058,0.06743898851775132,-0.013559427032306002,0.15096949306007618,0.102,,,,
phase3,heat_pilot,tmax,4,99,winter_JF,all,persistence,baseline,False,9971,13,-0.35961819508049175,1.466420474256631,1.8191090056916035,1.4968726477422876,2.147795576163083,1.466420474256631,1.219798213520433,1.757460662337829,0.0,,,,,,,,0.0,1.0,1.0,1.0,0.6718477574700921,0.1553438643252198,1.1700112965778633,0.004,0.6179462699136457,0.21574573346371434,0.9992371277333134,0.004,,,,
phase3,heat_pilot,tmax,4,99,winter_JF,all,climatology,baseline,False,9971,13,-1.1578034339822914,1.6506148739930393,1.95863194609274,1.5753577259236144,2.309686702970562,1.6506148739930393,1.2649307667192962,2.039561273902305,0.0,,,,,,,,0.0,1.0,1.0,1.0,0.8113706978712285,0.2562651679281938,1.3270821235423784,0.01,0.802140669650054,0.3102852915258512,1.2727768900859215,0.006,,,,
phase3,heat_pilot,tmax,4,99,winter_JF,all,ecmwf_ifs_ctrl,source,False,9971,13,-0.6585488643154626,1.2432617933146872,1.5575346507909755,1.409367609293151,1.705478661074674,1.2432617933146872,1.114795712402025,1.3855713442385078,0.0,,,,,,,,0.0,1.0,1.0,1.0,0.4102734025694641,0.021587495577323083,0.845502370994437,0.03,0.39478758897170196,0.07355743358215383,0.7180771651032242,0.016,,,,
phase3,heat_pilot,tmax,4,99,winter_JF,all,ecmwf_aifs,source,False,9971,13,-2.4867255767816143,2.507418569094821,2.732572759499065,2.4898850009538696,2.9894327890864734,2.507418569094821,2.241497023119341,2.803165284058271,0.0,,,,,,,,0.0,1.0,1.0,1.0,1.5853115112775538,1.0647540419688328,2.1310811711271973,0.0,1.6589443647518358,1.1560330800445981,2.1453082005499993,0.0,,,,
phase3,heat_pilot,tmax,4,99,winter_JF,all,ncep_gfs,source,False,9971,13,1.278643994976484,1.5349945534723428,1.9551759223179694,1.6938362223840036,2.234942052216959,1.5349945534723428,1.324648526014494,1.7892437444437639,0.0,,,,,,,,0.0,1.0,1.0,1.0,0.807914674096458,0.6546172803644207,1.0013724159851194,0.0,0.6865203491293576,0.5504198359316442,0.814959329705447,0.0,,,,
phase3,heat_pilot,tmax,4,99,winter_JF,all,ecmwf_ifs_ens,source,True,9971,13,-0.6642529215309113,1.2297076606999164,1.541678757222253,1.4036197662130039,1.6788523731645106,1.0610694099695774,0.9418327935311189,1.1907707504808998,0.0,,,,,,,,0.0,1.0,1.0,1.0,0.3944175090007416,0.019473062044048348,0.8192931879570183,0.034,0.21259520562659218,-0.10332732520045083,0.5280916018186987,0.216,,,,
phase3,heat_pilot,tmax,4,99,premonsoon_MAM,all,blend_A,L3A,False,15548,19,0.30057312487206483,0.9004578492253184,1.165797262055395,1.004096483612562,1.330523226561714,0.9004578492253184,0.7803972651332102,1.0350917615425903,4234.0,0.7725555030703826,0.18894123481279446,0.6547237790232185,0.9525271610769958,0.557436026212035,0.3668599813670773,0.7005546284097116,0.11094674556213018,0.5572226525825099,0.08604588220291412,0.7612179362984424,0.019093242829228974,0.0015220014072195147,0.04265925351256203,0.032,0.018979369321273087,0.00311419903401613,0.03936751904474309,0.016,-0.0228430711442269,-0.04056324920234363,-0.007376281012725409,0.0
phase3,heat_pilot,tmax,4,99,premonsoon_MAM,all,equal_mean_cell_bias,prev,False,15548,19,0.3055832156001494,0.8814784799040453,1.146704019226166,0.9790148949235333,1.317467068540819,0.8814784799040453,0.7611175784113215,1.0142597930979294,4234.0,0.7907416154936231,0.17941176470588235,0.6741844542891663,0.9636277751535192,0.5802790973562619,0.39866232205304775,0.714859913731748,0.10406483148958065,0.5846876822484064,0.14411103171583467,0.7766471381790964,,,,,,,,,,,,
phase3,heat_pilot,tmax,4,99,premonsoon_MAM,all,superensemble,baseline,False,15548,19,-0.1560877346581532,1.2100676301515039,1.539016089167133,1.4225018992005676,1.664138523103202,1.2100676301515039,1.1202006885432692,1.3109644089356587,4234.0,0.5666036844591403,0.1989983305509182,0.49668737060041407,0.7073689182805858,0.3944312044297609,0.22595685426841938,0.5329919648986428,0.15635451505016723,0.3760047932916414,-0.29088356644073665,0.6802043476686148,0.392312069940967,0.24772811016228768,0.5558966484697625,0.0,0.3285891502474586,0.21236384647842607,0.4537415447398554,0.0,-0.18584789292650106,-0.23948626462372222,-0.1187527797605189,0.0
phase3,heat_pilot,tmax,4,99,premonsoon_MAM,all,persistence,baseline,False,15548,19,-0.013654490010364827,1.9207458469105283,2.5025286325408276,1.94802929589649,3.077159675779054,1.9207458469105283,1.5233956072967068,2.393859897702297,4234.0,0.7248464808691545,0.2751535191308455,0.5684385997406928,1.0,0.45124896511341583,0.2872692507904997,0.6090254842793286,0.14985850270131207,0.4019297278360857,-0.17621196242748458,0.7057538558668771,1.3558246133146616,0.8609149782292619,1.8804196410554836,0.0,1.0392673670064831,0.6727758389139195,1.4748516691664397,0.0,-0.1290301322428461,-0.2862417082676509,0.03053892300005157,0.13
phase3,heat_pilot,tmax,4,99,premonsoon_MAM,all,climatology,baseline,False,15548,19,0.8718866692246893,2.453908042917529,3.2905084938847424,2.13458785854777,4.254387101576595,2.453908042917529,1.6952422658976123,3.2870747770007425,4234.0,0.6681624940954181,0.6211329851345923,0.318868349864743,1.7635805384978744,0.11633981110536631,-0.014940917144001012,0.33790251596282966,0.38866735271417546,-0.5511324698225466,-0.6870653744908053,-0.4177443746403981,2.1438044746585767,1.099131835813739,2.9930816815933077,0.0,1.5724295630134835,0.852935721808154,2.34552230477538,0.0,-0.46393928625089564,-0.6189300515766876,-0.21915334187201838,0.0
phase3,heat_pilot,tmax,4,99,premonsoon_MAM,all,ecmwf_ifs_ctrl,source,False,15548,19,-0.09110853559780097,1.3690450642327892,1.768780484464881,1.5939472604921912,1.9625197590599444,1.3690450642327892,1.2373917583959009,1.5191075854181315,4234.0,0.6547000472366556,0.2926767032406226,0.5151458836647463,0.9256022673594709,0.39519482280366003,0.24344881635446777,0.5153810549857077,0.16780293285310008,0.3303153046885613,-0.23349595203484574,0.5840758620834992,0.622076465238715,0.4863299682542711,0.761593722387817,0.0,0.4875665843287439,0.36501710447804225,0.6189755965163725,0.0,-0.1850842745526019,-0.23891314198016433,-0.12657913467788173,0.0
phase3,heat_pilot,tmax,4,99,premonsoon_MAM,all,ecmwf_aifs,source,False,15548,19,-2.5461268659296765,2.6272573152114713,3.0865950164311884,2.765296199833789,3.3995299594411175,2.6272573152114713,2.303064888933989,2.9753466196434037,4234.0,0.22649976381672177,0.005186721991701245,0.22623260202878037,0.2276806802078413,0.1751510147866293,0.059758004680145124,0.28397023790332016,0.21095960895291999,0.1580813336061636,-0.7997719375263969,0.6279697865853454,1.9398909972050224,1.5488350764628225,2.3299166527160198,0.0,1.745778835307426,1.3641337354127854,2.1539507126319366,0.0,-0.4051280825696326,-0.49343057166471355,-0.28471824162838966,0.0
phase3,heat_pilot,tmax,4,99,premonsoon_MAM,all,ncep_gfs,source,False,15548,19,1.6720603607232694,2.0001452116969927,2.471309791477085,2.2149353987111615,2.7379929679582555,2.0001452116969927,1.8062808289973316,2.22593802981767,4234.0,0.9655172413793104,0.5079441502166586,0.48355807901585046,1.9622106754841757,0.29484906102545094,0.16615685782075992,0.43179265020321794,0.28080782094160023,-0.12067588337667368,-0.9428397784732508,0.2548232068516531,1.324605772250919,1.157713916978358,1.487804058333296,0.0,1.1186667317929473,0.964648498049945,1.2744690741117743,0.0,-0.285430036330811,-0.4075042849336,-0.14126063545923798,0.0
phase3,heat_pilot,tmax,4,99,premonsoon_MAM,all,ecmwf_ifs_ens,source,True,15548,19,-0.09769850756167016,1.3266199912759924,1.693841708494183,1.5439677095517967,1.8535184726225469,1.0336931081803113,0.9570186212931077,1.11661502251586,4234.0,0.6213982050070855,0.24331320103537532,0.5179133858267716,0.8212092583845064,0.4074737720709377,0.25480588896475836,0.5293485572733517,0.12954376653732055,0.483003804832253,0.04273900151056621,0.6827339313820544,0.5471376892680171,0.4149070139995226,0.6850116362976229,0.0,0.15221462827626608,0.037657754501767296,0.2656574514393706,0.004,-0.17280532528532422,-0.22821464371564099,-0.1106067879635341,0.0
phase3,heat_pilot,tmax,4,99,monsoon_JJAS,all,blend_A,L3A,False,20618,25,-0.11298958569958781,0.8764729886041579,1.1139479136610662,0.9530242238372187,1.3047675402483652,0.8764729886041579,0.7611646223281008,1.0151251824488652,237.0,0.189873417721519,0.7077922077922078,0.13005780346820808,0.6497890295358649,0.1255841281157844,0.0554214142179297,0.1301169336270303,0.014598894170142594,0.5795605039464973,-0.2815574790340819,1.0,-0.17884099863875513,-0.2775570977071558,-0.09080747010054571,0.0,-0.14592450656533773,-0.22568147192871857,-0.0774620940307882,0.0,0.014945926580840665,0.002924115027833421,0.016184148612154527,0.0
phase3,heat_pilot,tmax,4,99,monsoon_JJAS,all,equal_mean_cell_bias,prev,False,20618,25,-0.3790544687874831,1.0223974951694956,1.2927889122998213,1.1211950040092944,1.4698441198695615,1.0223974951694956,0.8844643940482695,1.1691599769427619,237.0,0.17721518987341772,0.7514792899408284,0.11538461538461539,0.7130801687763713,0.11063820153494373,0.05249702231148366,0.11453970748925404,0.015617421670385101,0.5502275158497413,-0.3714691833098603,1.0,,,,,,,,,,,,
phase3,heat_pilot,tmax,4,99,monsoon_JJAS,all,superensemble,baseline,False,20618,25,0.3979410188530428,1.0482175583542925,1.3062414497157024,1.1854635547955084,1.4526519193774488,1.0482175583542925,0.9510935017121637,1.1645034930444453,237.0,0.25738396624472576,0.5704225352112676,0.1918238993710692,0.5991561181434599,0.1876542074270988,0.17546335744852082,1.0,0.012464836550586866,0.641020098053986,-0.13903880234769034,1.0,0.01345253741588115,-0.10702010016396904,0.1370750339753172,0.834,0.025820063184796904,-0.08225945928094244,0.1366013732469258,0.684,0.07701600589215506,0.07068607011897271,0.9475029776885163,0.0
phase3,heat_pilot,tmax,4,99,monsoon_JJAS,all,persistence,baseline,False,20618,25,0.1453937447629598,2.009031821967027,2.445546908160019,2.130435972310453,2.7635184677531677,2.009031821967027,1.7338390021420744,2.2985411884158182,237.0,0.004219409282700422,0.9957805907172996,0.0021141649048625794,1.0,-0.0036665087001071044,-0.011078456531391166,0.004263209358206714,0.022892618100688718,0.34070617230148414,-0.919197992344853,1.0,1.1527579958601977,0.8771356837818124,1.4570354745252487,0.0,0.9866343267975315,0.7405423139584758,1.2680165539014536,0.0,-0.11430471023505084,-0.1153043313179085,-0.04832352162376441,0.0
phase3,heat_pilot,tmax,4,99,monsoon_JJAS,all,climatology,baseline,False,20618,25,1.079887744815866,1.9301400489448195,2.446991395228255,1.992760545256793,2.8740052155677143,1.9301400489448195,1.5483184608457623,2.3426288557702737,237.0,0.0,1.0,0.0,2.4683544303797467,-0.008248087626940504,-0.017674527821878932,0.0,0.03986807643806383,-0.14817696264444935,-0.7152092817922371,0.9894659054394205,1.1542024829284339,0.7304988446055676,1.5498384814823176,0.0,0.9077425537753239,0.5576940708757453,1.2809970573236942,0.0,-0.11888628916188423,-0.12532534803855674,-0.05258673098197112,0.0
phase3,heat_pilot,tmax,4,99,monsoon_JJAS,all,ecmwf_ifs_ctrl,source,False,20618,25,-0.9959901292937632,1.7346623520902478,2.136590629409116,1.9806741603725742,2.2780858986856805,1.7346623520902478,1.5767292216085695,1.8725810245829926,237.0,0.2616033755274262,0.7448559670781894,0.14832535885167464,1.0253164556962024,0.1425958501450752,0.06653410346242465,0.1459669271488718,0.017266466194587254,0.5027360113121363,-0.5321633706922805,1.0,0.8438017171092946,0.6952403328091921,0.9939501260803352,0.0,0.7122648569207521,0.5724241196860606,0.838620572393985,0.0,0.031957648610131464,0.014035752133600428,0.03265420442762661,0.0
phase3,heat_pilot,tmax,4,99,monsoon_JJAS,all,ecmwf_aifs,source,False,20618,25,-1.6692913709272872,1.7745821062236582,2.141820766658369,1.8629102528006527,2.417967159252702,1.7745821062236582,1.5491172272586258,2.035254854868705,237.0,0.0,,0.0,0.0,0.0,0.0,0.0,0.011494810359879717,0.6689562771937536,-0.04596559281733437,1.0,0.8490318543585476,0.6207582927746387,1.0822007695389098,0.0,0.7521846110541626,0.5584887552258981,0.9802465795487735,0.0,-0.11063820153494373,-0.11453970748925404,-0.05249702231148366,0.0
phase3,heat_pilot,tmax,4,99,monsoon_JJAS,all,ncep_gfs,source,False,20618,25,-0.8947921469482398,2.4208624528305225,3.09386721416058,2.7264951657991254,3.462343663550584,2.4208624528305225,2.113129369854518,2.7599629578190292,237.0,0.8607594936708861,0.8494464944649447,0.14697406340057637,5.717299578059071,0.13729318266625845,0.0,0.27119839594477346,0.057425550489863225,-0.6538218050742433,-2.8177433094321573,0.692844856180561,1.8010783018607586,1.5620142680840283,2.025147379790773,0.0,1.3984649576610269,1.1835239681455,1.625123254423875,0.0,0.026654981131314717,-0.051454829290952075,0.16100175106595754,0.7419354838709677
phase3,heat_pilot,tmax,4,99,monsoon_JJAS,all,ecmwf_ifs_ens,source,True,20618,25,-1.0389008326377354,1.5704856601137462,1.924745870777368,1.7560745457664733,2.077081919328874,1.173604665872036,1.0359601938008067,1.30478801108526,237.0,0.18565400843881857,0.7634408602150538,0.11609498680738786,0.7848101265822784,0.11108036663432062,0.09908489788570854,0.12495857792084833,0.01378839458576953,0.6029024114111265,-0.23009995818573273,0.9999329742525596,0.6319569584775466,0.47167989406774413,0.798653393882643,0.0,0.15120717070254042,0.007967984905231148,0.2964141842742629,0.036,0.00044216509937688997,-0.004392282900269925,0.07237869968453944,0.8202764976958525
phase3,heat_pilot,tmax,4,99,postmonsoon_OND,all,blend_A,L3A,False,15379,19,-0.12702621233247022,0.6322416563137617,0.799085344641533,0.6877113704414893,0.9098424119770945,0.6322416563137617,0.5516371710194088,0.7222153673050226,0.0,,,,,,,,0.0,,,,-0.03278123300394942,-0.08346796416084269,0.009047063390320416,0.202,-0.0126547054085141,-0.04464299192962221,0.013737579520816995,0.454,,,,
phase3,heat_pilot,tmax,4,99,postmonsoon_OND,all,equal_mean_cell_bias,prev,False,15379,19,-0.18230805848787213,0.6448963617222758,0.8318665776454824,0.6962778299382162,0.970661730693426,0.6448963617222758,0.55409485893858,0.7451568832938789,0.0,,,,,,,,0.0,,,,,,,,,,,,,,,
phase3,heat_pilot,tmax,4,99,postmonsoon_OND,all,superensemble,baseline,False,15379,19,-0.1455532475560855,0.8935127233496195,1.0997895596143363,0.987428275520285,1.2325633068876773,0.8935127233496195,0.8137094059849744,0.9874095896656332,0.0,,,,,,,,0.0,,,,0.2679229819688539,0.13809227287361,0.39424207973984793,0.0,0.24861636162734368,0.14510947891787265,0.3433649842949234,0.0,,,,
phase3,heat_pilot,tmax,4,99,postmonsoon_OND,all,persistence,baseline,False,15379,19,0.08700611951160636,1.0225948348871032,1.358046290172774,1.033522762359025,1.6647051444355976,1.0225948348871032,0.7895542825669281,1.2984077365029905,0.0,,,,,,,,0.0,,,,0.5261797125272915,0.24221704597204197,0.8283637424985637,0.0,0.3776984731648274,0.1698183009362157,0.6159062783054201,0.0,,,,
phase3,heat_pilot,tmax,4,99,postmonsoon_OND,all,climatology,baseline,False,15379,19,0.9979886972080227,1.1369469138671986,1.4781900336054956,1.1444198198197106,1.8275767517096908,1.1369469138671986,0.8746315776127447,1.4742131021507212,0.0,,,,,,,,0.0,,,,0.6463234559600132,0.31554718125557574,0.9849629283618395,0.0,0.49205055214492277,0.24084022784616863,0.8056756684461583,0.0,,,,
phase3,heat_pilot,tmax,4,99,postmonsoon_OND,all,ecmwf_ifs_ctrl,source,False,15379,19,-1.471670234968405,1.6346204147373593,1.9565522686678924,1.7535204327364864,2.1379409999717636,1.6346204147373593,1.436334994846332,1.825750782815583,0.0,,,,,,,,0.0,,,,1.12468569102241,0.9256544977959581,1.2932733755609276,0.0,0.9897240530150835,0.8028502889941455,1.1495841696343292,0.0,,,,
phase3,heat_pilot,tmax,4,99,postmonsoon_OND,all,ecmwf_aifs,source,False,15379,19,-2.1414228196618184,2.246534007835376,2.5789186308931256,2.2248379775396994,2.902497317362791,2.246534007835376,1.8831998000647832,2.626943894134587,0.0,,,,,,,,0.0,,,,1.7470520532476432,1.3116608799595109,2.1271801037458906,0.0,1.6016376461131,1.1613893106921813,2.000670985208025,0.0,,,,
phase3,heat_pilot,tmax,4,99,postmonsoon_OND,all,ncep_gfs,source,False,15379,19,-1.7198333144924314,1.9108234965853175,2.361976808595927,1.9159166416080464,2.782556395520203,1.9108234965853175,1.5384409649355022,2.2683115648800096,0.0,,,,,,,,0.0,,,,1.5301102309504446,1.152182945982268,1.8533947222408174,0.0,1.2659271348630416,0.9339176009800061,1.5819625884116044,0.0,,,,
phase3,heat_pilot,tmax,4,99,postmonsoon_OND,all,ecmwf_ifs_ens,source,True,15379,19,-1.5022232543818312,1.6393640702858618,1.9539843509701154,1.7383879730310232,2.1527553800746606,1.3941178261979323,1.1979643211658657,1.5864155365452883,0.0,,,,,,,,0.0,,,,1.122117773324633,0.9029471224268065,1.3032582579481378,0.0,0.7492214644756565,0.5409478776477489,0.9198187049029525,0.0,,,,
phase3,heat_pilot,tmax,5,123,all,all,blend_A,L3A,False,61685,74,0.08209704964727349,0.8447681631079135,1.097370338521782,0.9827360051785691,1.206114466361264,0.8447681631079135,0.7650164117246111,0.9279098673917184,4471.0,0.743457839409528,0.21714554875176637,0.6163545336547376,0.9496756877656005,0.5931366153941634,0.350245105642586,0.7473413477605443,0.033541379589851664,0.5513664276550608,0.14235807163814906,0.7653068066083488,-0.07654588111803973,-0.11257718275756415,-0.03987655894251404,0.0,-0.05192754411075107,-0.07926026310668434,-0.025590926846910892,0.0,-0.00828507314505944,-0.018978175524647912,0.003086344585612535,0.156
phase3,heat_pilot,tmax,5,123,all,all,equal_mean_cell_bias,prev,False,61685,74,0.010688280234066682,0.8966957072186645,1.1739162196398216,1.047944621182609,1.2941193179780663,0.8966957072186645,0.8068060803095833,0.989692176702251,4471.0,0.75083873853724,0.21252638986629135,0.6243258322484657,0.9534779691344218,0.6014216885392228,0.35963300827692896,0.7545465190795152,0.03274702115587258,0.5619913890107409,0.15570218029503471,0.7752180349847676,,,,,,,,,,,,
phase3,heat_pilot,tmax,5,123,all,all,superensemble,baseline,False,61685,74,0.15724884176057152,1.0436784080238835,1.3239711457046919,1.232872266757105,1.4130762835197015,1.0436784080238835,0.9748031290756,1.1192962675266622,4471.0,0.5528964437486021,0.2451908396946565,0.46871444823663255,0.7324983225229256,0.44367499386394543,0.23686348094571763,0.5867932229340578,0.04542433330631434,0.3924256792119287,-0.11896976959754023,0.6991273064329209,0.15005492606487025,0.06034461687844887,0.24083051305930353,0.002,0.1469827008052189,0.07814342289798773,0.2156748240457723,0.0,-0.1577466946752774,-0.21695719682101036,-0.0816974691266058,0.006
phase3,heat_pilot,tmax,5,123,all,all,persistence,baseline,False,61685,74,0.009108210611045772,1.748254259376498,2.2714141993728605,2.0287878603435963,2.4937286095347533,1.748254259376498,1.552532553690817,1.933784084257905,4471.0,0.6365466338626705,0.3634533661373295,0.46686351706036744,1.0,0.43693076769423883,0.2196779633387059,0.6028842366860544,0.05268703898840885,0.2952831753885683,-0.20236416064555643,0.6540437697612651,1.0974979797330389,0.858817468087464,1.3110546037089976,0.0,0.8515585521578335,0.6675867890520402,1.0284654451201132,0.0,-0.164490920844984,-0.29696102604401464,-0.0010026432378406275,0.05
phase3,heat_pilot,tmax,5,123,all,all,climatology,baseline,False,61685,74,0.640953367761558,1.8153600317216088,2.4282774323598058,2.0116667497959493,2.8835426488519427,1.8153600317216088,1.5451642785116775,2.1344029701731007,4471.0,0.6327443524938493,0.6486587183308494,0.29182999793686815,1.8009393871617088,0.2464640679806093,0.0712523306134607,0.4533966321159081,0.11129123774013132,-0.48857876952537804,-0.6504442787876141,-0.3077753230185056,1.2543612127199841,0.8758477999469426,1.660470565791087,0.0,0.9186643245029442,0.6674218698221037,1.195278312400617,0.0,-0.3549576205586136,-0.5076012640180195,-0.16185873863342626,0.0
phase3,heat_pilot,tmax,5,123,all,all,ecmwf_ifs_ctrl,source,False,61685,74,-0.7299487316561082,1.5634885677422061,1.9654458171200597,1.8506677277041956,2.0663487242447602,1.5634885677422061,1.4625919088855777,1.6547260073864674,4471.0,0.658242004025945,0.36614258022830065,0.47690811861934856,1.0384701409080743,0.44673637887390943,0.22740803434305204,0.588132330788305,0.052330388262948856,0.3000535662013226,-0.12287398192192449,0.5673612687912116,0.7915295974802381,0.662675066726692,0.9089756089515089,0.0,0.6667928605235416,0.5581611673013958,0.7638871320073946,0.0,-0.1546853096653134,-0.22783009885959302,-0.08482002080597217,0.0
phase3,heat_pilot,tmax,5,123,all,all,ecmwf_aifs,source,False,61685,74,-2.0814928671833837,2.1856766095238354,2.5711786488684782,2.3934893668288586,2.7494736704364415,2.1856766095238354,2.0084446462335945,2.3720697354886977,4471.0,0.21762469246253635,0.011178861788617886,0.21709058456046407,0.22008499217177366,0.20443080019941431,0.05108826686127981,0.3367583817170124,0.056885790710869744,0.23912266536568805,-0.45002051369091517,0.6954736752412222,1.3972624292286566,1.1667191199167368,1.630591425301191,0.0,1.2889809023051708,1.0816609959920094,1.5154574781958503,0.0,-0.39699088833980856,-0.49588355527588485,-0.23276361303332543,0.0
phase3,heat_pilot,tmax,5,123,all,all,ncep_gfs,source,False,61685,74,-0.0041563996467055405,2.123007576722829,2.6886970731413675,2.46468494524995,2.8924680484054734,2.123007576722829,1.9521355246120071,2.292088102174955,4471.0,0.9563855960635205,0.574061161470266,0.41782294313074064,2.245358980093939,0.37326180165020856,0.17340876668618574,0.5351796487281572,0.09658750101321228,-0.29190856647228003,-1.1354476662497015,0.1437253273651538,1.514780853501546,1.3672234275488495,1.6616520537395028,0.0,1.2263118695041644,1.0972007029075412,1.3548884765229814,0.0,-0.22815988688901429,-0.3586424059246369,-0.07414867930717631,0.0
phase3,heat_pilot,tmax,5,123,all,all,ecmwf_ifs_ens,source,True,61685,74,-0.7854403001133313,1.4684022274049802,1.8149798907908217,1.7090420236082535,1.9119730439483194,1.154145893199223,1.0751210578395818,1.2318167254335781,4471.0,0.6121673003802282,0.3102318548387097,0.4800070150824272,0.8874972042048759,0.4523857013547553,0.23654318869865187,0.590510231538999,0.03789178671498797,0.49317744695209365,0.16316380328274807,0.6906502488678982,0.641063671151,0.5108861811508203,0.7710092111958476,0.0,0.25745018598055847,0.1534581543025848,0.3674252987518526,0.0,-0.14903598718446753,-0.2059345363695397,-0.08877697486859787,0.0
phase3,heat_pilot,tmax,5,123,winter_JF,all,blend_A,L3A,False,9971,13,0.5775932753508123,0.8536762658003376,1.159783031505722,0.8290445423741177,1.5140627852889013,0.8536762658003376,0.6400665678740859,1.1465361946606505,0.0,,,,,,,,0.0,1.0,1.0,1.0,-0.05575014168533343,-0.08235031883010889,-0.02057835609393274,0.0,-0.04080843789182231,-0.06750917413856518,-0.011932199555436658,0.006,,,,
phase3,heat_pilot,tmax,5,123,winter_JF,all,equal_mean_cell_bias,prev,False,9971,13,0.6967721121706439,0.8944847036921599,1.2155331731910555,0.8542975277655652,1.5885685755686485,0.8944847036921599,0.6596578455239874,1.2045707652127668,0.0,,,,,,,,0.0,1.0,1.0,1.0,,,,,,,,,,,,
phase3,heat_pilot,tmax,5,123,winter_JF,all,superensemble,baseline,False,9971,13,0.5577843396071386,0.9147022124123949,1.222325214158938,0.949964951589404,1.5170919111024865,0.9147022124123949,0.7334209488809416,1.1477384384038343,0.0,,,,,,,,0.0,1.0,1.0,1.0,0.006792040967882551,-0.08794586165731293,0.1372260203121346,0.896,0.020217508720234978,-0.06852946098834774,0.10280412420366289,0.654,,,,
phase3,heat_pilot,tmax,5,123,winter_JF,all,persistence,baseline,False,9971,13,-0.43492894817792643,1.4587520757753025,1.832269237499764,1.5076293359927455,2.207466938357772,1.4587520757753025,1.1951020277943418,1.8071545593355762,0.0,,,,,,,,0.0,1.0,1.0,1.0,0.6167360643087085,0.013049077519888626,1.2344186572621454,0.048,0.5642673720831426,0.06225190039732358,1.051588546808479,0.018,,,,
phase3,heat_pilot,tmax,5,123,winter_JF,all,climatology,baseline,False,9971,13,-1.1578034339822914,1.6506148739930393,1.95863194609274,1.5753577259236144,2.309686702970562,1.6506148739930393,1.2649307667192962,2.039561273902305,0.0,,,,,,,,0.0,1.0,1.0,1.0,0.7430987729016845,0.16759926185707433,1.2645067854639398,0.014,0.7561301703008794,0.2447622045214598,1.2492959780953887,0.008,,,,
phase3,heat_pilot,tmax,5,123,winter_JF,all,ecmwf_ifs_ctrl,source,False,9971,13,-0.5683497869912223,1.2740555014250188,1.601732567169933,1.434765282773098,1.7611767139357202,1.2740555014250188,1.1339001837588463,1.4210466335854304,0.0,,,,,,,,0.0,1.0,1.0,1.0,0.3861993939788775,0.04668966845307518,0.8014464405989188,0.022,0.37957079773285884,0.0953135465544683,0.6719717537523674,0.01,,,,
phase3,heat_pilot,tmax,5,123,winter_JF,all,ecmwf_aifs,source,False,9971,13,-2.4192173027870303,2.440549071150024,2.6670659456450254,2.4197373522492405,2.931663138305833,2.440549071150024,2.1779910685942308,2.7458793304413867,0.0,,,,,,,,0.0,1.0,1.0,1.0,1.45153277245397,0.9048344663386543,2.0015588429619604,0.0,1.546064367457864,1.0344089520258308,2.030252368674604,0.0,,,,
phase3,heat_pilot,tmax,5,123,winter_JF,all,ncep_gfs,source,False,9971,13,1.451131709348162,1.6820492595718135,2.128920377309315,1.81107145578253,2.4056644395920483,1.6820492595718135,1.4211802203481814,1.9421200645853458,0.0,,1.0,0.0,,0.0,0.0,0.0,0.00010029084344599338,-1421.5328450211605,-3066.02118483636,1.0,0.9133872041182594,0.7104766298715958,1.147700027658361,0.0,0.7875645558796536,0.5960825168215438,0.958420521121157,0.0,,,,
phase3,heat_pilot,tmax,5,123,winter_JF,all,ecmwf_ifs_ens,source,True,9971,13,-0.5746953998856816,1.2356200915929512,1.554284647305296,1.4040011275804525,1.7066120223041734,1.0445165358487447,0.9280363548884032,1.174123650809627,0.0,,,,,,,,0.0,1.0,1.0,1.0,0.33875147411424056,-0.01642997773428598,0.7554656961389795,0.064,0.15003183215658478,-0.1457388264590595,0.44644797008342363,0.332,,,,
phase3,heat_pilot,tmax,5,123,premonsoon_MAM,all,blend_A,L3A,False,15548,19,0.3479421265731902,0.9178307133098785,1.1805217113992719,0.9867676530944659,1.3591605003112366,0.9178307133098785,0.7818723636497926,1.0612899476602335,4234.0,0.776334435521965,0.20411622276029057,0.6474295844002363,0.9754369390647142,0.547102220482944,0.37288569837674995,0.6779477663010972,0.11512734756881914,0.5405382887667783,0.044449894770830854,0.749231769292257,0.01560423831552038,0.0010216670770347934,0.032798058488209714,0.03,0.017723855611625927,0.004877923017339797,0.03181105524410925,0.014,-0.014323396846858127,-0.022658257282747108,-0.007088792712770195,0.0
phase3,heat_pilot,tmax,5,123,premonsoon_MAM,all,equal_mean_cell_bias,prev,False,15548,19,0.35626636153786173,0.9001068576982526,1.1649174730837515,0.9650359395354686,1.3462705011096876,0.9001068576982526,0.7609519785201022,1.046335119934445,4234.0,0.7853094000944734,0.19569424286405418,0.6593297640293476,0.9763816721776098,0.5614256173298021,0.39113808542340334,0.6869494169874976,0.11049652688448675,0.559019430224204,0.07894115047476698,0.7614758270514371,,,,,,,,,,,,
phase3,heat_pilot,tmax,5,123,premonsoon_MAM,all,superensemble,baseline,False,15548,19,-0.0995631365166368,1.2176363101985725,1.538607828011423,1.4127850207348829,1.6777061890136946,1.2176363101985725,1.1166989080286545,1.336343682175143,4234.0,0.5701464336324988,0.22875399361022364,0.48767676767676765,0.7392536608408125,0.38110788574133675,0.22204817662734694,0.5116548658352322,0.16310779521481863,0.34905312866622895,-0.36760819745335754,0.6635042805528686,0.37369035492767155,0.24194383382035436,0.5279571070807538,0.0,0.31752945250031994,0.2130893282958082,0.434914836384581,0.0,-0.18031773158846537,-0.23554016364000718,-0.1212053504053127,0.0
phase3,heat_pilot,tmax,5,123,premonsoon_MAM,all,persistence,baseline,False,15548,19,-0.025720215653404037,2.1287737492580234,2.6961151739874896,2.2223381261686947,3.145133047462528,2.1287737492580234,1.7663083348397008,2.5141659077948986,4234.0,0.6721776098252243,0.3278223901747756,0.5062255425115617,1.0,0.3788327401520636,0.20950260207841598,0.5536783719185686,0.17854386416259327,0.28744932380814336,-0.34732262818551707,0.6277928545990378,1.531197700903738,1.1220753706438897,1.9503565384786632,0.0,1.228666891559771,0.9092247140958688,1.5995216772496386,0.0,-0.18259287717773853,-0.3475050522972036,-0.008057001940471232,0.044
phase3,heat_pilot,tmax,5,123,premonsoon_MAM,all,climatology,baseline,False,15548,19,0.8718866692246893,2.453908042917529,3.2905084938847424,2.13458785854777,4.254387101576595,2.453908042917529,1.6952422658976123,3.2870747770007425,4234.0,0.6681624940954181,0.6211329851345923,0.318868349864743,1.7635805384978744,0.11633981110536631,-0.014940917144001012,0.33790251596282966,0.38866735271417546,-0.5511324698225466,-0.6870653744908053,-0.4177443746403981,2.125591020800991,1.1093295176464484,2.945228978313532,0.0,1.5538011852192763,0.8419658854533518,2.3132696260379575,0.0,-0.44508580622443583,-0.6015755263227244,-0.1797749267314429,0.0
phase3,heat_pilot,tmax,5,123,premonsoon_MAM,all,ecmwf_ifs_ctrl,source,False,15548,19,0.10720475228488491,1.3855570922451153,1.7766285982158205,1.6030554387205287,1.9559686238462113,1.3855570922451153,1.2512618711990646,1.5325833434137954,4234.0,0.6828058573453,0.34085727314181485,0.5046255891080468,1.0358998582900332,0.37414729863913865,0.23012111585408665,0.4836611668979901,0.18253151530743503,0.271535007553138,-0.2812196347689003,0.5130634883637982,0.611711125132069,0.4995723118036562,0.72585299309694,0.0,0.48545023454686265,0.37208101949465044,0.5943319375831987,0.0,-0.18727831869066347,-0.2712004900650453,-0.10973213643524225,0.0
phase3,heat_pilot,tmax,5,123,premonsoon_MAM,all,ecmwf_aifs,source,False,15548,19,-2.495348630786893,2.6043713669989144,3.0399862942914164,2.7434749370419165,3.336299990557063,2.6043713669989144,2.2903588951273903,2.945542849950046,4234.0,0.2298063297118564,0.011178861788617886,0.2292108362779741,0.23240434577231933,0.17727738806324006,0.05690969047476393,0.29759681011336014,0.2104450733213275,0.1601347937680998,-0.805384019283447,0.6369371084965777,1.875068821207665,1.4948098455547758,2.2745388647899807,0.0,1.7042645093006619,1.3316036248326932,2.119563870872643,0.0,-0.38414822926656206,-0.47753840459082125,-0.25967881677465,0.0
phase3,heat_pilot,tmax,5,123,premonsoon_MAM,all,ncep_gfs,source,False,15548,19,1.9123886987731793,2.164356909099998,2.6583081177082333,2.393197246906564,2.9434899529507947,2.164356909099998,1.9647425559695497,2.4145644200838774,4234.0,0.9683514407179972,0.5297086487726543,0.4631721644826028,2.0590458195559753,0.26643253910557624,0.14511171395130873,0.39848988148802383,0.3056341651659377,-0.21975533619009457,-1.1440790084184846,0.19298746653896365,1.4933906446244818,1.3311050940453875,1.6689296216883516,0.0,1.2642500514017456,1.120647779873887,1.42262590854846,0.0,-0.2949930782242259,-0.4140494181550341,-0.15844932038614057,0.0
phase3,heat_pilot,tmax,5,123,premonsoon_MAM,all,ecmwf_ifs_ens,source,True,15548,19,0.03966360187849472,1.319755161148986,1.6716983769119609,1.5139682004864412,1.8549338986509618,1.0077600210565223,0.9314898559090345,1.0975616920432496,4234.0,0.6362777515351913,0.2833200319233839,0.5083978109077184,0.8878129428436466,0.39069411474204224,0.2504338276589442,0.5030457081680435,0.13160134032476672,0.4747922339645795,0.030862657010652557,0.6743615643883434,0.5067809038282094,0.4026904107416264,0.621710131006744,0.0,0.10765316335826969,0.00819827178404333,0.20922660017821343,0.032,-0.17073150258775988,-0.23731083933106814,-0.1014663130564769,0.0
phase3,heat_pilot,tmax,5,123,monsoon_JJAS,all,blend_A,L3A,False,20618,25,-0.18429457360783005,0.9485452442722393,1.1917069254470616,1.0300210177857552,1.3672957756517674,0.9485452442722393,0.8221265275411522,1.0916569787119164,237.0,0.15611814345991562,0.6810344827586207,0.11708860759493671,0.48945147679324896,0.11334727540754981,0.0,0.1138145637263564,0.01353186536036473,0.6102903010002416,-0.2321120118780463,1.0,-0.16216602686264459,-0.2459275971745233,-0.0865858024575618,0.0,-0.13091016164955982,-0.19657293213355762,-0.07244082198511753,0.0,0.02157105370806124,0.0,0.022357744076532224,0.5368663594470046
phase3,heat_pilot,tmax,5,123,monsoon_JJAS,all,equal_mean_cell_bias,prev,False,20618,25,-0.42510224813309033,1.0794554059217991,1.3538729523097062,1.1624851105022902,1.5592376546836741,1.0794554059217991,0.9316354280272499,1.2412412476150243,237.0,0.1350210970464135,0.751937984496124,0.09580838323353294,0.5443037974683544,0.09177622169948857,0.0,0.09216723554117177,0.01464739547967795,0.5781636949895088,-0.3340493366017696,1.0,,,,,,,,,,,,
phase3,heat_pilot,tmax,5,123,monsoon_JJAS,all,superensemble,baseline,False,20618,25,0.4124611743450026,1.0815434612674177,1.3445955925382247,1.2245884863097969,1.4881714341264105,1.0815434612674177,0.9865708748669152,1.2015434593838465,237.0,0.24472573839662448,0.6,0.17901234567901234,0.6118143459915611,0.17476711465938152,0.0,0.17543125764546547,0.012901348336405083,0.6284488174410906,-0.17449526312115932,1.0,-0.009277359771481475,-0.18839745969956395,0.13792415677140513,0.98,0.0020880553456186224,-0.14995156651514557,0.126862138883639,0.944,0.08299089295989295,0.0,0.08326402210429369,0.5368663594470046
phase3,heat_pilot,tmax,5,123,monsoon_JJAS,all,persistence,baseline,False,20618,25,0.1932605071238489,2.078109639543649,2.5857595505333464,2.185519140980331,2.9670099476885348,2.078109639543649,1.7410207086071667,2.437358983731637,237.0,0.0,1.0,0.0,1.0,-0.005780628795824288,-0.01219682352572637,0.0,0.022989620719759435,0.33791255438750734,-0.9694678138135066,1.0,1.2318865982236402,0.8792634029199844,1.5923963275702744,0.0,0.99865423362185,0.7068945423295416,1.3457488655939933,0.0,-0.09755685049531286,-0.09998196772783118,-4.713976480852766e-05,0.0
phase3,heat_pilot,tmax,5,123,monsoon_JJAS,all,climatology,baseline,False,20618,25,1.079887744815866,1.9301400489448195,2.446991395228255,1.992760545256793,2.8740052155677143,1.9301400489448195,1.5483184608457623,2.3426288557702737,237.0,0.0,1.0,0.0,2.4683544303797467,-0.008248087626940504,-0.017674527821878932,0.0,0.03986807643806383,-0.14817696264444935,-0.7152092817922371,0.9894659054394205,1.093118442918549,0.6338171552594651,1.5467404818451476,0.0,0.8506846430230204,0.4809611444434411,1.2413430997871822,0.0,-0.10002430932642907,-0.10460201103936702,0.0,0.052995391705069124
phase3,heat_pilot,tmax,5,123,monsoon_JJAS,all,ecmwf_ifs_ctrl,source,False,20618,25,-0.8691773928498792,1.753058349257101,2.1792409878084045,2.0029722151390073,2.3439564501971377,1.753058349257101,1.5880758230364025,1.9032425045171433,237.0,0.21940928270042195,0.7976653696498055,0.11764705882352941,1.0843881856540085,0.11171005386839311,0.0967682032228476,0.1666272170674746,0.018915510718789406,0.4552445067745313,-0.7063421747231935,1.0,0.8253680354986983,0.6634593439942107,0.9718961927372469,0.0,0.6736029433353019,0.5216994647802119,0.8002137054444877,0.0,0.01993383216890454,0.014573871980727154,0.1666272170674746,0.0
phase3,heat_pilot,tmax,5,123,monsoon_JJAS,all,ecmwf_aifs,source,False,20618,25,-1.6083252248413429,1.742496032374411,2.1415831866416517,1.853249302071294,2.4073639963530784,1.742496032374411,1.5069885788648434,1.98754593290852,237.0,0.0,,0.0,0.0,0.0,0.0,0.0,0.011494810359879717,0.6689562771937536,-0.04596559281733437,1.0,0.7877102343319455,0.5334782127632026,1.032770005360681,0.0,0.6630406264526119,0.4496646588856218,0.8804757188030207,0.0,-0.09177622169948857,-0.09216723554117177,0.0,0.5368663594470046
phase3,heat_pilot,tmax,5,123,monsoon_JJAS,all,ncep_gfs,source,False,20618,25,-0.8597863267910956,2.4369316204684193,3.082433932552883,2.699027598687887,3.4836638544055467,2.4369316204684193,2.110510174137802,2.7948288208506993,237.0,0.7426160337552743,0.8666666666666667,0.1274438812454743,5.569620253164557,0.11775054084395449,0.0,0.2458786055575596,0.05844407799010573,-0.6831547931709994,-3.225368270536553,0.7952299041203741,1.7285609802431767,1.4692229323786565,2.0028812650003136,0.0,1.3574762145466202,1.1167241611746899,1.6247885821272439,0.0,0.02597431914446592,-0.026654176856123202,0.15767453362310035,0.20276497695852536
phase3,heat_pilot,tmax,5,123,monsoon_JJAS,all,ecmwf_ifs_ens,source,True,20618,25,-0.9652518239004187,1.5647525471898145,1.917370668405983,1.7467807772915012,2.079842903670663,1.1568622190783215,1.0286972680379356,1.2874745053828622,237.0,0.18143459915611815,0.7942583732057417,0.10669975186104218,0.8818565400843882,0.10134255969565303,0.0,0.10174801958467954,0.01412441673026287,0.5932251728855857,-0.26390462406231996,0.9999819546064583,0.5634977160962769,0.39733738742447255,0.7382450944417901,0.0,0.07740681315652242,-0.07242277859644185,0.2262395546133878,0.366,0.009566337996164465,0.0,0.009615766400592196,0.5368663594470046
phase3,heat_pilot,tmax,5,123,postmonsoon_OND,all,blend_A,L3A,False,15548,19,-0.1482534542284927,0.6283753742005054,0.7988165456425789,0.6955182924574261,0.900799007563252,0.6283753742005054,0.5493919915701678,0.7114943267444479,0.0,,,,,,,,0.0,,,,-0.05682723491389641,-0.12172839702057496,0.0031184755634956537,0.078,-0.023971856085107768,-0.06809515778755397,0.012442254307336106,0.252,,,,
phase3,heat_pilot,tmax,5,123,postmonsoon_OND,all,equal_mean_cell_bias,prev,False,15548,19,-0.1969822100204338,0.6523472302856131,0.8556437805564753,0.7143985244098081,0.9885981491438159,0.6523472302856131,0.5523642849021165,0.7546718233119482,0.0,,,,,,,,0.0,,,,,,,,,,,,,,,
phase3,heat_pilot,tmax,5,123,postmonsoon_OND,all,superensemble,baseline,False,15548,19,-0.18123808157361196,0.9022211476466574,1.109722112019407,1.0024694982624798,1.2431544040020215,0.9022211476466574,0.8276359875525685,0.9974081762646873,0.0,,,,,,,,0.0,,,,0.2540783314629317,0.10340369010182303,0.3993764182623269,0.0,0.24987391736104425,0.13325674397674903,0.3598752060861703,0.0,,,,
phase3,heat_pilot,tmax,5,123,postmonsoon_OND,all,persistence,baseline,False,15548,19,0.08449763898405405,1.1159768613653867,1.4766857376178855,1.1398655416256567,1.765597925127463,1.1159768613653867,0.855207862422253,1.3907261623402687,0.0,,,,,,,,0.0,,,,0.6210419570614102,0.32831557214669316,0.8877041971048615,0.0,0.4636296310797735,0.24846941976126546,0.6907673086180044,0.0,,,,
phase3,heat_pilot,tmax,5,123,postmonsoon_OND,all,climatology,baseline,False,15548,19,0.9815054717577911,1.1302555227512745,1.4717012019850462,1.140257156000867,1.8189543429633157,1.1302555227512745,0.870827832401371,1.463210054654096,0.0,,,,,,,,0.0,,,,0.6160574214285709,0.28163774021708354,0.9584818688594219,0.0,0.47790829246566136,0.2297400681820946,0.7943294480655543,0.0,,,,
phase3,heat_pilot,tmax,5,123,postmonsoon_OND,all,ecmwf_ifs_ctrl,source,False,15548,19,-1.4861070098317555,1.675648712455567,2.0558522865395084,1.8075400834973694,2.2501297346879423,1.675648712455567,1.4557411487325134,1.8645748533913387,0.0,,,,,,,,0.0,,,,1.2002085059830332,1.0098017491370377,1.366853434681323,0.0,1.0233014821699538,0.842292229160272,1.1741882851168586,0.0,,,,
phase3,heat_pilot,tmax,5,123,postmonsoon_OND,all,ecmwf_aifs,source,False,15548,19,-2.078514393418069,2.191227017008372,2.518542861455035,2.181682032267073,2.830087614197166,2.191227017008372,1.8429098362263021,2.5566035026822345,0.0,,,,,,,,0.0,,,,1.6628990808985598,1.2455723324997419,2.04550437233574,0.0,1.538879786722759,1.1358477449643094,1.94192800842174,0.0,,,,
phase3,heat_pilot,tmax,5,123,postmonsoon_OND,all,ncep_gfs,source,False,15548,19,-1.7193444037087815,1.9481561505950935,2.4713899573407034,1.9950714761036958,2.921152717415252,1.9481561505950935,1.5557499770998449,2.33073065978111,0.0,,,,,,,,0.0,,,,1.6157461767842283,1.2341122520286543,1.9573189820188577,0.0,1.2958089203094802,0.9619961542952694,1.6179431981992918,0.0,,,,
phase3,heat_pilot,tmax,5,123,postmonsoon_OND,all,ecmwf_ifs_ens,source,True,15548,19,-1.507250106576969,1.6385645871301038,1.9622038395391541,1.7172178131752824,2.1709236218778156,1.3672354645422304,1.166127857079672,1.5574373845142506,0.0,,,,,,,,0.0,,,,1.1065600589826787,0.9057589856149698,1.2704309383837462,0.0,0.7148882342566173,0.526737965862638,0.8761350893582063,0.0,,,,
