sample,region,variable,lead_day,lead_h,season,regime,forecast,kind,ensemble,n_cases,n_blocks,bias,mae,rmse,rmse_lo,rmse_hi,crps,crps_lo,crps_hi,n_obs_ev_64.5,pod_64.5,far_64.5,csi_64.5,fbias_64.5,ets_64.5,ets_64.5_lo,ets_64.5_hi,brier_64.5,bss_64.5,bss_64.5_lo,bss_64.5_hi,n_obs_ev_115.6,pod_115.6,far_115.6,csi_115.6,fbias_115.6,ets_115.6,ets_115.6_lo,ets_115.6_hi,brier_115.6,bss_115.6,bss_115.6_lo,bss_115.6_hi,d_rmse_vs_ref,d_rmse_lo,d_rmse_hi,d_rmse_p,d_crps_vs_ref,d_crps_lo,d_crps_hi,d_crps_p,d_ets_64.5_vs_ref,d_ets_64.5_lo,d_ets_64.5_hi,d_ets_64.5_p,n_obs_ev_40.0,pod_40.0,far_40.0,csi_40.0,fbias_40.0,ets_40.0,ets_40.0_lo,ets_40.0_hi,brier_40.0,bss_40.0,bss_40.0_lo,bss_40.0_hi,d_ets_40.0_vs_ref,d_ets_40.0_lo,d_ets_40.0_hi,d_ets_40.0_p
main,rain_pilot,precip,1,27,all,all,ecmwf_ifs_ctrl,source,False,99060,128,0.62865,5.6742,12.055,10.556,13.542,5.6742,4.8261,6.4457,1620,0.2716,0.49425,0.21463,0.53704,0.20915,0.10756,0.29515,0.016253,-0.078814,-0.20158,0.039441,282,0.046099,0.81944,0.038123,0.25532,0.037545,0.0046648,0.063633,0.0033111,-0.17972,-0.2852,-0.072639,0.94006,0.73323,1.0976,0,0.29348,0.20628,0.37842,0,0.01438,-0.0076477,0.030782,0.188,,,,,,,,,,,,,,,,
main,rain_pilot,precip,1,27,all,all,ecmwf_aifs,source,False,99060,128,1.2165,5.5129,11.14,9.7221,12.553,5.5129,4.653,6.2891,1620,0.32222,0.4435,0.25639,0.57901,0.25074,0.16803,0.30819,0.015284,-0.014487,-0.1306,0.094592,282,0.0035461,0.95652,0.0032895,0.08156,0.0030748,-0.00028222,0.0099527,0.0030588,-0.089807,-0.18013,-0.021815,0.02546,-0.19356,0.23207,0.8,0.13216,0.019127,0.25205,0.016,0.055975,0.019153,0.10444,0,,,,,,,,,,,,,,,,
main,rain_pilot,precip,1,27,all,all,ncep_gfs,source,False,99060,128,0.82601,6.2933,14.308,12.239,16.2,6.2933,5.3082,7.21,1620,0.15926,0.74044,0.10951,0.61358,0.10332,0.059276,0.15482,0.021179,-0.40581,-0.7211,-0.20873,282,0.056738,0.92344,0.033684,0.74113,0.032472,-0.00069066,0.082313,0.0046336,-0.6509,-1.4527,-0.26503,3.1931,2.2402,4.2176,0,0.91255,0.63921,1.1836,0,-0.091445,-0.17396,-0.029472,0,,,,,,,,,,,,,,,,
main,rain_pilot,precip,1,27,all,all,ecmwf_ifs_ens,source,True,99060,128,0.86241,5.5566,11.377,9.9292,12.807,4.006,3.3952,4.576,1620,0.25247,0.45899,0.20793,0.46667,0.20292,0.11225,0.28262,0.012812,0.14955,0.038358,0.26074,282,0.021277,0.81818,0.019417,0.11702,0.019119,-0.00010615,0.03932,0.0027809,0.0091963,-0.044968,0.062498,0.26293,0.12519,0.40738,0.002,-1.3747,-1.5675,-1.1698,0,0.0081555,-0.019615,0.03073,0.548,,,,,,,,,,,,,,,,
main,rain_pilot,precip,1,27,all,all,equal_mean,baseline,False,99060,128,0.83479,5.3807,11.114,9.6465,12.514,5.3807,4.5899,6.1176,1620,0.23951,0.45506,0.19959,0.43951,0.19477,0.10242,0.27357,0.015708,-0.04263,-0.17796,0.078215,282,0.010638,0.85,0.010033,0.070922,0.0098449,-9.6969e-05,0.028055,0.0029881,-0.06463,-0.13125,-0.011758,,,,,,,,,,,,,,,,,,,,,,,,,,,,
main,rain_pilot,precip,1,27,all,all,superensemble,baseline,False,99060,128,-0.84404,5.2058,11.419,9.883,12.923,5.2058,4.4308,5.9395,1620,0.16667,0.46322,0.14571,0.31049,0.1419,0.055442,0.21343,0.01598,-0.060722,-0.18149,0.045547,282,0.0035461,0.9,0.0034364,0.035461,0.0033389,-7.754e-05,0.010557,0.0029275,-0.04305,-0.080095,-0.011637,0.30485,0.061763,0.5716,0.012,-0.17496,-0.27933,-0.066819,0.004,-0.052865,-0.085726,-0.01883,0.008,,,,,,,,,,,,,,,,
main,rain_pilot,precip,1,27,all,all,persistence,baseline,False,99060,128,0.00028842,7.226,16.771,14.635,18.988,7.226,6.1331,8.3523,1620,0.22346,0.77654,0.12578,1,0.11766,0.066144,0.16084,0.025399,-0.6859,-1.0532,-0.45282,282,0.049645,0.95035,0.025455,1,0.02403,0.0060657,0.047116,0.0054109,-0.92784,-1.497,-0.60367,5.6562,4.46,6.8074,0,1.8453,1.2963,2.3717,0,-0.077106,-0.13478,-0.013154,0.022,,,,,,,,,,,,,,,,
main,rain_pilot,precip,1,27,all,all,climatology,baseline,False,99060,128,-0.83347,6.5939,13.966,11.747,16.231,6.5939,5.7283,7.5038,1620,0,,0,0,0,0,0,0.016354,-0.085514,-0.1199,-0.044348,282,0,,0,0,0,0,0,0.0028468,-0.014276,-0.024723,0.0022282,2.8513,1.7365,4.0373,0,1.2132,0.79164,1.6439,0,-0.19477,-0.27357,-0.10242,0,,,,,,,,,,,,,,,,
main,rain_pilot,precip,1,27,winter_JF,all,ecmwf_ifs_ctrl,source,False,9204,13,0.5843,0.67084,2.7598,1.2544,3.8624,0.67084,0.22372,1.2202,0,,1,0,,0,0,0,0.00010865,-158.48,-607.22,1,0,,,,,,,,0,1,1,1,0.89622,0.29262,1.3097,0,0.10787,-0.0011157,0.24053,0.056,,,,,,,,,,,,,,,,,,,,
main,rain_pilot,precip,1,27,winter_JF,all,ecmwf_aifs,source,False,9204,13,0.47251,0.57579,1.6268,0.68943,2.3529,0.57579,0.30159,0.91657,0,,,,,,,,0,1,1,1,0,,,,,,,,0,1,1,1,-0.23676,-0.37539,-0.036903,0.016,0.012823,-0.076167,0.092824,0.772,,,,,,,,,,,,,,,,,,,,
main,rain_pilot,precip,1,27,winter_JF,all,ncep_gfs,source,False,9204,13,0.28934,0.42465,1.8316,0.82809,2.6215,0.42465,0.14858,0.75931,0,,,,,,,,0,1,1,1,0,,,,,,,,0,1,1,1,-0.031924,-0.073665,0.014688,0.162,-0.13832,-0.22209,-0.076008,0,,,,,,,,,,,,,,,,,,,,
main,rain_pilot,precip,1,27,winter_JF,all,ecmwf_ifs_ens,source,True,9204,13,0.55378,0.63022,2.0817,0.94663,2.9387,0.3607,0.12919,0.65117,0,,,,,,,,1.6291e-06,-1.3913,-6.1548,0.89022,0,,,,,,,,4.1772e-08,-0.55044,-4.5929,1,0.21814,0.093781,0.38484,0,-0.20227,-0.33115,-0.098421,0,,,,,,,,,,,,,,,,,,,,
main,rain_pilot,precip,1,27,winter_JF,all,equal_mean,baseline,False,9204,13,0.47498,0.56297,1.8635,0.82173,2.6517,0.56297,0.22415,0.98318,0,,,,,,,,0,1,1,1,0,,,,,,,,0,1,1,1,,,,,,,,,,,,,,,,,,,,,,,,,,,,
main,rain_pilot,precip,1,27,winter_JF,all,superensemble,baseline,False,9204,13,-1.0172,1.4097,1.852,1.3876,2.2888,1.4097,1.276,1.5844,0,,,,,,,,0,1,1,1,0,,,,,,,,0,1,1,1,-0.011551,-0.39295,0.59518,0.952,0.84676,0.57506,1.0664,0,,,,,,,,,,,,,,,,,,,,
main,rain_pilot,precip,1,27,winter_JF,all,persistence,baseline,False,9204,13,0.015376,0.32621,1.8639,0.80399,2.8786,0.32621,0.076137,0.70251,0,,,,,,,,0,1,1,1,0,,,,,,,,0,1,1,1,0.0004117,-0.86512,0.83154,0.97,-0.23676,-0.52244,0.039173,0.11,,,,,,,,,,,,,,,,,,,,
main,rain_pilot,precip,1,27,winter_JF,all,climatology,baseline,False,9204,13,0.18581,0.46514,1.3263,0.65294,1.9988,0.46514,0.36797,0.61534,0,,,,,,,,0,1,1,1,0,,,,,,,,0,1,1,1,-0.53719,-1.3386,0.077898,0.224,-0.097832,-0.47591,0.17806,0.666,,,,,,,,,,,,,,,,,,,,
main,rain_pilot,precip,1,27,premonsoon_MAM,all,ecmwf_ifs_ctrl,source,False,23712,32,0.48177,5.3856,12.024,8.7704,15.316,5.3856,3.8997,7.2914,458,0.46507,0.45802,0.33386,0.85808,0.32583,0.079412,0.44877,0.017923,0.022779,-0.4168,0.24312,86,0.069767,0.85714,0.04918,0.48837,0.047992,-0.00081112,0.081451,0.004892,-0.3639,-0.71493,-0.15842,1.055,0.73393,1.381,0,0.29152,0.14838,0.47189,0,0.045158,0.014427,0.059617,0.002,,,,,,,,,,,,,,,,
main,rain_pilot,precip,1,27,premonsoon_MAM,all,ecmwf_aifs,source,False,23712,32,0.74971,5.1825,11.13,7.9081,14.22,5.1825,3.6488,7.1152,458,0.41921,0.44986,0.3122,0.76201,0.30457,0.12894,0.40172,0.017839,0.027377,-0.29702,0.23916,86,0,1,0,0.069767,-0.00023659,-0.00060584,0,0.0038799,-0.081713,-0.16818,-0.0097745,0.16157,-0.10932,0.39786,0.258,0.088518,-0.11167,0.3269,0.43,0.023896,-0.0092167,0.10546,0.22,,,,,,,,,,,,,,,,
main,rain_pilot,precip,1,27,premonsoon_MAM,all,ncep_gfs,source,False,23712,32,0.52539,5.9781,13.591,9.7272,17.48,5.9781,4.2129,8.2113,458,0.12882,0.73543,0.094855,0.4869,0.088544,0.04081,0.12906,0.023743,-0.29453,-1.1407,-0.025457,86,0,1,0,0.36047,-0.00096189,-0.0019639,-0.0001365,0.0049342,-0.37566,-1.838,-0.066409,2.6229,1.3716,3.9128,0,0.88408,0.46433,1.4228,0,-0.19213,-0.32826,0.003388,0.07,,,,,,,,,,,,,,,,
main,rain_pilot,precip,1,27,premonsoon_MAM,all,ecmwf_ifs_ens,source,True,23712,32,0.3896,5.1755,11.259,8.0779,14.485,3.7242,2.6901,5.0668,458,0.42576,0.42308,0.32446,0.73799,0.31704,0.066424,0.4366,0.012983,0.29212,-0.055885,0.45803,86,0.046512,0.78947,0.039604,0.22093,0.038948,-0.00055755,0.069812,0.0034722,0.031963,-0.16247,0.092612,0.29001,0.043024,0.59301,0.016,-1.3698,-1.8422,-0.98292,0,0.036364,0.00049149,0.055117,0.046,,,,,,,,,,,,,,,,
main,rain_pilot,precip,1,27,premonsoon_MAM,all,equal_mean,baseline,False,23712,32,0.51632,5.094,10.968,7.977,13.947,5.094,3.6924,6.8842,458,0.36681,0.42857,0.28767,0.64192,0.28068,0.044996,0.40547,0.017544,0.043473,-0.37018,0.26326,86,0,1,0,0.023256,-8.2435e-05,-0.00024994,0,0.0037112,-0.034682,-0.051034,-0.0063395,,,,,,,,,,,,,,,,,,,,,,,,,,,,
main,rain_pilot,precip,1,27,premonsoon_MAM,all,superensemble,baseline,False,23712,32,-1.1498,4.961,11.531,8.2708,14.755,4.961,3.5357,6.8019,458,0.28384,0.42222,0.23508,0.49127,0.22902,0.023128,0.32577,0.017839,0.027377,-0.36719,0.21106,86,0,1,0,0.034884,-0.00012227,-0.00031938,0,0.0037534,-0.04644,-0.16422,-0.0097745,0.5623,0.1982,0.97661,0,-0.133,-0.2834,0.019856,0.092,-0.051654,-0.089093,0.0018854,0.116,,,,,,,,,,,,,,,,
main,rain_pilot,precip,1,27,premonsoon_MAM,all,persistence,baseline,False,23712,32,-0.57088,6.6911,15.558,11.376,19.606,6.6911,4.6707,9.2122,458,0.32096,0.61008,0.21366,0.82314,0.20525,0.013019,0.27991,0.022815,-0.24395,-1.0298,-0.017115,86,0.05814,0.92188,0.034483,0.74419,0.032935,-0.00058231,0.041734,0.0059042,-0.64609,-1.2049,-0.51948,4.5892,2.5783,6.7133,0,1.5971,0.68336,2.7494,0,-0.075426,-0.17373,0.063855,0.406,,,,,,,,,,,,,,,,
main,rain_pilot,precip,1,27,premonsoon_MAM,all,climatology,baseline,False,23712,32,-2.8668,6.4285,15.378,8.9791,21.258,6.4285,4.3338,9.1557,458,0,,0,0,0,0,0,0.019315,-0.0531,-0.070858,-0.030058,86,0,,0,0,0,0,0,0.0036269,-0.011167,-0.013823,-0.0063395,4.4093,1.0542,7.7699,0,1.3345,0.40201,2.7588,0,-0.28068,-0.40547,-0.044996,0.006,,,,,,,,,,,,,,,,
main,rain_pilot,precip,1,27,monsoon_JJAS,all,ecmwf_ifs_ctrl,source,False,38064,50,0.43837,7.7286,14.396,12.377,16.744,7.7286,6.701,8.9657,1004,0.20717,0.50943,0.17049,0.42231,0.16282,0.087098,0.22936,0.026587,-0.12491,-0.22192,-0.049498,164,0.030488,0.81481,0.026882,0.16463,0.026273,-0.00012596,0.057666,0.0047551,-0.12469,-0.2358,-0.017089,0.91076,0.59148,1.1835,0,0.34792,0.17534,0.49424,0,0.0041091,-0.012308,0.023991,0.622,,,,,,,,,,,,,,,,
main,rain_pilot,precip,1,27,monsoon_JJAS,all,ecmwf_aifs,source,False,38064,50,1.8171,7.7729,13.478,11.502,15.664,7.7729,6.7002,9.0627,1004,0.30777,0.4531,0.24524,0.56275,0.2362,0.14452,0.29456,0.024984,-0.057107,-0.15897,0.055512,164,0.0060976,0.94118,0.0055556,0.10366,0.0051507,-0.00064088,0.014763,0.0047026,-0.11226,-0.25487,-0.0044442,-0.0067427,-0.45277,0.40079,0.988,0.39226,0.19352,0.61455,0.002,0.077496,0.02515,0.13622,0.004,,,,,,,,,,,,,,,,
main,rain_pilot,precip,1,27,monsoon_JJAS,all,ncep_gfs,source,False,38064,50,0.13134,8.4178,17.493,14.469,20.598,8.4178,7.1191,9.9769,1004,0.16932,0.72313,0.1174,0.61155,0.10742,0.044226,0.17835,0.033575,-0.42059,-0.82577,-0.18477,164,0.036585,0.95683,0.020202,0.84756,0.018222,-0.002127,0.049965,0.007645,-0.8082,-1.9889,-0.23782,4.0079,2.3027,6.0042,0,1.0371,0.56613,1.628,0,-0.051288,-0.087466,-0.013733,0.004,,,,,,,,,,,,,,,,
main,rain_pilot,precip,1,27,monsoon_JJAS,all,ecmwf_ifs_ens,source,True,38064,50,1.0343,7.6632,13.757,11.732,15.988,5.637,4.8189,6.599,1004,0.19422,0.50255,0.16236,0.39044,0.15509,0.082768,0.20674,0.021705,0.081643,0.005407,0.14215,164,0.012195,0.85714,0.011364,0.085366,0.011025,-0.00012481,0.024954,0.0043561,-0.030315,-0.073563,0.012118,0.27173,0.052739,0.53512,0.016,-1.7437,-2.093,-1.4558,0,-0.0036176,-0.033428,0.02929,0.804,,,,,,,,,,,,,,,,
main,rain_pilot,precip,1,27,monsoon_JJAS,all,equal_mean,baseline,False,38064,50,0.8269,7.3807,13.485,11.447,15.739,7.3807,6.3615,8.6203,1004,0.19622,0.48294,0.16582,0.37948,0.15871,0.075582,0.22665,0.026035,-0.10157,-0.21592,-0.014564,164,0.0060976,0.93333,0.005618,0.091463,0.0052568,-0.00032605,0.014142,0.0046501,-0.099835,-0.19661,-0.018905,,,,,,,,,,,,,,,,,,,,,,,,,,,,
main,rain_pilot,precip,1,27,monsoon_JJAS,all,superensemble,baseline,False,38064,50,-1.0411,7.1155,13.914,11.682,16.407,7.1155,6.0231,8.3744,1004,0.12151,0.52157,0.1073,0.25398,0.10199,0.02382,0.17571,0.026666,-0.12825,-0.21788,-0.041217,164,0.0060976,0.85714,0.0058824,0.042683,0.005706,-5.3409e-05,0.015322,0.0044399,-0.050125,-0.10176,-0.0017005,0.42851,-0.01169,0.97368,0.056,-0.26516,-0.43005,-0.10622,0,-0.056721,-0.10914,-0.012837,0.014,,,,,,,,,,,,,,,,
main,rain_pilot,precip,1,27,monsoon_JJAS,all,persistence,baseline,False,38064,50,0.23302,9.8845,20.121,17.215,23.695,9.8845,8.4765,11.551,1004,0.21315,0.8024,0.11426,1.0787,0.10054,0.058156,0.1459,0.043584,-0.8441,-1.3491,-0.52215,164,0.054878,0.95161,0.026393,1.1341,0.024099,0.0020442,0.061433,0.0087222,-1.063,-2.1709,-0.60094,6.6353,4.7983,8.8585,0,2.5039,1.5556,3.6941,0,-0.058171,-0.12504,0.01611,0.126,,,,,,,,,,,,,,,,
main,rain_pilot,precip,1,27,monsoon_JJAS,all,climatology,baseline,False,38064,50,-0.31139,9.0169,16.271,13.585,19.169,9.0169,8.0837,10.13,1004,0,,0,0,0,0,0,0.026377,-0.11602,-0.14977,-0.056281,164,0,,0,0,0,0,0,0.0043085,-0.019056,-0.031711,0.011014,2.7857,1.636,3.8107,0,1.6362,0.9432,2.2843,0,-0.15871,-0.22665,-0.075582,0,,,,,,,,,,,,,,,,
main,rain_pilot,precip,1,27,postmonsoon_OND,all,ecmwf_ifs_ctrl,source,False,28080,37,1.0252,4.7731,10.35,8.4163,12.197,4.7731,3.6822,5.893,158,0.12025,0.63462,0.099476,0.32911,0.098095,-0.00042912,0.19924,0.0061254,-0.089698,-0.2788,0.021785,32,0.0625,0.33333,0.060606,0.09375,0.060509,0,0.099822,0.001104,0.032675,0.00042868,0.054537,1.0468,0.80412,1.257,0,0.28219,0.16432,0.40593,0,-0.034576,-0.079566,0.011173,0.188,,,,,,,,,,,,,,,,
main,rain_pilot,precip,1,27,postmonsoon_OND,all,ecmwf_aifs,source,False,28080,37,1.0405,4.3465,9.2764,7.4081,11.091,4.3465,3.3154,5.4814,158,0.13291,0.125,0.13043,0.1519,0.1297,0,0.29353,0.0049858,0.11304,-0.0031463,0.27331,32,0,,0,0,0,0,0,0.0011396,0.0014708,-0.00017513,0.029835,-0.026852,-0.26754,0.2014,0.798,-0.14443,-0.27422,0.0058887,0.064,-0.0029663,-0.025706,0.019693,0.826,,,,,,,,,,,,,,,,
main,rain_pilot,precip,1,27,postmonsoon_OND,all,ncep_gfs,source,False,28080,37,2.1975,5.6031,12.258,9.8805,14.444,5.6031,4.2123,7.0761,158,0.18354,0.81529,0.1014,0.99367,0.098614,-0.001243,0.17575,0.0091524,-0.62821,-1.4764,-0.23422,32,0.3125,0.74359,0.16393,1.2188,0.16332,-0.00016031,0.30444,0.0018162,-0.59141,-7.4706,0.034224,2.9549,1.7876,4.241,0,1.1122,0.67516,1.5738,0,-0.034057,-0.11282,0.050051,0.668,,,,,,,,,,,,,,,,
main,rain_pilot,precip,1,27,postmonsoon_OND,all,ecmwf_ifs_ens,source,True,28080,37,1.1299,4.6374,9.5735,7.7867,11.283,3.228,2.4689,4.03,158,0.12025,0.26923,0.11515,0.16456,0.11437,-0.00016116,0.20836,0.0048129,0.1438,-0.02736,0.2648,32,0,,0,0,0,0,0,0.00097329,0.1472,-0.031846,0.18896,0.27031,0.058268,0.4901,0.014,-1.2629,-1.5493,-0.96242,0,-0.018305,-0.074652,0.05094,0.606,,,,,,,,,,,,,,,,
main,rain_pilot,precip,1,27,postmonsoon_OND,all,equal_mean,baseline,False,28080,37,1.2324,4.4909,9.3032,7.5147,11.029,4.4909,3.4577,5.5826,158,0.14557,0.37838,0.13372,0.23418,0.13267,0,0.26987,0.0053063,0.056017,-0.12627,0.19229,32,0.0625,0.33333,0.060606,0.09375,0.060509,0,0.099822,0.001104,0.032675,0.00042868,0.054537,,,,,,,,,,,,,,,,,,,,,,,,,,,,
main,rain_pilot,precip,1,27,postmonsoon_OND,all,superensemble,baseline,False,28080,37,-0.26199,4.0679,9.176,7.2731,10.976,4.0679,3.138,5.0627,158,0.11392,0.21739,0.11043,0.14557,0.10972,-0.00010299,0.26763,0.0051638,0.081359,-0.020797,0.22242,32,0,,0,0,0,0,0,0.0011396,0.0014708,-0.00017513,0.029835,-0.1272,-0.31595,0.044148,0.144,-0.42301,-0.57013,-0.26199,0,-0.022949,-0.061531,0,0.1,,,,,,,,,,,,,,,,
main,rain_pilot,precip,1,27,postmonsoon_OND,all,persistence,baseline,False,28080,37,0.16219,6.3355,15.424,12.726,18.088,6.3355,4.965,7.9115,158,0.0063291,0.99375,0.0031546,1.0127,0.00031545,-0.0034944,0.0061255,0.011254,-1.002,-2.2091,-0.53876,32,0,1,0,1,-0.00057013,-0.0010395,-6.8627e-05,0.0022792,-0.99706,-12.789,-0.17827,6.1209,4.2781,8.348,0,1.8446,1.1065,2.6949,0,-0.13236,-0.27332,-0.0013992,0.036,,,,,,,,,,,,,,,,
main,rain_pilot,precip,1,27,postmonsoon_OND,all,climatology,baseline,False,28080,37,-0.15819,5.458,11.355,8.5877,14.088,5.458,4.4,6.5994,158,0,,0,0,0,0,0,0.0056268,-0.001002,-0.0074686,0.012471,32,0,,0,0,0,0,0,0.0011396,0.0014708,-0.00017513,0.029835,2.0515,0.73607,3.6642,0,0.96702,0.48805,1.5148,0,-0.13267,-0.26987,0,0.068,,,,,,,,,,,,,,,,
main,rain_pilot,precip,2,51,all,all,ecmwf_ifs_ctrl,source,False,94380,122,0.11463,5.9556,12.796,11.011,14.532,5.9556,5.0747,6.836,1619,0.2483,0.47382,0.20293,0.4719,0.19762,0.088773,0.28138,0.01673,-0.058782,-0.14387,0.021758,282,0.042553,0.8,0.036364,0.21277,0.03584,0.0052756,0.062933,0.0033694,-0.14377,-0.22996,-0.050338,1.0745,0.86603,1.2676,0,0.32956,0.21026,0.44219,0,0.031802,0.010527,0.048934,0.004,,,,,,,,,,,,,,,,
main,rain_pilot,precip,2,51,all,all,ecmwf_aifs,source,False,94380,122,1.5573,6.0778,11.858,10.275,13.372,6.0778,5.1958,6.9854,1619,0.25633,0.43383,0.21425,0.45275,0.20911,0.11682,0.2796,0.016126,-0.020561,-0.11154,0.087958,282,0.0035461,0.95652,0.0032895,0.08156,0.0030641,-0.00028394,0.010502,0.0032104,-0.089815,-0.16874,-0.011894,0.13681,-0.17429,0.44502,0.394,0.45167,0.29493,0.61524,0,0.043298,0.011075,0.077537,0.004,,,,,,,,,,,,,,,,
main,rain_pilot,precip,2,51,all,all,ncep_gfs,source,False,94380,122,-1.0156,6.3352,14.577,12.602,16.59,6.3352,5.3978,7.3306,1619,0.087091,0.7464,0.069322,0.34342,0.064937,0.03053,0.10053,0.020057,-0.26933,-0.47098,-0.1484,282,0.01773,0.94845,0.013369,0.34397,0.012604,-0.00039096,0.02934,0.0039097,-0.3272,-0.73945,-0.12444,2.8555,2.1169,3.6875,0,0.70914,0.48426,0.98197,0,-0.10088,-0.16869,-0.029529,0.002,,,,,,,,,,,,,,,,
main,rain_pilot,precip,2,51,all,all,ecmwf_ifs_ens,source,True,94380,122,0.67104,5.8703,11.914,10.307,13.481,4.1497,3.5299,4.763,1619,0.22483,0.38514,0.19708,0.36566,0.19264,0.077914,0.29328,0.013428,0.15019,0.032852,0.26213,282,0.024823,0.70833,0.023411,0.085106,0.023177,-4.0142e-05,0.050504,0.002885,0.020654,-0.030306,0.073522,0.19312,-0.0039516,0.36262,0.054,-1.4764,-1.7186,-1.2671,0,0.02682,-0.0011879,0.054734,0.068,,,,,,,,,,,,,,,,
main,rain_pilot,precip,2,51,all,all,equal_mean,baseline,False,94380,122,0.3346,5.6261,11.721,10.111,13.3,5.6261,4.807,6.4561,1619,0.19148,0.39922,0.16986,0.31872,0.16582,0.067518,0.24782,0.016052,-0.015867,-0.13831,0.089902,282,0.0070922,0.8,0.0068966,0.035461,0.0067942,-9.2783e-05,0.017049,0.0030515,-0.035864,-0.06007,-0.0093578,,,,,,,,,,,,,,,,,,,,,,,,,,,,
main,rain_pilot,precip,2,51,all,all,superensemble,baseline,False,94380,122,-1.2107,5.8438,12.75,10.81,14.744,5.8438,4.9953,6.732,1619,0.12786,0.44504,0.11597,0.23039,0.11279,0.021497,0.19084,0.01672,-0.058111,-0.16909,0.055699,282,0,1,0,0.070922,-0.00019791,-0.00047334,-2.091e-05,0.0031998,-0.086219,-0.22488,-0.017686,1.029,0.38532,1.7192,0,0.21771,0.019451,0.42566,0.026,-0.053031,-0.093968,-0.015787,0,,,,,,,,,,,,,,,,
main,rain_pilot,precip,2,51,all,all,persistence,baseline,False,94380,122,0.0037426,8.1578,18.243,16.096,20.263,8.1578,6.9691,9.4118,1619,0.16924,0.83076,0.092443,1,0.083858,0.041996,0.12239,0.028502,-0.80375,-1.2847,-0.52348,282,0.053191,0.94681,0.027322,1,0.025827,0.00072493,0.057744,0.005658,-0.92066,-1.91,-0.4268,6.5218,5.1826,7.9377,0,2.5318,1.9151,3.2599,0,-0.081959,-0.16533,0.0088266,0.074,,,,,,,,,,,,,,,,
main,rain_pilot,precip,2,51,all,all,climatology,baseline,False,94380,122,-0.97055,6.7744,14.278,11.966,16.58,6.7744,5.8479,7.7359,1619,0,,0,0,0,0,0,0.017154,-0.085603,-0.11845,-0.045253,282,0,,0,0,0,0,0,0.0029879,-0.014284,-0.024522,0.0025556,2.5563,1.5326,3.8088,0,1.1483,0.76877,1.6108,0,-0.16582,-0.24782,-0.067518,0,,,,,,,,,,,,,,,,
main,rain_pilot,precip,2,51,winter_JF,all,ecmwf_ifs_ctrl,source,False,9204,13,0.29104,0.43503,1.8595,0.99518,2.5073,0.43503,0.16571,0.74054,0,,,,,,,,0,1,1,1,0,,,,,,,,0,1,1,1,0.40017,0.20878,0.54687,0,-0.0025619,-0.030628,0.025688,0.868,,,,,,,,,,,,,,,,,,,,
main,rain_pilot,precip,2,51,winter_JF,all,ecmwf_aifs,source,False,9204,13,0.37233,0.52335,1.5093,0.68825,2.1455,0.52335,0.29022,0.81906,0,,,,,,,,0,1,1,1,0,,,,,,,,0,1,1,1,0.050018,-0.16991,0.27515,0.854,0.085764,0.005106,0.1513,0.038,,,,,,,,,,,,,,,,,,,,
main,rain_pilot,precip,2,51,winter_JF,all,ncep_gfs,source,False,9204,13,0.18691,0.37051,1.54,0.84088,2.0952,0.37051,0.13517,0.65554,0,,,,,,,,0,1,1,1,0,,,,,,,,0,1,1,1,0.080692,-0.0031298,0.17275,0.064,-0.067075,-0.096116,-0.035998,0,,,,,,,,,,,,,,,,,,,,
main,rain_pilot,precip,2,51,winter_JF,all,ecmwf_ifs_ens,source,True,9204,13,0.38904,0.49243,1.7854,0.92217,2.4702,0.25171,0.093259,0.4321,0,,,,,,,,9.2316e-06,-12.551,-41.11,-0.23645,0,,,,,,,,3.7595e-07,-12.954,-49.337,1,0.32613,0.13361,0.52505,0,-0.18588,-0.29621,-0.098137,0,,,,,,,,,,,,,,,,,,,,
main,rain_pilot,precip,2,51,winter_JF,all,equal_mean,baseline,False,9204,13,0.30983,0.43759,1.4593,0.75931,1.9867,0.43759,0.1989,0.72851,0,,,,,,,,0,1,1,1,0,,,,,,,,0,1,1,1,,,,,,,,,,,,,,,,,,,,,,,,,,,,
main,rain_pilot,precip,2,51,winter_JF,all,superensemble,baseline,False,9204,13,-0.98465,1.2523,1.6966,1.2741,2.079,1.2523,1.1413,1.3797,0,,,,,,,,0,1,1,1,0,,,,,,,,0,1,1,1,0.23735,0.063833,0.5395,0.004,0.81472,0.62905,0.97567,0,,,,,,,,,,,,,,,,,,,,
main,rain_pilot,precip,2,51,winter_JF,all,persistence,baseline,False,9204,13,0.015081,0.31467,1.8303,0.80679,2.8069,0.31467,0.072232,0.66683,0,,,,,,,,0,1,1,1,0,,,,,,,,0,1,1,1,0.37101,-0.21884,0.9724,0.466,-0.12292,-0.31204,0.093115,0.234,,,,,,,,,,,,,,,,,,,,
main,rain_pilot,precip,2,51,winter_JF,all,climatology,baseline,False,9204,13,0.18581,0.46514,1.3263,0.65294,1.9988,0.46514,0.36797,0.61534,0,,,,,,,,0,1,1,1,0,,,,,,,,0,1,1,1,-0.13295,-0.61834,0.22958,0.634,0.027549,-0.2164,0.21596,0.772,,,,,,,,,,,,,,,,,,,,
main,rain_pilot,precip,2,51,premonsoon_MAM,all,ecmwf_ifs_ctrl,source,False,18876,26,0.24506,6.3418,13.366,9.5978,16.675,6.3418,4.526,8.3392,457,0.45077,0.46632,0.32339,0.84464,0.31332,0.010681,0.41425,0.022833,0.0065982,-0.41877,0.15349,86,0.069767,0.8,0.054545,0.34884,0.053369,-0.00020408,0.071863,0.0055096,-0.22284,-0.31647,-0.056009,0.90565,0.37122,1.4213,0,0.20555,-0.076001,0.55295,0.19,0.061488,-0.01295,0.070992,0.09,,,,,,,,,,,,,,,,
main,rain_pilot,precip,2,51,premonsoon_MAM,all,ecmwf_aifs,source,False,18876,26,1.4143,6.5864,12.582,9.0828,15.634,6.5864,4.6948,8.6061,457,0.36543,0.40143,0.2935,0.6105,0.28501,0.051221,0.39932,0.021297,0.07344,-0.20688,0.26591,86,0,1,0,0.05814,-0.0002504,-0.00078715,0,0.0048209,-0.069983,-0.11476,-0.0059468,0.12107,-0.37016,0.61135,0.61,0.45014,0.13786,0.8235,0,0.033181,-0.012557,0.072641,0.164,,,,,,,,,,,,,,,,
main,rain_pilot,precip,2,51,premonsoon_MAM,all,ncep_gfs,source,False,18876,26,-0.47789,7.2665,16.712,11.376,21.665,7.2665,5.0228,9.7972,457,0.10722,0.77727,0.078025,0.4814,0.070139,0.035304,0.095933,0.030674,-0.33452,-1.2818,-0.032076,86,0.011628,0.98077,0.0072993,0.60465,0.0055796,-0.0013082,0.017939,0.0072049,-0.5991,-3.9368,-0.042702,4.2516,1.8101,6.8101,0,1.1303,0.44375,2.0104,0,-0.18169,-0.28848,0.016077,0.172,,,,,,,,,,,,,,,,
main,rain_pilot,precip,2,51,premonsoon_MAM,all,ecmwf_ifs_ens,source,True,18876,26,0.4211,6.1245,12.33,8.9407,15.293,4.3302,3.1269,5.5912,457,0.42451,0.38994,0.33391,0.69584,0.32496,0.032604,0.45528,0.015622,0.32036,-0.070302,0.47742,86,0.069767,0.57143,0.06383,0.16279,0.063194,0,0.092637,0.0041715,0.074147,-0.018358,0.12345,-0.13027,-0.72471,0.42015,0.69,-1.806,-2.4266,-1.2659,0,0.073133,0,0.10549,0.056,,,,,,,,,,,,,,,,
main,rain_pilot,precip,2,51,premonsoon_MAM,all,equal_mean,baseline,False,18876,26,0.40064,6.1362,12.461,9.111,15.495,6.1362,4.4408,8.0015,457,0.32385,0.43077,0.26011,0.56893,0.25183,0.023691,0.36739,0.022303,0.029647,-0.57708,0.2608,86,0,1,0,0.034884,-0.0001536,-0.00032172,0,0.004715,-0.046467,-0.097201,-0.011749,,,,,,,,,,,,,,,,,,,,,,,,,,,,
main,rain_pilot,precip,2,51,premonsoon_MAM,all,superensemble,baseline,False,18876,26,-1.1045,6.1858,13.509,9.4527,17.161,6.1858,4.3727,8.2542,457,0.28009,0.47967,0.22261,0.53829,0.21447,0.019275,0.31484,0.023681,-0.03028,-0.5923,0.20751,86,0,1,0,0.2093,-0.00078917,-0.0016872,0,0.0055096,-0.22284,-1.4616,-0.014253,1.0487,0.097341,2.2993,0.014,0.049571,-0.22038,0.39982,0.816,-0.037356,-0.054069,0.007537,0.108,,,,,,,,,,,,,,,,
main,rain_pilot,precip,2,51,premonsoon_MAM,all,persistence,baseline,False,18876,26,-1.0815,8.3996,18.043,13.03,23.024,8.3996,5.8652,11.25,457,0.25602,0.64653,0.17437,0.72429,0.16439,0.010592,0.31805,0.029349,-0.2769,-1.0263,-0.067383,86,0.13953,0.80328,0.088889,0.7093,0.087009,-0.00056318,0.17869,0.0065162,-0.44624,-1.1877,-0.16749,5.5822,2.7544,8.4145,0,2.2634,0.99942,3.7747,0,-0.087442,-0.25075,0.10077,0.522,,,,,,,,,,,,,,,,
main,rain_pilot,precip,2,51,premonsoon_MAM,all,climatology,baseline,False,18876,26,-4.0851,7.3383,17.109,10.097,23.384,7.3383,4.7346,10.524,457,0,,0,0,0,0,0,0.024211,-0.053329,-0.071149,-0.030964,86,0,,0,0,0,0,0,0.0045561,-0.011192,-0.013864,-0.0059468,4.6483,0.87914,8.6946,0,1.2021,0.048501,3.1534,0.022,-0.25183,-0.36739,-0.023691,0.004,,,,,,,,,,,,,,,,
main,rain_pilot,precip,2,51,monsoon_JJAS,all,ecmwf_ifs_ctrl,source,False,38064,50,-0.62955,7.8834,15.169,12.577,18.091,7.8834,6.7743,9.1712,1004,0.16733,0.45981,0.14647,0.30976,0.14032,0.038976,0.23048,0.02572,-0.088231,-0.12936,-0.03441,164,0.012195,0.9,0.010989,0.12195,0.010521,-0.00037442,0.02723,0.0047289,-0.11848,-0.22841,-0.014973,1.239,0.92019,1.5583,0,0.53062,0.34288,0.7071,0,0.012027,-0.00053173,0.022513,0.064,,,,,,,,,,,,,,,,
main,rain_pilot,precip,2,51,monsoon_JJAS,all,ecmwf_aifs,source,False,38064,50,1.9039,8.1762,14.201,11.985,16.766,8.1762,7.0468,9.4967,1004,0.22809,0.46868,0.18988,0.42928,0.18217,0.076054,0.25013,0.025667,-0.086008,-0.14222,-0.01608,164,0.0060976,0.94444,0.0055249,0.10976,0.0050986,-0.00058776,0.014287,0.0047289,-0.11848,-0.25486,-0.0044442,0.27136,-0.30557,0.83684,0.354,0.8234,0.51262,1.1522,0,0.053881,0.0049706,0.10204,0.032,,,,,,,,,,,,,,,,
main,rain_pilot,precip,2,51,monsoon_JJAS,all,ncep_gfs,source,False,38064,50,-3.0984,8.0377,16.719,14.241,19.288,8.0377,6.8702,9.3533,1004,0.078685,0.65351,0.068517,0.22709,0.063633,0.0163,0.11699,0.028216,-0.19383,-0.29817,-0.12229,164,0.018293,0.91892,0.015152,0.22561,0.014358,-0.00074843,0.037304,0.005123,-0.21168,-0.45997,-0.060242,2.7894,1.9711,3.596,0,0.68485,0.38443,0.99524,0,-0.064661,-0.1175,-0.0036082,0.034,,,,,,,,,,,,,,,,
main,rain_pilot,precip,2,51,monsoon_JJAS,all,ecmwf_ifs_ens,source,True,38064,50,0.28913,7.7574,14.268,11.884,17.082,5.6565,4.8324,6.6611,1004,0.15339,0.39608,0.13937,0.25398,0.1341,0.025666,0.22471,0.02193,0.072133,-0.0079451,0.15072,164,0.0060976,0.9,0.0057803,0.060976,0.0055327,-0.00033326,0.015723,0.0043596,-0.031139,-0.055458,-0.00045427,0.3383,0.13259,0.55396,0.002,-1.6963,-2.0183,-1.4339,0,0.0058023,-0.012641,0.033591,0.738,,,,,,,,,,,,,,,,
main,rain_pilot,precip,2,51,monsoon_JJAS,all,equal_mean,baseline,False,38064,50,-0.33134,7.3528,13.93,11.601,16.623,7.3528,6.3449,8.5515,1004,0.14442,0.36957,0.13315,0.22908,0.12829,0.025741,0.2191,0.0248,-0.049326,-0.11709,0.028289,164,0.0060976,0.83333,0.0059172,0.036585,0.0057651,-0.00017476,0.016413,0.0044136,-0.043911,-0.072235,-0.0059016,,,,,,,,,,,,,,,,,,,,,,,,,,,,
main,rain_pilot,precip,2,51,monsoon_JJAS,all,superensemble,baseline,False,38064,50,-2.3424,7.7455,15.692,12.749,18.955,7.7455,6.508,9.2134,1004,0.062749,0.43243,0.059886,0.11056,0.057262,0,0.1533,0.025983,-0.099347,-0.13966,-0.041124,164,0,1,0,0.012195,-5.1913e-05,-0.00012968,0,0.0043611,-0.031483,-0.055198,0.0069663,1.7622,0.65908,2.9174,0,0.39272,0.024428,0.84604,0.038,-0.071031,-0.13002,-0.01153,0.01,,,,,,,,,,,,,,,,
main,rain_pilot,precip,2,51,monsoon_JJAS,all,persistence,baseline,False,38064,50,0.36434,11.059,21.831,19.166,24.613,11.059,9.6899,12.761,1004,0.15438,0.86247,0.078441,1.1225,0.064366,0.03125,0.097744,0.04784,-1.0242,-1.747,-0.58585,164,0.018293,0.98413,0.0085714,1.1524,0.0062594,-0.0023974,0.021282,0.0091162,-1.1562,-3.1218,-0.39686,7.9012,5.8088,10.278,0,3.7058,2.6183,4.9343,0,-0.063928,-0.16428,0.036733,0.268,,,,,,,,,,,,,,,,
main,rain_pilot,precip,2,51,monsoon_JJAS,all,climatology,baseline,False,38064,50,-0.31139,9.0169,16.271,13.585,19.169,9.0169,8.0837,10.13,1004,0,,0,0,0,0,0,0.026377,-0.11602,-0.14977,-0.056281,164,0,,0,0,0,0,0,0.0043085,-0.019056,-0.031711,0.011014,2.3413,1.4745,3.2505,0,1.664,1.1502,2.218,0,-0.12829,-0.2191,-0.025741,0,,,,,,,,,,,,,,,,
main,rain_pilot,precip,2,51,postmonsoon_OND,all,ecmwf_ifs_ctrl,source,False,28236,37,0.97313,4.8983,10.796,8.5726,12.933,4.8983,3.6451,6.1847,158,0.17722,0.58209,0.14213,0.42405,0.1405,-0.00047082,0.25291,0.0059853,-0.070689,-0.25223,0.050262,32,0.125,0.6,0.10526,0.3125,0.105,-0.00019906,0.18147,0.0012041,-0.060937,-0.43792,0.054281,1.1438,0.84068,1.4622,0,0.24968,0.078546,0.43393,0.002,0.039483,-0.00043422,0.097856,0.242,,,,,,,,,,,,,,,,
main,rain_pilot,precip,2,51,postmonsoon_OND,all,ecmwf_aifs,source,False,28236,37,1.572,4.7194,9.5697,7.6728,11.357,4.7194,3.5526,5.9904,158,0.12025,0.17391,0.11728,0.14557,0.11658,-0.00010243,0.28688,0.0050645,0.094032,-0.020792,0.25375,32,0,,0,0,0,0,0,0.0011333,0.0014711,-0.00017513,0.029835,-0.082335,-0.30943,0.13993,0.492,0.070862,-0.074581,0.23127,0.338,0.015569,-0.018593,0.058283,0.564,,,,,,,,,,,,,,,,
main,rain_pilot,precip,2,51,postmonsoon_OND,all,ncep_gfs,source,False,28236,37,1.0407,5.3619,12.08,9.8036,14.342,5.3619,4.0187,6.7762,158,0.082278,0.87963,0.051383,0.68354,0.049112,-0.0014521,0.11174,0.0084998,-0.52051,-1.2101,-0.22126,32,0.03125,0.875,0.025641,0.25,0.025414,-0.00016991,0.042922,0.0013458,-0.18575,-1.765,-0.061274,2.4278,1.6385,3.1785,0,0.71334,0.32613,1.1159,0,-0.051901,-0.11879,0.018195,0.376,,,,,,,,,,,,,,,,
main,rain_pilot,precip,2,51,postmonsoon_OND,all,ecmwf_ifs_ens,source,True,28236,37,1.4449,4.9095,9.8678,7.9267,11.698,3.2684,2.4863,4.1197,158,0.10127,0.15789,0.099379,0.12025,0.098784,0,0.22992,0.0048755,0.12784,-0.012182,0.2387,32,0,,0,0,0,0,0,0.00097734,0.13888,-0.059562,0.19879,0.21577,-0.011843,0.50381,0.068,-1.3802,-1.716,-1.0336,0,-0.0022295,-0.0029593,0.0039806,0.946,,,,,,,,,,,,,,,,
main,rain_pilot,precip,2,51,postmonsoon_OND,all,equal_mean,baseline,False,28236,37,1.1963,4.6486,9.652,7.6873,11.544,4.6486,3.5187,5.8146,158,0.10759,0.34615,0.1018,0.16456,0.10101,-6.8514e-05,0.22739,0.0053124,0.049684,-0.022127,0.13934,32,0.03125,0,0.03125,0.03125,0.031216,0,0.052566,0.0010979,0.032675,0.000429,0.054538,,,,,,,,,,,,,,,,,,,,,,,,,,,,
main,rain_pilot,precip,2,51,postmonsoon_OND,all,superensemble,baseline,False,28236,37,0.17036,4.5482,9.4083,7.4831,11.254,4.5482,3.5495,5.648,158,0.10127,0,0.10127,0.10127,0.10076,0,0.25318,0.005029,0.10037,-0.0062994,0.25734,32,0,,0,0,0,0,0,0.0011333,0.0014711,-0.00017513,0.029835,-0.24375,-0.3447,-0.11732,0,-0.10041,-0.29311,0.10004,0.326,-0.00025696,-0.018524,0.025687,0.944,,,,,,,,,,,,,,,,
main,rain_pilot,precip,2,51,postmonsoon_OND,all,persistence,baseline,False,28236,37,0.23943,6.6424,15.851,13.187,18.487,6.6424,5.3148,8.1878,158,0.012658,0.98758,0.0063091,1.019,0.0034771,-0.0034668,0.018004,0.011156,-0.99566,-2.6749,-0.39447,32,0,1,0,1,-0.00056697,-0.00097453,-6.2952e-05,0.0022666,-0.99706,-14.505,-0.056655,6.1985,4.2475,8.4517,0,1.9938,1.1976,2.905,0,-0.097536,-0.22177,0.013244,0.248,,,,,,,,,,,,,,,,
main,rain_pilot,precip,2,51,postmonsoon_OND,all,climatology,baseline,False,28236,37,-0.15398,5.4311,11.323,8.5877,14.045,5.4311,4.3767,6.5895,158,0,,0,0,0,0,0,0.0055957,-0.00099931,-0.0074663,0.012476,32,0,,0,0,0,0,0,0.0011333,0.0014711,-0.00017513,0.029835,1.6714,0.65521,2.9005,0,0.78255,0.33149,1.2842,0,-0.10101,-0.22739,6.8514e-05,0.234,,,,,,,,,,,,,,,,
main,rain_pilot,precip,3,75,all,all,ecmwf_ifs_ctrl,source,False,94379,121,0.82901,6.4444,13.726,11.899,15.665,6.4444,5.5588,7.4392,1619,0.2903,0.61189,0.19915,0.74799,0.19204,0.097595,0.28653,0.020026,-0.26732,-0.45966,-0.10687,282,0.06383,0.856,0.046272,0.44326,0.045356,0.01173,0.077089,0.003931,-0.3344,-0.53888,-0.16518,1.538,1.0786,2.0293,0,0.51284,0.31987,0.74802,0,0.034196,0.0096981,0.055155,0.006,,,,,,,,,,,,,,,,
main,rain_pilot,precip,3,75,all,all,ecmwf_aifs,source,False,94379,121,1.7332,6.34,12.31,10.798,13.98,6.34,5.5122,7.2448,1619,0.23101,0.51617,0.18533,0.47746,0.17994,0.098604,0.25087,0.017419,-0.10237,-0.23327,0.024618,282,0.014184,0.75,0.013605,0.056738,0.013445,-0.00014382,0.039235,0.0030727,-0.043058,-0.094573,-0.0077483,0.12279,-0.33098,0.53887,0.584,0.40846,0.21468,0.60305,0,0.022099,-0.0079126,0.056518,0.176,,,,,,,,,,,,,,,,
main,rain_pilot,precip,3,75,all,all,ncep_gfs,source,False,94379,121,-1.1764,6.539,15.676,13.221,18.639,6.539,5.6514,7.6288,1619,0.051884,0.80734,0.042618,0.2693,0.038971,0.010496,0.067791,0.019994,-0.26531,-0.45257,-0.14363,282,0.0070922,0.98347,0.0049875,0.42908,0.0040896,-0.0012858,0.014555,0.0042276,-0.4351,-1.0912,-0.09422,3.4888,2.1547,5.3089,0,0.60749,0.30627,0.94407,0,-0.11887,-0.19184,-0.044159,0,,,,,,,,,,,,,,,,
main,rain_pilot,precip,3,75,all,all,ecmwf_ifs_ens,source,True,94379,121,1.2292,6.3058,12.356,10.731,14.037,4.2662,3.7115,4.8843,1619,0.22915,0.46695,0.19084,0.42989,0.18584,0.084976,0.27615,0.013772,0.12841,0.024456,0.25324,282,0.021277,0.7,0.02027,0.070922,0.020072,-4.1646e-05,0.042596,0.0028866,0.020125,-0.032207,0.081284,0.16877,-0.24221,0.49845,0.354,-1.6653,-1.961,-1.4236,0,0.027999,0.0118,0.04399,0,,,,,,,,,,,,,,,,
main,rain_pilot,precip,3,75,all,all,equal_mean,baseline,False,94379,121,0.65449,5.9315,12.188,10.547,13.945,5.9315,5.1885,6.7905,1619,0.18715,0.45208,0.16212,0.34157,0.15784,0.065597,0.24322,0.016593,-0.050068,-0.18454,0.073963,282,0,1,0,0.092199,-0.00025229,-0.0005994,-2.1005e-05,0.0032634,-0.1078,-0.27836,-0.02075,,,,,,,,,,,,,,,,,,,,,,,,,,,,
main,rain_pilot,precip,3,75,all,all,superensemble,baseline,False,94379,121,-1.3483,6.0634,13.544,11.345,15.784,6.0634,5.2355,6.9957,1619,0.078443,0.52963,0.072077,0.16677,0.069632,0.011086,0.13124,0.017324,-0.096335,-0.20938,0.012762,282,0,1,0,0.11702,-0.00031312,-0.00077954,-1.0543e-05,0.0033376,-0.13298,-0.40168,-0.014371,1.3564,0.53923,2.2638,0,0.13184,-0.099762,0.40848,0.3,-0.088213,-0.1235,-0.043594,0,,,,,,,,,,,,,,,,
main,rain_pilot,precip,3,75,all,all,persistence,baseline,False,94379,121,0.0038918,8.4141,18.79,16.65,21.028,8.4141,7.2226,9.5926,1619,0.13218,0.86782,0.070767,1,0.062154,0.024423,0.10704,0.029774,-0.88422,-1.3719,-0.55414,282,0.046099,0.9539,0.023593,1,0.022098,-0.0013817,0.064758,0.0057004,-0.93505,-1.8496,-0.43177,6.602,5.0164,8.2355,0,2.4826,1.834,3.2276,0,-0.09569,-0.18272,-0.0087176,0.028,,,,,,,,,,,,,,,,
main,rain_pilot,precip,3,75,all,all,climatology,baseline,False,94379,121,-0.9754,6.7696,14.277,12.196,16.545,6.7696,5.9305,7.7221,1619,0,,0,0,0,0,0,0.017154,-0.085607,-0.11691,-0.046581,282,0,,0,0,0,0,0,0.002988,-0.014284,-0.024717,0.00098317,2.0893,1.093,3.3927,0,0.83811,0.44183,1.2974,0,-0.15784,-0.24322,-0.065597,0,,,,,,,,,,,,,,,,
main,rain_pilot,precip,3,75,winter_JF,all,ecmwf_ifs_ctrl,source,False,9203,13,0.22158,0.40072,1.7912,1.1437,2.3395,0.40072,0.1774,0.65347,0,,,,,,,,0,1,1,1,0,,,,,,,,0,1,1,1,0.11971,-0.19569,0.50437,0.522,-0.087779,-0.17752,-0.0014311,0.046,,,,,,,,,,,,,,,,,,,,
main,rain_pilot,precip,3,75,winter_JF,all,ecmwf_aifs,source,False,9203,13,0.39896,0.56866,1.6223,0.80178,2.2865,0.56866,0.31311,0.91753,0,,,,,,,,0,1,1,1,0,,,,,,,,0,1,1,1,-0.049266,-0.61245,0.35377,0.692,0.080164,-0.051721,0.18879,0.216,,,,,,,,,,,,,,,,,,,,
main,rain_pilot,precip,3,75,winter_JF,all,ncep_gfs,source,False,9203,13,0.26651,0.47838,2.7155,0.94084,4.2293,0.47838,0.1493,0.86799,0,,1,0,,0,0,0,0.00032598,-477.44,-1823.7,1,0,,,,,,,,0,1,1,1,1.0439,-0.076072,2.2541,0.162,-0.010117,-0.13912,0.16449,0.838,,,,,,,,,,,,,,,,,,,,
main,rain_pilot,precip,3,75,winter_JF,all,ecmwf_ifs_ens,source,True,9203,13,0.43763,0.56855,1.8775,1.0987,2.5441,0.26473,0.10292,0.44632,0,,,,,,,,8.9401e-06,-12.121,-31.06,-2.8553,0,,,,,,,,1.6711e-07,-5.2018,-21.372,1,0.20594,-0.15737,0.54558,0.294,-0.22377,-0.3532,-0.11339,0,,,,,,,,,,,,,,,,,,,,
main,rain_pilot,precip,3,75,winter_JF,all,equal_mean,baseline,False,9203,13,0.33117,0.4885,1.6715,0.95184,2.2348,0.4885,0.22253,0.79077,0,,,,,,,,0,1,1,1,0,,,,,,,,0,1,1,1,,,,,,,,,,,,,,,,,,,,,,,,,,,,
main,rain_pilot,precip,3,75,winter_JF,all,superensemble,baseline,False,9203,13,-0.6079,0.96896,1.6056,1.0357,2.0794,0.96896,0.82376,1.1492,0,,,,,,,,0,1,1,1,0,,,,,,,,0,1,1,1,-0.065913,-0.48872,0.22899,0.674,0.48047,0.30593,0.62678,0,,,,,,,,,,,,,,,,,,,,
main,rain_pilot,precip,3,75,winter_JF,all,persistence,baseline,False,9203,13,0.028038,0.31785,1.8225,1.0313,2.5813,0.31785,0.12461,0.57037,0,,,,,,,,0,1,1,1,0,,,,,,,,0,1,1,1,0.15095,-0.60054,0.74869,0.662,-0.17065,-0.42384,0.064461,0.184,,,,,,,,,,,,,,,,,,,,
main,rain_pilot,precip,3,75,winter_JF,all,climatology,baseline,False,9203,13,0.18577,0.46513,1.3264,0.65297,1.9988,0.46513,0.36792,0.61534,0,,,,,,,,0,1,1,1,0,,,,,,,,0,1,1,1,-0.34512,-0.99873,0.17507,0.29,-0.023368,-0.30465,0.19835,0.928,,,,,,,,,,,,,,,,,,,,
main,rain_pilot,precip,3,75,premonsoon_MAM,all,ecmwf_ifs_ctrl,source,False,18720,25,1.7732,7.4148,15.284,10.565,19.034,7.4148,5.0151,10.001,457,0.55142,0.56098,0.32349,1.256,0.3111,0.072008,0.43606,0.028152,-0.21468,-0.90036,0.10996,86,0.13953,0.85542,0.076433,0.96512,0.074185,-0.00029579,0.11259,0.0077457,-0.70492,-2.4594,-0.38247,1.812,0.59796,2.9518,0.002,0.69102,0.20805,1.2555,0,0.055207,-0.0020066,0.10566,0.066,,,,,,,,,,,,,,,,
main,rain_pilot,precip,3,75,premonsoon_MAM,all,ecmwf_aifs,source,False,18720,25,1.1967,6.7339,12.876,9.108,15.886,6.7339,4.7427,8.9145,457,0.35011,0.44444,0.2735,0.6302,0.26467,0.050207,0.37232,0.022703,0.020417,-0.38435,0.2459,86,0.046512,0.55556,0.043956,0.10465,0.043521,0,0.073266,0.0046474,-0.022953,-0.030703,-0.0063838,-0.59592,-1.7553,0.33627,0.392,0.010161,-0.30827,0.31811,0.874,0.0087744,-0.045912,0.056488,0.842,,,,,,,,,,,,,,,,
main,rain_pilot,precip,3,75,premonsoon_MAM,all,ncep_gfs,source,False,18720,25,-0.43587,7.7461,20.038,11.516,27.979,7.7461,5.0009,10.896,457,0.10503,0.75635,0.079208,0.43107,0.071842,0.012023,0.12084,0.029808,-0.28614,-1.1369,0.0037985,86,0.023256,0.97701,0.011696,1.0116,0.0093805,-0.0025961,0.033497,0.0090278,-0.98712,-6.36,-0.022678,6.5666,1.7446,11.529,0,1.0224,0.092971,2.1653,0.022,-0.18405,-0.31171,0.0047082,0.066,,,,,,,,,,,,,,,,
main,rain_pilot,precip,3,75,premonsoon_MAM,all,ecmwf_ifs_ens,source,True,18720,25,1.5192,6.8968,12.917,9.3044,15.829,4.6406,3.2806,6.1051,457,0.43326,0.45304,0.31884,0.79212,0.30901,0.057494,0.42292,0.016089,0.30581,-0.1056,0.46803,86,0.05814,0.58333,0.053763,0.13953,0.053202,0,0.074924,0.0041342,0.090017,-0.064036,0.14978,-0.55447,-2.0123,0.55116,0.618,-2.0831,-2.9793,-1.3411,0,0.053115,0.0031112,0.08353,0.006,,,,,,,,,,,,,,,,
main,rain_pilot,precip,3,75,premonsoon_MAM,all,equal_mean,baseline,False,18720,25,1.0133,6.7237,13.472,9.2065,16.843,6.7237,4.6269,8.9528,457,0.36324,0.50299,0.2656,0.73085,0.25589,0.038738,0.38004,0.024519,-0.05795,-0.81946,0.23884,86,0,1,0,0.27907,-0.0010033,-0.0020366,-5.3079e-05,0.0058761,-0.29339,-1.7236,-0.045601,,,,,,,,,,,,,,,,,,,,,,,,,,,,
main,rain_pilot,precip,3,75,premonsoon_MAM,all,superensemble,baseline,False,18720,25,-1.3469,6.4944,14.914,9.5872,19.324,6.4944,4.3277,8.9108,457,0.19475,0.57005,0.15478,0.45295,0.14729,-0.0009177,0.24714,0.025962,-0.12018,-0.7589,0.15689,86,0,1,0,0.37209,-0.0012474,-0.0026027,0,0.0063034,-0.38745,-2.4059,-0.013809,1.442,0.20142,2.9201,0.004,-0.22933,-0.5434,0.10828,0.172,-0.1086,-0.14856,-0.022892,0.006,,,,,,,,,,,,,,,,
main,rain_pilot,precip,3,75,premonsoon_MAM,all,persistence,baseline,False,18720,25,-1.3636,8.3837,18.03,12.457,22.95,8.3837,5.6527,11.375,457,0.22757,0.66124,0.15758,0.67177,0.1479,-0.0023798,0.3313,0.029701,-0.28153,-1.0312,-0.11083,86,0.13953,0.79661,0.090226,0.68605,0.088368,-0.0012956,0.1999,0.0064637,-0.42273,-1.0675,-0.16757,4.5581,1.4513,7.9862,0,1.66,0.53777,3.0537,0,-0.10799,-0.30626,0.10121,0.51,,,,,,,,,,,,,,,,
main,rain_pilot,precip,3,75,premonsoon_MAM,all,climatology,baseline,False,18720,25,-4.1483,7.3702,17.177,9.9532,23.212,7.3702,4.635,10.511,457,0,,0,0,0,0,0,0.024412,-0.05334,-0.074512,-0.031834,86,0,,0,0,0,0,0,0.004594,-0.011195,-0.01406,-0.0063838,3.7051,-0.30084,7.8572,0.114,0.64645,-0.4584,2.3087,0.478,-0.25589,-0.38004,-0.038738,0.006,,,,,,,,,,,,,,,,
main,rain_pilot,precip,3,75,monsoon_JJAS,all,ecmwf_ifs_ctrl,source,False,38064,50,0.3017,8.4603,16.035,13.221,19.086,8.4603,7.1869,9.9947,1004,0.19024,0.62768,0.14404,0.51096,0.13522,0.036959,0.22153,0.029818,-0.26164,-0.41125,-0.1441,164,0.02439,0.86667,0.021053,0.18293,0.020386,-0.00015187,0.042798,0.0048865,-0.15576,-0.30808,-0.021467,1.7585,1.1097,2.5343,0,0.805,0.48881,1.1809,0,0.024247,-0.0029151,0.047914,0.082,,,,,,,,,,,,,,,,
main,rain_pilot,precip,3,75,monsoon_JJAS,all,ecmwf_aifs,source,False,38064,50,2.2437,8.534,14.684,12.388,17.199,8.534,7.3194,9.9714,1004,0.19024,0.54953,0.15441,0.42231,0.14669,0.05815,0.21055,0.02748,-0.16271,-0.27234,-0.065518,164,0,1,0,0.042683,-0.0001764,-0.00046099,0,0.0044924,-0.062552,-0.14254,-0.0044442,0.40743,-0.27545,1.1539,0.25,0.87871,0.47731,1.3181,0,0.035721,-0.0053411,0.074441,0.084,,,,,,,,,,,,,,,,
main,rain_pilot,precip,3,75,monsoon_JJAS,all,ncep_gfs,source,False,38064,50,-3.3097,8.2226,17.305,14.647,20.117,8.2226,6.9881,9.6317,1004,0.034861,0.79885,0.030621,0.17331,0.026713,-0.0014715,0.068933,0.029109,-0.23162,-0.38754,-0.13008,164,0,1,0,0.17073,-0.00062872,-0.0012657,-2.6127e-05,0.0050441,-0.19304,-0.58147,-0.026182,3.0279,1.8963,4.2862,0,0.56729,0.046166,1.1139,0.034,-0.084257,-0.13868,-0.021426,0.014,,,,,,,,,,,,,,,,
main,rain_pilot,precip,3,75,monsoon_JJAS,all,ecmwf_ifs_ens,source,True,38064,50,0.94922,8.1927,14.661,12.243,17.49,5.7517,4.8965,6.7518,1004,0.15339,0.45965,0.13568,0.28386,0.12992,0.030618,0.20855,0.022196,0.060848,-0.0080506,0.12587,164,0.0060976,0.875,0.005848,0.04878,0.0056475,-0.00022949,0.016229,0.0043472,-0.028194,-0.049812,0.0020429,0.38386,0.04684,0.69971,0.024,-1.9036,-2.2917,-1.5888,0,0.01895,0.00020672,0.04037,0.034,,,,,,,,,,,,,,,,
main,rain_pilot,precip,3,75,monsoon_JJAS,all,equal_mean,baseline,False,38064,50,0.06819,7.6553,14.277,11.908,17.05,7.6553,6.6107,8.9362,1004,0.12351,0.36735,0.11524,0.19522,0.11097,0.024786,0.19016,0.025011,-0.058218,-0.10502,-0.0017456,164,0,1,0,0.012195,-5.1913e-05,-0.00015797,0,0.0043611,-0.031483,-0.061095,0.0098169,,,,,,,,,,,,,,,,,,,,,,,,,,,,
main,rain_pilot,precip,3,75,monsoon_JJAS,all,superensemble,baseline,False,38064,50,-2.6979,8.095,16.494,13.191,20.123,8.095,6.7431,9.7247,1004,0.026892,0.46,0.02629,0.049801,0.025038,0,0.069783,0.026272,-0.11157,-0.14564,-0.052342,164,0,1,0,0.0060976,-2.6113e-05,-8.0254e-05,0,0.0043348,-0.02527,-0.044692,0.0098169,2.2169,0.84001,3.588,0.002,0.43972,-0.061347,1.0536,0.11,-0.085932,-0.14129,-0.022841,0.018,,,,,,,,,,,,,,,,
main,rain_pilot,precip,3,75,monsoon_JJAS,all,persistence,baseline,False,38064,50,0.44926,11.7,23.055,20.201,25.877,11.7,10.22,13.434,1004,0.10359,0.90964,0.050707,1.1464,0.036444,0.01493,0.060519,0.051151,-1.1642,-1.9928,-0.64419,164,0.0060976,0.99476,0.0028249,1.1646,0.00050136,-0.002538,0.0057242,0.0092739,-1.1935,-3.1773,-0.41761,8.7787,6.0927,11.661,0,4.0448,2.7059,5.4482,0,-0.074526,-0.15529,0.019489,0.13,,,,,,,,,,,,,,,,
main,rain_pilot,precip,3,75,monsoon_JJAS,all,climatology,baseline,False,38064,50,-0.31139,9.0169,16.271,13.585,19.169,9.0169,8.0837,10.13,1004,0,,0,0,0,0,0,0.026377,-0.11602,-0.14977,-0.056281,164,0,,0,0,0,0,0,0.0043085,-0.019056,-0.031711,0.011014,1.9941,1.1353,2.8942,0,1.3615,0.75321,1.9526,0,-0.11097,-0.19016,-0.024786,0.01,,,,,,,,,,,,,,,,
main,rain_pilot,precip,3,75,postmonsoon_OND,all,ecmwf_ifs_ctrl,source,False,28392,37,1.1103,5.0608,11.246,8.6474,13.88,5.0608,3.7553,6.5961,158,0.17089,0.78226,0.10588,0.78481,0.10346,-6.8308e-05,0.14861,0.0080304,-0.44448,-1.0436,0.00051366,32,0.0625,0.83333,0.047619,0.375,0.047312,0,0.068458,0.0014088,-0.24816,-0.41991,0.029835,1.2492,0.57763,2.1248,0,0.19836,-0.056099,0.52369,0.144,0.026779,-0.026619,0.065982,0.516,,,,,,,,,,,,,,,,
main,rain_pilot,precip,3,75,postmonsoon_OND,all,ecmwf_aifs,source,False,28392,37,1.8351,5.0095,10.223,8.0133,12.288,5.0095,3.7804,6.4217,158,0.14557,0.62295,0.11735,0.38608,0.11582,-0.00020968,0.22922,0.0060933,-0.096028,-0.20627,0.0056331,32,0,,0,0,0,0,0,0.0011271,0.0014714,-0.00017513,0.029835,0.22679,-0.02864,0.49898,0.076,0.14707,-0.0021757,0.30546,0.056,0.039138,-0.00020968,0.054581,0.698,,,,,,,,,,,,,,,,
main,rain_pilot,precip,3,75,postmonsoon_OND,all,ncep_gfs,source,False,28392,37,0.72767,5.4505,12.178,9.9125,14.437,5.4505,4.1462,6.8342,158,0.0063291,0.98387,0.0045662,0.39241,0.0029955,-0.0019051,0.01079,0.0076782,-0.38112,-0.93174,-0.13101,32,0,1,0,0.1875,-0.00017799,-0.00034176,-3.2721e-05,0.0013384,-0.18575,-1.9287,-0.039828,2.1814,1.382,2.9824,0,0.58804,0.22602,1.034,0.002,-0.073682,-0.1675,-0.00077424,0,,,,,,,,,,,,,,,,
main,rain_pilot,precip,3,75,postmonsoon_OND,all,ecmwf_ifs_ens,source,True,28392,37,1.67,5.246,10.403,8.1442,12.527,3.3249,2.5404,4.2218,158,0.12025,0.61224,0.10106,0.31013,0.099758,-0.00027388,0.20585,0.0054128,0.026374,-0.041992,0.072711,32,0,,0,0,0,0,0,0.0010415,0.077328,-0.1446,0.14365,0.4063,-0.054323,1.0423,0.114,-1.5376,-1.933,-1.1698,0,0.023081,-0.00027388,0.032174,0.698,,,,,,,,,,,,,,,,
main,rain_pilot,precip,3,75,postmonsoon_OND,all,equal_mean,baseline,False,28392,37,1.3087,4.8625,9.9964,7.9165,12.071,4.8625,3.7154,6.1888,158,0.082278,0.43478,0.077381,0.14557,0.076678,0,0.17698,0.0054593,0.01801,-0.006284,0.050113,32,0,,0,0,0,0,0,0.0011271,0.0014714,-0.00017513,0.029835,,,,,,,,,,,,,,,,,,,,,,,,,,,,
main,rain_pilot,precip,3,75,postmonsoon_OND,all,superensemble,baseline,False,28392,37,0.22002,4.7067,9.878,7.7044,11.936,4.7067,3.6611,5.9193,158,0.06962,0.15385,0.06875,0.082278,0.068329,0,0.16854,0.005248,0.056022,-0.006284,0.14539,32,0,,0,0,0,0,0,0.0011271,0.0014714,-0.00017513,0.029835,-0.11837,-0.31608,0.076734,0.202,-0.15578,-0.40658,0.091112,0.214,-0.0083488,-0.0099558,0,0.698,,,,,,,,,,,,,,,,
main,rain_pilot,precip,3,75,postmonsoon_OND,all,persistence,baseline,False,28392,37,0.30062,6.653,15.67,12.971,18.19,6.653,5.3103,8.1482,158,0.037975,0.96273,0.019169,1.019,0.016354,-0.0019785,0.043941,0.010813,-0.94497,-2.6588,-0.34319,32,0,1,0,1,-0.00056386,-0.00097423,-6.2356e-05,0.0022542,-0.99706,-14.505,-0.056655,5.6732,3.8304,7.8649,0,1.7906,0.94251,2.709,0,-0.060324,-0.16552,0.040706,0.668,,,,,,,,,,,,,,,,
main,rain_pilot,precip,3,75,postmonsoon_OND,all,climatology,baseline,False,28392,37,-0.14999,5.4044,11.292,8.5863,13.979,5.4044,4.3502,6.5483,158,0,,0,0,0,0,0,0.0055649,-0.00099659,-0.0074641,0.012481,32,0,,0,0,0,0,0,0.0011271,0.0014714,-0.00017513,0.029835,1.2961,0.44768,2.3257,0,0.54199,0.091603,1.0246,0.01,-0.076678,-0.17698,0,0.698,,,,,,,,,,,,,,,,
main,rain_pilot,precip,4,99,all,all,ecmwf_ifs_ctrl,source,False,94344,122,0.85235,6.7039,14.38,12.318,16.362,6.7039,5.7739,7.7272,1619,0.25695,0.65449,0.17283,0.74367,0.16567,0.072479,0.25186,0.021104,-0.33522,-0.59242,-0.10811,282,0.060284,0.9,0.03908,0.60284,0.037957,0.0050153,0.062669,0.0044306,-0.50348,-0.84151,-0.21366,2.0329,1.3366,2.8147,0,0.62755,0.4232,0.87317,0,0.026899,-0.0048905,0.060669,0.102,,,,,,,,,,,,,,,,
main,rain_pilot,precip,4,99,all,all,ecmwf_aifs,source,False,94344,122,1.5464,6.3749,12.452,10.852,14.028,6.3749,5.5087,7.2883,1619,0.20136,0.56065,0.1602,0.45831,0.15491,0.079383,0.209,0.018115,-0.1461,-0.30787,-0.0098846,282,0,1,0,0.031915,-9.2454e-05,-0.00026844,0,0.0030845,-0.046683,-0.12181,-0.0037288,0.10459,-0.25901,0.4985,0.588,0.29859,0.11681,0.51031,0,0.01614,-0.015438,0.047906,0.286,,,,,,,,,,,,,,,,
main,rain_pilot,precip,4,99,all,all,ncep_gfs,source,False,94344,122,-1.21,6.7154,15.403,13.355,17.415,6.7154,5.7252,7.7796,1619,0.061767,0.81273,0.048709,0.32983,0.044444,0.01488,0.074608,0.020701,-0.30973,-0.48423,-0.17754,282,0.0035461,0.9881,0.0027397,0.29787,0.0020532,-0.0009812,0.0076343,0.0038582,-0.30925,-0.6413,-0.12539,3.056,2.2999,3.8314,0,0.63907,0.34445,0.94933,0,-0.094325,-0.1441,-0.034651,0.004,,,,,,,,,,,,,,,,
main,rain_pilot,precip,4,99,all,all,ecmwf_ifs_ens,source,True,94344,122,1.2633,6.4613,12.509,10.935,14.211,4.2871,3.7319,4.9256,1619,0.19889,0.50232,0.16564,0.39963,0.16085,0.064337,0.22921,0.013921,0.1192,0.011854,0.23078,282,0.0070922,0.875,0.0067568,0.056738,0.0065963,-0.00011936,0.015053,0.0029336,0.004515,-0.052149,0.063752,0.1614,-0.078649,0.40318,0.17,-1.7892,-2.1009,-1.5095,0,0.022076,0.00044396,0.038755,0.046,,,,,,,,,,,,,,,,
main,rain_pilot,precip,4,99,all,all,equal_mean,baseline,False,94344,122,0.61975,6.0764,12.347,10.701,14.05,6.0764,5.2774,6.9727,1619,0.16492,0.48356,0.14286,0.31933,0.13877,0.057546,0.20185,0.01698,-0.074345,-0.18152,0.028538,282,0,1,0,0.010638,-3.1465e-05,-7.2075e-05,0,0.0030209,-0.025102,-0.035302,-0.008881,,,,,,,,,,,,,,,,,,,,,,,,,,,,
main,rain_pilot,precip,4,99,all,all,superensemble,baseline,False,94344,122,-1.4547,6.033,13.252,11.335,15.313,6.033,5.2,7.0103,1619,0.049413,0.49045,0.04717,0.096973,0.045654,0.00068434,0.08439,0.017129,-0.083733,-0.13483,-0.01693,282,0,1,0,0.0070922,-2.105e-05,-6.3217e-05,0,0.0030103,-0.021505,-0.039834,-0.0027665,0.90516,0.33553,1.5107,0,-0.043402,-0.2459,0.18475,0.71,-0.093115,-0.13242,-0.041931,0,,,,,,,,,,,,,,,,
main,rain_pilot,precip,4,99,all,all,persistence,baseline,False,94344,122,0.0016871,8.6413,19.248,17.05,21.309,8.6413,7.4658,9.8726,1619,0.10624,0.89376,0.056099,1,0.047468,0.018053,0.079758,0.030675,-0.94079,-1.5227,-0.5544,282,0.035461,0.96454,0.018051,1,0.016554,-0.0013258,0.045006,0.0057661,-0.95669,-1.9737,-0.44826,6.9012,5.2716,8.5577,0,2.5649,1.8021,3.3814,0,-0.091301,-0.15527,-0.016622,0.014,,,,,,,,,,,,,,,,
main,rain_pilot,precip,4,99,all,all,climatology,baseline,False,94344,122,-0.98327,6.7602,14.274,12.077,16.453,6.7602,5.9194,7.7591,1619,0,,0,0,0,0,0,0.017161,-0.085745,-0.11733,-0.047007,282,0,,0,0,0,0,0,0.0029891,-0.014311,-0.024591,0.0019574,1.9263,0.97522,3.1703,0,0.6838,0.28623,1.1473,0,-0.13877,-0.20185,-0.057546,0,,,,,,,,,,,,,,,,
main,rain_pilot,precip,4,99,winter_JF,all,ecmwf_ifs_ctrl,source,False,9204,13,0.46097,0.6068,2.4615,1.4841,3.2658,0.6068,0.24528,0.99439,0,,,,,,,,0,1,1,1,0,,,,,,,,0,1,1,1,0.63318,0.27952,1.028,0,0.016458,-0.079656,0.14115,0.794,,,,,,,,,,,,,,,,,,,,
main,rain_pilot,precip,4,99,winter_JF,all,ecmwf_aifs,source,False,9204,13,0.39425,0.56575,1.5484,0.91609,2.0706,0.56575,0.34308,0.83781,0,,,,,,,,0,1,1,1,0,,,,,,,,0,1,1,1,-0.27991,-0.43193,-0.096587,0.002,-0.024591,-0.1345,0.080534,0.67,,,,,,,,,,,,,,,,,,,,
main,rain_pilot,precip,4,99,winter_JF,all,ncep_gfs,source,False,9204,13,0.31319,0.50271,2.6026,0.93067,4.0248,0.50271,0.15211,0.94795,0,,1,0,,0,0,0,0.00010865,-158.48,-564.85,1,0,,,,,,,,0,1,1,1,0.7743,-0.32825,1.6624,0.348,-0.087626,-0.23772,0.027729,0.142,,,,,,,,,,,,,,,,,,,,
main,rain_pilot,precip,4,99,winter_JF,all,ecmwf_ifs_ens,source,True,9204,13,0.64703,0.75297,2.2713,1.4074,2.97,0.31827,0.12772,0.52134,0,,,,,,,,1.7001e-05,-23.955,-58.227,-7.0711,0,,,,,,,,1.4202e-06,-51.715,-137.09,-3.7223,0.44293,0.25706,0.66707,0,-0.27207,-0.4438,-0.13308,0,,,,,,,,,,,,,,,,,,,,
main,rain_pilot,precip,4,99,winter_JF,all,equal_mean,baseline,False,9204,13,0.45386,0.59034,1.8283,1.0814,2.4548,0.59034,0.26469,0.96582,0,,,,,,,,0,1,1,1,0,,,,,,,,0,1,1,1,,,,,,,,,,,,,,,,,,,,,,,,,,,,
main,rain_pilot,precip,4,99,winter_JF,all,superensemble,baseline,False,9204,13,-0.55467,0.99165,1.6356,1.1245,2.0813,0.99165,0.8587,1.1497,0,,,,,,,,0,1,1,1,0,,,,,,,,0,1,1,1,-0.19279,-0.46458,0.11582,0.26,0.40131,0.17762,0.59493,0,,,,,,,,,,,,,,,,,,,,
main,rain_pilot,precip,4,99,winter_JF,all,persistence,baseline,False,9204,13,0.054021,0.33444,1.889,1.1529,2.4873,0.33444,0.13708,0.55822,0,,,,,,,,0,1,1,1,0,,,,,,,,0,1,1,1,0.060683,-0.72069,0.96095,0.908,-0.2559,-0.61222,0.1082,0.168,,,,,,,,,,,,,,,,,,,,
main,rain_pilot,precip,4,99,winter_JF,all,climatology,baseline,False,9204,13,0.18581,0.46514,1.3263,0.65294,1.9988,0.46514,0.36797,0.61534,0,,,,,,,,0,1,1,1,0,,,,,,,,0,1,1,1,-0.502,-1.1746,0.074296,0.104,-0.1252,-0.48124,0.15155,0.484,,,,,,,,,,,,,,,,,,,,
main,rain_pilot,precip,4,99,premonsoon_MAM,all,ecmwf_ifs_ctrl,source,False,18564,25,1.672,7.4182,15.265,10.552,19.023,7.4182,5.1287,9.9983,457,0.48578,0.54694,0.30621,1.0722,0.29447,0.04129,0.42976,0.027095,-0.15938,-0.96878,0.1893,86,0.081395,0.9125,0.044025,0.93023,0.041792,-0.00088967,0.061196,0.0081879,-0.78723,-2.0165,-0.38305,2.2208,1.1836,3.3378,0,0.752,0.3536,1.1806,0,0.071939,0.016435,0.11523,0.006,,,,,,,,,,,,,,,,
main,rain_pilot,precip,4,99,premonsoon_MAM,all,ecmwf_aifs,source,False,18564,25,0.75329,6.7288,13.024,9.299,16.144,6.7288,4.7801,8.839,457,0.26915,0.49174,0.21354,0.52954,0.20532,0.027096,0.28796,0.024402,-0.044134,-0.41,0.16264,86,0,,0,0,0,0,0,0.0046326,-0.011198,-0.014065,-0.0063844,-0.020758,-0.79332,0.63643,0.964,0.062582,-0.21511,0.32931,0.604,-0.017207,-0.075663,0.058018,0.562,,,,,,,,,,,,,,,,
main,rain_pilot,precip,4,99,premonsoon_MAM,all,ncep_gfs,source,False,18564,25,-1.0749,7.6192,16.91,10.7,21.733,7.6192,4.8916,10.481,457,0.12691,0.68132,0.099828,0.39825,0.092832,0.020699,0.18832,0.028173,-0.20548,-0.86193,0.0068917,86,0.011628,0.96667,0.0086957,0.34884,0.0074962,-0.0016105,0.018337,0.0061409,-0.34043,-2.0209,-0.025189,3.8658,1.5336,5.8939,0,0.95305,0.1019,1.9132,0.01,-0.1297,-0.23029,0.021489,0.128,,,,,,,,,,,,,,,,
main,rain_pilot,precip,4,99,premonsoon_MAM,all,ecmwf_ifs_ens,source,True,18564,25,1.2048,6.8419,12.901,9.2198,15.89,4.5383,3.1947,5.9507,457,0.3523,0.45238,0.27288,0.64333,0.26385,-0.0019815,0.35546,0.016424,0.29723,-0.052257,0.44322,86,0.023256,0.75,0.021739,0.093023,0.021345,0,0.033404,0.0043096,0.059315,-0.087213,0.131,-0.144,-0.78739,0.54774,0.752,-2.1279,-2.9419,-1.4286,0,0.041322,-0.059929,0.075086,0.26,,,,,,,,,,,,,,,,
main,rain_pilot,precip,4,99,premonsoon_MAM,all,equal_mean,baseline,False,18564,25,0.6388,6.6662,13.045,9.0767,16.189,6.6662,4.6636,8.8558,457,0.29103,0.47222,0.2309,0.55142,0.22253,0.017087,0.31594,0.023863,-0.021085,-0.52776,0.19746,86,0,1,0,0.023256,-0.0001053,-0.000258,0,0.0047404,-0.034714,-0.086665,-0.010285,,,,,,,,,,,,,,,,,,,,,,,,,,,,
main,rain_pilot,precip,4,99,premonsoon_MAM,all,superensemble,baseline,False,18564,25,-2.3261,6.3734,14.008,9.5696,17.514,6.3734,4.3213,8.5645,457,0.10722,0.47872,0.09761,0.20569,0.093431,-0.0013079,0.14164,0.024402,-0.044134,-0.21106,0.073832,86,0,1,0,0.023256,-0.0001053,-0.00030937,0,0.0047404,-0.034714,-0.16436,-0.009559,0.96321,0.39098,1.4249,0,-0.29276,-0.55763,0.014409,0.06,-0.1291,-0.1762,-0.018569,0.036,,,,,,,,,,,,,,,,
main,rain_pilot,precip,4,99,premonsoon_MAM,all,persistence,baseline,False,18564,25,-1.7936,8.4704,18.224,12.447,23.114,8.4704,5.6433,11.505,457,0.17943,0.67843,0.13016,0.55799,0.1214,0.021141,0.23297,0.02952,-0.2631,-0.97211,-0.090334,86,0.11628,0.77273,0.083333,0.51163,0.081774,-0.0005244,0.16176,0.0059254,-0.29339,-1.1183,-0.082013,5.1792,2.4984,8.0459,0,1.8042,0.54082,3.3605,0,-0.10113,-0.24111,0.038753,0.52,,,,,,,,,,,,,,,,
main,rain_pilot,precip,4,99,premonsoon_MAM,all,climatology,baseline,False,18564,25,-4.1937,7.3988,17.241,10.055,23.233,7.3988,4.6405,10.548,457,0,,0,0,0,0,0,0.024618,-0.053354,-0.074555,-0.031834,86,0,,0,0,0,0,0,0.0046326,-0.011198,-0.014065,-0.0063844,4.1962,0.53023,7.8259,0,0.73256,-0.31012,2.3137,0.35,-0.22253,-0.31594,-0.017087,0.036,,,,,,,,,,,,,,,,
main,rain_pilot,precip,4,99,monsoon_JJAS,all,ecmwf_ifs_ctrl,source,False,38028,50,0.32669,8.7964,16.628,13.807,19.757,8.7964,7.4418,10.426,1004,0.17331,0.69039,0.125,0.55976,0.11557,0.036978,0.17919,0.032029,-0.35418,-0.6033,-0.17851,164,0.012195,0.9375,0.010309,0.19512,0.0096048,-0.00025013,0.020302,0.0050489,-0.19309,-0.39648,-0.038606,1.9456,1.3252,2.7066,0,0.91003,0.58401,1.3141,0,0.0119,-0.021,0.04404,0.51,,,,,,,,,,,,,,,,
main,rain_pilot,precip,4,99,monsoon_JJAS,all,ecmwf_aifs,source,False,38028,50,2.1826,8.681,14.997,12.699,17.511,8.681,7.4365,10.149,1004,0.18924,0.60581,0.1466,0.48008,0.13814,0.0481,0.20031,0.029084,-0.22965,-0.43803,-0.077086,164,0,1,0,0.054878,-0.00022441,-0.00063327,0,0.0045493,-0.075028,-0.20685,-0.00074905,0.31502,-0.34944,1.0083,0.344,0.79467,0.41673,1.1777,0,0.03447,0.0055688,0.067383,0.012,,,,,,,,,,,,,,,,
main,rain_pilot,precip,4,99,monsoon_JJAS,all,ncep_gfs,source,False,38028,50,-3.3637,8.4973,17.9,15.087,20.792,8.4973,7.2076,10.004,1004,0.039841,0.83193,0.033278,0.23705,0.028198,0.00065994,0.055881,0.030556,-0.29192,-0.43083,-0.18532,164,0,1,0,0.2439,-0.00084633,-0.0016616,-0.00019959,0.0053645,-0.26766,-0.57805,-0.067934,3.2181,2.1481,4.2922,0,0.61099,0.014016,1.1702,0.042,-0.075475,-0.11381,-0.017317,0.018,,,,,,,,,,,,,,,,
main,rain_pilot,precip,4,99,monsoon_JJAS,all,ecmwf_ifs_ens,source,True,38028,50,1.2314,8.4485,14.934,12.547,17.802,5.8145,4.9522,6.8576,1004,0.15339,0.55233,0.12898,0.34263,0.1223,0.031778,0.18226,0.022577,0.045452,-0.02274,0.10564,164,0,1,0,0.04878,-0.00020063,-0.00043565,0,0.0044066,-0.04132,-0.068946,-0.0055886,0.25221,-0.019684,0.54932,0.076,-2.0718,-2.5248,-1.7256,0,0.01863,0.0038741,0.030373,0.006,,,,,,,,,,,,,,,,
main,rain_pilot,precip,4,99,monsoon_JJAS,all,equal_mean,baseline,False,38028,50,0.12113,7.8863,14.682,12.196,17.549,7.8863,6.7532,9.2307,1004,0.12151,0.49167,0.10873,0.23904,0.10367,0.020334,0.16395,0.026296,-0.1118,-0.15948,-0.045331,164,0,,0,0,0,0,0,0.0043126,-0.019102,-0.031711,0.010897,,,,,,,,,,,,,,,,,,,,,,,,,,,,
main,rain_pilot,precip,4,99,monsoon_JJAS,all,superensemble,baseline,False,38028,50,-2.464,8.0821,16.247,13.205,19.59,8.0821,6.7869,9.5629,1004,0.030876,0.50794,0.029923,0.062749,0.028363,-0.00010467,0.078551,0.026428,-0.11736,-0.15138,-0.057868,164,0,,0,0,0,0,0,0.0043126,-0.019102,-0.031711,0.010897,1.5648,0.47473,2.7342,0.002,0.19575,-0.24074,0.69849,0.438,-0.07531,-0.12595,-0.018081,0.016,,,,,,,,,,,,,,,,
main,rain_pilot,precip,4,99,monsoon_JJAS,all,persistence,baseline,False,38028,50,0.57237,12.151,23.822,20.981,26.831,12.151,10.58,13.924,1004,0.087649,0.92624,0.041726,1.1882,0.027198,0.0055934,0.053247,0.053145,-1.247,-2.1124,-0.67315,164,0,1,0,1.2439,-0.0023964,-0.0035329,-0.0012649,0.0096771,-1.2868,-3.3822,-0.48944,9.1403,6.2086,12.175,0,4.2651,2.694,5.8344,0,-0.076475,-0.14461,0.015614,0.102,,,,,,,,,,,,,,,,
main,rain_pilot,precip,4,99,monsoon_JJAS,all,climatology,baseline,False,38028,50,-0.32731,9.0098,16.27,13.577,19.171,9.0098,8.0758,10.118,1004,0,,0,0,0,0,0,0.026402,-0.11625,-0.14978,-0.056536,164,0,,0,0,0,0,0,0.0043126,-0.019102,-0.031711,0.010897,1.5877,0.82189,2.3729,0,1.1234,0.47176,1.7252,0,-0.10367,-0.16395,-0.020334,0.01,,,,,,,,,,,,,,,,
main,rain_pilot,precip,4,99,postmonsoon_OND,all,ecmwf_ifs_ctrl,source,False,28548,38,1.1457,5.4179,12.712,8.8352,16.709,5.4179,3.9889,7.0822,158,0.12658,0.86842,0.068966,0.96203,0.066257,-0.00036628,0.096768,0.0094578,-0.71056,-1.5786,-0.0013422,32,0.25,0.86207,0.097561,1.8125,0.096845,-0.00017429,0.11887,0.0025921,-1.3091,-2.3029,0.013662,2.468,0.7516,4.8768,0,0.36737,-0.03637,0.96909,0.086,-0.0031656,-0.05338,0.01549,0.784,,,,,,,,,,,,,,,,
main,rain_pilot,precip,4,99,postmonsoon_OND,all,ecmwf_aifs,source,False,28548,38,1.5863,4.9459,10.086,7.9179,12.301,4.9459,3.7864,6.194,158,0.082278,0.27778,0.079755,0.11392,0.079192,0,0.1805,0.0052543,0.049689,-0.0066393,0.12231,32,0,,0,0,0,0,0,0.0011209,0.0014717,-0.00020512,0.036346,-0.15869,-0.49241,0.13109,0.336,-0.10457,-0.34819,0.1145,0.372,0.0097694,0,0.031396,0.712,,,,,,,,,,,,,,,,
main,rain_pilot,precip,4,99,postmonsoon_OND,all,ncep_gfs,source,False,28548,38,1.0799,5.7571,13.005,10.348,15.693,5.7571,4.3455,7.2283,158,0.012658,0.9823,0.0074349,0.71519,0.0051219,-0.0024028,0.016153,0.0093527,-0.69155,-1.3965,-0.31234,32,0,1,0,0.4375,-0.00034127,-0.00063142,-5.9267e-05,0.0016113,-0.43538,-5.5152,-0.075959,2.7606,1.6636,3.7934,0,0.70659,0.27495,1.1497,0.002,-0.064301,-0.15106,0.015757,0.638,,,,,,,,,,,,,,,,
main,rain_pilot,precip,4,99,postmonsoon_OND,all,ecmwf_ifs_ens,source,True,28548,38,1.5424,5.4071,10.493,8.3541,12.559,3.3688,2.6004,4.1382,158,0.044304,0.22222,0.04375,0.056962,0.043452,-9.9378e-05,0.10218,0.0052466,0.051078,-0.065694,0.13352,32,0,,0,0,0,0,0,0.0010219,0.089649,-0.2503,0.15746,0.24843,-0.1246,0.7718,0.254,-1.6817,-2.1577,-1.2629,0,-0.02597,-0.047059,0,0.26,,,,,,,,,,,,,,,,
main,rain_pilot,precip,4,99,postmonsoon_OND,all,equal_mean,baseline,False,28548,38,1.325,5.0505,10.244,7.965,12.466,5.0505,3.88,6.2855,158,0.075949,0.52,0.070175,0.15823,0.069422,0,0.14889,0.0055696,-0.0073293,-0.016391,0.012307,32,0,1,0,0.03125,-3.3968e-05,-0.00010373,0,0.0011559,-0.029732,-0.051006,0.036346,,,,,,,,,,,,,,,,,,,,,,,,,,,,
main,rain_pilot,precip,4,99,postmonsoon_OND,all,superensemble,baseline,False,28548,38,0.16623,4.7073,10.016,7.7382,12.325,4.7073,3.7027,5.7561,158,0,,0,0,0,0,0,0.0055345,-0.00099389,-0.0079029,0.013282,32,0,,0,0,0,0,0,0.0011209,0.0014717,-0.00020512,0.036346,-0.22807,-0.49831,-0.0074037,0.034,-0.34319,-0.57433,-0.11721,0.004,-0.069422,-0.14889,0,0.712,,,,,,,,,,,,,,,,
main,rain_pilot,precip,4,99,postmonsoon_OND,all,persistence,baseline,False,28548,38,0.39203,6.7549,15.854,13.32,18.288,6.7549,5.3079,8.198,158,0.012658,0.9883,0.0061162,1.0823,0.0032314,-0.0035538,0.018739,0.011384,-1.059,-2.7091,-0.41398,32,0,1,0,1.0625,-0.00057778,-0.0010077,-6.7167e-05,0.0023119,-1.0595,-18.272,-0.10076,5.6096,3.7951,7.7154,0,1.7044,0.82611,2.7383,0,-0.066191,-0.14976,0.015813,0.468,,,,,,,,,,,,,,,,
main,rain_pilot,precip,4,99,postmonsoon_OND,all,climatology,baseline,False,28548,38,-0.14628,5.3778,11.262,8.506,13.978,5.3778,4.3547,6.444,158,0,,0,0,0,0,0,0.0055345,-0.00099389,-0.0079029,0.013282,32,0,,0,0,0,0,0,0.0011209,0.0014717,-0.00020512,0.036346,1.0173,0.28359,1.7706,0.006,0.3273,-0.15444,0.84234,0.198,-0.069422,-0.14889,0,0.712,,,,,,,,,,,,,,,,
main,rain_pilot,precip,5,123,all,all,ecmwf_ifs_ctrl,source,False,94380,122,0.47548,6.6428,14.143,12.278,16.089,6.6428,5.719,7.6092,1619,0.22854,0.6432,0.16185,0.64052,0.15528,0.075261,0.22546,0.020301,-0.28477,-0.54182,-0.072073,282,0.035461,0.92063,0.025126,0.44681,0.024203,0.0028087,0.048631,0.004111,-0.39554,-0.72141,-0.16879,1.5381,1.0623,2.0262,0,0.50447,0.29383,0.73884,0,0.048342,0.0093417,0.088443,0.004,,,,,,,,,,,,,,,,
main,rain_pilot,precip,5,123,all,all,ecmwf_aifs,source,False,94380,122,1.4064,6.3703,12.457,10.827,14.129,6.3703,5.5232,7.2856,1619,0.17912,0.54899,0.14706,0.39716,0.14226,0.075132,0.19301,0.017822,-0.12786,-0.2589,-0.020361,282,0,1,0,0.028369,-8.2432e-05,-0.00023981,0,0.0030727,-0.04306,-0.1092,-0.0037056,-0.14788,-0.54303,0.24823,0.47,0.23192,0.060282,0.42509,0.01,0.035322,-1.0056e-05,0.069396,0.052,,,,,,,,,,,,,,,,
main,rain_pilot,precip,5,123,all,all,ncep_gfs,source,False,94380,122,-0.85308,7.1158,16.822,14.245,19.562,7.1158,6.1001,8.2613,1619,0.079061,0.81818,0.058314,0.43484,0.053105,0.012982,0.09997,0.021901,-0.38602,-0.65022,-0.22073,282,0.035461,0.93056,0.024038,0.51064,0.023028,-0.00035617,0.059463,0.0043018,-0.46028,-0.98183,-0.19431,4.2175,2.9571,5.8953,0,0.97741,0.62492,1.395,0,-0.053835,-0.088451,-0.013868,0.004,,,,,,,,,,,,,,,,
main,rain_pilot,precip,5,123,all,all,ecmwf_ifs_ens,source,True,94380,122,0.78773,6.421,12.644,10.978,14.405,4.25,3.6975,4.8792,1619,0.13095,0.52573,0.11435,0.2761,0.11067,0.04525,0.1689,0.01425,0.098201,0.011039,0.18519,282,0,1,0,0.028369,-8.2432e-05,-0.00018169,-1.0515e-05,0.0029924,-0.015821,-0.040867,0.011268,0.03987,-0.39211,0.35929,0.808,-1.8883,-2.2063,-1.6059,0,0.0037296,-0.040071,0.049398,0.924,,,,,,,,,,,,,,,,
main,rain_pilot,precip,5,123,all,all,equal_mean,baseline,False,94380,122,0.44662,6.1384,12.604,10.878,14.376,6.1384,5.332,7.0289,1619,0.12724,0.5412,0.11063,0.27733,0.10694,0.041358,0.15761,0.017546,-0.11042,-0.22859,-0.012648,282,0.0035461,0.94737,0.0033333,0.067376,0.0031447,-0.00027619,0.010676,0.003168,-0.075431,-0.21723,-0.0044911,,,,,,,,,,,,,,,,,,,,,,,,,,,,
main,rain_pilot,precip,5,123,all,all,superensemble,baseline,False,94380,122,-1.5201,6.1839,13.629,11.585,15.834,6.1839,5.3302,7.1803,1619,0.04756,0.52469,0.045188,0.10006,0.043628,0.0023353,0.082381,0.017239,-0.090979,-0.14049,-0.036908,282,0,1,0,0.010638,-3.1453e-05,-9.405e-05,0,0.0030197,-0.025076,-0.052896,-0.0037023,1.0243,0.31995,1.7439,0.002,0.045526,-0.18716,0.32307,0.748,-0.063311,-0.087495,-0.03011,0,,,,,,,,,,,,,,,,
main,rain_pilot,precip,5,123,all,all,persistence,baseline,False,94380,122,0.01068,8.9585,19.8,17.52,22.07,8.9585,7.7254,10.321,1619,0.093267,0.90673,0.048915,1,0.040281,0.019123,0.059124,0.031108,-0.96872,-1.5203,-0.59497,282,0.014184,0.98582,0.0071429,1,0.0056467,-0.0017917,0.020674,0.0058911,-0.9998,-2.0093,-0.45756,7.1956,5.5485,8.8887,0,2.8201,2.0328,3.6408,0,-0.066659,-0.1212,-0.0060356,0.04,,,,,,,,,,,,,,,,
main,rain_pilot,precip,5,123,all,all,climatology,baseline,False,94380,122,-0.97904,6.757,14.272,12.08,16.455,6.757,5.9012,7.7412,1619,0,,0,0,0,0,0,0.017154,-0.085614,-0.11722,-0.047003,282,0,,0,0,0,0,0,0.0029879,-0.014286,-0.024548,0.0020116,1.668,0.73163,2.8708,0,0.61861,0.22411,1.0576,0.004,-0.10694,-0.15761,-0.041358,0,,,,,,,,,,,,,,,,
main,rain_pilot,precip,5,123,winter_JF,all,ecmwf_ifs_ctrl,source,False,9204,13,0.5352,0.68766,2.6908,1.723,3.5527,0.68766,0.3052,1.1319,0,,,,,,,,0,1,1,1,0,,,,,,,,0,1,1,1,0.77086,0.36589,1.2145,0,0.019546,-0.1122,0.1459,0.766,,,,,,,,,,,,,,,,,,,,
main,rain_pilot,precip,5,123,winter_JF,all,ecmwf_aifs,source,False,9204,13,0.42627,0.58508,1.5567,0.87765,2.0567,0.58508,0.34133,0.87932,0,,,,,,,,0,1,1,1,0,,,,,,,,0,1,1,1,-0.36322,-0.55844,-0.17983,0,-0.083039,-0.2292,0.046591,0.248,,,,,,,,,,,,,,,,,,,,
main,rain_pilot,precip,5,123,winter_JF,all,ncep_gfs,source,False,9204,13,0.28087,0.45317,1.899,1.0021,2.5696,0.45317,0.15978,0.78029,0,,,,,,,,0,1,1,1,0,,,,,,,,0,1,1,1,-0.020911,-0.32819,0.17757,0.874,-0.21494,-0.33299,-0.11561,0,,,,,,,,,,,,,,,,,,,,
main,rain_pilot,precip,5,123,winter_JF,all,ecmwf_ifs_ens,source,True,9204,13,0.96054,1.0381,2.8904,1.6685,3.8699,0.39037,0.15731,0.65989,0,,,,,,,,8.9183e-05,-129.91,-429.08,-15.727,0,,,,,,,,1.4035e-05,-519.95,-1761.5,-11.103,0.97044,0.51588,1.3823,0,-0.27775,-0.43268,-0.1401,0,,,,,,,,,,,,,,,,,,,,
main,rain_pilot,precip,5,123,winter_JF,all,equal_mean,baseline,False,9204,13,0.55072,0.66812,1.9199,1.1302,2.5209,0.66812,0.30078,1.081,0,,,,,,,,0,1,1,1,0,,,,,,,,0,1,1,1,,,,,,,,,,,,,,,,,,,,,,,,,,,,
main,rain_pilot,precip,5,123,winter_JF,all,superensemble,baseline,False,9204,13,-0.39487,1.0642,1.7758,1.1833,2.2821,1.0642,0.88607,1.2792,0,,,,,,,,0,1,1,1,0,,,,,,,,0,1,1,1,-0.1441,-0.32091,0.080977,0.188,0.3961,0.15073,0.60895,0,,,,,,,,,,,,,,,,,,,,
main,rain_pilot,precip,5,123,winter_JF,all,persistence,baseline,False,9204,13,0.05297,0.34926,1.9262,1.169,2.5324,0.34926,0.14571,0.58312,0,,,,,,,,0,1,1,1,0,,,,,,,,0,1,1,1,0.0062336,-0.72805,0.86899,0.968,-0.31886,-0.7308,0.076721,0.118,,,,,,,,,,,,,,,,,,,,
main,rain_pilot,precip,5,123,winter_JF,all,climatology,baseline,False,9204,13,0.18581,0.46514,1.3263,0.65294,1.9988,0.46514,0.36797,0.61534,0,,,,,,,,0,1,1,1,0,,,,,,,,0,1,1,1,-0.59358,-1.1855,-0.12355,0.004,-0.20298,-0.61925,0.12744,0.276,,,,,,,,,,,,,,,,,,,,
main,rain_pilot,precip,5,123,premonsoon_MAM,all,ecmwf_ifs_ctrl,source,False,18408,25,0.9614,7.1431,14.727,9.818,18.732,7.1431,4.8041,9.7657,457,0.41357,0.55944,0.27116,0.93873,0.25985,0.0096358,0.37092,0.027597,-0.17092,-1.1774,0.20636,86,0.081395,0.86792,0.05303,0.61628,0.051251,-0.00082544,0.089226,0.0067905,-0.46977,-1.8222,-0.12392,1.0328,0.16796,1.8897,0.008,0.31788,-0.038338,0.72088,0.088,0.092202,-0.008728,0.15355,0.08,,,,,,,,,,,,,,,,
main,rain_pilot,precip,5,123,premonsoon_MAM,all,ecmwf_aifs,source,False,18408,25,0.47619,6.8144,13.22,9.2509,16.477,6.8144,4.8432,8.9491,457,0.22757,0.49758,0.18571,0.45295,0.17817,0.026236,0.24156,0.024772,-0.051063,-0.3569,0.1309,86,0,,0,0,0,0,0,0.0046719,-0.011201,-0.014071,-0.0063852,-0.47392,-1.6928,0.5418,0.604,-0.01084,-0.4179,0.32754,0.92,0.010522,-0.071123,0.054748,0.774,,,,,,,,,,,,,,,,
main,rain_pilot,precip,5,123,premonsoon_MAM,all,ncep_gfs,source,False,18408,25,-0.26076,8.383,21.022,12.409,29.07,8.383,5.3402,11.682,457,0.10941,0.79839,0.076336,0.54267,0.067571,0.0064118,0.16279,0.032866,-0.3945,-1.5705,-0.050446,86,0.023256,0.96825,0.013605,0.73256,0.011626,-0.0004947,0.037414,0.007877,-0.70493,-4.3403,-0.068612,7.3281,2.8312,12.302,0,1.5578,0.49961,2.7887,0.002,-0.10008,-0.15055,0.0063384,0.066,,,,,,,,,,,,,,,,
main,rain_pilot,precip,5,123,premonsoon_MAM,all,ecmwf_ifs_ens,source,True,18408,25,0.68211,6.7958,12.926,9.0214,16.215,4.5266,3.1733,6.0064,457,0.23414,0.45128,0.19633,0.4267,0.18913,0,0.29246,0.017135,0.27298,0.064286,0.34807,86,0,1,0,0.034884,-0.0001575,-0.00048201,0,0.0045252,0.020543,-0.030416,0.039197,-0.76766,-2.2761,0.24322,0.488,-2.2986,-3.2621,-1.5008,0,0.021477,-0.0637,0.10635,0.812,,,,,,,,,,,,,,,,
main,rain_pilot,precip,5,123,premonsoon_MAM,all,equal_mean,baseline,False,18408,25,0.46474,6.8252,13.694,9.1049,17.273,6.8252,4.7064,9.1337,457,0.21663,0.52174,0.17522,0.45295,0.16765,0.021609,0.21985,0.025315,-0.074113,-0.61981,0.12231,86,0,1,0,0.16279,-0.00065449,-0.0016759,0,0.0054324,-0.17581,-1.0966,-0.0095592,,,,,,,,,,,,,,,,,,,,,,,,,,,,
main,rain_pilot,precip,5,123,premonsoon_MAM,all,superensemble,baseline,False,18408,25,-2.6273,6.4937,14.238,9.6216,17.905,6.4937,4.391,8.7294,457,0.085339,0.52439,0.078,0.17943,0.074231,-0.0011198,0.10129,0.025043,-0.062588,-0.19319,0.030137,86,0,1,0,0.034884,-0.0001575,-0.00046087,0,0.0048349,-0.046475,-0.24205,-0.0095592,0.54474,0.025937,1.2023,0.04,-0.33155,-0.64721,-0.02811,0.032,-0.09342,-0.11885,-0.021609,0.026,,,,,,,,,,,,,,,,
main,rain_pilot,precip,5,123,premonsoon_MAM,all,persistence,baseline,False,18408,25,-2.3168,8.6517,18.246,12.762,22.88,8.6517,5.8574,11.791,457,0.1488,0.64398,0.11724,0.41794,0.10996,0.017736,0.17273,0.027814,-0.18014,-0.82148,-0.036202,86,0.046512,0.80952,0.038835,0.24419,0.037919,-0.0010312,0.070608,0.0053781,-0.16406,-1.1383,-0.024459,4.5521,2.3465,6.941,0,1.8265,0.58621,3.3774,0,-0.057686,-0.10899,0.034847,0.144,,,,,,,,,,,,,,,,
main,rain_pilot,precip,5,123,premonsoon_MAM,all,climatology,baseline,False,18408,25,-4.246,7.422,17.303,10.132,23.297,7.422,4.6403,10.552,457,0,,0,0,0,0,0,0.024826,-0.053368,-0.074601,-0.031834,86,0,,0,0,0,0,0,0.0046719,-0.011201,-0.014071,-0.0063852,3.6095,0.13102,7.0244,0.04,0.59675,-0.46823,2.0964,0.432,-0.16765,-0.21985,-0.021609,0.026,,,,,,,,,,,,,,,,
main,rain_pilot,precip,5,123,monsoon_JJAS,all,ecmwf_ifs_ctrl,source,False,38064,50,-0.082948,8.8194,16.864,13.958,20.183,8.8194,7.4823,10.546,1004,0.16633,0.6813,0.1227,0.52191,0.1137,0.045245,0.17202,0.031368,-0.32722,-0.57334,-0.1373,164,0.012195,0.96552,0.0090909,0.35366,0.0079641,-0.0011114,0.019756,0.0057272,-0.3546,-0.72679,-0.051583,1.9499,1.2168,2.7381,0,0.89723,0.4927,1.368,0,0.02563,-0.0053308,0.073273,0.14,,,,,,,,,,,,,,,,
main,rain_pilot,precip,5,123,monsoon_JJAS,all,ecmwf_aifs,source,False,38064,50,1.8824,8.5177,14.866,12.537,17.45,8.5177,7.3544,9.9595,1004,0.17928,0.5814,0.14354,0.42829,0.13572,0.049056,0.19704,0.028216,-0.19383,-0.36114,-0.076137,164,0,1,0,0.04878,-0.00020044,-0.00056907,0,0.0045187,-0.068766,-0.1827,-0.00055383,-0.047733,-0.64974,0.52875,0.86,0.59552,0.27732,0.90662,0,0.047651,0.0053606,0.092516,0.022,,,,,,,,,,,,,,,,
main,rain_pilot,precip,5,123,monsoon_JJAS,all,ncep_gfs,source,False,38064,50,-2.8593,9.034,18.876,15.929,22.136,9.034,7.6908,10.61,1004,0.076693,0.78,0.060298,0.34861,0.053455,0.0052869,0.11533,0.031526,-0.33389,-0.5604,-0.19353,164,0.04878,0.87879,0.036036,0.40244,0.0348,-0.00094045,0.080987,0.0056221,-0.32974,-0.65493,-0.1077,3.9616,2.7096,5.2595,0,1.1118,0.5387,1.695,0,-0.034618,-0.071589,0.0098458,0.144,,,,,,,,,,,,,,,,
main,rain_pilot,precip,5,123,monsoon_JJAS,all,ecmwf_ifs_ens,source,True,38064,50,0.4911,8.277,15.004,12.544,17.97,5.7107,4.8932,6.7398,1004,0.10458,0.58333,0.091225,0.251,0.085946,0.018954,0.14168,0.022863,0.032663,-0.029627,0.085639,164,0,1,0,0.030488,-0.00012749,-0.00029112,0,0.0043818,-0.036374,-0.055701,-0.0092656,0.090322,-0.21443,0.37649,0.488,-2.2115,-2.7307,-1.812,0,-0.0021266,-0.060416,0.050127,0.962,,,,,,,,,,,,,,,,
main,rain_pilot,precip,5,123,monsoon_JJAS,all,equal_mean,baseline,False,38064,50,-0.14334,7.9222,14.914,12.378,17.857,7.9222,6.833,9.2975,1004,0.10558,0.55833,0.093146,0.23904,0.088073,0.0069009,0.15827,0.027112,-0.14714,-0.21018,-0.071642,164,0.0060976,0.8,0.0059524,0.030488,0.0058249,0,0.015779,0.0043873,-0.037697,-0.079262,0.0098169,,,,,,,,,,,,,,,,,,,,,,,,,,,,
main,rain_pilot,precip,5,123,monsoon_JJAS,all,superensemble,baseline,False,38064,50,-2.5789,8.3007,16.779,13.524,20.47,8.3007,6.9333,9.9139,1004,0.037849,0.525,0.036329,0.079681,0.034381,0,0.093493,0.026482,-0.12047,-0.16463,-0.069682,164,0,,0,0,0,0,0,0.0043085,-0.019056,-0.031711,0.011014,1.8648,0.52661,3.1666,0.008,0.37856,-0.1657,0.96617,0.164,-0.053692,-0.086493,-0.00383,0.024,,,,,,,,,,,,,,,,
main,rain_pilot,precip,5,123,monsoon_JJAS,all,persistence,baseline,False,38064,50,0.80138,12.666,24.729,21.694,28.17,12.666,11.031,14.627,1004,0.081673,0.93477,0.037632,1.252,0.022762,0.0034943,0.04361,0.055091,-1.331,-2.215,-0.77299,164,0,1,0,1.3841,-0.0025076,-0.0037037,-0.0012911,0.010272,-1.4296,-3.7424,-0.5644,9.8148,7.0028,13.303,0,4.7443,3.3348,6.4414,0,-0.065311,-0.14732,0.024109,0.184,,,,,,,,,,,,,,,,
main,rain_pilot,precip,5,123,monsoon_JJAS,all,climatology,baseline,False,38064,50,-0.31139,9.0169,16.271,13.585,19.169,9.0169,8.0837,10.13,1004,0,,0,0,0,0,0,0.026377,-0.11602,-0.14977,-0.056281,164,0,,0,0,0,0,0,0.0043085,-0.019056,-0.031711,0.011014,1.3568,0.53917,2.2041,0,1.0947,0.47329,1.6707,0,-0.088073,-0.15827,-0.0069009,0.002,,,,,,,,,,,,,,,,
main,rain_pilot,precip,5,123,postmonsoon_OND,all,ecmwf_ifs_ctrl,source,False,28704,38,0.88524,5.3453,11.794,9.2463,14.176,5.3453,4.0876,6.6022,158,0.088608,0.83333,0.061404,0.53165,0.059496,-0.00075204,0.10178,0.0074554,-0.35577,-0.77231,0.0031277,32,0.03125,0.93333,0.021739,0.46875,0.021383,-0.00027661,0.035495,0.0015677,-0.40418,-2.9096,0.013662,1.4999,0.655,2.6116,0,0.25878,-0.021917,0.59217,0.072,0.053276,-0.00068093,0.087464,0.234,,,,,,,,,,,,,,,,
main,rain_pilot,precip,5,123,postmonsoon_OND,all,ecmwf_aifs,source,False,28704,38,1.686,5.0929,10.211,8.06,12.41,5.0929,3.9042,6.3427,158,0.037975,0,0.037975,0.037975,0.037774,0,0.089795,0.0052954,0.037021,-0.0066369,0.093612,32,0,,0,0,0,0,0,0.0011148,0.001472,-0.00020483,0.036355,-0.083677,-0.62838,0.33623,0.86,0.0064204,-0.33816,0.30412,0.92,0.031553,0,0.075109,0.26,,,,,,,,,,,,,,,,
main,rain_pilot,precip,5,123,postmonsoon_OND,all,ncep_gfs,source,False,28704,38,1.0638,5.8958,13.168,10.263,15.999,5.8958,4.4249,7.4596,158,0.0063291,0.99057,0.0038023,0.67089,0.0015873,-0.0032093,0.012116,0.0091276,-0.65987,-1.1886,-0.32164,32,0,1,0,0.46875,-0.00035592,-0.00082338,-3.426e-05,0.0016374,-0.46659,-2.4566,-0.11772,2.874,1.7103,4.1457,0,0.80931,0.25001,1.3694,0.002,-0.0046332,-0.016847,0.011904,0.552,,,,,,,,,,,,,,,,
main,rain_pilot,precip,5,123,postmonsoon_OND,all,ecmwf_ifs_ens,source,True,28704,38,1.1934,5.4453,10.831,8.3915,13.269,3.3734,2.5731,4.1981,158,0,,0,0,0,0,0,0.0055182,-0.0034903,-0.07048,0.029471,32,0,,0,0,0,0,0,0.0011222,-0.0050903,-0.21509,0.015943,0.53654,0.070901,1.0899,0.014,-1.7131,-2.0757,-1.3298,0,-0.0062205,-0.014761,9.8945e-05,0.712,,,,,,,,,,,,,,,,
main,rain_pilot,precip,5,123,postmonsoon_OND,all,equal_mean,baseline,False,28704,38,1.184,5.0865,10.294,8.0459,12.549,5.0865,3.9809,6.2243,158,0.0063291,0.5,0.0062893,0.012658,0.0062205,-9.8945e-05,0.014761,0.0055045,-0.00099121,-0.025424,0.016394,32,0,,0,0,0,0,0,0.0011148,0.001472,-0.00020483,0.036355,,,,,,,,,,,,,,,,,,,,,,,,,,,,
main,rain_pilot,precip,5,123,postmonsoon_OND,all,superensemble,baseline,False,28704,38,0.23316,4.8198,10.313,7.7923,12.813,4.8198,3.7566,5.9597,158,0,,0,0,0,0,0,0.0055045,-0.00099121,-0.0078996,0.013283,32,0,,0,0,0,0,0,0.0011148,0.001472,-0.00020483,0.036355,0.018852,-0.29433,0.32971,0.916,-0.2667,-0.45909,-0.086736,0.004,-0.0062205,-0.014761,9.8945e-05,0.712,,,,,,,,,,,,,,,,
main,rain_pilot,precip,5,123,postmonsoon_OND,all,persistence,baseline,False,28704,38,0.44118,6.9986,16.231,13.654,18.663,6.9986,5.5289,8.5429,158,0.0063291,0.99415,0.0030488,1.0823,0.00017959,-0.0033879,0.00645,0.011392,-1.0717,-2.7479,-0.427,32,0,1,0,1.0625,-0.00057463,-0.0010055,-6.6384e-05,0.0022993,-1.0595,-18.581,-0.090007,5.9362,4.2792,7.9149,0,1.9121,1.0379,2.8881,0,-0.0060409,-0.017124,0.00598,0.446,,,,,,,,,,,,,,,,
main,rain_pilot,precip,5,123,postmonsoon_OND,all,climatology,baseline,False,28704,38,-0.14278,5.3513,11.231,8.4637,13.977,5.3513,4.3231,6.403,158,0,,0,0,0,0,0,0.0055045,-0.00099121,-0.0078996,0.013283,32,0,,0,0,0,0,0,0.0011148,0.001472,-0.00020483,0.036355,0.93666,0.29146,1.6509,0.004,0.26478,-0.19676,0.80242,0.314,-0.0062205,-0.014761,9.8945e-05,0.712,,,,,,,,,,,,,,,,
late,rain_pilot,precip,1,27,all,all,ecmwf_ifs_ctrl,source,False,27768,36,0.52462,5.5376,10.954,9.0749,12.633,5.5376,4.3254,6.7495,288,0.076389,0.73494,0.063037,0.28819,0.06072,0.013124,0.13292,0.011776,-0.20107,-0.55044,0.0083724,32,0,1,0,0.03125,-3.4923e-05,-0.00010299,0,0.0011884,-0.019358,-0.098353,0.12868,0.62958,0.13064,1.0402,0.03,0.16385,-0.067105,0.35798,0.166,-0.0076375,-0.036155,0.011068,0.546,,,,,,,,,,,,,,,,
late,rain_pilot,precip,1,27,all,all,ecmwf_aifs,source,False,27768,36,1.0485,5.276,10.037,8.2098,11.648,5.276,4.0603,6.5501,288,0.16667,0.53398,0.13994,0.35764,0.13725,0.011425,0.27083,0.010624,-0.083538,-0.33152,0.10574,32,0,,0,0,0,0,0,0.0011524,0.011531,-0.020883,0.1558,-0.28703,-0.65753,0.012286,0.072,-0.097762,-0.29829,0.096533,0.37,0.068897,-0.0062265,0.12458,0.092,,,,,,,,,,,,,,,,
late,rain_pilot,precip,1,27,all,all,ncep_gfs,source,False,27768,36,2.3437,7.1896,16.005,12.076,19.912,7.1896,5.5172,9.0008,288,0.10069,0.92162,0.046105,1.2847,0.04025,0.0040831,0.087977,0.021608,-1.2038,-2.9165,-0.46873,32,0,1,0,3.25,-0.00088203,-0.0016006,-0.00017755,0.0048977,-3.201,-17.029,-0.81168,5.6807,3.0583,8.32,0,1.8159,1.165,2.6093,0,-0.028108,-0.091967,0.015592,0.244,,,,,,,,,,,,,,,,
late,rain_pilot,precip,1,27,all,all,ecmwf_ifs_ens,source,True,27768,36,0.84493,5.4932,10.49,8.5416,12.264,3.9331,3.0478,4.8695,288,0.0625,0.75,0.052632,0.25,0.050558,0.0087791,0.095638,0.0097934,0.0011507,-0.18444,0.16933,32,0,,0,0,0,0,0,0.0011143,0.044202,-0.024095,0.12281,0.16571,-0.17897,0.51559,0.34,-1.4406,-1.8651,-1.0646,0,-0.017799,-0.11628,0.046546,0.674,,,,,,,,,,,,,,,,
late,rain_pilot,precip,1,27,all,all,ecmwf_aifs_ens,source,True,27768,36,0.41011,4.9896,9.9032,8.1363,11.462,3.6082,2.7474,4.482,288,0.10764,0.56944,0.094225,0.25,0.092164,0.0040237,0.22888,0.0093609,0.045258,-0.21083,0.22562,32,0,,0,0,0,0,0,0.0011207,0.038704,0.013709,0.14589,-0.42101,-0.84381,-0.084293,0,-1.7655,-2.2111,-1.3799,0,0.023806,-0.015488,0.067168,0.294,,,,,,,,,,,,,,,,
late,rain_pilot,precip,1,27,all,all,equal_mean,baseline,False,27768,36,1.0344,5.3737,10.324,8.4517,12.074,5.3737,4.1816,6.6475,288,0.086806,0.72222,0.070822,0.3125,0.068358,0.010462,0.16406,0.011812,-0.20475,-0.67969,0.037184,32,0,1,0,0.0625,-6.7793e-05,-0.00019083,0,0.0012244,-0.050248,-0.33356,0.096322,,,,,,,,,,,,,,,,,,,,,,,,,,,,
late,rain_pilot,precip,1,27,all,all,superensemble,baseline,False,27768,36,-0.0024155,5.0101,10.174,8.2746,11.86,5.0101,3.8478,6.2779,288,0.10417,0.62025,0.089021,0.27431,0.0868,0,0.22688,0.011056,-0.12761,-0.51087,0.091566,32,0,1,0,0.03125,-3.4923e-05,-0.00010183,0,0.0011884,-0.019358,-0.1309,0.096322,-0.14981,-0.38157,0.058191,0.198,-0.36358,-0.49271,-0.23562,0,0.018443,-0.013013,0.062281,0.506,,,,,,,,,,,,,,,,
late,rain_pilot,precip,1,27,all,all,persistence,baseline,False,27768,36,0.071608,7.0751,14.906,12.619,17.035,7.0751,5.6066,8.6035,288,0.12153,0.87847,0.064695,1,0.059502,0.0079511,0.11502,0.018222,-0.85854,-1.6279,-0.43301,32,0,1,0,1,-0.00057654,-0.0010431,-9.9839e-05,0.0023048,-0.97694,-3.6341,-0.19261,4.582,2.9889,6.2218,0,1.7014,0.73196,2.6674,0,-0.0088557,-0.094954,0.071003,0.792,,,,,,,,,,,,,,,,
late,rain_pilot,precip,1,27,all,all,climatology,baseline,False,27768,36,0.423,6.755,11.934,10.02,13.695,6.755,5.7967,7.7468,288,0,,0,0,0,0,0,0.010372,-0.057826,-0.12473,0.064138,32,0,,0,0,0,0,0,0.0011524,0.011531,-0.020883,0.1558,1.6098,0.075804,2.8203,0.04,1.3812,0.52994,2.1892,0.008,-0.068358,-0.16406,-0.010462,0.008,,,,,,,,,,,,,,,,
late,rain_pilot,precip,1,27,monsoon_JJAS,all,ecmwf_ifs_ctrl,source,False,14040,18,0.43253,6.8647,12.54,9.8496,15.012,6.8647,5.3352,8.6269,229,0.091703,0.73077,0.073427,0.34061,0.069286,0.013678,0.13842,0.018875,-0.24196,-0.66991,0.028011,29,0,1,0,0.034483,-6.8856e-05,-0.00023964,0,0.0021368,-0.022659,-0.11423,0.18475,0.52861,-0.24898,1.2416,0.204,0.134,-0.28352,0.48953,0.522,-0.010047,-0.042842,0.0066055,0.622,,,,,,,,,,,,,,,,
late,rain_pilot,precip,1,27,monsoon_JJAS,all,ecmwf_aifs,source,False,14040,18,1.5702,6.8246,11.689,9.0994,13.996,6.8246,5.1659,8.6492,229,0.20961,0.53398,0.16901,0.44978,0.16407,0.018438,0.30582,0.016809,-0.10604,-0.43248,0.16096,29,0,,0,0,0,0,0,0.0020655,0.01143,-0.018844,0.25458,-0.32161,-0.93095,0.21341,0.29,0.093896,-0.28212,0.42752,0.586,0.084736,-0.0024194,0.1553,0.07,,,,,,,,,,,,,,,,
late,rain_pilot,precip,1,27,monsoon_JJAS,all,ncep_gfs,source,False,14040,18,1.8364,8.6927,18.893,12.733,24.664,8.6927,6.2807,11.504,229,0.10044,0.91986,0.046653,1.2533,0.037514,0.002145,0.089106,0.033476,-1.2027,-3.2302,-0.28348,29,0,1,0,2.8966,-0.0015378,-0.0028035,-0.00016728,0.0080484,-2.852,-20.142,-0.3935,6.8825,2.4802,11.32,0,1.9621,0.8962,3.4449,0,-0.041819,-0.10753,0.0012145,0.066,,,,,,,,,,,,,,,,
late,rain_pilot,precip,1,27,monsoon_JJAS,all,ecmwf_ifs_ens,source,True,14040,18,0.99304,6.9149,12.176,9.4088,14.735,5.0055,3.7362,6.4118,229,0.078603,0.74648,0.06383,0.31004,0.05997,0.01492,0.12247,0.015239,-0.0026998,-0.23886,0.2182,29,0,,0,0,0,0,0,0.0019823,0.051259,-0.012823,0.20256,0.16502,-0.34507,0.75014,0.638,-1.7251,-2.4001,-1.182,0,-0.019364,-0.12468,0.06281,0.824,,,,,,,,,,,,,,,,
late,rain_pilot,precip,1,27,monsoon_JJAS,all,ecmwf_aifs_ens,source,True,14040,18,0.82347,6.3568,11.329,8.8592,13.569,4.6106,3.4051,5.9023,229,0.13537,0.56944,0.11481,0.31441,0.11095,0.0058725,0.24824,0.01431,0.058408,-0.27203,0.28067,29,0,,0,0,0,0,0,0.0020026,0.04156,0.017058,0.24554,-0.6817,-1.2523,-0.16212,0,-2.12,-2.8246,-1.521,0,0.031615,-0.01372,0.079565,0.234,,,,,,,,,,,,,,,,
late,rain_pilot,precip,1,27,monsoon_JJAS,all,equal_mean,baseline,False,14040,18,1.1311,6.7307,12.011,9.3661,14.522,6.7307,5.1583,8.6236,229,0.1048,0.70732,0.083624,0.35808,0.079333,0.008017,0.17664,0.018732,-0.23258,-0.80842,0.097726,29,0,1,0,0.068966,-0.00013328,-0.00035436,0,0.002208,-0.056747,-0.44806,0.11279,,,,,,,,,,,,,,,,,,,,,,,,,,,,
late,rain_pilot,precip,1,27,monsoon_JJAS,all,superensemble,baseline,False,14040,18,0.35689,6.4741,11.798,9.1178,14.255,6.4741,4.8464,8.35,229,0.131,0.62025,0.10791,0.34498,0.10376,0,0.2425,0.017664,-0.16228,-0.61174,0.13457,29,0,1,0,0.034483,-6.8856e-05,-0.00019686,0,0.0021368,-0.022659,-0.14674,0.11602,-0.213,-0.58047,0.078616,0.176,-0.25653,-0.48247,-0.059571,0.004,0.024426,-0.0096128,0.066271,0.396,,,,,,,,,,,,,,,,
late,rain_pilot,precip,1,27,monsoon_JJAS,all,persistence,baseline,False,14040,18,0.018171,8.464,16.606,13.84,19.541,8.464,6.8465,10.172,229,0.14847,0.85153,0.080189,1,0.072014,0.0083698,0.13537,0.027778,-0.82778,-1.8067,-0.36431,29,0,1,0,1,-0.0010338,-0.0020762,-0.0001282,0.0041311,-0.97714,-4.5439,-0.13882,4.5954,2.0485,7.4753,0,1.7334,0.17589,3.3992,0.03,-0.0073194,-0.11559,0.091267,0.89,,,,,,,,,,,,,,,,
late,rain_pilot,precip,1,27,monsoon_JJAS,all,climatology,baseline,False,14040,18,0.52437,8.1582,13.743,11.158,16.319,8.1582,7.2095,9.2765,229,0,,0,0,0,0,0,0.016311,-0.073237,-0.14841,0.099863,29,0,,0,0,0,0,0,0.0020655,0.01143,-0.018844,0.25458,1.7316,-0.83228,3.7537,0.158,1.4275,-0.28214,2.7656,0.086,-0.079333,-0.17664,-0.008017,0.016,,,,,,,,,,,,,,,,
late,rain_pilot,precip,1,27,postmonsoon_OND,all,ecmwf_ifs_ctrl,source,False,13728,18,0.6188,4.1803,9.0488,6.613,11.185,4.1803,2.6444,5.7957,59,0.016949,0.8,0.015873,0.084746,0.015537,-0.0004752,0.064324,0.0045163,-0.052932,-0.20189,0.033247,3,0,,0,0,0,0,0,0.00021853,0.012511,0.0044089,1,0.79916,0.48924,1.0408,0,0.19437,0.0022358,0.35901,0.044,0.00089902,-0.04102,0.060254,1,,,,,,,,,,,,,,,,
late,rain_pilot,precip,1,27,postmonsoon_OND,all,ecmwf_aifs,source,False,13728,18,0.51494,3.6922,8.0019,5.5441,10.133,3.6922,2.2222,5.3013,59,0,,0,0,0,0,0,0.0042978,-0.001984,-0.012311,0.044298,3,0,,0,0,0,0,0,0.00021853,0.012511,0.0044089,1,-0.24772,-0.36963,-0.14311,0,-0.29378,-0.40079,-0.20052,0,-0.014638,-0.04296,0,0.752,,,,,,,,,,,,,,,,
late,rain_pilot,precip,1,27,postmonsoon_OND,all,ncep_gfs,source,False,13728,18,2.8625,5.6522,12.372,8.5425,15.642,5.6522,3.4783,7.9793,59,0.10169,0.92771,0.044118,1.4068,0.041604,-0.0031223,0.11336,0.0094697,-1.2078,-2.695,-0.518,3,0,1,0,6.6667,-0.00019006,-0.00041766,0,0.0016754,-6.5708,-43.503,0.033517,4.122,2.2468,6.0689,0,1.6663,0.95354,2.4298,0,0.026966,-0.0031223,0.074288,0.752,,,,,,,,,,,,,,,,
late,rain_pilot,precip,1,27,postmonsoon_OND,all,ecmwf_ifs_ens,source,True,13728,18,0.69347,4.0393,8.4232,6.0746,10.502,2.8364,1.7671,3.9778,59,0,1,0,0.016949,-7.1635e-05,-0.00021472,0,0.0042245,0.015103,-0.013312,0.066546,3,0,,0,0,0,0,0,0.0002266,-0.023936,-0.046719,0.69204,0.1736,-0.1039,0.43043,0.226,-1.1496,-1.6338,-0.71354,0,-0.01471,-0.043224,0,0.752,,,,,,,,,,,,,,,,
late,rain_pilot,precip,1,27,postmonsoon_OND,all,ecmwf_aifs_ens,source,True,13728,18,-0.012639,3.5913,8.1917,5.6477,10.472,2.583,1.499,3.7912,59,0,,0,0,0,0,0,0.0042995,-0.0023953,-0.014668,0.047251,3,0,,0,0,0,0,0,0.00021884,0.011119,0.0028165,1,-0.05793,-0.28005,0.16768,0.554,-1.403,-1.8314,-0.95243,0,-0.014638,-0.04296,0,0.752,,,,,,,,,,,,,,,,
late,rain_pilot,precip,1,27,postmonsoon_OND,all,equal_mean,baseline,False,13728,18,0.93541,3.9859,8.2496,5.7867,10.39,3.9859,2.4964,5.5764,59,0.016949,0.875,0.015152,0.13559,0.014638,0,0.04296,0.0047348,-0.10388,-0.37075,0.044298,3,0,,0,0,0,0,0,0.00021853,0.012511,0.0044089,1,,,,,,,,,,,,,,,,,,,,,,,,,,,,
late,rain_pilot,precip,1,27,postmonsoon_OND,all,superensemble,baseline,False,13728,18,-0.36989,3.5129,8.1873,5.6715,10.381,3.5129,2.1157,5.0695,59,0,,0,0,0,0,0,0.0042978,-0.001984,-0.012311,0.044298,3,0,,0,0,0,0,0,0.00021853,0.012511,0.0044089,1,-0.062365,-0.32873,0.19579,0.604,-0.47307,-0.6136,-0.30969,0,-0.014638,-0.04296,0,0.752,,,,,,,,,,,,,,,,
late,rain_pilot,precip,1,27,postmonsoon_OND,all,persistence,baseline,False,13728,18,0.12626,5.6546,12.938,9.6071,16.113,5.6546,3.4846,8.12,59,0.016949,0.98305,0.008547,1,0.0063936,-0.0023037,0.016281,0.0084499,-0.97,-2.216,-0.50611,3,0,1,0,1,-0.00010928,-0.00024981,0,0.00043706,-0.97498,-1.9398,1,4.6886,3.1012,6.2676,0,1.6686,0.72353,2.8175,0,-0.0082446,-0.044733,0.015996,0.614,,,,,,,,,,,,,,,,
late,rain_pilot,precip,1,27,postmonsoon_OND,all,climatology,baseline,False,13728,18,0.31932,5.3198,9.7428,7.138,12.23,5.3198,3.9321,6.8108,59,0,,0,0,0,0,0,0.0042978,-0.001984,-0.012311,0.044298,3,0,,0,0,0,0,0,0.00021853,0.012511,0.0044089,1,1.4932,0.99224,2.0289,0,1.3339,0.66771,2.0562,0,-0.014638,-0.04296,0,0.752,,,,,,,,,,,,,,,,
late,rain_pilot,precip,2,51,all,all,ecmwf_ifs_ctrl,source,False,27768,36,0.12783,5.6823,11.306,9.3381,13.006,5.6823,4.4594,6.9198,275,0.014545,0.85185,0.013423,0.098182,0.012537,-0.00053855,0.031934,0.010588,-0.12013,-0.2061,-0.0019115,32,0,1,0,0.0625,-6.7793e-05,-0.00015703,0,0.0012244,-0.051307,-0.19958,0.043569,1.1377,0.82109,1.4427,0,0.45591,0.25187,0.64848,0,0.0098073,-0.00046909,0.022259,0.244,,,,,,,,,,,,,,,,
late,rain_pilot,precip,2,51,all,all,ecmwf_aifs,source,False,27768,36,1.2998,5.4957,10.253,8.3897,11.938,5.4957,4.215,6.7831,275,0.061818,0.62222,0.056106,0.16364,0.054715,-3.5635e-05,0.14729,0.0103,-0.089649,-0.27038,0.074163,32,0,,0,0,0,0,0,0.0011524,0.010535,-0.021472,0.15023,0.084562,-0.23735,0.54518,0.774,0.26927,0.018096,0.57674,0.034,0.051986,0,0.14388,0.066,,,,,,,,,,,,,,,,
late,rain_pilot,precip,2,51,all,all,ncep_gfs,source,False,27768,36,-0.60392,6.0374,12.962,10.781,14.917,6.0374,4.665,7.3748,275,0.014545,0.96226,0.01061,0.38545,0.0078474,-0.002851,0.021623,0.013433,-0.42112,-0.97893,-0.16994,32,0,1,0,0.3125,-0.00027446,-0.00051604,-3.413e-05,0.0015125,-0.29867,-1.7444,-0.013605,2.7937,2.0558,3.4798,0,0.81107,0.44867,1.2147,0,0.0051179,-0.011762,0.021161,0.578,,,,,,,,,,,,,,,,
late,rain_pilot,precip,2,51,all,all,ecmwf_ifs_ens,source,True,27768,36,0.62105,5.4961,10.409,8.6374,12.002,3.8718,3.0405,4.7222,275,0.0072727,0.71429,0.0071429,0.025455,0.006897,-0.00014211,0.020877,0.0092255,0.023988,-0.050109,0.11607,32,0,,0,0,0,0,0,0.001156,0.007444,-0.0133,0.11195,0.24046,-0.024792,0.49972,0.088,-1.3546,-1.7071,-1.0266,0,0.0041675,-0.00010592,0.012243,0.186,,,,,,,,,,,,,,,,
late,rain_pilot,precip,2,51,all,all,ecmwf_aifs_ens,source,True,27768,36,0.40805,5.1597,10.258,8.391,11.995,3.701,2.8093,4.6609,275,0.025455,0.86275,0.021944,0.18545,0.020393,-7.0484e-05,0.036811,0.0096879,-0.024932,-0.26052,0.11549,32,0,,0,0,0,0,0,0.0011481,0.014268,-0.012549,0.14404,0.089574,-0.3339,0.82888,0.794,-1.5254,-1.8745,-1.1544,0,0.017663,-0.0025569,0.036315,0.254,,,,,,,,,,,,,,,,
late,rain_pilot,precip,2,51,all,all,equal_mean,baseline,False,27768,36,0.37057,5.2264,10.168,8.3981,11.693,5.2264,4.1165,6.3423,275,0.0036364,0.95,0.0034014,0.072727,0.0027295,-0.00010584,0.011084,0.010552,-0.11632,-0.25688,0.022082,32,0,,0,0,0,0,0,0.0011524,0.010535,-0.021472,0.15023,,,,,,,,,,,,,,,,,,,,,,,,,,,,
late,rain_pilot,precip,2,51,all,all,superensemble,baseline,False,27768,36,-0.16236,5.2161,9.9993,8.2006,11.547,5.2161,4.1535,6.3204,275,0.0036364,0.85714,0.0035587,0.025455,0.0033128,0,0.014489,0.010084,-0.066789,-0.12876,0.043155,32,0,,0,0,0,0,0,0.0011524,0.010535,-0.021472,0.15023,-0.16911,-0.26776,-0.058115,0.004,-0.01025,-0.16578,0.15389,0.908,0.00058334,0,0.0033571,0.252,,,,,,,,,,,,,,,,
late,rain_pilot,precip,2,51,all,all,persistence,baseline,False,27768,36,0.18095,7.696,16.057,13.763,18.165,7.696,6.1849,9.2152,275,0.065455,0.9375,0.033028,1.0473,0.02794,0.0072503,0.049831,0.018979,-1.0078,-2.0899,-0.50622,32,0,1,0,1,-0.00057654,-0.000932,-0.00011254,0.0023048,-0.97893,-5.9275,-0.14439,5.8881,4.303,7.4748,0,2.4696,1.5602,3.4799,0,0.025211,0.0036955,0.047836,0.02,,,,,,,,,,,,,,,,
late,rain_pilot,precip,2,51,all,all,climatology,baseline,False,27768,36,0.4674,6.7004,11.871,9.9585,13.637,6.7004,5.7022,7.7072,275,0,,0,0,0,0,0,0.0099035,-0.047739,-0.11685,0.074922,32,0,,0,0,0,0,0,0.0011524,0.010535,-0.021472,0.15023,1.7025,0.96597,2.3684,0,1.474,0.8565,2.1547,0,-0.0027295,-0.011084,0.00010584,0.726,,,,,,,,,,,,,,,,
late,rain_pilot,precip,2,51,monsoon_JJAS,all,ecmwf_ifs_ctrl,source,False,13884,18,-0.71609,6.8202,12.709,10.055,15.221,6.8202,5.3771,8.391,216,0.018519,0.77778,0.017391,0.083333,0.016193,-0.00028495,0.039179,0.016278,-0.11009,-0.19071,0.059658,29,0,1,0,0.034483,-6.9629e-05,-0.00024127,0,0.0021608,-0.023797,-0.11571,0.18475,1.0846,0.67388,1.4993,0,0.54928,0.24207,0.85427,0.004,0.013179,-0.00028495,0.028177,0.236,,,,,,,,,,,,,,,,
late,rain_pilot,precip,2,51,monsoon_JJAS,all,ecmwf_aifs,source,False,13884,18,1.4645,6.9291,11.892,9.1683,14.299,6.9291,5.2044,8.7132,216,0.078704,0.62222,0.069672,0.20833,0.066995,0,0.15911,0.01635,-0.11501,-0.33645,0.1113,29,0,,0,0,0,0,0,0.0020887,0.01033,-0.019793,0.24856,0.26775,-0.27735,0.97401,0.512,0.65823,0.23892,1.1457,0,0.063981,0,0.15767,0.066,,,,,,,,,,,,,,,,
late,rain_pilot,precip,2,51,monsoon_JJAS,all,ncep_gfs,source,False,13884,18,-2.6228,6.9226,14.285,11.265,16.934,6.9226,5.3478,8.5551,216,0.013889,0.9375,0.011494,0.22222,0.0086579,-0.0046759,0.025951,0.018583,-0.26728,-0.73409,-0.053056,29,0,1,0,0.24138,-0.00040631,-0.00087805,0,0.0025929,-0.22856,-1.9484,0.10873,2.6609,1.8091,3.3947,0,0.65176,0.25709,1.0856,0.002,0.0056438,-0.016328,0.02552,0.826,,,,,,,,,,,,,,,,
late,rain_pilot,precip,2,51,monsoon_JJAS,all,ecmwf_ifs_ens,source,True,13884,18,0.022346,6.6399,11.921,9.4535,14.38,4.823,3.7868,5.9425,216,0.0092593,0.71429,0.0090498,0.032407,0.0085612,-0.00028377,0.02622,0.014248,0.028306,-0.064952,0.15899,29,0,,0,0,0,0,0,0.0020854,0.01193,-0.01127,0.20938,0.29697,-0.14514,0.69682,0.198,-1.4479,-1.9419,-1.0211,0,0.0055471,-0.00028377,0.016666,0.232,,,,,,,,,,,,,,,,
late,rain_pilot,precip,2,51,monsoon_JJAS,all,ecmwf_aifs_ens,source,True,13884,18,0.25504,6.4707,11.936,9.166,14.315,4.7662,3.4778,6.1899,216,0.032407,0.86275,0.026923,0.23611,0.023944,-3.4789e-06,0.039576,0.015154,-0.03346,-0.33374,0.15772,29,0,,0,0,0,0,0,0.0020791,0.014883,-0.011146,0.24326,0.31165,-0.3739,1.4236,0.698,-1.5047,-1.9641,-1.0458,0,0.02093,-0.0034055,0.039175,0.226,,,,,,,,,,,,,,,,
late,rain_pilot,precip,2,51,monsoon_JJAS,all,equal_mean,baseline,False,13884,18,-0.3194,6.2709,11.624,9.0915,13.903,6.2709,4.8506,7.7152,216,0.0046296,0.94737,0.0042735,0.087963,0.0030141,0,0.01286,0.016782,-0.14448,-0.32584,0.044757,29,0,,0,0,0,0,0,0.0020887,0.01033,-0.019793,0.24856,,,,,,,,,,,,,,,,,,,,,,,,,,,,
late,rain_pilot,precip,2,51,monsoon_JJAS,all,superensemble,baseline,False,13884,18,-0.45058,6.179,11.502,8.9379,13.825,6.179,4.7118,7.6723,216,0.0046296,0.85714,0.0045045,0.032407,0.0040159,0,0.017593,0.015918,-0.085535,-0.14964,0.072848,29,0,,0,0,0,0,0,0.0020887,0.01033,-0.019793,0.24856,-0.12164,-0.27193,0.033442,0.132,-0.091886,-0.21894,0.018146,0.114,0.0010018,0,0.0049661,0.698,,,,,,,,,,,,,,,,
late,rain_pilot,precip,2,51,monsoon_JJAS,all,persistence,baseline,False,13884,18,0.09856,9.5335,18.505,15.55,21.266,9.5335,7.7959,11.192,216,0.074074,0.92982,0.037383,1.0556,0.029339,0.0033963,0.055593,0.029674,-1.0237,-2.616,-0.45839,29,0,1,0,1,-0.0010455,-0.0016494,-0.00013418,0.0041775,-0.97934,-8.655,-0.07822,6.8807,4.4681,9.3553,0,3.2626,1.794,4.8993,0,0.026325,-0.0022465,0.052415,0.058,,,,,,,,,,,,,,,,
late,rain_pilot,precip,2,51,monsoon_JJAS,all,climatology,baseline,False,13884,18,0.61226,8.134,13.71,11.075,16.317,8.134,7.1692,9.2669,216,0,,0,0,0,0,0,0.015557,-0.060975,-0.13656,0.12623,29,0,,0,0,0,0,0,0.0020887,0.01033,-0.019793,0.24856,2.0864,0.91715,3.1319,0,1.8631,0.79151,2.9042,0,-0.0030141,-0.01286,0,0.698,,,,,,,,,,,,,,,,
late,rain_pilot,precip,2,51,postmonsoon_OND,all,ecmwf_ifs_ctrl,source,False,13884,18,0.97174,4.5444,9.703,6.7292,12.25,4.5444,2.7256,6.4596,59,0,1,0,0.15254,-0.00056275,-0.0014526,0,0.0048977,-0.15482,-0.59739,0.032279,3,0,1,0,0.33333,-5.4022e-05,-0.00015822,0,0.0002881,-0.31665,-0.96125,1,1.2367,0.74203,1.7128,0,0.36253,0.10525,0.62215,0.002,-0.00049192,-0.0012356,0,0.236,,,,,,,,,,,,,,,,
late,rain_pilot,precip,2,51,postmonsoon_OND,all,ecmwf_aifs,source,False,13884,18,1.1352,4.0622,8.2967,5.7361,10.538,4.0622,2.421,5.8452,59,0,,0,0,0,0,0,0.0042495,-0.0019767,-0.012305,0.044319,3,0,,0,0,0,0,0,0.00021608,0.012514,0.0044109,1,-0.16957,-0.35467,-0.045106,0,-0.11969,-0.25087,-0.014173,0.018,7.083e-05,0,0.00026389,0.72,,,,,,,,,,,,,,,,
late,rain_pilot,precip,2,51,postmonsoon_OND,all,ncep_gfs,source,False,13884,18,1.4149,5.1523,11.488,8.1253,14.248,5.1523,3.1409,7.2358,59,0.016949,0.98276,0.0086207,0.98305,0.0065098,-0.0030494,0.038689,0.0082829,-0.95301,-3.0568,-0.30643,3,0,1,0,1,-0.00010805,-0.00020778,0,0.00043215,-0.97497,-28.643,0.0073931,3.0218,1.7002,4.2243,0,0.97038,0.43285,1.5657,0,0.0065806,-0.0029563,0.038758,0.704,,,,,,,,,,,,,,,,
late,rain_pilot,precip,2,51,postmonsoon_OND,all,ecmwf_ifs_ens,source,True,13884,18,1.2198,4.3523,8.636,6.2422,10.796,2.9205,1.8027,4.0965,59,0,,0,0,0,0,0,0.0042027,0.0090578,-0.010744,0.037414,3,0,,0,0,0,0,0,0.00022665,-0.035829,-0.11392,0.028222,0.16979,-0.0152,0.40042,0.08,-1.2614,-1.7973,-0.73474,0,7.083e-05,0,0.00026389,0.72,,,,,,,,,,,,,,,,
late,rain_pilot,precip,2,51,postmonsoon_OND,all,ecmwf_aifs_ens,source,True,13884,18,0.56107,3.8486,8.2459,5.6947,10.497,2.6358,1.501,3.8832,59,0,,0,0,0,0,0,0.0042218,0.0045526,-0.0096468,0.054712,3,0,,0,0,0,0,0,0.00021699,0.0083378,6.7981e-06,0.93194,-0.22038,-0.45438,-0.038396,0,-1.5461,-2.0682,-1.0181,0,7.083e-05,0,0.00026389,0.72,,,,,,,,,,,,,,,,
late,rain_pilot,precip,2,51,postmonsoon_OND,all,equal_mean,baseline,False,13884,18,1.0605,4.1819,8.4662,5.9736,10.668,4.1819,2.5637,5.9168,59,0,1,0,0.016949,-7.083e-05,-0.00026389,0,0.0043215,-0.018959,-0.063472,0.032279,3,0,,0,0,0,0,0,0.00021608,0.012514,0.0044109,1,,,,,,,,,,,,,,,,,,,,,,,,,,,,
late,rain_pilot,precip,2,51,postmonsoon_OND,all,superensemble,baseline,False,13884,18,0.12586,4.2533,8.2261,5.8008,10.385,4.2533,2.829,5.831,59,0,,0,0,0,0,0,0.0042495,-0.0019767,-0.012305,0.044319,3,0,,0,0,0,0,0,0.00021608,0.012514,0.0044109,1,-0.24011,-0.35578,-0.11044,0.002,0.071386,-0.20963,0.3738,0.692,7.083e-05,0,0.00026389,0.72,,,,,,,,,,,,,,,,
late,rain_pilot,precip,2,51,postmonsoon_OND,all,persistence,baseline,False,13884,18,0.26335,5.8584,13.161,10.215,15.683,5.8584,3.7988,7.9817,59,0.033898,0.96667,0.017094,1.0169,0.014947,-0.0029146,0.055243,0.0082829,-0.95301,-2.9277,-0.33496,3,0,1,0,1,-0.00010805,-0.00023016,0,0.00043215,-0.97497,-15.328,0.039383,4.6943,3.048,6.2857,0,1.6765,0.56775,2.7663,0,0.015018,-0.0027872,0.055314,0.752,,,,,,,,,,,,,,,,
late,rain_pilot,precip,2,51,postmonsoon_OND,all,climatology,baseline,False,13884,18,0.32253,5.2668,9.6883,7.0565,12.179,5.2668,3.8691,6.7878,59,0,,0,0,0,0,0,0.0042495,-0.0019767,-0.012305,0.044319,3,0,,0,0,0,0,0,0.00021608,0.012514,0.0044109,1,1.222,0.6628,1.849,0,1.0849,0.32875,1.8581,0.004,7.083e-05,0,0.00026389,0.72,,,,,,,,,,,,,,,,
late,rain_pilot,precip,3,75,all,all,ecmwf_ifs_ctrl,source,False,27768,36,0.030802,5.6093,11.149,9.2203,12.842,5.6093,4.3999,6.7825,270,0.014815,0.73333,0.014235,0.055556,0.013723,-0.00051782,0.031368,0.0099755,-0.070992,-0.13802,0.044226,32,0,,0,0,0,0,0,0.0011524,0.0095396,-0.022281,0.14677,0.92186,0.68083,1.1241,0,0.31452,0.10225,0.5138,0.004,0.013723,-0.00051782,0.031368,0.714,,,,,,,,,,,,,,,,
late,rain_pilot,precip,3,75,all,all,ecmwf_aifs,source,False,27768,36,1.8245,5.9541,10.932,8.7284,12.933,5.9541,4.4913,7.4155,270,0.025926,0.88889,0.021472,0.23333,0.01963,-0.00010544,0.034736,0.011488,-0.23338,-0.6839,0.015624,32,0,,0,0,0,0,0,0.0011524,0.0095396,-0.022281,0.14677,0.70534,-0.0071137,1.6863,0.054,0.65934,0.21898,1.2366,0,0.01963,-0.00010544,0.034736,0.09,,,,,,,,,,,,,,,,
late,rain_pilot,precip,3,75,all,all,ncep_gfs,source,False,27768,36,-1.0017,5.7828,12.457,10.213,14.616,5.7828,4.5555,7.0272,270,0.018519,0.91071,0.015576,0.20741,0.013904,-0.00065846,0.030111,0.01138,-0.22178,-0.53637,-0.031427,32,0,1,0,0.3125,-0.00027446,-0.00055041,0,0.0015125,-0.29998,-1.9425,0.032336,2.2305,1.2568,3.2659,0,0.48801,0.02094,0.95086,0.038,0.013904,-0.00065846,0.030111,0.232,,,,,,,,,,,,,,,,
late,rain_pilot,precip,3,75,all,all,ecmwf_ifs_ens,source,True,27768,36,0.70516,5.6093,10.502,8.7297,12.127,3.8288,3.0026,4.6339,270,0,1,0,0.011111,-0.00010686,-0.00031681,0,0.0091229,0.020546,-0.044119,0.11022,32,0,,0,0,0,0,0,0.0011405,0.019786,-0.01118,0.092661,0.27557,-0.00072869,0.61918,0.052,-1.466,-1.8304,-1.1277,0,-0.00010686,-0.00031681,0,0.73,,,,,,,,,,,,,,,,
late,rain_pilot,precip,3,75,all,all,ecmwf_aifs_ens,source,True,27768,36,0.40193,5.3499,10.639,8.645,12.522,3.8304,2.8843,4.8407,270,0.018519,0.92188,0.015198,0.23704,0.013331,0,0.028844,0.010136,-0.088271,-0.35104,0.056299,32,0,,0,0,0,0,0,0.0011564,0.0060648,-0.023842,0.13185,0.4116,-0.12764,1.2609,0.298,-1.4644,-1.7786,-1.1371,0,0.013331,0,0.028844,0.244,,,,,,,,,,,,,,,,
late,rain_pilot,precip,3,75,all,all,equal_mean,baseline,False,27768,36,0.39214,5.2948,10.227,8.3708,11.829,5.2948,4.1756,6.3924,270,0,,0,0,0,0,0,0.0097234,-0.043927,-0.11522,0.084186,32,0,,0,0,0,0,0,0.0011524,0.0095396,-0.022281,0.14677,,,,,,,,,,,,,,,,,,,,,,,,,,,,
late,rain_pilot,precip,3,75,all,all,superensemble,baseline,False,27768,36,-0.10208,5.4417,10.348,8.4876,12.034,5.4417,4.3576,6.5595,270,0.0037037,0.5,0.00369,0.0074074,0.0036185,0,0.016601,0.0097234,-0.043927,-0.11522,0.084186,32,0,,0,0,0,0,0,0.0011524,0.0095396,-0.022281,0.14677,0.12109,-0.11321,0.39603,0.384,0.14686,-0.058371,0.3615,0.142,0.0036185,0,0.016601,0.726,,,,,,,,,,,,,,,,
late,rain_pilot,precip,3,75,all,all,persistence,baseline,False,27768,36,0.23182,7.7835,16.346,13.772,18.624,7.7835,6.2036,9.3388,270,0.037037,0.96528,0.018248,1.0667,0.013206,-0.00058133,0.03383,0.019375,-1.0801,-2.3586,-0.47865,32,0,1,0,1,-0.00057654,-0.00093589,-0.00011188,0.0023048,-0.98092,-5.9986,-0.14562,6.1187,4.3824,7.845,0,2.4887,1.4967,3.6587,0,0.013206,-0.00058133,0.03383,0.066,,,,,,,,,,,,,,,,
late,rain_pilot,precip,3,75,all,all,climatology,baseline,False,27768,36,0.45278,6.6627,11.844,9.8983,13.641,6.6627,5.63,7.6602,270,0,,0,0,0,0,0,0.0097234,-0.043927,-0.11522,0.084186,32,0,,0,0,0,0,0,0.0011524,0.0095396,-0.022281,0.14677,1.6167,0.95612,2.1897,0,1.3679,0.79368,2.0458,0,0,0,0,1,,,,,,,,,,,,,,,,
late,rain_pilot,precip,3,75,monsoon_JJAS,all,ecmwf_ifs_ctrl,source,False,13728,18,-0.6644,6.8726,12.79,10.105,15.348,6.8726,5.3944,8.3338,211,0.018957,0.73333,0.018018,0.07109,0.016997,-0.0010158,0.03571,0.01588,-0.091338,-0.16092,0.067201,29,0,,0,0,0,0,0,0.0021125,0.0092305,-0.020035,0.2395,0.99559,0.65721,1.2815,0,0.43637,0.12789,0.70187,0.014,0.016997,-0.0010158,0.03571,0.72,,,,,,,,,,,,,,,,
late,rain_pilot,precip,3,75,monsoon_JJAS,all,ecmwf_aifs,source,False,13728,18,2.268,7.6444,12.91,9.5745,15.791,7.6444,5.5662,9.8974,211,0.033175,0.88889,0.026217,0.29858,0.022673,0,0.038151,0.018939,-0.3016,-0.85673,0.019414,29,0,,0,0,0,0,0,0.0021125,0.0092305,-0.020035,0.2395,1.1154,-0.099919,2.6663,0.09,1.2082,0.43966,2.1395,0,0.022673,0,0.038151,0.066,,,,,,,,,,,,,,,,
late,rain_pilot,precip,3,75,monsoon_JJAS,all,ncep_gfs,source,False,13728,18,-2.4521,6.9131,14.486,11.222,17.536,6.9131,5.3469,8.6541,211,0.023697,0.89362,0.019763,0.22275,0.016956,-0.00054693,0.034427,0.018065,-0.24152,-0.73054,0.009442,29,0,1,0,0.27586,-0.00045696,-0.0010235,0,0.0026952,-0.26409,-2.3664,0.12412,2.6919,1.2348,4.5538,0,0.47686,-0.25053,1.2359,0.204,0.016956,-0.00054693,0.034427,0.216,,,,,,,,,,,,,,,,
late,rain_pilot,precip,3,75,monsoon_JJAS,all,ecmwf_ifs_ens,source,True,13728,18,0.1877,6.7799,12.021,9.4488,14.474,4.78,3.7382,5.88,211,0,,0,0,0,0,0,0.014101,0.030926,-0.050438,0.16646,29,0,,0,0,0,0,0,0.0020628,0.032519,0.011577,0.22884,0.22658,-0.14272,0.58061,0.252,-1.6562,-2.1837,-1.1837,0,0,0,0,1,,,,,,,,,,,,,,,,
late,rain_pilot,precip,3,75,monsoon_JJAS,all,ecmwf_aifs_ens,source,True,13728,18,0.13911,6.692,12.468,9.4329,15.111,4.9539,3.5795,6.4354,211,0.023697,0.92188,0.018519,0.30332,0.01493,0,0.033756,0.01624,-0.11608,-0.43844,0.088268,29,0,,0,0,0,0,0,0.0021179,0.0066823,-0.021163,0.22632,0.67346,-0.21469,2.0226,0.384,-1.4823,-1.8898,-1.0163,0,0.01493,0,0.033756,0.252,,,,,,,,,,,,,,,,
late,rain_pilot,precip,3,75,monsoon_JJAS,all,equal_mean,baseline,False,13728,18,-0.10435,6.4362,11.794,9.1747,14.164,6.4362,4.9648,7.925,211,0,,0,0,0,0,0,0.01537,-0.056295,-0.1339,0.13023,29,0,,0,0,0,0,0,0.0021125,0.0092305,-0.020035,0.2395,,,,,,,,,,,,,,,,,,,,,,,,,,,,
late,rain_pilot,precip,3,75,monsoon_JJAS,all,superensemble,baseline,False,13728,18,-0.23408,6.5209,11.993,9.2008,14.539,6.5209,4.8212,8.2942,211,0.0047393,0.5,0.004717,0.0094787,0.0045726,0,0.021325,0.01537,-0.056295,-0.1339,0.13023,29,0,,0,0,0,0,0,0.0021125,0.0092305,-0.020035,0.2395,0.1989,-0.19097,0.62871,0.376,0.084652,-0.18986,0.371,0.58,0.0045726,0,0.021325,0.698,,,,,,,,,,,,,,,,
late,rain_pilot,precip,3,75,monsoon_JJAS,all,persistence,baseline,False,13728,18,0.092331,9.9936,19.448,16.352,22.163,9.9936,8.2333,11.665,211,0.033175,0.9693,0.016204,1.0806,0.0081579,-0.0039048,0.027554,0.030959,-1.1276,-3.2611,-0.43039,29,0,1,0,1,-0.0010574,-0.0016749,-0.0001363,0.0042249,-0.98154,-8.842,-0.079298,7.654,5.0848,10.415,0,3.5574,1.893,5.452,0,0.0081579,-0.0039048,0.027554,0.306,,,,,,,,,,,,,,,,
late,rain_pilot,precip,3,75,monsoon_JJAS,all,climatology,baseline,False,13728,18,0.58315,8.1436,13.74,11.082,16.379,8.1436,7.1673,9.2899,211,0,,0,0,0,0,0,0.01537,-0.056295,-0.1339,0.13023,29,0,,0,0,0,0,0,0.0021125,0.0092305,-0.020035,0.2395,1.946,0.94228,2.8504,0,1.7074,0.6492,2.7499,0.002,0,0,0,1,,,,,,,,,,,,,,,,
late,rain_pilot,precip,3,75,postmonsoon_OND,all,ecmwf_ifs_ctrl,source,False,14040,18,0.71056,4.3741,9.2674,6.8151,11.404,4.3741,2.7052,6.0685,59,0,,0,0,0,0,0,0.0042023,-0.0019694,-0.012299,0.044339,3,0,,0,0,0,0,0,0.00021368,0.012517,0.0044129,1,0.85055,0.55864,1.1702,0,0.19537,-0.075678,0.46689,0.152,0,0,0,1,,,,,,,,,,,,,,,,
late,rain_pilot,precip,3,75,postmonsoon_OND,all,ecmwf_aifs,source,False,14040,18,1.3908,4.3014,8.5684,6.16,10.744,4.3014,2.6072,5.9853,59,0,,0,0,0,0,0,0.0042023,-0.0019694,-0.012299,0.044339,3,0,,0,0,0,0,0,0.00021368,0.012517,0.0044129,1,0.15163,-0.1095,0.37153,0.272,0.12265,-0.085746,0.34451,0.284,0,0,0,1,,,,,,,,,,,,,,,,
late,rain_pilot,precip,3,75,postmonsoon_OND,all,ncep_gfs,source,False,14040,18,0.4166,4.6776,10.087,7.2082,12.549,4.6776,2.8845,6.5206,59,0,1,0,0.15254,-0.00055649,-0.0014241,0,0.0048433,-0.15481,-0.6312,0.0072011,3,0,1,0,0.66667,-8.5477e-05,-0.00022934,0,0.00035613,-0.6458,-1.9419,1,1.6699,0.83407,2.4939,0,0.4989,-0.028645,1.0676,0.066,-0.00055649,-0.0014241,0,0.252,,,,,,,,,,,,,,,,
late,rain_pilot,precip,3,75,postmonsoon_OND,all,ecmwf_ifs_ens,source,True,14040,18,1.2111,4.4647,8.7672,6.6331,10.699,2.8987,1.8207,3.9713,59,0,1,0,0.050847,-0.00020338,-0.00057356,0,0.0042555,-0.014669,-0.16881,0.033008,3,0,,0,0,0,0,0,0.00023865,-0.1029,-4.8965,-0.0029704,0.35043,-0.0597,1.0739,0.168,-1.2801,-1.7836,-0.78963,0,-0.00020338,-0.00057356,0,0.686,,,,,,,,,,,,,,,,
late,rain_pilot,precip,3,75,postmonsoon_OND,all,ecmwf_aifs_ens,source,True,14040,18,0.6589,4.0376,8.4765,5.9919,10.723,2.7319,1.5858,3.9477,59,0,,0,0,0,0,0,0.0041686,0.0060681,-0.013406,0.055551,3,0,,0,0,0,0,0,0.00021636,0.00011527,-0.070327,0.046091,0.059729,-0.25143,0.36753,0.752,-1.4468,-1.863,-0.97644,0,0,0,0,1,,,,,,,,,,,,,,,,
late,rain_pilot,precip,3,75,postmonsoon_OND,all,equal_mean,baseline,False,14040,18,0.87759,4.1787,8.4168,6.101,10.507,4.1787,2.6418,5.752,59,0,,0,0,0,0,0,0.0042023,-0.0019694,-0.012299,0.044339,3,0,,0,0,0,0,0,0.00021368,0.012517,0.0044129,1,,,,,,,,,,,,,,,,,,,,,,,,,,,,
late,rain_pilot,precip,3,75,postmonsoon_OND,all,superensemble,baseline,False,14040,18,0.026997,4.3864,8.4347,6.1969,10.451,4.3864,3.059,5.7682,59,0,,0,0,0,0,0,0.0042023,-0.0019694,-0.012299,0.044339,3,0,,0,0,0,0,0,0.00021368,0.012517,0.0044129,1,0.017885,-0.17506,0.31472,0.934,0.20768,-0.10202,0.53102,0.21,0,0,0,1,,,,,,,,,,,,,,,,
late,rain_pilot,precip,3,75,postmonsoon_OND,all,persistence,baseline,False,14040,18,0.36821,5.6226,12.594,9.749,15.124,5.6226,3.6646,7.6601,59,0.050847,0.95,0.025862,1.0169,0.02374,-0.0028399,0.085716,0.0080484,-0.91903,-3.0691,-0.25675,3,0,1,0,1,-0.00010685,-0.00022899,0,0.00042735,-0.97497,-15.328,0.039393,4.1767,2.5952,5.6766,0,1.4438,0.4319,2.4969,0.01,0.02374,-0.0028399,0.085716,0.752,,,,,,,,,,,,,,,,
late,rain_pilot,precip,3,75,postmonsoon_OND,all,climatology,baseline,False,14040,18,0.32531,5.2147,9.6346,7.0038,12.075,5.2147,3.7901,6.7696,59,0,,0,0,0,0,0,0.0042023,-0.0019694,-0.012299,0.044339,3,0,,0,0,0,0,0,0.00021368,0.012517,0.0044129,1,1.2178,0.62442,1.7819,0,1.0359,0.35515,1.7639,0,0,0,0,1,,,,,,,,,,,,,,,,
late,rain_pilot,precip,4,99,all,all,ecmwf_ifs_ctrl,source,False,27768,37,-0.11677,5.7213,11.497,9.5665,13.221,5.7213,4.4925,6.8911,268,0.014925,0.85714,0.013699,0.10448,0.012785,-0.00040038,0.018722,0.010372,-0.12128,-0.22884,0.01095,32,0,1,0,0.125,-0.00012806,-0.00028573,0,0.0012965,-0.1154,-0.7612,0.035722,1.0474,0.77544,1.373,0,0.30593,0.10531,0.52708,0.004,0.012785,-0.00040038,0.018722,0.096,,,,,,,,,,,,,,,,
late,rain_pilot,precip,4,99,all,all,ecmwf_aifs,source,False,27768,37,1.6459,5.9307,10.984,8.6085,12.954,5.9307,4.3941,7.3844,268,0.018657,0.9359,0.014663,0.29104,0.012483,0,0.019177,0.0121,-0.30816,-0.86325,0.0023542,32,0,,0,0,0,0,0,0.0011524,0.0085358,-0.02154,0.14964,0.53398,-0.10894,1.3175,0.172,0.51532,0.13588,0.95956,0,0.012483,0,0.019177,0.07,,,,,,,,,,,,,,,,
late,rain_pilot,precip,4,99,all,all,ncep_gfs,source,False,27768,37,-0.93071,6.0007,12.927,10.639,14.802,6.0007,4.6489,7.2377,268,0.0037313,0.98649,0.0029326,0.27612,0.00083987,-0.0028508,0.0070897,0.012244,-0.32373,-0.68521,-0.13867,32,0,1,0,0.3125,-0.00027446,-0.00051635,0,0.0015125,-0.3013,-1.9404,0.008389,2.4775,1.549,3.4205,0,0.58539,0.043159,1.0927,0.03,0.00083987,-0.0028508,0.0070897,0.9,,,,,,,,,,,,,,,,
late,rain_pilot,precip,4,99,all,all,ecmwf_ifs_ens,source,True,27768,37,0.92734,5.8565,10.778,8.8752,12.375,3.8879,3.0323,4.7405,268,0,1,0,0.018657,-0.0001768,-0.00040574,0,0.0091445,0.011383,-0.044352,0.079696,32,0,,0,0,0,0,0,0.0011668,-0.003817,-0.058855,0.064681,0.32809,0.032367,0.77019,0.022,-1.5274,-1.9021,-1.1342,0,-0.0001768,-0.00040574,0,0.076,,,,,,,,,,,,,,,,
late,rain_pilot,precip,4,99,all,all,ecmwf_aifs_ens,source,True,27768,37,0.49582,5.4543,10.853,8.5601,12.804,3.8728,2.8654,4.8608,268,0.033582,0.88312,0.026786,0.28731,0.024628,0,0.058709,0.010554,-0.14103,-0.49352,0.05056,32,0,,0,0,0,0,0,0.0011561,0.0053433,-0.02279,0.13416,0.40379,-0.24821,1.2587,0.472,-1.5426,-1.8946,-1.1802,0,0.024628,0,0.058709,0.254,,,,,,,,,,,,,,,,
late,rain_pilot,precip,4,99,all,all,equal_mean,baseline,False,27768,37,0.40431,5.4153,10.45,8.5547,12.139,5.4153,4.2053,6.5307,268,0,,0,0,0,0,0,0.0096514,-0.043413,-0.11018,0.099163,32,0,,0,0,0,0,0,0.0011524,0.0085358,-0.02154,0.14964,,,,,,,,,,,,,,,,,,,,,,,,,,,,
late,rain_pilot,precip,4,99,all,all,superensemble,baseline,False,27768,37,0.065378,5.4634,10.487,8.5299,12.206,5.4634,4.2667,6.6063,268,0.0037313,0.66667,0.0037037,0.011194,0.0035969,0,0.015655,0.0096874,-0.047306,-0.11381,0.090513,32,0,,0,0,0,0,0,0.0011524,0.0085358,-0.02154,0.14964,0.037605,-0.16809,0.25195,0.778,0.048094,-0.11518,0.21872,0.6,0.0035969,0,0.015655,0.77,,,,,,,,,,,,,,,,
late,rain_pilot,precip,4,99,all,all,persistence,baseline,False,27768,37,0.29081,7.9997,16.563,14.143,18.699,7.9997,6.4572,9.5666,268,0.044776,0.95833,0.022059,1.0746,0.017036,0.00046657,0.036407,0.019159,-1.0713,-2.5248,-0.45735,32,0,1,0,1,-0.00057654,-0.00094779,-0.00013221,0.0023048,-0.98293,-6.1687,-0.12919,6.113,4.2463,8.0665,0,2.5844,1.3871,3.881,0,0.017036,0.00046657,0.036407,0.046,,,,,,,,,,,,,,,,
late,rain_pilot,precip,4,99,all,all,climatology,baseline,False,27768,37,0.44613,6.6289,11.823,9.7613,13.631,6.6289,5.6214,7.6034,268,0,,0,0,0,0,0,0.0096514,-0.043413,-0.11018,0.099163,32,0,,0,0,0,0,0,0.0011524,0.0085358,-0.02154,0.14964,1.373,0.70702,1.9183,0,1.2135,0.62817,1.8491,0,0,0,0,1,,,,,,,,,,,,,,,,
late,rain_pilot,precip,4,99,monsoon_JJAS,all,ecmwf_ifs_ctrl,source,False,13572,18,-0.52097,7.2891,13.412,10.643,16.062,7.2891,5.7516,8.7816,209,0.019139,0.81818,0.017621,0.10526,0.016153,-0.00060348,0.021302,0.016431,-0.12646,-0.22875,0.071219,29,0,1,0,0.034483,-7.123e-05,-0.00024287,0,0.0022104,-0.026081,-0.11853,0.17915,1.1891,0.8463,1.5377,0,0.60964,0.31085,0.88812,0,0.016153,-0.00060348,0.021302,0.074,,,,,,,,,,,,,,,,
late,rain_pilot,precip,4,99,monsoon_JJAS,all,ecmwf_aifs,source,False,13572,18,2.1189,7.6895,13.083,9.687,16.049,7.6895,5.6305,9.8981,209,0.023923,0.9359,0.01773,0.37321,0.013529,0,0.01954,0.02041,-0.39924,-1.1284,0.010394,29,0,,0,0,0,0,0,0.0021368,0.0081217,-0.021411,0.23232,0.86072,-0.24414,2.1735,0.166,1.01,0.37044,1.7587,0,0.013529,0,0.01954,0.066,,,,,,,,,,,,,,,,
late,rain_pilot,precip,4,99,monsoon_JJAS,all,ncep_gfs,source,False,13572,18,-2.7964,7.1279,14.786,11.635,17.625,7.1279,5.4102,8.9516,209,0,1,0,0.17225,-0.0022679,-0.004489,-0.00014659,0.018052,-0.23759,-0.61986,-0.036522,29,0,1,0,0.17241,-0.00031433,-0.00067525,0,0.0025052,-0.16289,-1.397,0.026919,2.5634,1.2681,3.9467,0,0.44848,-0.33871,1.1785,0.256,-0.0022679,-0.004489,-0.00014659,0.012,,,,,,,,,,,,,,,,
late,rain_pilot,precip,4,99,monsoon_JJAS,all,ecmwf_ifs_ens,source,True,13572,18,0.65497,7.1646,12.406,9.8101,14.88,4.9398,3.8843,6.024,209,0,1,0,0.019139,-0.00028927,-0.00071268,0,0.014178,0.028001,-0.033553,0.14779,29,0,,0,0,0,0,0,0.0021252,0.0135,-0.015332,0.18513,0.1832,-0.099475,0.43871,0.218,-1.7397,-2.3401,-1.1845,0,-0.00028927,-0.00071268,0,0.236,,,,,,,,,,,,,,,,
late,rain_pilot,precip,4,99,monsoon_JJAS,all,ecmwf_aifs_ens,source,True,13572,18,0.24078,6.8485,12.916,9.5681,15.841,5.0773,3.5891,6.6993,209,0.043062,0.88312,0.032491,0.36842,0.028332,0,0.066913,0.017338,-0.18863,-0.65377,0.074264,29,0,,0,0,0,0,0,0.0021426,0.0053997,-0.021697,0.21682,0.69356,-0.44789,2.1646,0.42,-1.6022,-2.1129,-1.0617,0,0.028332,0,0.066913,0.262,,,,,,,,,,,,,,,,
late,rain_pilot,precip,4,99,monsoon_JJAS,all,equal_mean,baseline,False,13572,18,-0.06054,6.6795,12.223,9.4936,14.704,6.6795,5.0758,8.2795,209,0,,0,0,0,0,0,0.015399,-0.055742,-0.13398,0.1336,29,0,,0,0,0,0,0,0.0021368,0.0081217,-0.021411,0.23232,,,,,,,,,,,,,,,,,,,,,,,,,,,,
late,rain_pilot,precip,4,99,monsoon_JJAS,all,superensemble,baseline,False,13572,18,-0.060452,6.7212,12.294,9.3987,14.874,6.7212,4.9596,8.5509,209,0.0047847,0.66667,0.0047393,0.014354,0.0045214,0,0.021071,0.015473,-0.060793,-0.1357,0.1214,29,0,,0,0,0,0,0,0.0021368,0.0081217,-0.021411,0.23232,0.071097,-0.26006,0.41273,0.732,0.041754,-0.17917,0.29252,0.738,0.0045214,0,0.021071,0.698,,,,,,,,,,,,,,,,
late,rain_pilot,precip,4,99,monsoon_JJAS,all,persistence,baseline,False,13572,18,0.029345,10.202,19.46,16.481,22.154,10.202,8.5328,11.961,209,0.047847,0.95413,0.023981,1.0431,0.01606,-0.0012461,0.03751,0.029988,-1.0559,-3.1119,-0.36154,29,0,1,0,0.93103,-0.0010313,-0.0016731,-7.2391e-05,0.0041261,-0.91535,-8.6116,-0.049686,7.2371,4.581,10.236,0,3.5225,1.7449,5.5707,0,0.01606,-0.0012461,0.03751,0.072,,,,,,,,,,,,,,,,
late,rain_pilot,precip,4,99,monsoon_JJAS,all,climatology,baseline,False,13572,18,0.57017,8.162,13.782,11.118,16.466,8.162,7.1745,9.2925,209,0,,0,0,0,0,0,0.015399,-0.055742,-0.13398,0.1336,29,0,,0,0,0,0,0,0.0021368,0.0081217,-0.021411,0.23232,1.5594,0.52622,2.4801,0.004,1.4825,0.37578,2.6118,0.008,0,0,0,1,,,,,,,,,,,,,,,,
late,rain_pilot,precip,4,99,postmonsoon_OND,all,ecmwf_ifs_ctrl,source,False,14196,19,0.26967,4.2223,9.305,6.9568,11.239,4.2223,2.6797,5.7601,59,0,1,0,0.10169,-0.00038379,-0.00099085,0,0.0045788,-0.10386,-0.63718,0.027691,3,0,1,0,1,-0.00010567,-0.00019215,0,0.00042265,-0.97496,-8.7337,0.041966,0.89295,0.44688,1.5124,0,0.015565,-0.20016,0.24076,0.888,-0.00038379,-0.00099085,0,0.7,,,,,,,,,,,,,,,,
late,rain_pilot,precip,4,99,postmonsoon_OND,all,ecmwf_aifs,source,False,14196,19,1.1936,4.2491,8.5045,6.0643,10.64,4.2491,2.608,5.8723,59,0,,0,0,0,0,0,0.0041561,-0.0019621,-0.012684,0.048997,3,0,,0,0,0,0,0,0.00021133,0.012521,0.0047597,1,0.092383,-0.26452,0.38973,0.698,0.042368,-0.23815,0.30808,0.794,0,0,0,1,,,,,,,,,,,,,,,,
late,rain_pilot,precip,4,99,postmonsoon_OND,all,ncep_gfs,source,False,14196,19,0.85297,4.9231,10.856,8.2105,12.94,4.9231,3.0652,6.6311,59,0.016949,0.97368,0.010417,0.64407,0.008786,-0.0017289,0.020658,0.006692,-0.61333,-2.1169,-0.17732,3,0,1,0,1.6667,-0.0001321,-0.00023523,0,0.00056354,-1.6333,-14.373,0.042855,2.4441,1.3581,3.632,0,0.71629,0.18178,1.3692,0.01,0.008786,-0.0017289,0.020658,0.748,,,,,,,,,,,,,,,,
late,rain_pilot,precip,4,99,postmonsoon_OND,all,ecmwf_ifs_ens,source,True,14196,19,1.1877,4.606,8.9483,6.6283,10.816,2.8823,1.8189,3.9687,59,0,1,0,0.016949,-6.9273e-05,-0.00020635,0,0.0043325,-0.044487,-0.31913,0.023058,3,0,,0,0,0,0,0,0.00025049,-0.17047,-1.3013,-0.011536,0.53623,0.016681,1.4418,0.042,-1.3245,-1.7615,-0.86774,0,-6.9273e-05,-0.00020635,0,0.7,,,,,,,,,,,,,,,,
late,rain_pilot,precip,4,99,postmonsoon_OND,all,ecmwf_aifs_ens,source,True,14196,19,0.73964,4.1214,8.4214,6.0082,10.517,2.7212,1.6245,3.8509,59,0,,0,0,0,0,0,0.0040693,0.01897,-0.0006096,0.069001,3,0,,0,0,0,0,0,0.00021298,0.004801,-0.0046254,0.050516,0.0093158,-0.36888,0.30693,0.922,-1.4856,-1.9354,-1.043,0,0,0,0,1,,,,,,,,,,,,,,,,
late,rain_pilot,precip,4,99,postmonsoon_OND,all,equal_mean,baseline,False,14196,19,0.84873,4.2068,8.4121,6.1924,10.308,4.2068,2.7129,5.6712,59,0,,0,0,0,0,0,0.0041561,-0.0019621,-0.012684,0.048997,3,0,,0,0,0,0,0,0.00021133,0.012521,0.0047597,1,,,,,,,,,,,,,,,,,,,,,,,,,,,,
late,rain_pilot,precip,4,99,postmonsoon_OND,all,superensemble,baseline,False,14196,19,0.18568,4.2609,8.4046,6.1753,10.355,4.2609,2.8925,5.6573,59,0,,0,0,0,0,0,0.0041561,-0.0019621,-0.012684,0.048997,3,0,,0,0,0,0,0,0.00021133,0.012521,0.0047597,1,-0.0075138,-0.20069,0.15637,0.908,0.054154,-0.17412,0.2879,0.674,0,0,0,1,,,,,,,,,,,,,,,,
late,rain_pilot,precip,4,99,postmonsoon_OND,all,persistence,baseline,False,14196,19,0.54079,5.8943,13.211,10.084,15.91,5.8943,3.785,7.995,59,0.033898,0.97143,0.015748,1.1864,0.013488,-0.0029044,0.050343,0.0088053,-1.1228,-3.8633,-0.33917,3,0,1,0,1.6667,-0.0001321,-0.00022676,0,0.00056354,-1.6333,-19.626,-0.28206,4.7994,2.9585,6.6267,0,1.6875,0.51605,2.9586,0.004,0.013488,-0.0029044,0.050343,0.704,,,,,,,,,,,,,,,,
late,rain_pilot,precip,4,99,postmonsoon_OND,all,climatology,baseline,False,14196,19,0.32754,5.1632,9.5818,6.9776,11.863,5.1632,3.7247,6.5336,59,0,,0,0,0,0,0,0.0041561,-0.0019621,-0.012684,0.048997,3,0,,0,0,0,0,0,0.00021133,0.012521,0.0047597,1,1.1697,0.44294,1.7518,0.004,0.95641,0.30712,1.6489,0.002,0,0,0,1,,,,,,,,,,,,,,,,
late,rain_pilot,precip,5,123,all,all,ecmwf_ifs_ctrl,source,False,27768,37,0.11558,5.8973,11.99,9.9478,13.741,5.8973,4.6199,7.0694,263,0.038023,0.80769,0.032787,0.19772,0.031223,0.0061323,0.047,0.010624,-0.1659,-0.32695,0.0054488,32,0,1,0,0.25,-0.00023053,-0.00046038,0,0.0014405,-0.24055,-1.6143,0.033548,1.4328,0.86896,2.259,0,0.40038,0.20589,0.62795,0,0.027556,0.0040725,0.040945,0.036,,,,,,,,,,,,,,,,
late,rain_pilot,precip,5,123,all,all,ecmwf_aifs,source,False,27768,37,1.829,6.0219,10.973,8.8538,12.793,6.0219,4.5485,7.4645,263,0.04943,0.82895,0.039877,0.28897,0.037753,0,0.090087,0.011272,-0.23704,-0.74082,0.040546,32,0,,0,0,0,0,0,0.0011524,0.0075562,-0.022025,0.14325,0.41573,-0.15612,1.0756,0.226,0.52504,0.15779,0.92408,0.006,0.034086,-0.00056637,0.089086,0.11,,,,,,,,,,,,,,,,
late,rain_pilot,precip,5,123,all,all,ncep_gfs,source,False,27768,37,-0.66305,6.2515,13.371,10.834,15.388,6.2515,4.736,7.6314,263,0.053232,0.89313,0.036842,0.4981,0.033687,-0.0027692,0.065658,0.013181,-0.44651,-1.0704,-0.16144,32,0,1,0,0.46875,-0.00036792,-0.00060932,-6.7774e-05,0.0016926,-0.45765,-2.1717,-0.09059,2.8145,1.6993,4.0274,0,0.7546,0.20871,1.3667,0.01,0.03002,-0.015632,0.0636,0.252,,,,,,,,,,,,,,,,
late,rain_pilot,precip,5,123,all,all,ecmwf_ifs_ens,source,True,27768,37,0.75091,5.9135,10.997,9.0249,12.625,3.8839,3.0024,4.7253,263,0.0076046,0.83333,0.007326,0.045627,0.0069126,0,0.015771,0.0091586,-0.0051078,-0.056028,0.073092,32,0,,0,0,0,0,0,0.0011825,-0.018366,-0.068612,0.054799,0.43975,0.15371,0.78184,0,-1.613,-2.0047,-1.1891,0,0.0032458,-0.0020037,0.0082601,0.524,,,,,,,,,,,,,,,,
late,rain_pilot,precip,5,123,all,all,ecmwf_aifs_ens,source,True,27768,37,0.38059,5.4682,10.933,8.7116,12.846,3.8574,2.8404,4.8412,263,0.030418,0.9,0.023881,0.30418,0.021668,-6.9868e-05,0.052212,0.010279,-0.12804,-0.44289,0.052109,32,0,,0,0,0,0,0,0.0011547,0.0055411,-0.022881,0.13341,0.37636,-0.27944,1.1301,0.352,-1.6394,-2.0112,-1.2878,0,0.018001,-0.010565,0.052281,0.618,,,,,,,,,,,,,,,,
late,rain_pilot,precip,5,123,all,all,equal_mean,baseline,False,27768,37,0.48262,5.4969,10.557,8.623,12.147,5.4969,4.2817,6.6458,263,0.0038023,0.66667,0.0037736,0.011407,0.0036668,-0.0001062,0.016674,0.0095073,-0.043382,-0.11248,0.1013,32,0,,0,0,0,0,0,0.0011524,0.0075562,-0.022025,0.14325,,,,,,,,,,,,,,,,,,,,,,,,,,,,
late,rain_pilot,precip,5,123,all,all,superensemble,baseline,False,27768,37,0.35799,5.5448,10.591,8.5666,12.295,5.5448,4.269,6.767,263,0.011407,0.85714,0.010676,0.079848,0.0099754,0,0.025416,0.010012,-0.098713,-0.2266,0.043614,32,0,,0,0,0,0,0,0.0011524,0.0075562,-0.022025,0.14325,0.03365,-0.26952,0.34296,0.91,0.047964,-0.16008,0.25226,0.696,0.0063086,0,0.011616,0.076,,,,,,,,,,,,,,,,
late,rain_pilot,precip,5,123,all,all,persistence,baseline,False,27768,37,0.35794,8.3091,16.86,14.584,19.034,8.3091,6.6919,9.9783,263,0.030418,0.97222,0.014733,1.0951,0.0097585,-0.0017511,0.021904,0.019267,-1.1144,-2.3409,-0.59875,32,0,1,0,1,-0.00057654,-0.0009576,-0.00011053,0.0023048,-0.98489,-5.4307,-0.13615,6.3026,4.8792,7.9541,0,2.8122,1.7143,4.0106,0,0.0060918,-0.012734,0.020325,0.416,,,,,,,,,,,,,,,,
late,rain_pilot,precip,5,123,all,all,climatology,baseline,False,27768,37,0.44808,6.5951,11.797,9.743,13.62,6.5951,5.5797,7.5942,263,0,,0,0,0,0,0,0.0094713,-0.03943,-0.10901,0.11012,32,0,,0,0,0,0,0,0.0011524,0.0075562,-0.022025,0.14325,1.2405,0.56349,1.815,0,1.0982,0.49915,1.7771,0.002,-0.0036668,-0.016674,0.0001062,0.77,,,,,,,,,,,,,,,,
late,rain_pilot,precip,5,123,monsoon_JJAS,all,ecmwf_ifs_ctrl,source,False,13416,18,-0.18516,7.4604,13.585,10.922,16.09,7.4604,5.8978,8.9338,204,0.04902,0.72973,0.04329,0.18137,0.040954,0.013622,0.059446,0.016473,-0.13836,-0.24884,0.091073,29,0,1,0,0.068966,-0.00013948,-0.00042296,0,0.0023107,-0.061441,-0.33729,0.16822,1.3018,0.89593,1.6781,0,0.68717,0.34309,1.042,0,0.036224,0.011029,0.048699,0.016,,,,,,,,,,,,,,,,
late,rain_pilot,precip,5,123,monsoon_JJAS,all,ecmwf_aifs,source,False,13416,18,2.2251,7.6306,12.804,9.7214,15.607,7.6306,5.6267,9.6925,204,0.063725,0.82895,0.048689,0.37255,0.044554,0,0.10522,0.018933,-0.30835,-0.99537,0.038507,29,0,,0,0,0,0,0,0.0021616,0.0070395,-0.022169,0.22555,0.52122,-0.48432,1.6582,0.406,0.85738,0.33735,1.4659,0,0.039823,-0.0041852,0.10448,0.192,,,,,,,,,,,,,,,,
late,rain_pilot,precip,5,123,monsoon_JJAS,all,ncep_gfs,source,False,13416,18,-2.2722,7.5591,15.472,12.104,18.281,7.5591,5.6563,9.5042,204,0.068627,0.84091,0.05036,0.43137,0.045767,-0.0037203,0.081062,0.019678,-0.35985,-1.0658,-0.071071,29,0,1,0,0.34483,-0.00055456,-0.0010397,0,0.002907,-0.33536,-2.4085,0.025826,3.1893,1.6904,5.1873,0,0.78586,-0.020369,1.7319,0.052,0.041036,-0.023183,0.078339,0.246,,,,,,,,,,,,,,,,
late,rain_pilot,precip,5,123,monsoon_JJAS,all,ecmwf_ifs_ens,source,True,13416,18,0.50163,7.2872,12.809,10.165,15.239,5.0074,3.9221,6.0944,204,0.0098039,0.83333,0.0093458,0.058824,0.0085004,0,0.021184,0.014425,0.0031467,-0.054726,0.12106,29,0,,0,0,0,0,0,0.0021931,-0.0074411,-0.032486,0.1436,0.52612,0.18169,0.89558,0.002,-1.7659,-2.4002,-1.1915,0,0.00377,-0.0043866,0.0091171,0.726,,,,,,,,,,,,,,,,
late,rain_pilot,precip,5,123,monsoon_JJAS,all,ecmwf_aifs_ens,source,True,13416,18,0.050927,6.8166,12.912,9.5017,15.809,5.029,3.5645,6.6258,204,0.039216,0.9,0.028986,0.39216,0.024687,-0.00021155,0.059732,0.016854,-0.16468,-0.5809,0.088638,29,0,,0,0,0,0,0,0.0021652,0.0053939,-0.022607,0.21411,0.62956,-0.52852,1.8399,0.356,-1.7442,-2.3464,-1.2773,0,0.019956,-0.018535,0.05958,0.726,,,,,,,,,,,,,,,,
late,rain_pilot,precip,5,123,monsoon_JJAS,all,equal_mean,baseline,False,13416,18,0.06406,6.7733,12.283,9.7191,14.633,6.7733,5.2057,8.3201,204,0.004902,0.5,0.004878,0.0098039,0.0047304,0,0.024251,0.015206,-0.050797,-0.13212,0.17301,29,0,,0,0,0,0,0,0.0021616,0.0070395,-0.022169,0.22555,,,,,,,,,,,,,,,,,,,,,,,,,,,,
late,rain_pilot,precip,5,123,monsoon_JJAS,all,superensemble,baseline,False,13416,18,0.43988,6.8895,12.389,9.5239,14.881,6.8895,5.0964,8.7129,204,0.014706,0.85714,0.013514,0.10294,0.012093,0,0.032923,0.016324,-0.12806,-0.30376,0.071989,29,0,,0,0,0,0,0,0.0021616,0.0070395,-0.022169,0.22555,0.10606,-0.40032,0.62284,0.74,0.11625,-0.1968,0.46396,0.544,0.0073621,0,0.012693,0.238,,,,,,,,,,,,,,,,
late,rain_pilot,precip,5,123,monsoon_JJAS,all,persistence,baseline,False,13416,18,0.12469,10.566,19.586,16.759,22.252,10.566,8.9058,12.318,204,0.034314,0.96789,0.016867,1.0686,0.0089514,-0.0038637,0.024407,0.030411,-1.1016,-2.7307,-0.51872,29,0,1,0,0.93103,-0.0010433,-0.0017293,-7.3076e-05,0.0041741,-0.91744,-7.5344,-0.049564,7.3031,5.1082,9.7327,0,3.7929,2.0924,5.6874,0,0.004221,-0.018962,0.020635,0.688,,,,,,,,,,,,,,,,
late,rain_pilot,precip,5,123,monsoon_JJAS,all,climatology,baseline,False,13416,18,0.57505,8.1811,13.817,11.13,16.563,8.1811,7.1865,9.2966,204,0,,0,0,0,0,0,0.015206,-0.050797,-0.13212,0.17301,29,0,,0,0,0,0,0,0.0021616,0.0070395,-0.022169,0.22555,1.5344,0.35039,2.445,0.016,1.4079,0.26597,2.5256,0.02,-0.0047304,-0.024251,0,0.698,,,,,,,,,,,,,,,,
late,rain_pilot,precip,5,123,postmonsoon_OND,all,ecmwf_ifs_ctrl,source,False,14352,19,0.39671,4.436,10.277,7.5014,12.486,4.436,2.8063,6.0683,59,0,1,0,0.25424,-0.00083399,-0.0017396,0,0.0051561,-0.25669,-1.515,0.013098,3,0,1,0,2,-0.00013937,-0.00024598,0,0.00062709,-1.9624,-17.494,0.041966,1.6401,0.66427,3.4959,0,0.1323,-0.028354,0.32081,0.118,-0.00076547,-0.0015414,0,0.272,,,,,,,,,,,,,,,,
late,rain_pilot,precip,5,123,postmonsoon_OND,all,ecmwf_aifs,source,False,14352,19,1.4588,4.5181,8.9272,6.2564,11.297,4.5181,2.721,6.2889,59,0,,0,0,0,0,0,0.0041109,-0.0019549,-0.012678,0.048997,3,0,,0,0,0,0,0,0.00020903,0.012524,0.0047614,1,0.29003,-0.1687,0.64758,0.208,0.21437,-0.20037,0.60008,0.316,6.852e-05,0,0.00020208,0.7,,,,,,,,,,,,,,,,
late,rain_pilot,precip,5,123,postmonsoon_OND,all,ncep_gfs,source,False,14352,19,0.84118,5.0291,11.052,7.972,13.652,5.0291,3.0614,6.8712,59,0,1,0,0.72881,-0.001736,-0.0028539,-0.00053434,0.007107,-0.73219,-2.2962,-0.20016,3,0,1,0,1.6667,-0.00013066,-0.00027126,0,0.00055741,-1.6333,-5.6999,0.029462,2.4153,1.2255,3.6537,0,0.72537,0.095773,1.3732,0.028,-0.0016675,-0.0028084,-0.00047171,0,,,,,,,,,,,,,,,,
late,rain_pilot,precip,5,123,postmonsoon_OND,all,ecmwf_ifs_ens,source,True,14352,19,0.98394,4.6294,8.9777,6.6607,10.975,2.8337,1.7451,3.9345,59,0,,0,0,0,0,0,0.0042355,-0.032322,-0.26139,0.040895,3,0,,0,0,0,0,0,0.0002378,-0.12339,-1.2344,0.054814,0.34051,-0.096317,1.0439,0.172,-1.4701,-1.9648,-0.9628,0,6.852e-05,0,0.00020208,0.7,,,,,,,,,,,,,,,,
late,rain_pilot,precip,5,123,postmonsoon_OND,all,ecmwf_aifs_ens,source,True,14352,19,0.68875,4.2077,8.6846,6.0925,10.893,2.7623,1.6159,3.9509,59,0,,0,0,0,0,0,0.0041325,-0.0072174,-0.03444,0.0402,3,0,,0,0,0,0,0,0.00021021,0.0069558,-0.00018374,0.3111,0.047402,-0.37091,0.43969,0.87,-1.5415,-2.0183,-1.0645,0,6.852e-05,0,0.00020208,0.7,,,,,,,,,,,,,,,,
late,rain_pilot,precip,5,123,postmonsoon_OND,all,equal_mean,baseline,False,14352,19,0.87387,4.3037,8.6371,6.2552,10.729,4.3037,2.7361,5.8686,59,0,1,0,0.016949,-6.852e-05,-0.00020208,0,0.0041806,-0.018937,-0.086887,0.027692,3,0,,0,0,0,0,0,0.00020903,0.012524,0.0047614,1,,,,,,,,,,,,,,,,,,,,,,,,,,,,
late,rain_pilot,precip,5,123,postmonsoon_OND,all,superensemble,baseline,False,14352,19,0.28145,4.2879,8.575,6.1073,10.714,4.2879,2.7875,5.8386,59,0,,0,0,0,0,0,0.0041109,-0.0019549,-0.012678,0.048997,3,0,,0,0,0,0,0,0.00020903,0.012524,0.0047614,1,-0.062118,-0.28257,0.10217,0.432,-0.015864,-0.26736,0.21674,0.868,6.852e-05,0,0.00020208,0.7,,,,,,,,,,,,,,,,
late,rain_pilot,precip,5,123,postmonsoon_OND,all,persistence,baseline,False,14352,19,0.57598,6.1993,13.833,10.642,16.692,6.1993,3.9717,8.5367,59,0.016949,0.98571,0.0078125,1.1864,0.0055769,-0.002502,0.018409,0.0088489,-1.1568,-4.2451,-0.34112,3,0,1,0,1.6667,-0.00013066,-0.00020907,0,0.00055741,-1.6333,-29.945,0.0054052,5.1961,3.2727,7.091,0,1.8955,0.54511,3.3661,0.008,0.0056454,-0.0023656,0.018479,0.746,,,,,,,,,,,,,,,,
late,rain_pilot,precip,5,123,postmonsoon_OND,all,climatology,baseline,False,14352,19,0.32939,5.1125,9.5298,6.9003,11.852,5.1125,3.6728,6.4807,59,0,,0,0,0,0,0,0.0041109,-0.0019549,-0.012678,0.048997,3,0,,0,0,0,0,0,0.00020903,0.012524,0.0047614,1,0.89268,0.34856,1.3297,0.008,0.80871,0.12795,1.5277,0.016,6.852e-05,0,0.00020208,0.7,,,,,,,,,,,,,,,,
main,rain_pilot,tmax,1,27,all,all,ecmwf_ifs_ctrl,source,False,99060,128,-0.95594,2.4627,3.2259,3.1739,3.2793,2.4627,2.4201,2.5075,,,,,,,,,,,,,,,,,,,,,,,,,0.48018,0.46234,0.4993,0,0.35861,0.34158,0.37566,0,,,,,0,,1,0,,0,0,0,0.0056329,,,,0,0,0,1
main,rain_pilot,tmax,1,27,all,all,ecmwf_aifs,source,False,99060,128,-1.2526,1.9882,2.5925,2.5449,2.6402,1.9882,1.9487,2.0278,,,,,,,,,,,,,,,,,,,,,,,,,-0.15319,-0.17339,-0.12959,0,-0.11588,-0.13241,-0.097333,0,,,,,0,,1,0,,0,0,0,0.00041389,,,,0,0,0,1
main,rain_pilot,tmax,1,27,all,all,ncep_gfs,source,False,99060,128,-0.24231,2.2597,2.8627,2.7993,2.9249,2.2597,2.2013,2.3191,,,,,,,,,,,,,,,,,,,,,,,,,0.11704,0.059223,0.17418,0,0.15568,0.10848,0.20023,0,,,,,0,,1,0,,0,0,0,0.0063497,,,,0,0,0,1
main,rain_pilot,tmax,1,27,all,all,ecmwf_ifs_ens,source,True,99060,128,-1.0093,2.4017,3.1614,3.1127,3.212,2.0956,2.0559,2.137,,,,,,,,,,,,,,,,,,,,,,,,,0.41567,0.39895,0.43297,0,-0.0084441,-0.024905,0.008824,0.34,,,,,0,,1,0,,0,0,0,0.0032453,,,,0,0,0,1
main,rain_pilot,tmax,1,27,all,all,equal_mean,baseline,False,99060,128,-0.86593,2.1041,2.7457,2.6982,2.7906,2.1041,2.069,2.1399,,,,,,,,,,,,,,,,,,,,,,,,,,,,,,,,,,,,,0,,1,0,,0,0,0,0.0015142,,,,,,,
main,rain_pilot,tmax,1,27,all,all,superensemble,baseline,False,99060,128,0.20213,1.5037,1.8458,1.7849,1.9085,1.5037,1.4473,1.5615,,,,,,,,,,,,,,,,,,,,,,,,,-0.89988,-0.95959,-0.83482,0,-0.60037,-0.65372,-0.54607,0,,,,,0,,,,,,,,0,,,,,,,
main,rain_pilot,tmax,1,27,all,all,persistence,baseline,False,99060,128,0.0090243,0.6748,0.91002,0.8332,0.98211,0.6748,0.62172,0.7292,,,,,,,,,,,,,,,,,,,,,,,,,-1.8357,-1.9245,-1.7439,0,-1.4293,-1.5002,-1.3588,0,,,,,0,,,,,,,,0,,,,,,,
main,rain_pilot,tmax,1,27,all,all,climatology,baseline,False,99060,128,0.039901,1.0989,1.4573,1.2976,1.6203,1.0989,0.99291,1.2097,,,,,,,,,,,,,,,,,,,,,,,,,-1.2884,-1.4548,-1.1278,0,-1.0051,-1.1147,-0.8928,0,,,,,0,,,,,,,,0,,,,,,,
main,rain_pilot,tmax,1,27,winter_JF,all,ecmwf_ifs_ctrl,source,False,9204,13,-0.095843,2.359,3.0284,2.97,3.0865,2.359,2.2992,2.4146,,,,,,,,,,,,,,,,,,,,,,,,,0.36021,0.34358,0.38016,0,0.25958,0.24284,0.27759,0,,,,,0,,,,,,,,0,,,,,,,
main,rain_pilot,tmax,1,27,winter_JF,all,ecmwf_aifs,source,False,9204,13,-1.1535,1.9439,2.5026,2.3995,2.6016,1.9439,1.8561,2.0316,,,,,,,,,,,,,,,,,,,,,,,,,-0.16558,-0.2489,-0.088633,0,-0.15552,-0.2315,-0.081052,0,,,,,0,,,,,,,,0,,,,,,,
main,rain_pilot,tmax,1,27,winter_JF,all,ncep_gfs,source,False,9204,13,1.015,2.5692,3.2136,3.0972,3.311,2.5692,2.4712,2.6524,,,,,,,,,,,,,,,,,,,,,,,,,0.54549,0.47054,0.60981,0,0.46982,0.41331,0.51978,0,,,,,0,,1,0,,0,0,0,0.0043459,,,,,,,
main,rain_pilot,tmax,1,27,winter_JF,all,ecmwf_ifs_ens,source,True,9204,13,-0.10568,2.3301,2.9966,2.9395,3.0544,2.1007,2.0239,2.1745,,,,,,,,,,,,,,,,,,,,,,,,,0.32847,0.31324,0.3477,0,0.0013141,-0.041263,0.039214,0.956,,,,,0,,,,,,,,8.3544e-08,,,,,,,
main,rain_pilot,tmax,1,27,winter_JF,all,equal_mean,baseline,False,9204,13,-0.085021,2.0994,2.6682,2.606,2.7294,2.0994,2.0417,2.1545,,,,,,,,,,,,,,,,,,,,,,,,,,,,,,,,,,,,,0,,,,,,,,0,,,,,,,
main,rain_pilot,tmax,1,27,winter_JF,all,superensemble,baseline,False,9204,13,0.13535,1.3771,1.7038,1.64,1.7634,1.3771,1.3239,1.4304,,,,,,,,,,,,,,,,,,,,,,,,,-0.9644,-1.0288,-0.90152,0,-0.72231,-0.7777,-0.6659,0,,,,,0,,,,,,,,0,,,,,,,
main,rain_pilot,tmax,1,27,winter_JF,all,persistence,baseline,False,9204,13,-0.062689,0.4608,0.61968,0.47138,0.80064,0.4608,0.37028,0.57359,,,,,,,,,,,,,,,,,,,,,,,,,-2.0485,-2.2139,-1.8634,0,-1.6386,-1.7412,-1.5198,0,,,,,0,,,,,,,,0,,,,,,,
main,rain_pilot,tmax,1,27,winter_JF,all,climatology,baseline,False,9204,13,-0.15619,0.71693,0.91465,0.76294,1.0822,0.71693,0.59616,0.86397,,,,,,,,,,,,,,,,,,,,,,,,,-1.7535,-1.9079,-1.5803,0,-1.3824,-1.5012,-1.2439,0,,,,,0,,,,,,,,0,,,,,,,
main,rain_pilot,tmax,1,27,premonsoon_MAM,all,ecmwf_ifs_ctrl,source,False,23712,32,-0.70707,2.6068,3.3113,3.2371,3.3818,2.6068,2.5158,2.6988,,,,,,,,,,,,,,,,,,,,,,,,,0.50186,0.45506,0.54578,0,0.38494,0.34469,0.42592,0,,,,,0,,1,0,,0,0,0,0.023322,,,,0,0,0,1
main,rain_pilot,tmax,1,27,premonsoon_MAM,all,ecmwf_aifs,source,False,23712,32,-1.2473,2.1235,2.7116,2.6338,2.7804,2.1235,2.0498,2.1877,,,,,,,,,,,,,,,,,,,,,,,,,-0.097862,-0.14886,-0.052378,0,-0.098396,-0.13797,-0.062666,0,,,,,0,,1,0,,0,0,0,0.0017291,,,,0,0,0,1
main,rain_pilot,tmax,1,27,premonsoon_MAM,all,ncep_gfs,source,False,23712,32,0.63206,2.6516,3.1853,3.0997,3.2676,2.6516,2.5594,2.7335,,,,,,,,,,,,,,,,,,,,,,,,,0.37579,0.29913,0.44504,0,0.42971,0.36898,0.4833,0,,,,,0,,1,0,,0,0,0,0.02484,,,,0,0,0,1
main,rain_pilot,tmax,1,27,premonsoon_MAM,all,ecmwf_ifs_ens,source,True,23712,32,-0.79488,2.5329,3.2325,3.163,3.3009,2.1828,2.1045,2.2583,,,,,,,,,,,,,,,,,,,,,,,,,0.42302,0.38247,0.4598,0,-0.039143,-0.07024,-0.012014,0.008,,,,,0,,1,0,,0,0,0,0.013484,,,,0,0,0,1
main,rain_pilot,tmax,1,27,premonsoon_MAM,all,equal_mean,baseline,False,23712,32,-0.47935,2.2219,2.8095,2.7586,2.8552,2.2219,2.1637,2.2769,,,,,,,,,,,,,,,,,,,,,,,,,,,,,,,,,,,,,0,,1,0,,0,0,0,0.0063259,,,,,,,
main,rain_pilot,tmax,1,27,premonsoon_MAM,all,superensemble,baseline,False,23712,32,-0.55952,1.5268,1.8915,1.7862,2.0043,1.5268,1.4342,1.6355,,,,,,,,,,,,,,,,,,,,,,,,,-0.91801,-1.0144,-0.8159,0,-0.69511,-0.77964,-0.60219,0,,,,,0,,,,,,,,0,,,,,,,
main,rain_pilot,tmax,1,27,premonsoon_MAM,all,persistence,baseline,False,23712,32,0.066958,0.59919,0.84628,0.68561,0.99312,0.59919,0.50004,0.70718,,,,,,,,,,,,,,,,,,,,,,,,,-1.9632,-2.1352,-1.8029,0,-1.6227,-1.7596,-1.4672,0,,,,,0,,,,,,,,0,,,,,,,
main,rain_pilot,tmax,1,27,premonsoon_MAM,all,climatology,baseline,False,23712,32,0.17194,1.4357,1.9389,1.4852,2.3784,1.4357,1.1162,1.8205,,,,,,,,,,,,,,,,,,,,,,,,,-0.87059,-1.3194,-0.42876,0,-0.78621,-1.1025,-0.4076,0,,,,,0,,,,,,,,0,,,,,,,
main,rain_pilot,tmax,1,27,monsoon_JJAS,all,ecmwf_ifs_ctrl,source,False,38064,50,-1.5201,2.5499,3.4085,3.335,3.4745,2.5499,2.4929,2.6056,,,,,,,,,,,,,,,,,,,,,,,,,0.49417,0.46701,0.518,0,0.36806,0.3445,0.38935,0,,,,,0,,1,0,,0,0,0,0.00010509,,,,,,,
main,rain_pilot,tmax,1,27,monsoon_JJAS,all,ecmwf_aifs,source,False,38064,50,-1.4957,2.0648,2.7262,2.656,2.7987,2.0648,2.0021,2.1315,,,,,,,,,,,,,,,,,,,,,,,,,-0.18819,-0.21768,-0.16003,0,-0.11702,-0.14242,-0.090774,0,,,,,0,,,,,,,,0,,,,,,,
main,rain_pilot,tmax,1,27,monsoon_JJAS,all,ncep_gfs,source,False,38064,50,-0.85111,2.1575,2.8019,2.7221,2.8889,2.1575,2.0997,2.2207,,,,,,,,,,,,,,,,,,,,,,,,,-0.11245,-0.18077,-0.042578,0,-0.024304,-0.079594,0.033222,0.428,,,,,0,,,,,,,,0,,,,,,,
main,rain_pilot,tmax,1,27,monsoon_JJAS,all,ecmwf_ifs_ens,source,True,38064,50,-1.5407,2.4808,3.3406,3.2719,3.4044,2.1731,2.1195,2.2281,,,,,,,,,,,,,,,,,,,,,,,,,0.42622,0.39949,0.44864,0,-0.0086605,-0.034906,0.0152,0.484,,,,,0,,1,0,,0,0,0,4.4533e-05,,,,,,,
main,rain_pilot,tmax,1,27,monsoon_JJAS,all,equal_mean,baseline,False,38064,50,-1.3612,2.1818,2.9143,2.85,2.9759,2.1818,2.1326,2.2328,,,,,,,,,,,,,,,,,,,,,,,,,,,,,,,,,,,,,0,,,,,,,,0,,,,,,,
main,rain_pilot,tmax,1,27,monsoon_JJAS,all,superensemble,baseline,False,38064,50,0.63101,1.6894,2.02,1.9225,2.1323,1.6894,1.6,1.7912,,,,,,,,,,,,,,,,,,,,,,,,,-0.89432,-1.0068,-0.7613,0,-0.49238,-0.59548,-0.37801,0,,,,,0,,,,,,,,0,,,,,,,
main,rain_pilot,tmax,1,27,monsoon_JJAS,all,persistence,baseline,False,38064,50,-0.014701,0.73719,0.94525,0.85931,1.049,0.73719,0.67148,0.8201,,,,,,,,,,,,,,,,,,,,,,,,,-1.9691,-2.0879,-1.8387,0,-1.4446,-1.5354,-1.3463,0,,,,,0,,,,,,,,0,,,,,,,
main,rain_pilot,tmax,1,27,monsoon_JJAS,all,climatology,baseline,False,38064,50,0.051044,1.0854,1.3449,1.2176,1.4958,1.0854,0.98021,1.2124,,,,,,,,,,,,,,,,,,,,,,,,,-1.5694,-1.7092,-1.4113,0,-1.0964,-1.2111,-0.96295,0,,,,,0,,,,,,,,0,,,,,,,
main,rain_pilot,tmax,1,27,postmonsoon_OND,all,ecmwf_ifs_ctrl,source,False,28080,37,-0.68319,2.2567,2.9491,2.8962,3.0044,2.2567,2.2061,2.3102,,,,,,,,,,,,,,,,,,,,,,,,,0.48261,0.44616,0.5177,0,0.35604,0.31974,0.39014,0,,,,,0,,1,0,,0,0,0,3.5613e-05,,,,,,,
main,rain_pilot,tmax,1,27,postmonsoon_OND,all,ecmwf_aifs,source,False,28080,37,-0.96016,1.7846,2.3183,2.2749,2.3698,1.7846,1.7464,1.8277,,,,,,,,,,,,,,,,,,,,,,,,,-0.1482,-0.17811,-0.11249,0,-0.1161,-0.13903,-0.089762,0,,,,,0,,,,,,,,0,,,,,,,
main,rain_pilot,tmax,1,27,postmonsoon_OND,all,ncep_gfs,source,False,28080,37,-0.5675,1.966,2.5133,2.4423,2.5851,1.966,1.9073,2.024,,,,,,,,,,,,,,,,,,,,,,,,,0.046793,-0.024591,0.11059,0.198,0.0653,0.0079867,0.11697,0.028,,,,,0,,,,,,,,0,,,,,,,
main,rain_pilot,tmax,1,27,postmonsoon_OND,all,ecmwf_ifs_ens,source,True,28080,37,-0.76624,2.2071,2.8919,2.8388,2.9463,1.9153,1.8592,1.9691,,,,,,,,,,,,,,,,,,,,,,,,,0.42549,0.38978,0.45874,0,0.014574,-0.024122,0.051581,0.47,,,,,0,,,,,,,,1.6019e-06,,,,,,,
main,rain_pilot,tmax,1,27,postmonsoon_OND,all,equal_mean,baseline,False,28080,37,-0.77691,1.9007,2.4665,2.4314,2.502,1.9007,1.8717,1.9308,,,,,,,,,,,,,,,,,,,,,,,,,,,,,,,,,,,,,0,,,,,,,,0,,,,,,,
main,rain_pilot,tmax,1,27,postmonsoon_OND,all,superensemble,baseline,False,28080,37,0.28583,1.2739,1.586,1.52,1.661,1.2739,1.2226,1.337,,,,,,,,,,,,,,,,,,,,,,,,,-0.88044,-0.95374,-0.79832,0,-0.62679,-0.68889,-0.55512,0,,,,,0,,,,,,,,0,,,,,,,
main,rain_pilot,tmax,1,27,postmonsoon_OND,all,persistence,baseline,False,28080,37,0.015769,0.72421,0.98976,0.84254,1.138,0.72421,0.62413,0.83648,,,,,,,,,,,,,,,,,,,,,,,,,-1.4767,-1.6347,-1.3239,0,-1.1765,-1.2857,-1.0602,0,,,,,0,,,,,,,,0,,,,,,,
main,rain_pilot,tmax,1,27,postmonsoon_OND,all,climatology,baseline,False,28080,37,-0.022426,0.95811,1.2613,1.0995,1.4095,0.95811,0.83602,1.0834,,,,,,,,,,,,,,,,,,,,,,,,,-1.2051,-1.3683,-1.0562,0,-0.94258,-1.0681,-0.81475,0,,,,,0,,,,,,,,0,,,,,,,
main,rain_pilot,tmax,2,51,all,all,ecmwf_ifs_ctrl,source,False,94380,122,-1.0851,2.4518,3.2206,3.1733,3.2753,2.4518,2.4152,2.4947,,,,,,,,,,,,,,,,,,,,,,,,,0.48754,0.46753,0.50741,0,0.36601,0.34841,0.38464,0,,,,,0,,1,0,,0,0,0,0.001049,,,,0,0,0,1
main,rain_pilot,tmax,2,51,all,all,ecmwf_aifs,source,False,94380,122,-1.3069,1.9824,2.5896,2.5417,2.6398,1.9824,1.9436,2.0241,,,,,,,,,,,,,,,,,,,,,,,,,-0.14351,-0.16361,-0.12183,0,-0.10339,-0.12218,-0.083594,0,,,,,0,,1,0,,0,0,0,3.1786e-05,,,,0,0,0,1
main,rain_pilot,tmax,2,51,all,all,ncep_gfs,source,False,94380,122,-0.38423,2.2127,2.8096,2.7436,2.8787,2.2127,2.1564,2.2716,,,,,,,,,,,,,,,,,,,,,,,,,0.076529,0.017024,0.13605,0.004,0.12693,0.078361,0.17695,0,,,,,0,,1,0,,0,0,0,0.0020555,,,,0,0,0,1
main,rain_pilot,tmax,2,51,all,all,ecmwf_ifs_ens,source,True,94380,122,-1.0871,2.3757,3.1428,3.096,3.1959,2.0498,2.0115,2.0907,,,,,,,,,,,,,,,,,,,,,,,,,0.40971,0.39093,0.42787,0,-0.035985,-0.055563,-0.018059,0,,,,,0,,1,0,,0,0,0,0.00056823,,,,0,0,0,1
main,rain_pilot,tmax,2,51,all,all,equal_mean,baseline,False,94380,122,-0.96246,2.0858,2.7331,2.6904,2.7805,2.0858,2.0536,2.1213,,,,,,,,,,,,,,,,,,,,,,,,,,,,,,,,,,,,,0,,1,0,,0,0,0,0.00029667,,,,,,,
main,rain_pilot,tmax,2,51,all,all,superensemble,baseline,False,94380,122,0.35075,1.5055,1.8579,1.7816,1.9425,1.5055,1.445,1.5718,,,,,,,,,,,,,,,,,,,,,,,,,-0.87522,-0.95528,-0.79625,0,-0.58027,-0.64807,-0.51865,0,,,,,0,,,,,,,,0,,,,,,,
main,rain_pilot,tmax,2,51,all,all,persistence,baseline,False,94380,122,0.024746,0.94344,1.2545,1.1418,1.3654,0.94344,0.86396,1.0258,,,,,,,,,,,,,,,,,,,,,,,,,-1.4786,-1.6066,-1.3487,0,-1.1424,-1.2375,-1.049,0,,,,,0,,,,,,,,0,,,,,,,
main,rain_pilot,tmax,2,51,all,all,climatology,baseline,False,94380,122,0.12956,1.0634,1.4257,1.271,1.6065,1.0634,0.96867,1.182,,,,,,,,,,,,,,,,,,,,,,,,,-1.3074,-1.4785,-1.1205,0,-1.0224,-1.126,-0.89608,0,,,,,0,,,,,,,,0,,,,,,,
main,rain_pilot,tmax,2,51,winter_JF,all,ecmwf_ifs_ctrl,source,False,9204,13,-0.19044,2.3465,3.0248,2.968,3.0854,2.3465,2.277,2.4156,,,,,,,,,,,,,,,,,,,,,,,,,0.38366,0.35901,0.42243,0,0.27327,0.24868,0.30738,0,,,,,0,,,,,,,,0,,,,,,,
main,rain_pilot,tmax,2,51,winter_JF,all,ecmwf_aifs,source,False,9204,13,-1.1675,1.9226,2.4758,2.3964,2.5536,1.9226,1.852,1.997,,,,,,,,,,,,,,,,,,,,,,,,,-0.16534,-0.23601,-0.09674,0,-0.15057,-0.22712,-0.07615,0,,,,,0,,,,,,,,0,,,,,,,
main,rain_pilot,tmax,2,51,winter_JF,all,ncep_gfs,source,False,9204,13,0.97055,2.5422,3.1578,3.0125,3.2774,2.5422,2.4066,2.6546,,,,,,,,,,,,,,,,,,,,,,,,,0.51667,0.41887,0.59818,0,0.46903,0.38526,0.54223,0,,,,,0,,1,0,,0,0,0,0.0042373,,,,,,,
main,rain_pilot,tmax,2,51,winter_JF,all,ecmwf_ifs_ens,source,True,9204,13,-0.1486,2.3108,2.979,2.9187,3.0416,2.064,1.9745,2.1515,,,,,,,,,,,,,,,,,,,,,,,,,0.33786,0.31441,0.36764,0,-0.0091776,-0.058464,0.033108,0.752,,,,,0,,,,,,,,4.1772e-08,,,,,,,
main,rain_pilot,tmax,2,51,winter_JF,all,equal_mean,baseline,False,9204,13,-0.134,2.0732,2.6411,2.5765,2.7055,2.0732,2.0064,2.1374,,,,,,,,,,,,,,,,,,,,,,,,,,,,,,,,,,,,,0,,,,,,,,0,,,,,,,
main,rain_pilot,tmax,2,51,winter_JF,all,superensemble,baseline,False,9204,13,0.16089,1.3528,1.6793,1.6156,1.7321,1.3528,1.2996,1.3994,,,,,,,,,,,,,,,,,,,,,,,,,-0.96183,-1.0173,-0.89661,0,-0.72034,-0.77802,-0.65588,0,,,,,0,,,,,,,,0,,,,,,,
main,rain_pilot,tmax,2,51,winter_JF,all,persistence,baseline,False,9204,13,-0.10023,0.63848,0.8267,0.64001,1.0538,0.63848,0.51844,0.80746,,,,,,,,,,,,,,,,,,,,,,,,,-1.8145,-2.0189,-1.5613,0,-1.4347,-1.5811,-1.2343,0,,,,,0,,,,,,,,0,,,,,,,
main,rain_pilot,tmax,2,51,winter_JF,all,climatology,baseline,False,9204,13,-0.15619,0.71693,0.91465,0.76294,1.0822,0.71693,0.59616,0.86397,,,,,,,,,,,,,,,,,,,,,,,,,-1.7265,-1.8905,-1.5409,0,-1.3563,-1.4813,-1.2077,0,,,,,0,,,,,,,,0,,,,,,,
main,rain_pilot,tmax,2,51,premonsoon_MAM,all,ecmwf_ifs_ctrl,source,False,18876,26,-1.0077,2.4937,3.2177,3.1385,3.2983,2.4937,2.4153,2.577,,,,,,,,,,,,,,,,,,,,,,,,,0.45618,0.41693,0.49641,0,0.34778,0.31416,0.38452,0,,,,,0,,1,0,,0,0,0,0.0052448,,,,0,0,0,1
main,rain_pilot,tmax,2,51,premonsoon_MAM,all,ecmwf_aifs,source,False,18876,26,-1.3459,2.0804,2.6705,2.5974,2.7515,2.0804,2.0087,2.1571,,,,,,,,,,,,,,,,,,,,,,,,,-0.09098,-0.14312,-0.029113,0.004,-0.065465,-0.11296,-0.011394,0.024,,,,,0,,1,0,,0,0,0,0.00015893,,,,0,0,0,1
main,rain_pilot,tmax,2,51,premonsoon_MAM,all,ncep_gfs,source,False,18876,26,0.41005,2.5379,3.0771,2.9679,3.1998,2.5379,2.4307,2.6447,,,,,,,,,,,,,,,,,,,,,,,,,0.31567,0.21289,0.429,0,0.39197,0.30119,0.48296,0,,,,,0,,1,0,,0,0,0,0.0082115,,,,0,0,0,1
main,rain_pilot,tmax,2,51,premonsoon_MAM,all,ecmwf_ifs_ens,source,True,18876,26,-1.0021,2.4087,3.1285,3.0478,3.2135,2.0616,1.9754,2.1449,,,,,,,,,,,,,,,,,,,,,,,,,0.36704,0.32445,0.40871,0,-0.084302,-0.12607,-0.044511,0,,,,,0,,1,0,,0,0,0,0.0028329,,,,0,0,0,1
main,rain_pilot,tmax,2,51,premonsoon_MAM,all,equal_mean,baseline,False,18876,26,-0.73641,2.1459,2.7615,2.6975,2.8198,2.1459,2.0866,2.2039,,,,,,,,,,,,,,,,,,,,,,,,,,,,,,,,,,,,,0,,1,0,,0,0,0,0.0014834,,,,,,,
main,rain_pilot,tmax,2,51,premonsoon_MAM,all,superensemble,baseline,False,18876,26,-0.26625,1.4771,1.8373,1.7491,1.9435,1.4771,1.4037,1.5692,,,,,,,,,,,,,,,,,,,,,,,,,-0.92422,-1.0094,-0.82369,0,-0.66875,-0.75219,-0.57265,0,,,,,0,,,,,,,,0,,,,,,,
main,rain_pilot,tmax,2,51,premonsoon_MAM,all,persistence,baseline,False,18876,26,0.18763,0.88173,1.2273,0.99478,1.444,0.88173,0.72424,1.0533,,,,,,,,,,,,,,,,,,,,,,,,,-1.5342,-1.7923,-1.3055,0,-1.2642,-1.4658,-1.0673,0,,,,,0,,,,,,,,0,,,,,,,
main,rain_pilot,tmax,2,51,premonsoon_MAM,all,climatology,baseline,False,18876,26,0.65354,1.3507,1.9338,1.3704,2.4929,1.3507,0.97884,1.8144,,,,,,,,,,,,,,,,,,,,,,,,,-0.82771,-1.3866,-0.29691,0.002,-0.79519,-1.1827,-0.33346,0,,,,,0,,,,,,,,0,,,,,,,
main,rain_pilot,tmax,2,51,monsoon_JJAS,all,ecmwf_ifs_ctrl,source,False,38064,50,-1.5218,2.5859,3.438,3.3704,3.5047,2.5859,2.5324,2.6406,,,,,,,,,,,,,,,,,,,,,,,,,0.52187,0.49186,0.54833,0,0.39362,0.36878,0.41583,0,,,,,0,,,,,,,,0,,,,,,,
main,rain_pilot,tmax,2,51,monsoon_JJAS,all,ecmwf_aifs,source,False,38064,50,-1.5514,2.087,2.7543,2.6789,2.8271,2.087,2.0248,2.1516,,,,,,,,,,,,,,,,,,,,,,,,,-0.16189,-0.19313,-0.13436,0,-0.10522,-0.13328,-0.078577,0,,,,,0,,,,,,,,0,,,,,,,
main,rain_pilot,tmax,2,51,monsoon_JJAS,all,ncep_gfs,source,False,38064,50,-0.85623,2.144,2.7859,2.7066,2.8828,2.144,2.0863,2.213,,,,,,,,,,,,,,,,,,,,,,,,,-0.13027,-0.19797,-0.049342,0,-0.048292,-0.10027,0.011587,0.122,,,,,0,,,,,,,,0,,,,,,,
main,rain_pilot,tmax,2,51,monsoon_JJAS,all,ecmwf_ifs_ens,source,True,38064,50,-1.5294,2.5027,3.3587,3.2918,3.4263,2.1605,2.1065,2.2178,,,,,,,,,,,,,,,,,,,,,,,,,0.44251,0.41203,0.46849,0,-0.031778,-0.060786,-0.0048865,0.014,,,,,0,,,,,,,,3.6665e-06,,,,,,,
main,rain_pilot,tmax,2,51,monsoon_JJAS,all,equal_mean,baseline,False,38064,50,-1.353,2.1923,2.9162,2.854,2.9821,2.1923,2.1447,2.2438,,,,,,,,,,,,,,,,,,,,,,,,,,,,,,,,,,,,,0,,,,,,,,0,,,,,,,
main,rain_pilot,tmax,2,51,monsoon_JJAS,all,superensemble,baseline,False,38064,50,0.68918,1.7198,2.0762,1.948,2.2247,1.7198,1.6057,1.8549,,,,,,,,,,,,,,,,,,,,,,,,,-0.83997,-0.98949,-0.67001,0,-0.47243,-0.59801,-0.32745,0,,,,,0,,,,,,,,0,,,,,,,
main,rain_pilot,tmax,2,51,monsoon_JJAS,all,persistence,baseline,False,38064,50,-0.021165,0.9839,1.2688,1.1214,1.4341,0.9839,0.88344,1.1023,,,,,,,,,,,,,,,,,,,,,,,,,-1.6474,-1.8146,-1.4545,0,-1.2084,-1.3329,-1.0711,0,,,,,0,,,,,,,,0,,,,,,,
main,rain_pilot,tmax,2,51,monsoon_JJAS,all,climatology,baseline,False,38064,50,0.051044,1.0854,1.3449,1.2176,1.4958,1.0854,0.98021,1.2124,,,,,,,,,,,,,,,,,,,,,,,,,-1.5712,-1.7125,-1.4154,0,-1.1069,-1.22,-0.98047,0,,,,,0,,,,,,,,0,,,,,,,
main,rain_pilot,tmax,2,51,postmonsoon_OND,all,ecmwf_ifs_ctrl,source,False,28236,37,-0.83957,2.2774,2.972,2.9098,3.0417,2.2774,2.2182,2.344,,,,,,,,,,,,,,,,,,,,,,,,,0.49557,0.45462,0.53596,0,0.37121,0.33325,0.41049,0,,,,,0,,,,,,,,0,,,,,,,
main,rain_pilot,tmax,2,51,postmonsoon_OND,all,ecmwf_aifs,source,False,28236,37,-0.99679,1.7953,2.3288,2.2793,2.3826,1.7953,1.7514,1.8423,,,,,,,,,,,,,,,,,,,,,,,,,-0.14768,-0.18239,-0.11234,0,-0.11089,-0.13579,-0.084345,0,,,,,0,,,,,,,,0,,,,,,,
main,rain_pilot,tmax,2,51,postmonsoon_OND,all,ncep_gfs,source,False,28236,37,-0.72055,1.9806,2.5186,2.447,2.5924,1.9806,1.9192,2.0396,,,,,,,,,,,,,,,,,,,,,,,,,0.042136,-0.032944,0.1097,0.266,0.074447,0.0086203,0.13429,0.024,,,,,0,,,,,,,,0,,,,,,,
main,rain_pilot,tmax,2,51,postmonsoon_OND,all,ecmwf_ifs_ens,source,True,28236,37,-0.85373,2.2037,2.8935,2.833,2.9607,1.8881,1.8232,1.9529,,,,,,,,,,,,,,,,,,,,,,,,,0.41705,0.37987,0.45453,0,-0.018094,-0.061715,0.023455,0.43,,,,,0,,,,,,,,5.7188e-07,,,,,,,
main,rain_pilot,tmax,2,51,postmonsoon_OND,all,equal_mean,baseline,False,28236,37,-0.85708,1.9062,2.4764,2.4338,2.5221,1.9062,1.8714,1.9443,,,,,,,,,,,,,,,,,,,,,,,,,,,,,,,,,,,,,0,,,,,,,,0,,,,,,,
main,rain_pilot,tmax,2,51,postmonsoon_OND,all,superensemble,baseline,False,28236,37,0.36889,1.2854,1.5972,1.5294,1.678,1.2854,1.2324,1.351,,,,,,,,,,,,,,,,,,,,,,,,,-0.87929,-0.96518,-0.77993,0,-0.62082,-0.69569,-0.53882,0,,,,,0,,,,,,,,0,,,,,,,
main,rain_pilot,tmax,2,51,postmonsoon_OND,all,persistence,baseline,False,28236,37,0.018488,1.0295,1.364,1.157,1.5565,1.0295,0.87018,1.1967,,,,,,,,,,,,,,,,,,,,,,,,,-1.1124,-1.3337,-0.90923,0,-0.87664,-1.0492,-0.69998,0,,,,,0,,,,,,,,0,,,,,,,
main,rain_pilot,tmax,2,51,postmonsoon_OND,all,climatology,baseline,False,28236,37,-0.021724,0.95462,1.2582,1.0965,1.4062,0.95462,0.83312,1.0782,,,,,,,,,,,,,,,,,,,,,,,,,-1.2183,-1.3896,-1.065,0,-0.95157,-1.0828,-0.82166,0,,,,,0,,,,,,,,0,,,,,,,
main,rain_pilot,tmax,3,75,all,all,ecmwf_ifs_ctrl,source,False,94380,121,-1.031,2.4576,3.2203,3.1693,3.2741,2.4576,2.4161,2.4995,,,,,,,,,,,,,,,,,,,,,,,,,0.49512,0.47421,0.51756,0,0.37387,0.35538,0.3929,0,,,,,0,,1,0,,0,0,0,0.0011231,,,,0,0,0,1
main,rain_pilot,tmax,3,75,all,all,ecmwf_aifs,source,False,94380,121,-1.3081,1.9875,2.5937,2.5427,2.6448,1.9875,1.9445,2.0303,,,,,,,,,,,,,,,,,,,,,,,,,-0.13154,-0.15494,-0.10784,0,-0.096214,-0.11758,-0.074789,0,,,,,0,,,,,,,,0,,,,,,,
main,rain_pilot,tmax,3,75,all,all,ncep_gfs,source,False,94380,121,-0.32904,2.228,2.8174,2.756,2.8793,2.228,2.1735,2.2878,,,,,,,,,,,,,,,,,,,,,,,,,0.092185,0.028726,0.15872,0.01,0.14423,0.094102,0.19737,0,,,,,0,,1,0,,0,0,0,0.001886,,,,0,0,0,1
main,rain_pilot,tmax,3,75,all,all,ecmwf_ifs_ens,source,True,94380,121,-1.0651,2.3732,3.1325,3.082,3.184,2.0215,1.9802,2.0626,,,,,,,,,,,,,,,,,,,,,,,,,0.40726,0.38747,0.42756,0,-0.062293,-0.083143,-0.041789,0,,,,,0,,1,0,,0,0,0,0.00052598,,,,0,0,0,1
main,rain_pilot,tmax,3,75,all,all,equal_mean,baseline,False,94380,121,-0.92944,2.0838,2.7252,2.6831,2.7698,2.0838,2.0498,2.1174,,,,,,,,,,,,,,,,,,,,,,,,,,,,,,,,,,,,,0,,1,0,,0,0,0,0.0002331,,,,,,,
main,rain_pilot,tmax,3,75,all,all,superensemble,baseline,False,94380,121,0.36082,1.5219,1.8845,1.7974,1.9773,1.5219,1.4498,1.595,,,,,,,,,,,,,,,,,,,,,,,,,-0.84075,-0.93313,-0.74766,0,-0.5619,-0.63827,-0.48984,0,,,,,0,,,,,,,,0,,,,,,,
main,rain_pilot,tmax,3,75,all,all,persistence,baseline,False,94380,121,0.036657,1.0721,1.4368,1.3177,1.5619,1.0721,0.98211,1.1709,,,,,,,,,,,,,,,,,,,,,,,,,-1.2884,-1.419,-1.1507,0,-1.0116,-1.1118,-0.90685,0,,,,,0,,,,,,,,0,,,,,,,
main,rain_pilot,tmax,3,75,all,all,climatology,baseline,False,94380,121,0.13473,1.0584,1.4191,1.2542,1.6181,1.0584,0.9568,1.182,,,,,,,,,,,,,,,,,,,,,,,,,-1.3061,-1.4762,-1.1024,0,-1.0254,-1.1351,-0.894,0,,,,,0,,,,,,,,0,,,,,,,
main,rain_pilot,tmax,3,75,winter_JF,all,ecmwf_ifs_ctrl,source,False,9204,13,-0.074154,2.3772,3.0422,2.987,3.0977,2.3772,2.3119,2.4401,,,,,,,,,,,,,,,,,,,,,,,,,0.38876,0.36235,0.42105,0,0.28708,0.26446,0.31792,0,,,,,0,,,,,,,,0,,,,,,,
main,rain_pilot,tmax,3,75,winter_JF,all,ecmwf_aifs,source,False,9204,13,-1.1922,1.9316,2.4812,2.4032,2.5581,1.9316,1.8586,2.0068,,,,,,,,,,,,,,,,,,,,,,,,,-0.17222,-0.24368,-0.10042,0,-0.15849,-0.24585,-0.074057,0,,,,,0,,,,,,,,0,,,,,,,
main,rain_pilot,tmax,3,75,winter_JF,all,ncep_gfs,source,False,9204,13,0.94654,2.5738,3.1728,3.0122,3.3152,2.5738,2.426,2.7101,,,,,,,,,,,,,,,,,,,,,,,,,0.51934,0.40603,0.61998,0,0.48371,0.38666,0.5753,0,,,,,0,,1,0,,0,0,0,0.0045632,,,,,,,
main,rain_pilot,tmax,3,75,winter_JF,all,ecmwf_ifs_ens,source,True,9204,13,-0.05625,2.3468,3.0071,2.9491,3.0628,2.0772,1.9879,2.1666,,,,,,,,,,,,,,,,,,,,,,,,,0.35369,0.32415,0.39693,0,-0.01286,-0.067563,0.038588,0.648,,,,,0,,,,,,,,1.2532e-07,,,,,,,
main,rain_pilot,tmax,3,75,winter_JF,all,equal_mean,baseline,False,9204,13,-0.094026,2.0901,2.6534,2.5958,2.7089,2.0901,2.0299,2.1478,,,,,,,,,,,,,,,,,,,,,,,,,,,,,,,,,,,,,0,,,,,,,,0,,,,,,,
main,rain_pilot,tmax,3,75,winter_JF,all,superensemble,baseline,False,9204,13,0.12278,1.3476,1.6718,1.6076,1.7316,1.3476,1.2962,1.3973,,,,,,,,,,,,,,,,,,,,,,,,,-0.98166,-1.0325,-0.91935,0,-0.74246,-0.79462,-0.68534,0,,,,,0,,,,,,,,0,,,,,,,
main,rain_pilot,tmax,3,75,winter_JF,all,persistence,baseline,False,9204,13,-0.13982,0.6402,0.8514,0.66788,1.0504,0.6402,0.51028,0.8026,,,,,,,,,,,,,,,,,,,,,,,,,-1.802,-1.999,-1.5864,0,-1.4499,-1.6063,-1.2691,0,,,,,0,,,,,,,,0,,,,,,,
main,rain_pilot,tmax,3,75,winter_JF,all,climatology,baseline,False,9204,13,-0.15619,0.71693,0.91465,0.76294,1.0822,0.71693,0.59616,0.86397,,,,,,,,,,,,,,,,,,,,,,,,,-1.7388,-1.8971,-1.5699,0,-1.3732,-1.4942,-1.2366,0,,,,,0,,,,,,,,0,,,,,,,
main,rain_pilot,tmax,3,75,premonsoon_MAM,all,ecmwf_ifs_ctrl,source,False,18720,25,-1.0106,2.5368,3.2607,3.1899,3.3388,2.5368,2.4682,2.6108,,,,,,,,,,,,,,,,,,,,,,,,,0.47188,0.42946,0.51131,0,0.36489,0.32609,0.40314,0,,,,,0,,1,0,,0,0,0,0.005609,,,,0,0,0,1
main,rain_pilot,tmax,3,75,premonsoon_MAM,all,ecmwf_aifs,source,False,18720,25,-1.4295,2.1296,2.7244,2.6396,2.8163,2.1296,2.0556,2.2159,,,,,,,,,,,,,,,,,,,,,,,,,-0.064386,-0.1199,-0.013847,0.012,-0.04237,-0.096046,0.0089405,0.1,,,,,0,,,,,,,,0,,,,,,,
main,rain_pilot,tmax,3,75,premonsoon_MAM,all,ncep_gfs,source,False,18720,25,0.49509,2.5846,3.1112,3.0087,3.2226,2.5846,2.4786,2.6971,,,,,,,,,,,,,,,,,,,,,,,,,0.32245,0.20135,0.44221,0,0.41267,0.30194,0.51603,0,,,,,0,,1,0,,0,0,0,0.007265,,,,0,0,0,1
main,rain_pilot,tmax,3,75,premonsoon_MAM,all,ecmwf_ifs_ens,source,True,18720,25,-1.0335,2.4307,3.1524,3.07,3.2434,2.0568,1.9679,2.1432,,,,,,,,,,,,,,,,,,,,,,,,,0.36366,0.3192,0.40394,0,-0.11514,-0.16091,-0.072438,0,,,,,0,,1,0,,0,0,0,0.0026436,,,,0,0,0,1
main,rain_pilot,tmax,3,75,premonsoon_MAM,all,equal_mean,baseline,False,18720,25,-0.74464,2.1719,2.7888,2.7233,2.8598,2.1719,2.1107,2.2397,,,,,,,,,,,,,,,,,,,,,,,,,,,,,,,,,,,,,0,,1,0,,0,0,0,0.0011752,,,,,,,
main,rain_pilot,tmax,3,75,premonsoon_MAM,all,superensemble,baseline,False,18720,25,-0.24392,1.484,1.8525,1.7566,1.9535,1.484,1.4044,1.5733,,,,,,,,,,,,,,,,,,,,,,,,,-0.93628,-1.0338,-0.83801,0,-0.68789,-0.78196,-0.59105,0,,,,,0,,,,,,,,0,,,,,,,
main,rain_pilot,tmax,3,75,premonsoon_MAM,all,persistence,baseline,False,18720,25,0.27658,1.0081,1.3725,1.1018,1.5962,1.0081,0.80121,1.1994,,,,,,,,,,,,,,,,,,,,,,,,,-1.4163,-1.7069,-1.1631,0,-1.1638,-1.4056,-0.94476,0,,,,,0,,,,,,,,0,,,,,,,
main,rain_pilot,tmax,3,75,premonsoon_MAM,all,climatology,baseline,False,18720,25,0.68714,1.3338,1.9169,1.334,2.4245,1.3338,0.95463,1.7411,,,,,,,,,,,,,,,,,,,,,,,,,-0.87189,-1.458,-0.37463,0.002,-0.83812,-1.25,-0.41313,0,,,,,0,,,,,,,,0,,,,,,,
main,rain_pilot,tmax,3,75,monsoon_JJAS,all,ecmwf_ifs_ctrl,source,False,38064,50,-1.4327,2.5752,3.4202,3.3543,3.4918,2.5752,2.5217,2.6312,,,,,,,,,,,,,,,,,,,,,,,,,0.53555,0.50627,0.56362,0,0.40404,0.38106,0.42669,0,,,,,0,,1,0,,0,0,0,2.6272e-05,,,,,,,
main,rain_pilot,tmax,3,75,monsoon_JJAS,all,ecmwf_aifs,source,False,38064,50,-1.4999,2.073,2.7352,2.6627,2.806,2.073,2.0132,2.1344,,,,,,,,,,,,,,,,,,,,,,,,,-0.14944,-0.18431,-0.11694,0,-0.098152,-0.12724,-0.06929,0,,,,,0,,,,,,,,0,,,,,,,
main,rain_pilot,tmax,3,75,monsoon_JJAS,all,ncep_gfs,source,False,38064,50,-0.75286,2.1387,2.7663,2.6882,2.8601,2.1387,2.0882,2.1991,,,,,,,,,,,,,,,,,,,,,,,,,-0.1183,-0.19829,-0.022675,0.01,-0.032446,-0.09254,0.036332,0.34,,,,,0,,,,,,,,0,,,,,,,
main,rain_pilot,tmax,3,75,monsoon_JJAS,all,ecmwf_ifs_ens,source,True,38064,50,-1.4533,2.4768,3.32,3.257,3.3851,2.1097,2.0556,2.1642,,,,,,,,,,,,,,,,,,,,,,,,,0.43537,0.4085,0.46147,0,-0.061452,-0.088181,-0.036138,0,,,,,0,,,,,,,,3.8079e-06,,,,,,,
main,rain_pilot,tmax,3,75,monsoon_JJAS,all,equal_mean,baseline,False,38064,50,-1.2715,2.1711,2.8846,2.8278,2.9437,2.1711,2.1277,2.2184,,,,,,,,,,,,,,,,,,,,,,,,,,,,,,,,,,,,,0,,,,,,,,0,,,,,,,
main,rain_pilot,tmax,3,75,monsoon_JJAS,all,superensemble,baseline,False,38064,50,0.72357,1.7477,2.1168,1.9795,2.2799,1.7477,1.6303,1.8885,,,,,,,,,,,,,,,,,,,,,,,,,-0.76785,-0.92901,-0.58148,0,-0.42343,-0.55693,-0.2715,0,,,,,0,,,,,,,,0,,,,,,,
main,rain_pilot,tmax,3,75,monsoon_JJAS,all,persistence,baseline,False,38064,50,-0.024095,1.1548,1.4996,1.3347,1.6814,1.1548,1.0296,1.296,,,,,,,,,,,,,,,,,,,,,,,,,-1.385,-1.5746,-1.1874,0,-1.0163,-1.1573,-0.85996,0,,,,,0,,,,,,,,0,,,,,,,
main,rain_pilot,tmax,3,75,monsoon_JJAS,all,climatology,baseline,False,38064,50,0.051044,1.0854,1.3449,1.2176,1.4958,1.0854,0.98021,1.2124,,,,,,,,,,,,,,,,,,,,,,,,,-1.5397,-1.6845,-1.3846,0,-1.0858,-1.2003,-0.95323,0,,,,,0,,,,,,,,0,,,,,,,
main,rain_pilot,tmax,3,75,postmonsoon_OND,all,ecmwf_ifs_ctrl,source,False,28392,37,-0.81586,2.2739,2.9633,2.8942,3.0455,2.2739,2.2104,2.3494,,,,,,,,,,,,,,,,,,,,,,,,,0.48899,0.44166,0.53615,0,0.36748,0.32511,0.41111,0,,,,,0,,,,,,,,0,,,,,,,
main,rain_pilot,tmax,3,75,postmonsoon_OND,all,ecmwf_aifs,source,False,28392,37,-1.0083,1.7975,2.333,2.2824,2.3866,1.7975,1.7515,1.8438,,,,,,,,,,,,,,,,,,,,,,,,,-0.14127,-0.17314,-0.10937,0,-0.10893,-0.13663,-0.082701,0,,,,,0,,,,,,,,0,,,,,,,
main,rain_pilot,tmax,3,75,postmonsoon_OND,all,ncep_gfs,source,False,28392,37,-0.71773,2.0005,2.5459,2.4672,2.6287,2.0005,1.9345,2.0686,,,,,,,,,,,,,,,,,,,,,,,,,0.071608,-0.015154,0.1521,0.094,0.094049,0.025361,0.15437,0.01,,,,,0,,,,,,,,0,,,,,,,
main,rain_pilot,tmax,3,75,postmonsoon_OND,all,ecmwf_ifs_ens,source,True,28392,37,-0.89272,2.2047,2.8909,2.8277,2.9624,1.8618,1.792,1.9372,,,,,,,,,,,,,,,,,,,,,,,,,0.41657,0.37927,0.45435,0,-0.044598,-0.09006,0.0018698,0.064,,,,,0,,,,,,,,2.5729e-07,,,,,,,
main,rain_pilot,tmax,3,75,postmonsoon_OND,all,equal_mean,baseline,False,28392,37,-0.86353,1.9064,2.4743,2.4331,2.5186,1.9064,1.8688,1.946,,,,,,,,,,,,,,,,,,,,,,,,,,,,,,,,,,,,,0,,,,,,,,0,,,,,,,
main,rain_pilot,tmax,3,75,postmonsoon_OND,all,superensemble,baseline,False,28392,37,0.35039,1.3005,1.6215,1.5412,1.7167,1.3005,1.2384,1.3743,,,,,,,,,,,,,,,,,,,,,,,,,-0.85284,-0.95251,-0.74123,0,-0.60594,-0.69117,-0.51069,0,,,,,0,,,,,,,,0,,,,,,,
main,rain_pilot,tmax,3,75,postmonsoon_OND,all,persistence,baseline,False,28392,37,0.017127,1.1435,1.5396,1.3112,1.7901,1.1435,0.97516,1.3407,,,,,,,,,,,,,,,,,,,,,,,,,-0.93467,-1.1764,-0.68576,0,-0.76288,-0.93675,-0.57296,0,,,,,0,,,,,,,,0,,,,,,,
main,rain_pilot,tmax,3,75,postmonsoon_OND,all,climatology,baseline,False,28392,37,-0.022996,0.95138,1.2552,1.0936,1.4034,0.95138,0.82994,1.077,,,,,,,,,,,,,,,,,,,,,,,,,-1.2192,-1.3889,-1.0658,0,-0.95505,-1.0852,-0.82664,0,,,,,0,,,,,,,,0,,,,,,,
main,rain_pilot,tmax,4,99,all,all,ecmwf_ifs_ctrl,source,False,94380,122,-1.0945,2.4923,3.2552,3.2022,3.3092,2.4923,2.4518,2.5346,,,,,,,,,,,,,,,,,,,,,,,,,0.51334,0.49138,0.53561,0,0.39306,0.37276,0.4129,0,,,,,0,,1,0,,0,0,0,0.00090061,,,,0,0,0,1
main,rain_pilot,tmax,4,99,all,all,ecmwf_aifs,source,False,94380,122,-1.3057,1.9894,2.5968,2.5451,2.6466,1.9894,1.9485,2.031,,,,,,,,,,,,,,,,,,,,,,,,,-0.145,-0.17352,-0.11604,0,-0.10983,-0.13484,-0.085732,0,,,,,0,,,,,,,,0,,,,,,,
main,rain_pilot,tmax,4,99,all,all,ncep_gfs,source,False,94380,122,-0.30379,2.2744,2.8727,2.8067,2.9448,2.2744,2.2136,2.3401,,,,,,,,,,,,,,,,,,,,,,,,,0.1309,0.06463,0.20567,0,0.17515,0.12104,0.23681,0,,,,,0,,1,0,,0,0,0,0.0021827,,,,0,0,0,1
main,rain_pilot,tmax,4,99,all,all,ecmwf_ifs_ens,source,True,94380,122,-1.1373,2.3972,3.1618,3.1102,3.2143,2.022,1.9816,2.0614,,,,,,,,,,,,,,,,,,,,,,,,,0.41994,0.39641,0.44281,0,-0.077236,-0.10131,-0.055019,0,,,,,0,,1,0,,0,0,0,0.00039801,,,,0,0,0,1
main,rain_pilot,tmax,4,99,all,all,equal_mean,baseline,False,94380,122,-0.95716,2.0993,2.7418,2.6969,2.7855,2.0993,2.0666,2.1325,,,,,,,,,,,,,,,,,,,,,,,,,,,,,,,,,,,,,0,,1,0,,0,0,0,0.00012715,,,,,,,
main,rain_pilot,tmax,4,99,all,all,superensemble,baseline,False,94380,122,0.37283,1.5389,1.9065,1.8267,1.9953,1.5389,1.4739,1.6072,,,,,,,,,,,,,,,,,,,,,,,,,-0.83532,-0.92191,-0.74877,0,-0.56041,-0.6311,-0.49009,0,,,,,0,,,,,,,,0,,,,,,,
main,rain_pilot,tmax,4,99,all,all,persistence,baseline,False,94380,122,0.047074,1.1544,1.5308,1.3982,1.6797,1.1544,1.055,1.2656,,,,,,,,,,,,,,,,,,,,,,,,,-1.211,-1.3559,-1.0628,0,-0.94486,-1.0491,-0.82948,0,,,,,0,,,,,,,,0,,,,,,,
main,rain_pilot,tmax,4,99,all,all,climatology,baseline,False,94380,122,0.1385,1.0549,1.4154,1.2482,1.6036,1.0549,0.95295,1.1721,,,,,,,,,,,,,,,,,,,,,,,,,-1.3264,-1.5002,-1.1364,0,-1.0444,-1.1494,-0.92772,0,,,,,0,,,,,,,,0,,,,,,,
main,rain_pilot,tmax,4,99,winter_JF,all,ecmwf_ifs_ctrl,source,False,9204,13,-0.00070808,2.3905,3.0447,2.9873,3.1066,2.3905,2.3219,2.4598,,,,,,,,,,,,,,,,,,,,,,,,,0.39354,0.36809,0.42631,0,0.29519,0.27289,0.32575,0,,,,,0,,,,,,,,0,,,,,,,
main,rain_pilot,tmax,4,99,winter_JF,all,ecmwf_aifs,source,False,9204,13,-1.1913,1.9418,2.4839,2.3977,2.5686,1.9418,1.861,2.0245,,,,,,,,,,,,,,,,,,,,,,,,,-0.16728,-0.24966,-0.084667,0,-0.15348,-0.24744,-0.06304,0,,,,,0,,,,,,,,0,,,,,,,
main,rain_pilot,tmax,4,99,winter_JF,all,ncep_gfs,source,False,9204,13,0.97087,2.5965,3.1956,3.016,3.3419,2.5965,2.4259,2.7473,,,,,,,,,,,,,,,,,,,,,,,,,0.54446,0.41788,0.65115,0,0.50123,0.38784,0.60061,0,,,,,0,,1,0,,0,0,0,0.0049978,,,,,,,
main,rain_pilot,tmax,4,99,winter_JF,all,ecmwf_ifs_ens,source,True,9204,13,-0.016759,2.3463,3.0004,2.9359,3.0646,2.0559,1.9574,2.1587,,,,,,,,,,,,,,,,,,,,,,,,,0.34923,0.31681,0.38685,0,-0.039384,-0.10443,0.016693,0.192,,,,,0,,,,,,,,7.9366e-07,,,,,,,
main,rain_pilot,tmax,4,99,winter_JF,all,equal_mean,baseline,False,9204,13,-0.059463,2.0953,2.6511,2.5883,2.7105,2.0953,2.0307,2.1569,,,,,,,,,,,,,,,,,,,,,,,,,,,,,,,,,,,,,0,,,,,,,,0,,,,,,,
main,rain_pilot,tmax,4,99,winter_JF,all,superensemble,baseline,False,9204,13,0.068513,1.3521,1.6749,1.6058,1.75,1.3521,1.2989,1.4124,,,,,,,,,,,,,,,,,,,,,,,,,-0.97627,-1.035,-0.8961,0,-0.74322,-0.80064,-0.67544,0,,,,,0,,,,,,,,0,,,,,,,
main,rain_pilot,tmax,4,99,winter_JF,all,persistence,baseline,False,9204,13,-0.20294,0.65517,0.85407,0.664,1.0218,0.65517,0.51067,0.80973,,,,,,,,,,,,,,,,,,,,,,,,,-1.7971,-2.0106,-1.6091,0,-1.4401,-1.6283,-1.271,0,,,,,0,,,,,,,,0,,,,,,,
main,rain_pilot,tmax,4,99,winter_JF,all,climatology,baseline,False,9204,13,-0.15619,0.71693,0.91465,0.76294,1.0822,0.71693,0.59616,0.86397,,,,,,,,,,,,,,,,,,,,,,,,,-1.7365,-1.892,-1.5692,0,-1.3784,-1.4977,-1.2365,0,,,,,0,,,,,,,,0,,,,,,,
main,rain_pilot,tmax,4,99,premonsoon_MAM,all,ecmwf_ifs_ctrl,source,False,18564,25,-1.1186,2.5687,3.3003,3.2195,3.3838,2.5687,2.5054,2.6341,,,,,,,,,,,,,,,,,,,,,,,,,0.49936,0.45822,0.53548,0,0.38401,0.34271,0.42178,0,,,,,0,,1,0,,0,0,0,0.0045249,,,,0,0,0,1
main,rain_pilot,tmax,4,99,premonsoon_MAM,all,ecmwf_aifs,source,False,18564,25,-1.4247,2.1318,2.7294,2.6294,2.8354,2.1318,2.0429,2.2275,,,,,,,,,,,,,,,,,,,,,,,,,-0.071594,-0.1427,0.0021477,0.058,-0.0529,-0.11319,0.016283,0.132,,,,,0,,,,,,,,0,,,,,,,
main,rain_pilot,tmax,4,99,premonsoon_MAM,all,ncep_gfs,source,False,18564,25,0.58955,2.6582,3.1928,3.0712,3.3237,2.6582,2.5313,2.7855,,,,,,,,,,,,,,,,,,,,,,,,,0.39187,0.25338,0.53168,0,0.47344,0.34538,0.59519,0,,,,,0,,1,0,,0,0,0,0.0086188,,,,0,0,0,1
main,rain_pilot,tmax,4,99,premonsoon_MAM,all,ecmwf_ifs_ens,source,True,18564,25,-1.16,2.4581,3.1884,3.0987,3.2884,2.0595,1.9848,2.1403,,,,,,,,,,,,,,,,,,,,,,,,,0.38743,0.33216,0.44654,0,-0.12522,-0.18175,-0.070092,0,,,,,0,,1,0,,0,0,0,0.002018,,,,0,0,0,1
main,rain_pilot,tmax,4,99,premonsoon_MAM,all,equal_mean,baseline,False,18564,25,-0.77843,2.1847,2.801,2.733,2.8748,2.1847,2.1274,2.2463,,,,,,,,,,,,,,,,,,,,,,,,,,,,,,,,,,,,,0,,1,0,,0,0,0,0.00064641,,,,,,,
main,rain_pilot,tmax,4,99,premonsoon_MAM,all,superensemble,baseline,False,18564,25,-0.2198,1.4935,1.8727,1.7692,1.9796,1.4935,1.4072,1.5906,,,,,,,,,,,,,,,,,,,,,,,,,-0.92822,-1.0355,-0.81886,0,-0.69123,-0.78671,-0.58806,0,,,,,0,,,,,,,,0,,,,,,,
main,rain_pilot,tmax,4,99,premonsoon_MAM,all,persistence,baseline,False,18564,25,0.35976,1.1425,1.5232,1.224,1.7682,1.1425,0.89546,1.3633,,,,,,,,,,,,,,,,,,,,,,,,,-1.2777,-1.5827,-1.0246,0,-1.0422,-1.2988,-0.78988,0,,,,,0,,,,,,,,0,,,,,,,
main,rain_pilot,tmax,4,99,premonsoon_MAM,all,climatology,baseline,False,18564,25,0.71406,1.3239,1.9107,1.3216,2.4235,1.3239,0.94174,1.7365,,,,,,,,,,,,,,,,,,,,,,,,,-0.89023,-1.4603,-0.38505,0.002,-0.86085,-1.2552,-0.44306,0,,,,,0,,,,,,,,0,,,,,,,
main,rain_pilot,tmax,4,99,monsoon_JJAS,all,ecmwf_ifs_ctrl,source,False,38064,50,-1.5388,2.6258,3.4687,3.3891,3.5482,2.6258,2.5595,2.6915,,,,,,,,,,,,,,,,,,,,,,,,,0.55583,0.51516,0.58984,0,0.43008,0.39503,0.45974,0,,,,,0,,,,,,,,0,,,,,,,
main,rain_pilot,tmax,4,99,monsoon_JJAS,all,ecmwf_aifs,source,False,38064,50,-1.5048,2.0772,2.7411,2.6616,2.8158,2.0772,2.0151,2.1412,,,,,,,,,,,,,,,,,,,,,,,,,-0.1718,-0.21781,-0.12767,0,-0.11845,-0.15768,-0.079242,0,,,,,0,,,,,,,,0,,,,,,,
main,rain_pilot,tmax,4,99,monsoon_JJAS,all,ncep_gfs,source,False,38064,50,-0.74345,2.1794,2.8229,2.7269,2.9286,2.1794,2.1133,2.2581,,,,,,,,,,,,,,,,,,,,,,,,,-0.089981,-0.18525,0.020383,0.094,-0.016253,-0.092755,0.067411,0.718,,,,,0,,,,,,,,0,,,,,,,
main,rain_pilot,tmax,4,99,monsoon_JJAS,all,ecmwf_ifs_ens,source,True,38064,50,-1.5676,2.5164,3.3688,3.2996,3.4382,2.1225,2.0661,2.1808,,,,,,,,,,,,,,,,,,,,,,,,,0.45588,0.41929,0.49057,0,-0.073145,-0.10582,-0.039846,0,,,,,0,,,,,,,,2.1615e-06,,,,,,,
main,rain_pilot,tmax,4,99,monsoon_JJAS,all,equal_mean,baseline,False,38064,50,-1.3223,2.1957,2.9129,2.8515,2.9763,2.1957,2.1469,2.2442,,,,,,,,,,,,,,,,,,,,,,,,,,,,,,,,,,,,,0,,,,,,,,0,,,,,,,
main,rain_pilot,tmax,4,99,monsoon_JJAS,all,superensemble,baseline,False,38064,50,0.75686,1.7739,2.1458,2.0019,2.3169,1.7739,1.6549,1.9157,,,,,,,,,,,,,,,,,,,,,,,,,-0.76707,-0.92986,-0.57262,0,-0.42178,-0.56407,-0.26816,0,,,,,0,,,,,,,,0,,,,,,,
main,rain_pilot,tmax,4,99,monsoon_JJAS,all,persistence,baseline,False,38064,50,-0.026353,1.2747,1.6091,1.4207,1.8162,1.2747,1.1272,1.4456,,,,,,,,,,,,,,,,,,,,,,,,,-1.3038,-1.5059,-1.0901,0,-0.92097,-1.0771,-0.74784,0,,,,,0,,,,,,,,0,,,,,,,
main,rain_pilot,tmax,4,99,monsoon_JJAS,all,climatology,baseline,False,38064,50,0.051044,1.0854,1.3449,1.2176,1.4958,1.0854,0.98021,1.2124,,,,,,,,,,,,,,,,,,,,,,,,,-1.5679,-1.7132,-1.4122,0,-1.1103,-1.2259,-0.97816,0,,,,,0,,,,,,,,0,,,,,,,
main,rain_pilot,tmax,4,99,postmonsoon_OND,all,ecmwf_ifs_ctrl,source,False,28548,38,-0.83894,2.2976,2.9861,2.9174,3.0572,2.2976,2.2358,2.3644,,,,,,,,,,,,,,,,,,,,,,,,,0.50164,0.45694,0.54903,0,0.38113,0.34134,0.42419,0,,,,,0,,1,0,,0,0,0,3.5029e-05,,,,,,,
main,rain_pilot,tmax,4,99,postmonsoon_OND,all,ecmwf_aifs,source,False,28548,38,-0.99964,1.7951,2.3329,2.2809,2.3876,1.7951,1.7475,1.8425,,,,,,,,,,,,,,,,,,,,,,,,,-0.15148,-0.18288,-0.11755,0,-0.12129,-0.14732,-0.093274,0,,,,,0,,,,,,,,0,,,,,,,
main,rain_pilot,tmax,4,99,postmonsoon_OND,all,ncep_gfs,source,False,28548,38,-0.70946,2.0477,2.5955,2.5166,2.6739,2.0477,1.9835,2.107,,,,,,,,,,,,,,,,,,,,,,,,,0.11108,0.031063,0.18287,0.008,0.13124,0.065463,0.19292,0,,,,,0,,,,,,,,0,,,,,,,
main,rain_pilot,tmax,4,99,postmonsoon_OND,all,ecmwf_ifs_ens,source,True,28548,38,-0.91003,2.2151,2.8991,2.8349,2.9709,1.8527,1.7888,1.924,,,,,,,,,,,,,,,,,,,,,,,,,0.4147,0.37734,0.45521,0,-0.06369,-0.10639,-0.017176,0.006,,,,,0,,,,,,,,4.4442e-07,,,,,,,
main,rain_pilot,tmax,4,99,postmonsoon_OND,all,equal_mean,baseline,False,28548,38,-0.87589,1.9164,2.4844,2.4357,2.53,1.9164,1.8754,1.9581,,,,,,,,,,,,,,,,,,,,,,,,,,,,,,,,,,,,,0,,,,,,,,0,,,,,,,
main,rain_pilot,tmax,4,99,postmonsoon_OND,all,superensemble,baseline,False,28548,38,0.34429,1.3152,1.6408,1.5473,1.7432,1.3152,1.2427,1.392,,,,,,,,,,,,,,,,,,,,,,,,,-0.84366,-0.9535,-0.72063,0,-0.60124,-0.69199,-0.50516,0,,,,,0,,,,,,,,0,,,,,,,
main,rain_pilot,tmax,4,99,postmonsoon_OND,all,persistence,baseline,False,28548,38,0.022249,1.1627,1.5971,1.3299,1.8582,1.1627,0.98527,1.3665,,,,,,,,,,,,,,,,,,,,,,,,,-0.8873,-1.1408,-0.63136,0,-0.75375,-0.92412,-0.56682,0,,,,,0,,,,,,,,0,,,,,,,
main,rain_pilot,tmax,4,99,postmonsoon_OND,all,climatology,baseline,False,28548,38,-0.02414,0.94831,1.2522,1.0986,1.4139,0.94831,0.83256,1.0762,,,,,,,,,,,,,,,,,,,,,,,,,-1.2322,-1.3923,-1.0594,0,-0.96811,-1.0971,-0.83591,0,,,,,0,,,,,,,,0,,,,,,,
main,rain_pilot,tmax,5,123,all,all,ecmwf_ifs_ctrl,source,False,94380,122,-1.0411,2.4829,3.2398,3.1875,3.2921,2.4829,2.441,2.526,,,,,,,,,,,,,,,,,,,,,,,,,0.50884,0.48472,0.53357,0,0.39064,0.3699,0.41301,0,,,,,0,,1,0,,0,0,0,0.00078406,,,,0,0,0,1
main,rain_pilot,tmax,5,123,all,all,ecmwf_aifs,source,False,94380,122,-1.2881,1.9909,2.5941,2.54,2.6432,1.9909,1.9464,2.0328,,,,,,,,,,,,,,,,,,,,,,,,,-0.13687,-0.1667,-0.10715,0,-0.10137,-0.12815,-0.075092,0,,,,,0,,,,,,,,0,,,,,,,
main,rain_pilot,tmax,5,123,all,all,ncep_gfs,source,False,94380,122,-0.29697,2.316,2.9201,2.8509,2.9994,2.316,2.253,2.3882,,,,,,,,,,,,,,,,,,,,,,,,,0.18913,0.12316,0.26835,0,0.22367,0.1683,0.28878,0,,,,,0,,1,0,,0,0,0,0.0019602,,,,0,0,0,1
main,rain_pilot,tmax,5,123,all,all,ecmwf_ifs_ens,source,True,94380,122,-1.0788,2.3718,3.1274,3.0772,3.1774,1.9814,1.9405,2.0188,,,,,,,,,,,,,,,,,,,,,,,,,0.39636,0.37135,0.41936,0,-0.11093,-0.13625,-0.086635,0,,,,,0,,1,0,,0,0,0,0.00031045,,,,0,0,0,1
main,rain_pilot,tmax,5,123,all,all,equal_mean,baseline,False,94380,122,-0.92348,2.0923,2.731,2.6855,2.7737,2.0923,2.0586,2.1249,,,,,,,,,,,,,,,,,,,,,,,,,,,,,,,,,,,,,0,,1,0,,0,0,0,7.4168e-05,,,,,,,
main,rain_pilot,tmax,5,123,all,all,superensemble,baseline,False,94380,122,0.38084,1.5582,1.9294,1.846,2.0225,1.5582,1.4915,1.6318,,,,,,,,,,,,,,,,,,,,,,,,,-0.80163,-0.8943,-0.71039,0,-0.53404,-0.60665,-0.46025,0,,,,,0,,,,,,,,0,,,,,,,
main,rain_pilot,tmax,5,123,all,all,persistence,baseline,False,94380,122,0.056338,1.2278,1.6259,1.4908,1.7788,1.2278,1.1231,1.3471,,,,,,,,,,,,,,,,,,,,,,,,,-1.1051,-1.2441,-0.94875,0,-0.86444,-0.97127,-0.73875,0,,,,,0,,,,,,,,0,,,,,,,
main,rain_pilot,tmax,5,123,all,all,climatology,baseline,False,94380,122,0.14125,1.0521,1.4119,1.2475,1.6018,1.0521,0.95272,1.1681,,,,,,,,,,,,,,,,,,,,,,,,,-1.3191,-1.497,-1.1258,0,-1.0401,-1.1461,-0.92158,0,,,,,0,,,,,,,,0,,,,,,,
main,rain_pilot,tmax,5,123,winter_JF,all,ecmwf_ifs_ctrl,source,False,9204,13,-0.0038453,2.4135,3.0789,3.012,3.1484,2.4135,2.3347,2.4913,,,,,,,,,,,,,,,,,,,,,,,,,0.40888,0.37431,0.4603,0,0.30912,0.27921,0.35217,0,,,,,0,,,,,,,,0,,,,,,,
main,rain_pilot,tmax,5,123,winter_JF,all,ecmwf_aifs,source,False,9204,13,-1.2246,1.9577,2.5043,2.3937,2.6175,1.9577,1.8589,2.0619,,,,,,,,,,,,,,,,,,,,,,,,,-0.16567,-0.2643,-0.065939,0,-0.14673,-0.25475,-0.042133,0.004,,,,,0,,,,,,,,0,,,,,,,
main,rain_pilot,tmax,5,123,winter_JF,all,ncep_gfs,source,False,9204,13,0.88878,2.6533,3.2608,3.0758,3.413,2.6533,2.48,2.8114,,,,,,,,,,,,,,,,,,,,,,,,,0.59086,0.44905,0.71086,0,0.5489,0.42346,0.65828,0,,,,,0,,1,0,,0,0,0,0.005867,,,,,,,
main,rain_pilot,tmax,5,123,winter_JF,all,ecmwf_ifs_ens,source,True,9204,13,-0.047284,2.3449,3.006,2.9355,3.077,2.0326,1.9288,2.1411,,,,,,,,,,,,,,,,,,,,,,,,,0.33602,0.30129,0.37475,0,-0.071799,-0.13822,-0.016502,0.01,,,,,0,,,,,,,,1.1696e-06,,,,,,,
main,rain_pilot,tmax,5,123,winter_JF,all,equal_mean,baseline,False,9204,13,-0.096731,2.1044,2.67,2.6055,2.7349,2.1044,2.0388,2.1705,,,,,,,,,,,,,,,,,,,,,,,,,,,,,,,,,,,,,0,,,,,,,,0,,,,,,,
main,rain_pilot,tmax,5,123,winter_JF,all,superensemble,baseline,False,9204,13,0.042388,1.3597,1.6786,1.6184,1.7408,1.3597,1.3129,1.411,,,,,,,,,,,,,,,,,,,,,,,,,-0.99143,-1.0489,-0.91969,0,-0.7447,-0.80565,-0.67438,0,,,,,0,,,,,,,,0,,,,,,,
main,rain_pilot,tmax,5,123,winter_JF,all,persistence,baseline,False,9204,13,-0.26391,0.74278,0.92346,0.70137,1.1177,0.74278,0.5667,0.93492,,,,,,,,,,,,,,,,,,,,,,,,,-1.7465,-1.9988,-1.5387,0,-1.3616,-1.5697,-1.1543,0,,,,,0,,,,,,,,0,,,,,,,
main,rain_pilot,tmax,5,123,winter_JF,all,climatology,baseline,False,9204,13,-0.15619,0.71693,0.91465,0.76294,1.0822,0.71693,0.59616,0.86397,,,,,,,,,,,,,,,,,,,,,,,,,-1.7553,-1.9234,-1.5732,0,-1.3875,-1.5173,-1.2367,0,,,,,0,,,,,,,,0,,,,,,,
main,rain_pilot,tmax,5,123,premonsoon_MAM,all,ecmwf_ifs_ctrl,source,False,18408,25,-1.081,2.558,3.2862,3.1907,3.3861,2.558,2.4802,2.6433,,,,,,,,,,,,,,,,,,,,,,,,,0.49228,0.44191,0.54522,0,0.37517,0.32627,0.43057,0,,,,,0,,1,0,,0,0,0,0.0039657,,,,0,0,0,1
main,rain_pilot,tmax,5,123,premonsoon_MAM,all,ecmwf_aifs,source,False,18408,25,-1.4515,2.1712,2.7618,2.6722,2.8568,2.1712,2.095,2.2557,,,,,,,,,,,,,,,,,,,,,,,,,-0.032148,-0.10721,0.040724,0.362,-0.01164,-0.076573,0.061909,0.702,,,,,0,,,,,,,,0,,,,,,,
main,rain_pilot,tmax,5,123,premonsoon_MAM,all,ncep_gfs,source,False,18408,25,0.67954,2.7176,3.2487,3.1222,3.3841,2.7176,2.5904,2.8452,,,,,,,,,,,,,,,,,,,,,,,,,0.4548,0.31671,0.60282,0,0.53473,0.41058,0.66304,0,,,,,0,,1,0,,0,0,0,0.0071165,,,,0,0,0,1
main,rain_pilot,tmax,5,123,premonsoon_MAM,all,ecmwf_ifs_ens,source,True,18408,25,-1.0782,2.4262,3.1458,3.0678,3.2312,2.0106,1.934,2.089,,,,,,,,,,,,,,,,,,,,,,,,,0.35192,0.30101,0.40449,0,-0.17231,-0.23315,-0.11816,0,,,,,0,,1,0,,0,0,0,0.0015813,,,,0,0,0,1
main,rain_pilot,tmax,5,123,premonsoon_MAM,all,equal_mean,baseline,False,18408,25,-0.73277,2.1829,2.7939,2.7301,2.8581,2.1829,2.1322,2.2352,,,,,,,,,,,,,,,,,,,,,,,,,,,,,,,,,,,,,0,,1,0,,0,0,0,0.00038027,,,,,,,
main,rain_pilot,tmax,5,123,premonsoon_MAM,all,superensemble,baseline,False,18408,25,-0.23148,1.5179,1.9033,1.7812,2.0429,1.5179,1.4212,1.6373,,,,,,,,,,,,,,,,,,,,,,,,,-0.89057,-1.0196,-0.73639,0,-0.66496,-0.77501,-0.539,0,,,,,0,,,,,,,,0,,,,,,,
main,rain_pilot,tmax,5,123,premonsoon_MAM,all,persistence,baseline,False,18408,25,0.47058,1.2304,1.6504,1.327,1.9157,1.2304,0.96212,1.4876,,,,,,,,,,,,,,,,,,,,,,,,,-1.1435,-1.4754,-0.86915,0,-0.95251,-1.2378,-0.65743,0,,,,,0,,,,,,,,0,,,,,,,
main,rain_pilot,tmax,5,123,premonsoon_MAM,all,climatology,baseline,False,18408,25,0.74269,1.3125,1.9028,1.3008,2.4212,1.3125,0.92766,1.7305,,,,,,,,,,,,,,,,,,,,,,,,,-0.89108,-1.4813,-0.37319,0.002,-0.87036,-1.2657,-0.43906,0,,,,,0,,,,,,,,0,,,,,,,
main,rain_pilot,tmax,5,123,monsoon_JJAS,all,ecmwf_ifs_ctrl,source,False,38064,50,-1.4536,2.594,3.4287,3.3429,3.5147,2.594,2.5252,2.6651,,,,,,,,,,,,,,,,,,,,,,,,,0.54276,0.50292,0.57697,0,0.42016,0.38717,0.44889,0,,,,,0,,1,0,,0,0,0,2.6272e-05,,,,,,,
main,rain_pilot,tmax,5,123,monsoon_JJAS,all,ecmwf_aifs,source,False,38064,50,-1.4666,2.0606,2.7193,2.6381,2.7991,2.0606,1.9957,2.1281,,,,,,,,,,,,,,,,,,,,,,,,,-0.16665,-0.21048,-0.12472,0,-0.11329,-0.14943,-0.076558,0,,,,,0,,,,,,,,0,,,,,,,
main,rain_pilot,tmax,5,123,monsoon_JJAS,all,ncep_gfs,source,False,38064,50,-0.72063,2.2204,2.864,2.7649,2.9749,2.2204,2.1519,2.299,,,,,,,,,,,,,,,,,,,,,,,,,-0.021951,-0.12231,0.098525,0.696,0.046536,-0.028704,0.13727,0.25,,,,,0,,,,,,,,0,,,,,,,
main,rain_pilot,tmax,5,123,monsoon_JJAS,all,ecmwf_ifs_ens,source,True,38064,50,-1.4976,2.482,3.3234,3.2546,3.3911,2.0744,2.0188,2.1299,,,,,,,,,,,,,,,,,,,,,,,,,0.43747,0.40005,0.46974,0,-0.099472,-0.13261,-0.068759,0,,,,,0,,,,,,,,4.5756e-06,,,,,,,
main,rain_pilot,tmax,5,123,monsoon_JJAS,all,equal_mean,baseline,False,38064,50,-1.2666,2.1739,2.886,2.822,2.954,2.1739,2.1255,2.2296,,,,,,,,,,,,,,,,,,,,,,,,,,,,,,,,,,,,,0,,,,,,,,0,,,,,,,
main,rain_pilot,tmax,5,123,monsoon_JJAS,all,superensemble,baseline,False,38064,50,0.78346,1.7931,2.1693,2.0244,2.351,1.7931,1.6721,1.9428,,,,,,,,,,,,,,,,,,,,,,,,,-0.71664,-0.8848,-0.50746,0,-0.38073,-0.52088,-0.22046,0,,,,,0,,,,,,,,0,,,,,,,
main,rain_pilot,tmax,5,123,monsoon_JJAS,all,persistence,baseline,False,38064,50,-0.041781,1.3726,1.7396,1.5323,1.9716,1.3726,1.1959,1.5697,,,,,,,,,,,,,,,,,,,,,,,,,-1.1464,-1.3686,-0.91733,0,-0.80124,-0.98233,-0.60253,0,,,,,0,,,,,,,,0,,,,,,,
main,rain_pilot,tmax,5,123,monsoon_JJAS,all,climatology,baseline,False,38064,50,0.051044,1.0854,1.3449,1.2176,1.4958,1.0854,0.98021,1.2124,,,,,,,,,,,,,,,,,,,,,,,,,-1.541,-1.6931,-1.3814,0,-1.0885,-1.2143,-0.95867,0,,,,,0,,,,,,,,0,,,,,,,
main,rain_pilot,tmax,5,123,postmonsoon_OND,all,ecmwf_ifs_ctrl,source,False,28704,38,-0.80095,2.3097,2.993,2.9215,3.0645,2.3097,2.244,2.3801,,,,,,,,,,,,,,,,,,,,,,,,,0.5057,0.45614,0.55801,0,0.38756,0.34423,0.43343,0,,,,,0,,,,,,,,0,,,,,,,
main,rain_pilot,tmax,5,123,postmonsoon_OND,all,ecmwf_aifs,source,False,28704,38,-0.96714,1.7935,2.3277,2.2718,2.3863,1.7935,1.7452,1.8424,,,,,,,,,,,,,,,,,,,,,,,,,-0.15958,-0.1998,-0.12401,0,-0.12855,-0.15873,-0.1017,0,,,,,0,,,,,,,,0,,,,,,,
main,rain_pilot,tmax,5,123,postmonsoon_OND,all,ncep_gfs,source,False,28704,38,-0.74164,2.0769,2.6424,2.5481,2.7415,2.0769,2.0057,2.1575,,,,,,,,,,,,,,,,,,,,,,,,,0.15509,0.062665,0.24725,0.002,0.15481,0.079512,0.23386,0,,,,,0,,,,,,,,0,,,,,,,
main,rain_pilot,tmax,5,123,postmonsoon_OND,all,ecmwf_ifs_ens,source,True,28704,38,-0.85475,2.1993,2.8753,2.8088,2.9492,1.8228,1.7592,1.8956,,,,,,,,,,,,,,,,,,,,,,,,,0.38797,0.34469,0.43506,0,-0.099305,-0.14595,-0.049644,0,,,,,0,,,,,,,,2.8128e-07,,,,,,,
main,rain_pilot,tmax,5,123,postmonsoon_OND,all,equal_mean,baseline,False,28704,38,-0.85582,1.9221,2.4873,2.4373,2.5424,1.9221,1.8767,1.9718,,,,,,,,,,,,,,,,,,,,,,,,,,,,,,,,,,,,,0,,,,,,,,0,,,,,,,
main,rain_pilot,tmax,5,123,postmonsoon_OND,all,superensemble,baseline,False,28704,38,0.34814,1.3363,1.665,1.5722,1.7734,1.3363,1.264,1.4207,,,,,,,,,,,,,,,,,,,,,,,,,-0.82228,-0.93618,-0.69062,0,-0.58584,-0.67814,-0.48459,0,,,,,0,,,,,,,,0,,,,,,,
main,rain_pilot,tmax,5,123,postmonsoon_OND,all,persistence,baseline,False,28704,38,0.023487,1.1897,1.6305,1.368,1.8766,1.1897,1.0083,1.37,,,,,,,,,,,,,,,,,,,,,,,,,-0.85681,-1.0967,-0.62513,0,-0.73235,-0.90853,-0.56344,0,,,,,0,,,,,,,,0,,,,,,,
main,rain_pilot,tmax,5,123,postmonsoon_OND,all,climatology,baseline,False,28704,38,-0.029463,0.94861,1.2512,1.0983,1.4138,0.94861,0.83257,1.0758,,,,,,,,,,,,,,,,,,,,,,,,,-1.2361,-1.3936,-1.0733,0,-0.97348,-1.1039,-0.84225,0,,,,,0,,,,,,,,0,,,,,,,
late,rain_pilot,tmax,1,27,all,all,ecmwf_ifs_ctrl,source,False,27768,36,-0.87384,2.4549,3.235,3.1495,3.3218,2.4549,2.3954,2.5125,,,,,,,,,,,,,,,,,,,,,,,,,0.54731,0.52051,0.57459,0,0.42294,0.39951,0.44741,0,,,,,0,,1,0,,0,0,0,0.00018006,,,,,,,
late,rain_pilot,tmax,1,27,all,all,ecmwf_aifs,source,False,27768,36,-0.97926,1.8974,2.5093,2.4334,2.5939,1.8974,1.8415,1.96,,,,,,,,,,,,,,,,,,,,,,,,,-0.17837,-0.20722,-0.14351,0,-0.13456,-0.15818,-0.1085,0,,,,,0,,,,,,,,0,,,,,,,
late,rain_pilot,tmax,1,27,all,all,ncep_gfs,source,False,27768,36,-0.90181,2.0919,2.7269,2.6208,2.8282,2.0919,2.0147,2.167,,,,,,,,,,,,,,,,,,,,,,,,,0.039175,-0.036007,0.11277,0.328,0.059851,-0.0020367,0.12363,0.062,,,,,0,,,,,,,,0,,,,,,,
late,rain_pilot,tmax,1,27,all,all,ecmwf_ifs_ens,source,True,27768,36,-0.92842,2.3866,3.1598,3.0778,3.2411,2.078,2.0191,2.1361,,,,,,,,,,,,,,,,,,,,,,,,,0.47207,0.44705,0.49745,0,0.046009,0.015226,0.076644,0.01,,,,,0,,1,0,,0,0,0,5.8983e-05,,,,,,,
late,rain_pilot,tmax,1,27,all,all,ecmwf_aifs_ens,source,True,27768,36,-1.1499,1.8746,2.5047,2.4219,2.5969,1.5565,1.4968,1.6215,,,,,,,,,,,,,,,,,,,,,,,,,-0.18299,-0.21082,-0.15143,0,-0.47552,-0.49925,-0.44788,0,,,,,0,,,,,,,,0,,,,,,,
late,rain_pilot,tmax,1,27,all,all,equal_mean,baseline,False,27768,36,-0.96665,2.032,2.6877,2.6003,2.7754,2.032,1.9787,2.0862,,,,,,,,,,,,,,,,,,,,,,,,,,,,,,,,,,,,,0,,,,,,,,0,,,,,,,
late,rain_pilot,tmax,1,27,all,all,superensemble,baseline,False,27768,36,0.28361,1.4318,1.7517,1.6388,1.8646,1.4318,1.3251,1.538,,,,,,,,,,,,,,,,,,,,,,,,,-0.936,-1.0187,-0.84292,0,-0.6002,-0.68551,-0.51084,0,,,,,0,,,,,,,,0,,,,,,,
late,rain_pilot,tmax,1,27,all,all,persistence,baseline,False,27768,36,-0.00036525,0.70844,0.94459,0.80928,1.0914,0.70844,0.61337,0.81515,,,,,,,,,,,,,,,,,,,,,,,,,-1.7431,-1.9204,-1.5589,0,-1.3236,-1.4472,-1.1877,0,,,,,0,,,,,,,,0,,,,,,,
late,rain_pilot,tmax,1,27,all,all,climatology,baseline,False,27768,36,0.20543,0.95258,1.2446,1.0817,1.4011,0.95258,0.82528,1.0877,,,,,,,,,,,,,,,,,,,,,,,,,-1.4432,-1.6244,-1.2616,0,-1.0794,-1.2209,-0.92973,0,,,,,0,,,,,,,,0,,,,,,,
late,rain_pilot,tmax,1,27,monsoon_JJAS,all,ecmwf_ifs_ctrl,source,False,14040,18,-1.351,2.5615,3.4298,3.3377,3.5215,2.5615,2.4942,2.6324,,,,,,,,,,,,,,,,,,,,,,,,,0.53712,0.5038,0.56959,0,0.40884,0.37809,0.4353,0,,,,,0,,1,0,,0,0,0,0.0002849,,,,,,,
late,rain_pilot,tmax,1,27,monsoon_JJAS,all,ecmwf_aifs,source,False,14040,18,-1.2466,1.9894,2.661,2.5602,2.7556,1.9894,1.9079,2.0685,,,,,,,,,,,,,,,,,,,,,,,,,-0.23166,-0.25614,-0.20856,0,-0.16325,-0.18797,-0.13979,0,,,,,0,,,,,,,,0,,,,,,,
late,rain_pilot,tmax,1,27,monsoon_JJAS,all,ncep_gfs,source,False,14040,18,-1.1121,2.2122,2.9001,2.7805,3.0298,2.2122,2.1201,2.3196,,,,,,,,,,,,,,,,,,,,,,,,,0.0074951,-0.092026,0.11584,0.896,0.059556,-0.026595,0.15686,0.218,,,,,0,,,,,,,,0,,,,,,,
late,rain_pilot,tmax,1,27,monsoon_JJAS,all,ecmwf_ifs_ens,source,True,14040,18,-1.3802,2.4836,3.3506,3.2662,3.4359,2.1677,2.105,2.226,,,,,,,,,,,,,,,,,,,,,,,,,0.45793,0.42729,0.48384,0,0.015056,-0.020687,0.049666,0.43,,,,,0,,1,0,,0,0,0,0.00011345,,,,,,,
late,rain_pilot,tmax,1,27,monsoon_JJAS,all,ecmwf_aifs_ens,source,True,14040,18,-1.3992,1.992,2.6877,2.5933,2.7781,1.6739,1.6052,1.741,,,,,,,,,,,,,,,,,,,,,,,,,-0.20494,-0.23779,-0.17251,0,-0.47874,-0.5015,-0.4547,0,,,,,0,,,,,,,,0,,,,,,,
late,rain_pilot,tmax,1,27,monsoon_JJAS,all,equal_mean,baseline,False,14040,18,-1.2978,2.1527,2.8926,2.8036,2.9751,2.1527,2.0902,2.2113,,,,,,,,,,,,,,,,,,,,,,,,,,,,,,,,,,,,,0,,,,,,,,0,,,,,,,
late,rain_pilot,tmax,1,27,monsoon_JJAS,all,superensemble,baseline,False,14040,18,0.54771,1.6783,1.98,1.8447,2.1028,1.6783,1.555,1.7939,,,,,,,,,,,,,,,,,,,,,,,,,-0.91268,-1.0474,-0.76796,0,-0.4744,-0.60352,-0.34469,0,,,,,0,,,,,,,,0,,,,,,,
late,rain_pilot,tmax,1,27,monsoon_JJAS,all,persistence,baseline,False,14040,18,-0.009718,0.66025,0.84436,0.72275,0.95821,0.66025,0.56326,0.76369,,,,,,,,,,,,,,,,,,,,,,,,,-2.0483,-2.1979,-1.9051,0,-1.4924,-1.6092,-1.3748,0,,,,,0,,,,,,,,0,,,,,,,
late,rain_pilot,tmax,1,27,monsoon_JJAS,all,climatology,baseline,False,14040,18,0.24694,1.0374,1.2941,1.0736,1.4933,1.0374,0.86112,1.2331,,,,,,,,,,,,,,,,,,,,,,,,,-1.5985,-1.8409,-1.3781,0,-1.1153,-1.3113,-0.9135,0,,,,,0,,,,,,,,0,,,,,,,
late,rain_pilot,tmax,1,27,postmonsoon_OND,all,ecmwf_ifs_ctrl,source,False,13728,18,-0.38585,2.3459,3.0229,2.9421,3.0919,2.3459,2.2702,2.4163,,,,,,,,,,,,,,,,,,,,,,,,,0.56239,0.517,0.6055,0,0.43736,0.39745,0.47591,0,,,,,0,,1,0,,0,0,0,7.2844e-05,,,,,,,
late,rain_pilot,tmax,1,27,postmonsoon_OND,all,ecmwf_aifs,source,False,13728,18,-0.70582,1.8034,2.3441,2.2607,2.4222,1.8034,1.7372,1.8681,,,,,,,,,,,,,,,,,,,,,,,,,-0.1164,-0.16205,-0.06543,0,-0.10521,-0.14232,-0.066586,0,,,,,0,,,,,,,,0,,,,,,,
late,rain_pilot,tmax,1,27,postmonsoon_OND,all,ncep_gfs,source,False,13728,18,-0.68677,1.9687,2.5375,2.4408,2.6417,1.9687,1.8906,2.0527,,,,,,,,,,,,,,,,,,,,,,,,,0.076961,-0.026895,0.1882,0.146,0.060152,-0.019884,0.15155,0.156,,,,,0,,,,,,,,0,,,,,,,
late,rain_pilot,tmax,1,27,postmonsoon_OND,all,ecmwf_ifs_ens,source,True,13728,18,-0.46634,2.2874,2.952,2.8672,3.0273,1.9862,1.8959,2.0731,,,,,,,,,,,,,,,,,,,,,,,,,0.4914,0.44602,0.53515,0,0.077665,0.026872,0.13063,0.004,,,,,0,,,,,,,,3.2767e-06,,,,,,,
late,rain_pilot,tmax,1,27,postmonsoon_OND,all,ecmwf_aifs_ens,source,True,13728,18,-0.89495,1.7545,2.3026,2.2193,2.3812,1.4363,1.3643,1.5069,,,,,,,,,,,,,,,,,,,,,,,,,-0.15795,-0.20518,-0.10737,0,-0.47222,-0.51615,-0.42782,0,,,,,0,,,,,,,,0,,,,,,,
late,rain_pilot,tmax,1,27,postmonsoon_OND,all,equal_mean,baseline,False,13728,18,-0.62795,1.9086,2.4606,2.4057,2.5093,1.9086,1.8617,1.9515,,,,,,,,,,,,,,,,,,,,,,,,,,,,,,,,,,,,,0,,,,,,,,0,,,,,,,
late,rain_pilot,tmax,1,27,postmonsoon_OND,all,superensemble,baseline,False,13728,18,0.0135,1.1797,1.4824,1.4128,1.5524,1.1797,1.1284,1.2322,,,,,,,,,,,,,,,,,,,,,,,,,-0.97817,-1.0447,-0.90539,0,-0.72885,-0.79657,-0.65827,0,,,,,0,,,,,,,,0,,,,,,,
late,rain_pilot,tmax,1,27,postmonsoon_OND,all,persistence,baseline,False,13728,18,0.0092,0.75773,1.0371,0.80161,1.2561,0.75773,0.59237,0.93532,,,,,,,,,,,,,,,,,,,,,,,,,-1.4234,-1.6793,-1.1937,0,-1.1508,-1.3399,-0.95796,0,,,,,0,,,,,,,,0,,,,,,,
late,rain_pilot,tmax,1,27,postmonsoon_OND,all,climatology,baseline,False,13728,18,0.16297,0.86579,1.1918,0.94045,1.4218,0.86579,0.69716,1.0601,,,,,,,,,,,,,,,,,,,,,,,,,-1.2688,-1.5299,-1.0256,0,-1.0428,-1.2377,-0.82853,0,,,,,0,,,,,,,,0,,,,,,,
late,rain_pilot,tmax,2,51,all,all,ecmwf_ifs_ctrl,source,False,27768,36,-0.99499,2.4831,3.2556,3.1665,3.3402,2.4831,2.4163,2.5471,,,,,,,,,,,,,,,,,,,,,,,,,0.58848,0.55793,0.6187,0,0.45848,0.43287,0.48564,0,,,,,0,,,,,,,,0,,,,,,,
late,rain_pilot,tmax,2,51,all,all,ecmwf_aifs,source,False,27768,36,-1.0359,1.899,2.5147,2.4349,2.5986,1.899,1.8412,1.9595,,,,,,,,,,,,,,,,,,,,,,,,,-0.15238,-0.18383,-0.11967,0,-0.12554,-0.15324,-0.099804,0,,,,,0,,,,,,,,0,,,,,,,
late,rain_pilot,tmax,2,51,all,all,ncep_gfs,source,False,27768,36,-0.90423,2.0628,2.678,2.586,2.7856,2.0628,2.0007,2.132,,,,,,,,,,,,,,,,,,,,,,,,,0.010846,-0.065095,0.09334,0.84,0.038226,-0.019846,0.099335,0.25,,,,,0,,,,,,,,0,,,,,,,
late,rain_pilot,tmax,2,51,all,all,ecmwf_ifs_ens,source,True,27768,36,-0.99549,2.3916,3.1635,3.0803,3.2462,2.058,1.9923,2.1227,,,,,,,,,,,,,,,,,,,,,,,,,0.49643,0.46736,0.52518,0,0.033379,-0.00020362,0.068091,0.052,,,,,0,,,,,,,,3.0322e-06,,,,,,,
late,rain_pilot,tmax,2,51,all,all,ecmwf_aifs_ens,source,True,27768,36,-0.92519,1.811,2.4064,2.334,2.4829,1.484,1.4298,1.5403,,,,,,,,,,,,,,,,,,,,,,,,,-0.26067,-0.28696,-0.2343,0,-0.54055,-0.56122,-0.52083,0,,,,,0,,,,,,,,0,,,,,,,
late,rain_pilot,tmax,2,51,all,all,equal_mean,baseline,False,27768,36,-0.97116,2.0246,2.6671,2.5887,2.7474,2.0246,1.9697,2.0796,,,,,,,,,,,,,,,,,,,,,,,,,,,,,,,,,,,,,0,,,,,,,,0,,,,,,,
late,rain_pilot,tmax,2,51,all,all,superensemble,baseline,False,27768,36,0.3928,1.4331,1.7482,1.6447,1.8535,1.4331,1.3371,1.5346,,,,,,,,,,,,,,,,,,,,,,,,,-0.91893,-1.0092,-0.81986,0,-0.59144,-0.68309,-0.49555,0,,,,,0,,,,,,,,0,,,,,,,
late,rain_pilot,tmax,2,51,all,all,persistence,baseline,False,27768,36,-0.0068915,0.94304,1.2618,1.0626,1.4665,0.94304,0.79152,1.1215,,,,,,,,,,,,,,,,,,,,,,,,,-1.4054,-1.6352,-1.1752,0,-1.0815,-1.256,-0.89303,0,,,,,0,,,,,,,,0,,,,,,,
late,rain_pilot,tmax,2,51,all,all,climatology,baseline,False,27768,36,0.19934,0.9475,1.2404,1.0764,1.3955,0.9475,0.82022,1.0847,,,,,,,,,,,,,,,,,,,,,,,,,-1.4268,-1.6141,-1.2381,0,-1.0771,-1.23,-0.9226,0,,,,,0,,,,,,,,0,,,,,,,
late,rain_pilot,tmax,2,51,monsoon_JJAS,all,ecmwf_ifs_ctrl,source,False,13884,18,-1.3736,2.5986,3.4478,3.3664,3.5385,2.5986,2.543,2.6619,,,,,,,,,,,,,,,,,,,,,,,,,0.59304,0.55671,0.62928,0,0.45579,0.42581,0.48455,0,,,,,0,,,,,,,,0,,,,,,,
late,rain_pilot,tmax,2,51,monsoon_JJAS,all,ecmwf_aifs,source,False,13884,18,-1.3434,1.9952,2.668,2.5767,2.7606,1.9952,1.9234,2.069,,,,,,,,,,,,,,,,,,,,,,,,,-0.18679,-0.22821,-0.14458,0,-0.14767,-0.18344,-0.10933,0,,,,,0,,,,,,,,0,,,,,,,
late,rain_pilot,tmax,2,51,monsoon_JJAS,all,ncep_gfs,source,False,13884,18,-1.0495,2.1477,2.8241,2.6818,2.9819,2.1477,2.053,2.2497,,,,,,,,,,,,,,,,,,,,,,,,,-0.030707,-0.14148,0.10401,0.662,0.0048762,-0.076494,0.092755,0.9,,,,,0,,,,,,,,0,,,,,,,
late,rain_pilot,tmax,2,51,monsoon_JJAS,all,ecmwf_ifs_ens,source,True,13884,18,-1.377,2.4957,3.3514,3.2751,3.4317,2.154,2.0955,2.2089,,,,,,,,,,,,,,,,,,,,,,,,,0.49661,0.45647,0.53312,0,0.011104,-0.034295,0.052202,0.642,,,,,0,,,,,,,,4.9014e-06,,,,,,,
late,rain_pilot,tmax,2,51,monsoon_JJAS,all,ecmwf_aifs_ens,source,True,13884,18,-1.126,1.9127,2.5579,2.4724,2.6377,1.585,1.5265,1.6443,,,,,,,,,,,,,,,,,,,,,,,,,-0.29687,-0.33031,-0.26443,0,-0.55784,-0.58701,-0.5318,0,,,,,0,,,,,,,,0,,,,,,,
late,rain_pilot,tmax,2,51,monsoon_JJAS,all,equal_mean,baseline,False,13884,18,-1.2539,2.1429,2.8548,2.7774,2.9296,2.1429,2.089,2.1972,,,,,,,,,,,,,,,,,,,,,,,,,,,,,,,,,,,,,0,,,,,,,,0,,,,,,,
late,rain_pilot,tmax,2,51,monsoon_JJAS,all,superensemble,baseline,False,13884,18,0.57406,1.6412,1.9418,1.8129,2.0617,1.6412,1.5126,1.757,,,,,,,,,,,,,,,,,,,,,,,,,-0.91298,-1.0466,-0.76707,0,-0.50164,-0.63012,-0.37117,0,,,,,0,,,,,,,,0,,,,,,,
late,rain_pilot,tmax,2,51,monsoon_JJAS,all,persistence,baseline,False,13884,18,-0.015212,0.86519,1.1441,0.91568,1.369,0.86519,0.70577,1.0586,,,,,,,,,,,,,,,,,,,,,,,,,-1.7106,-1.9399,-1.4861,0,-1.2777,-1.4486,-1.0828,0,,,,,0,,,,,,,,0,,,,,,,
late,rain_pilot,tmax,2,51,monsoon_JJAS,all,climatology,baseline,False,13884,18,0.23636,1.0353,1.2926,1.0691,1.4933,1.0353,0.85931,1.2331,,,,,,,,,,,,,,,,,,,,,,,,,-1.5622,-1.8209,-1.3301,0,-1.1076,-1.3097,-0.89202,0,,,,,0,,,,,,,,0,,,,,,,
late,rain_pilot,tmax,2,51,postmonsoon_OND,all,ecmwf_ifs_ctrl,source,False,13884,18,-0.61636,2.3675,3.0513,2.9478,3.148,2.3675,2.2698,2.4637,,,,,,,,,,,,,,,,,,,,,,,,,0.58608,0.53245,0.636,0,0.46116,0.41352,0.50752,0,,,,,0,,,,,,,,0,,,,,,,
late,rain_pilot,tmax,2,51,postmonsoon_OND,all,ecmwf_aifs,source,False,13884,18,-0.72846,1.8029,2.3515,2.2653,2.4358,1.8029,1.7338,1.8714,,,,,,,,,,,,,,,,,,,,,,,,,-0.1137,-0.1567,-0.067375,0,-0.10341,-0.13452,-0.067888,0,,,,,0,,,,,,,,0,,,,,,,
late,rain_pilot,tmax,2,51,postmonsoon_OND,all,ncep_gfs,source,False,13884,18,-0.75892,1.9779,2.5234,2.4363,2.6184,1.9779,1.9042,2.0619,,,,,,,,,,,,,,,,,,,,,,,,,0.058198,-0.050156,0.17306,0.284,0.071575,-0.015906,0.16606,0.12,,,,,0,,,,,,,,0,,,,,,,
late,rain_pilot,tmax,2,51,postmonsoon_OND,all,ecmwf_ifs_ens,source,True,13884,18,-0.614,2.2875,2.9638,2.8624,3.0644,1.962,1.8515,2.0739,,,,,,,,,,,,,,,,,,,,,,,,,0.4986,0.44979,0.54683,0,0.055655,-0.00083078,0.11551,0.06,,,,,0,,,,,,,,1.163e-06,,,,,,,
late,rain_pilot,tmax,2,51,postmonsoon_OND,all,ecmwf_aifs_ens,source,True,13884,18,-0.72436,1.7093,2.2448,2.1632,2.3238,1.383,1.313,1.4508,,,,,,,,,,,,,,,,,,,,,,,,,-0.22043,-0.25167,-0.18347,0,-0.52326,-0.5507,-0.49491,0,,,,,0,,,,,,,,0,,,,,,,
late,rain_pilot,tmax,2,51,postmonsoon_OND,all,equal_mean,baseline,False,13884,18,-0.68842,1.9063,2.4652,2.3985,2.5346,1.9063,1.8464,1.9694,,,,,,,,,,,,,,,,,,,,,,,,,,,,,,,,,,,,,0,,,,,,,,0,,,,,,,
late,rain_pilot,tmax,2,51,postmonsoon_OND,all,superensemble,baseline,False,13884,18,0.21155,1.2251,1.5303,1.4411,1.6216,1.2251,1.1517,1.3033,,,,,,,,,,,,,,,,,,,,,,,,,-0.93494,-1.0513,-0.81003,0,-0.68123,-0.79317,-0.56545,0,,,,,0,,,,,,,,0,,,,,,,
late,rain_pilot,tmax,2,51,postmonsoon_OND,all,persistence,baseline,False,13884,18,0.0014287,1.0209,1.3693,1.052,1.6526,1.0209,0.76919,1.2848,,,,,,,,,,,,,,,,,,,,,,,,,-1.0959,-1.4465,-0.78882,0,-0.88541,-1.1677,-0.59696,0,,,,,0,,,,,,,,0,,,,,,,
late,rain_pilot,tmax,2,51,postmonsoon_OND,all,climatology,baseline,False,13884,18,0.16231,0.85973,1.1858,0.93608,1.414,0.85973,0.68781,1.055,,,,,,,,,,,,,,,,,,,,,,,,,-1.2794,-1.5455,-1.0163,0,-1.0466,-1.2518,-0.82642,0,,,,,0,,,,,,,,0,,,,,,,
late,rain_pilot,tmax,3,75,all,all,ecmwf_ifs_ctrl,source,False,27768,36,-0.94812,2.483,3.2528,3.1629,3.349,2.483,2.4142,2.5557,,,,,,,,,,,,,,,,,,,,,,,,,0.59471,0.55701,0.63489,0,0.46312,0.43301,0.49587,0,,,,,0,,1,0,,0,0,0,3.6013e-05,,,,,,,
late,rain_pilot,tmax,3,75,all,all,ecmwf_aifs,source,False,27768,36,-1.0285,1.9008,2.519,2.4379,2.6137,1.9008,1.8403,1.9672,,,,,,,,,,,,,,,,,,,,,,,,,-0.13906,-0.17941,-0.097597,0,-0.11913,-0.15107,-0.087328,0,,,,,0,,,,,,,,0,,,,,,,
late,rain_pilot,tmax,3,75,all,all,ncep_gfs,source,False,27768,36,-0.92355,2.088,2.7078,2.6129,2.8251,2.088,2.0199,2.1677,,,,,,,,,,,,,,,,,,,,,,,,,0.049724,-0.053453,0.15321,0.364,0.068072,-0.0051172,0.14665,0.068,,,,,0,,,,,,,,0,,,,,,,
late,rain_pilot,tmax,3,75,all,all,ecmwf_ifs_ens,source,True,27768,36,-0.97392,2.3813,3.142,3.0571,3.2232,2.0241,1.9565,2.0922,,,,,,,,,,,,,,,,,,,,,,,,,0.484,0.45018,0.51588,0,0.0042033,-0.035997,0.042245,0.842,,,,,0,,,,,,,,3.2122e-06,,,,,,,
late,rain_pilot,tmax,3,75,all,all,ecmwf_aifs_ens,source,True,27768,36,-0.90304,1.8005,2.3918,2.3183,2.4665,1.4674,1.4101,1.5248,,,,,,,,,,,,,,,,,,,,,,,,,-0.26621,-0.29667,-0.23781,0,-0.55249,-0.57741,-0.5324,0,,,,,0,,,,,,,,0,,,,,,,
late,rain_pilot,tmax,3,75,all,all,equal_mean,baseline,False,27768,36,-0.95542,2.0199,2.658,2.5853,2.7383,2.0199,1.9686,2.074,,,,,,,,,,,,,,,,,,,,,,,,,,,,,,,,,,,,,0,,,,,,,,0,,,,,,,
late,rain_pilot,tmax,3,75,all,all,superensemble,baseline,False,27768,36,0.35532,1.4318,1.7554,1.6478,1.8543,1.4318,1.3353,1.5285,,,,,,,,,,,,,,,,,,,,,,,,,-0.9026,-1.0042,-0.80146,0,-0.58812,-0.68744,-0.48984,0,,,,,0,,,,,,,,0,,,,,,,
late,rain_pilot,tmax,3,75,all,all,persistence,baseline,False,27768,36,-0.01498,1.0495,1.4158,1.2003,1.6132,1.0495,0.89432,1.2172,,,,,,,,,,,,,,,,,,,,,,,,,-1.2423,-1.478,-1.0223,0,-0.97038,-1.1501,-0.79426,0,,,,,0,,,,,,,,0,,,,,,,
late,rain_pilot,tmax,3,75,all,all,climatology,baseline,False,27768,36,0.19196,0.94258,1.2364,1.0709,1.3926,0.94258,0.81529,1.0798,,,,,,,,,,,,,,,,,,,,,,,,,-1.4216,-1.6139,-1.2379,0,-1.0773,-1.228,-0.92308,0,,,,,0,,,,,,,,0,,,,,,,
late,rain_pilot,tmax,3,75,monsoon_JJAS,all,ecmwf_ifs_ctrl,source,False,13728,18,-1.2883,2.5809,3.429,3.3305,3.5373,2.5809,2.5122,2.6606,,,,,,,,,,,,,,,,,,,,,,,,,0.60227,0.54938,0.65484,0,0.45932,0.42043,0.49897,0,,,,,0,,1,0,,0,0,0,7.2844e-05,,,,,,,
late,rain_pilot,tmax,3,75,monsoon_JJAS,all,ecmwf_aifs,source,False,13728,18,-1.3134,1.996,2.6749,2.5686,2.7906,1.996,1.9119,2.0859,,,,,,,,,,,,,,,,,,,,,,,,,-0.15183,-0.21699,-0.080183,0,-0.12558,-0.17544,-0.068582,0,,,,,0,,,,,,,,0,,,,,,,
late,rain_pilot,tmax,3,75,monsoon_JJAS,all,ncep_gfs,source,False,13728,18,-1.0438,2.144,2.8198,2.6634,3.0085,2.144,2.0435,2.2655,,,,,,,,,,,,,,,,,,,,,,,,,-0.0069144,-0.15456,0.18167,0.904,0.022422,-0.078487,0.1548,0.72,,,,,0,,,,,,,,0,,,,,,,
late,rain_pilot,tmax,3,75,monsoon_JJAS,all,ecmwf_ifs_ens,source,True,13728,18,-1.2992,2.4698,3.3081,3.2199,3.4023,2.1042,2.0324,2.1718,,,,,,,,,,,,,,,,,,,,,,,,,0.4814,0.43875,0.52285,0,-0.017331,-0.059089,0.023016,0.436,,,,,0,,,,,,,,5.9653e-06,,,,,,,
late,rain_pilot,tmax,3,75,monsoon_JJAS,all,ecmwf_aifs_ens,source,True,13728,18,-1.0533,1.8899,2.5266,2.4454,2.6042,1.5618,1.5037,1.6207,,,,,,,,,,,,,,,,,,,,,,,,,-0.30013,-0.33575,-0.26541,0,-0.55974,-0.58853,-0.53269,0,,,,,0,,,,,,,,0,,,,,,,
late,rain_pilot,tmax,3,75,monsoon_JJAS,all,equal_mean,baseline,False,13728,18,-1.1996,2.1216,2.8268,2.7479,2.9085,2.1216,2.0648,2.1791,,,,,,,,,,,,,,,,,,,,,,,,,,,,,,,,,,,,,0,,,,,,,,0,,,,,,,
late,rain_pilot,tmax,3,75,monsoon_JJAS,all,superensemble,baseline,False,13728,18,0.54479,1.6446,1.9537,1.8257,2.0749,1.6446,1.52,1.7612,,,,,,,,,,,,,,,,,,,,,,,,,-0.87308,-1.018,-0.7138,0,-0.47692,-0.61345,-0.33054,0,,,,,0,,,,,,,,0,,,,,,,
late,rain_pilot,tmax,3,75,monsoon_JJAS,all,persistence,baseline,False,13728,18,-0.015282,1.023,1.3528,1.0797,1.6135,1.023,0.82448,1.2501,,,,,,,,,,,,,,,,,,,,,,,,,-1.474,-1.7447,-1.2039,0,-1.0985,-1.303,-0.87638,0,,,,,0,,,,,,,,0,,,,,,,
late,rain_pilot,tmax,3,75,monsoon_JJAS,all,climatology,baseline,False,13728,18,0.22701,1.033,1.2915,1.0669,1.4961,1.033,0.85226,1.233,,,,,,,,,,,,,,,,,,,,,,,,,-1.5353,-1.8072,-1.2934,0,-1.0886,-1.2979,-0.86731,0,,,,,0,,,,,,,,0,,,,,,,
late,rain_pilot,tmax,3,75,postmonsoon_OND,all,ecmwf_ifs_ctrl,source,False,14040,18,-0.61549,2.3874,3.0706,2.9595,3.1815,2.3874,2.2873,2.497,,,,,,,,,,,,,,,,,,,,,,,,,0.58863,0.52166,0.64915,0,0.46682,0.41245,0.52274,0,,,,,0,,,,,,,,0,,,,,,,
late,rain_pilot,tmax,3,75,postmonsoon_OND,all,ecmwf_aifs,source,False,14040,18,-0.74987,1.8077,2.3566,2.2747,2.4407,1.8077,1.7378,1.8761,,,,,,,,,,,,,,,,,,,,,,,,,-0.12546,-0.17752,-0.075167,0,-0.11282,-0.15531,-0.072312,0,,,,,0,,,,,,,,0,,,,,,,
late,rain_pilot,tmax,3,75,postmonsoon_OND,all,ncep_gfs,source,False,14040,18,-0.80593,2.0333,2.5935,2.4885,2.7213,2.0333,1.945,2.1335,,,,,,,,,,,,,,,,,,,,,,,,,0.11149,-0.0033434,0.24673,0.056,0.11271,0.02093,0.22067,0.02,,,,,0,,,,,,,,0,,,,,,,
late,rain_pilot,tmax,3,75,postmonsoon_OND,all,ecmwf_ifs_ens,source,True,14040,18,-0.65592,2.2948,2.9707,2.8696,3.0752,1.9458,1.83,2.0605,,,,,,,,,,,,,,,,,,,,,,,,,0.48865,0.43462,0.54306,0,0.025259,-0.04183,0.091699,0.45,,,,,0,,,,,,,,5.2029e-07,,,,,,,
late,rain_pilot,tmax,3,75,postmonsoon_OND,all,ecmwf_aifs_ens,source,True,14040,18,-0.75614,1.713,2.2523,2.1577,2.3432,1.3751,1.2957,1.453,,,,,,,,,,,,,,,,,,,,,,,,,-0.22977,-0.27257,-0.19283,0,-0.5454,-0.58464,-0.51234,0,,,,,0,,,,,,,,0,,,,,,,
late,rain_pilot,tmax,3,75,postmonsoon_OND,all,equal_mean,baseline,False,14040,18,-0.71667,1.9205,2.482,2.4099,2.5542,1.9205,1.8535,1.9855,,,,,,,,,,,,,,,,,,,,,,,,,,,,,,,,,,,,,0,,,,,,,,0,,,,,,,
late,rain_pilot,tmax,3,75,postmonsoon_OND,all,superensemble,baseline,False,14040,18,0.17006,1.2237,1.5371,1.4412,1.6315,1.2237,1.145,1.307,,,,,,,,,,,,,,,,,,,,,,,,,-0.94492,-1.0743,-0.80044,0,-0.69685,-0.81781,-0.56551,0,,,,,0,,,,,,,,0,,,,,,,
late,rain_pilot,tmax,3,75,postmonsoon_OND,all,persistence,baseline,False,14040,18,-0.014684,1.0755,1.4747,1.1652,1.7809,1.0755,0.84952,1.3242,,,,,,,,,,,,,,,,,,,,,,,,,-1.0073,-1.3288,-0.69027,0,-0.84508,-1.1055,-0.58491,0,,,,,0,,,,,,,,0,,,,,,,
late,rain_pilot,tmax,3,75,postmonsoon_OND,all,climatology,baseline,False,14040,18,0.15769,0.85422,1.1802,0.92698,1.4133,0.85422,0.68091,1.0477,,,,,,,,,,,,,,,,,,,,,,,,,-1.3019,-1.5715,-1.0357,0,-1.0663,-1.27,-0.84562,0,,,,,0,,,,,,,,0,,,,,,,
late,rain_pilot,tmax,4,99,all,all,ecmwf_ifs_ctrl,source,False,27768,37,-0.94581,2.4941,3.2578,3.1711,3.3481,2.4941,2.432,2.5597,,,,,,,,,,,,,,,,,,,,,,,,,0.59427,0.55808,0.6308,0,0.46888,0.44011,0.49925,0,,,,,0,,1,0,,0,0,0,3.6013e-05,,,,,,,
late,rain_pilot,tmax,4,99,all,all,ecmwf_aifs,source,False,27768,37,-1.0218,1.8985,2.517,2.4327,2.6114,1.8985,1.8381,1.9703,,,,,,,,,,,,,,,,,,,,,,,,,-0.14656,-0.19042,-0.098699,0,-0.12678,-0.1655,-0.09017,0,,,,,0,,,,,,,,0,,,,,,,
late,rain_pilot,tmax,4,99,all,all,ncep_gfs,source,False,27768,37,-0.89966,2.1213,2.7384,2.6383,2.8687,2.1213,2.0489,2.2149,,,,,,,,,,,,,,,,,,,,,,,,,0.07483,-0.035352,0.1924,0.22,0.096095,0.009391,0.1838,0.02,,,,,0,,,,,,,,0,,,,,,,
late,rain_pilot,tmax,4,99,all,all,ecmwf_ifs_ens,source,True,27768,37,-1.0281,2.3988,3.1635,3.0761,3.2563,2.02,1.9549,2.0893,,,,,,,,,,,,,,,,,,,,,,,,,0.49993,0.46945,0.53216,0,-0.0052278,-0.04092,0.033062,0.774,,,,,0,,,,,,,,1.2046e-06,,,,,,,
late,rain_pilot,tmax,4,99,all,all,ecmwf_aifs_ens,source,True,27768,37,-0.92043,1.8107,2.4079,2.3313,2.4868,1.4713,1.4123,1.5317,,,,,,,,,,,,,,,,,,,,,,,,,-0.25568,-0.28916,-0.22351,0,-0.55397,-0.58046,-0.52901,0,,,,,0,,,,,,,,0,,,,,,,
late,rain_pilot,tmax,4,99,all,all,equal_mean,baseline,False,27768,37,-0.96316,2.0252,2.6636,2.5875,2.745,2.0252,1.9743,2.0794,,,,,,,,,,,,,,,,,,,,,,,,,,,,,,,,,,,,,0,,,,,,,,0,,,,,,,
late,rain_pilot,tmax,4,99,all,all,superensemble,baseline,False,27768,37,0.37187,1.4391,1.7683,1.6565,1.876,1.4391,1.339,1.5434,,,,,,,,,,,,,,,,,,,,,,,,,-0.89533,-1.0128,-0.77815,0,-0.58611,-0.68941,-0.47395,0,,,,,0,,,,,,,,0,,,,,,,
late,rain_pilot,tmax,4,99,all,all,persistence,baseline,False,27768,37,-0.020024,1.0768,1.4415,1.2108,1.6525,1.0768,0.91556,1.2411,,,,,,,,,,,,,,,,,,,,,,,,,-1.2221,-1.4594,-1.0097,0,-0.94845,-1.1188,-0.78334,0,,,,,0,,,,,,,,0,,,,,,,
late,rain_pilot,tmax,4,99,all,all,climatology,baseline,False,27768,37,0.18793,0.94006,1.2349,1.0538,1.3929,0.94006,0.80019,1.0784,,,,,,,,,,,,,,,,,,,,,,,,,-1.4287,-1.6308,-1.2461,0,-1.0852,-1.2387,-0.93241,0,,,,,0,,,,,,,,0,,,,,,,
late,rain_pilot,tmax,4,99,monsoon_JJAS,all,ecmwf_ifs_ctrl,source,False,13572,18,-1.3595,2.6133,3.455,3.3468,3.5706,2.6133,2.5357,2.6966,,,,,,,,,,,,,,,,,,,,,,,,,0.61038,0.55915,0.66126,0,0.47776,0.43843,0.51406,0,,,,,0,,,,,,,,0,,,,,,,
late,rain_pilot,tmax,4,99,monsoon_JJAS,all,ecmwf_aifs,source,False,13572,18,-1.3046,1.9947,2.6742,2.5476,2.8263,1.9947,1.8958,2.1068,,,,,,,,,,,,,,,,,,,,,,,,,-0.17036,-0.24527,-0.08824,0,-0.14076,-0.20089,-0.069897,0,,,,,0,,,,,,,,0,,,,,,,
late,rain_pilot,tmax,4,99,monsoon_JJAS,all,ncep_gfs,source,False,13572,18,-1.0288,2.1803,2.8624,2.6861,3.0586,2.1803,2.0566,2.3382,,,,,,,,,,,,,,,,,,,,,,,,,0.017841,-0.15087,0.22522,0.904,0.044837,-0.079523,0.20738,0.552,,,,,0,,,,,,,,0,,,,,,,
late,rain_pilot,tmax,4,99,monsoon_JJAS,all,ecmwf_ifs_ens,source,True,13572,18,-1.4243,2.5076,3.3595,3.2648,3.4633,2.1157,2.0424,2.1857,,,,,,,,,,,,,,,,,,,,,,,,,0.51489,0.46999,0.55702,0,-0.01978,-0.0666,0.023195,0.39,,,,,0,,,,,,,,1.5297e-06,,,,,,,
late,rain_pilot,tmax,4,99,monsoon_JJAS,all,ecmwf_aifs_ens,source,True,13572,18,-1.0504,1.8971,2.5383,2.4498,2.6275,1.5637,1.4999,1.6263,,,,,,,,,,,,,,,,,,,,,,,,,-0.30626,-0.34888,-0.26872,0,-0.57182,-0.60652,-0.5422,0,,,,,0,,,,,,,,0,,,,,,,
late,rain_pilot,tmax,4,99,monsoon_JJAS,all,equal_mean,baseline,False,13572,18,-1.2336,2.1355,2.8446,2.7569,2.9321,2.1355,2.0741,2.1973,,,,,,,,,,,,,,,,,,,,,,,,,,,,,,,,,,,,,0,,,,,,,,0,,,,,,,
late,rain_pilot,tmax,4,99,monsoon_JJAS,all,superensemble,baseline,False,13572,18,0.5866,1.6507,1.9656,1.827,2.0935,1.6507,1.5217,1.7754,,,,,,,,,,,,,,,,,,,,,,,,,-0.87904,-1.0369,-0.70595,0,-0.48479,-0.62673,-0.32806,0,,,,,0,,,,,,,,0,,,,,,,
late,rain_pilot,tmax,4,99,monsoon_JJAS,all,persistence,baseline,False,13572,18,-0.018849,1.1167,1.4342,1.1325,1.7078,1.1167,0.90325,1.336,,,,,,,,,,,,,,,,,,,,,,,,,-1.4104,-1.7132,-1.1299,0,-1.0188,-1.2416,-0.79031,0,,,,,0,,,,,,,,0,,,,,,,
late,rain_pilot,tmax,4,99,monsoon_JJAS,all,climatology,baseline,False,13572,18,0.22404,1.0352,1.2949,1.0675,1.5058,1.0352,0.85226,1.2396,,,,,,,,,,,,,,,,,,,,,,,,,-1.5497,-1.8158,-1.3028,0,-1.1003,-1.3182,-0.87583,0,,,,,0,,,,,,,,0,,,,,,,
late,rain_pilot,tmax,4,99,postmonsoon_OND,all,ecmwf_ifs_ctrl,source,False,14196,19,-0.55032,2.3802,3.0575,2.9655,3.1456,2.3802,2.2959,2.4668,,,,,,,,,,,,,,,,,,,,,,,,,0.57933,0.52643,0.63001,0,0.46038,0.41785,0.50301,0,,,,,0,,1,0,,0,0,0,7.0442e-05,,,,,,,
late,rain_pilot,tmax,4,99,postmonsoon_OND,all,ecmwf_aifs,source,False,14196,19,-0.75142,1.8064,2.3569,2.2797,2.4377,1.8064,1.7397,1.8737,,,,,,,,,,,,,,,,,,,,,,,,,-0.12127,-0.16207,-0.076851,0,-0.11341,-0.1476,-0.077485,0,,,,,0,,,,,,,,0,,,,,,,
late,rain_pilot,tmax,4,99,postmonsoon_OND,all,ncep_gfs,source,False,14196,19,-0.77615,2.0649,2.6143,2.5296,2.6995,2.0649,1.9933,2.1317,,,,,,,,,,,,,,,,,,,,,,,,,0.13615,0.036315,0.23345,0.012,0.1451,0.062638,0.22924,0.006,,,,,0,,,,,,,,0,,,,,,,
late,rain_pilot,tmax,4,99,postmonsoon_OND,all,ecmwf_ifs_ens,source,True,14196,19,-0.64925,2.2948,2.9641,2.8656,3.0602,1.9285,1.8279,2.0355,,,,,,,,,,,,,,,,,,,,,,,,,0.48587,0.43863,0.53169,0,0.0086851,-0.050374,0.064603,0.796,,,,,0,,,,,,,,8.9373e-07,,,,,,,
late,rain_pilot,tmax,4,99,postmonsoon_OND,all,ecmwf_aifs_ens,source,True,14196,19,-0.79613,1.7282,2.2762,2.1802,2.3697,1.3829,1.3072,1.4634,,,,,,,,,,,,,,,,,,,,,,,,,-0.20196,-0.24152,-0.16224,0,-0.53691,-0.57485,-0.50343,0,,,,,0,,,,,,,,0,,,,,,,
late,rain_pilot,tmax,4,99,postmonsoon_OND,all,equal_mean,baseline,False,14196,19,-0.70465,1.9198,2.4782,2.4016,2.5491,1.9198,1.8574,1.9823,,,,,,,,,,,,,,,,,,,,,,,,,,,,,,,,,,,,,0,,,,,,,,0,,,,,,,
late,rain_pilot,tmax,4,99,postmonsoon_OND,all,superensemble,baseline,False,14196,19,0.16658,1.2369,1.5564,1.4507,1.6773,1.2369,1.152,1.3326,,,,,,,,,,,,,,,,,,,,,,,,,-0.92178,-1.0647,-0.77242,0,-0.68297,-0.80947,-0.55165,0,,,,,0,,,,,,,,0,,,,,,,
late,rain_pilot,tmax,4,99,postmonsoon_OND,all,persistence,baseline,False,14196,19,-0.021148,1.0386,1.4484,1.0771,1.7725,1.0386,0.79074,1.2925,,,,,,,,,,,,,,,,,,,,,,,,,-1.0298,-1.3944,-0.70356,0,-0.88119,-1.1337,-0.627,0,,,,,0,,,,,,,,0,,,,,,,
late,rain_pilot,tmax,4,99,postmonsoon_OND,all,climatology,baseline,False,14196,19,0.15341,0.84913,1.1746,0.90862,1.4136,0.84913,0.66608,1.0449,,,,,,,,,,,,,,,,,,,,,,,,,-1.3036,-1.5844,-1.0535,0,-1.0707,-1.27,-0.86062,0,,,,,0,,,,,,,,0,,,,,,,
late,rain_pilot,tmax,5,123,all,all,ecmwf_ifs_ctrl,source,False,27768,37,-0.91532,2.4892,3.2442,3.1624,3.3312,2.4892,2.4296,2.5534,,,,,,,,,,,,,,,,,,,,,,,,,0.5869,0.54858,0.62513,0,0.46692,0.43695,0.49747,0,,,,,0,,1,0,,0,0,0,3.6013e-05,,,,,,,
late,rain_pilot,tmax,5,123,all,all,ecmwf_aifs,source,False,27768,37,-0.99823,1.9039,2.52,2.4338,2.6221,1.9039,1.8406,1.9788,,,,,,,,,,,,,,,,,,,,,,,,,-0.13731,-0.17846,-0.095607,0,-0.11841,-0.1503,-0.085352,0,,,,,0,,,,,,,,0,,,,,,,
late,rain_pilot,tmax,5,123,all,all,ncep_gfs,source,False,27768,37,-0.90434,2.1481,2.7779,2.6557,2.928,2.1481,2.0674,2.2541,,,,,,,,,,,,,,,,,,,,,,,,,0.12061,-0.0059946,0.26359,0.074,0.12579,0.035392,0.22887,0.002,,,,,0,,,,,,,,0,,,,,,,
late,rain_pilot,tmax,5,123,all,all,ecmwf_ifs_ens,source,True,27768,37,-0.98551,2.3727,3.1279,3.0349,3.2178,1.981,1.9135,2.0501,,,,,,,,,,,,,,,,,,,,,,,,,0.47056,0.43655,0.50755,0,-0.041314,-0.085096,0.0051609,0.086,,,,,0,,,,,,,,1.1353e-06,,,,,,,
late,rain_pilot,tmax,5,123,all,all,ecmwf_aifs_ens,source,True,27768,37,-0.90369,1.8107,2.4053,2.3268,2.4922,1.4645,1.404,1.527,,,,,,,,,,,,,,,,,,,,,,,,,-0.25203,-0.29148,-0.21134,0,-0.55783,-0.58613,-0.53143,0,,,,,0,,,,,,,,0,,,,,,,
late,rain_pilot,tmax,5,123,all,all,equal_mean,baseline,False,27768,37,-0.94142,2.0223,2.6573,2.5781,2.7375,2.0223,1.9698,2.0784,,,,,,,,,,,,,,,,,,,,,,,,,,,,,,,,,,,,,0,,,,,,,,0,,,,,,,
late,rain_pilot,tmax,5,123,all,all,superensemble,baseline,False,27768,37,0.38321,1.4691,1.8013,1.6916,1.9075,1.4691,1.3675,1.5738,,,,,,,,,,,,,,,,,,,,,,,,,-0.85599,-0.97913,-0.73928,0,-0.5532,-0.66215,-0.44579,0,,,,,0,,,,,,,,0,,,,,,,
late,rain_pilot,tmax,5,123,all,all,persistence,baseline,False,27768,37,-0.027637,1.1231,1.4827,1.2611,1.6903,1.1231,0.95327,1.2953,,,,,,,,,,,,,,,,,,,,,,,,,-1.1746,-1.3882,-0.96802,0,-0.8992,-1.0692,-0.73286,0,,,,,0,,,,,,,,0,,,,,,,
late,rain_pilot,tmax,5,123,all,all,climatology,baseline,False,27768,37,0.18161,0.9411,1.2355,1.0545,1.3913,0.9411,0.80079,1.079,,,,,,,,,,,,,,,,,,,,,,,,,-1.4218,-1.6238,-1.2397,0,-1.0812,-1.2347,-0.92989,0,,,,,0,,,,,,,,0,,,,,,,
late,rain_pilot,tmax,5,123,monsoon_JJAS,all,ecmwf_ifs_ctrl,source,False,13416,18,-1.3228,2.5988,3.4354,3.3314,3.5505,2.5988,2.5233,2.6825,,,,,,,,,,,,,,,,,,,,,,,,,0.59727,0.54686,0.64385,0,0.47036,0.43543,0.50268,0,,,,,0,,1,0,,0,0,0,7.4538e-05,,,,,,,
late,rain_pilot,tmax,5,123,monsoon_JJAS,all,ecmwf_aifs,source,False,13416,18,-1.2894,1.997,2.676,2.5423,2.8378,1.997,1.8959,2.1167,,,,,,,,,,,,,,,,,,,,,,,,,-0.16214,-0.22998,-0.090211,0,-0.13145,-0.18777,-0.068167,0,,,,,0,,,,,,,,0,,,,,,,
late,rain_pilot,tmax,5,123,monsoon_JJAS,all,ncep_gfs,source,False,13416,18,-1.0337,2.24,2.9378,2.7178,3.196,2.24,2.0853,2.4415,,,,,,,,,,,,,,,,,,,,,,,,,0.09966,-0.11221,0.35905,0.442,0.11152,-0.044366,0.31402,0.224,,,,,0,,,,,,,,0,,,,,,,
late,rain_pilot,tmax,5,123,monsoon_JJAS,all,ecmwf_ifs_ens,source,True,13416,18,-1.3788,2.4804,3.3234,3.2234,3.4364,2.0757,2.0021,2.1475,,,,,,,,,,,,,,,,,,,,,,,,,0.48523,0.43576,0.53323,0,-0.052768,-0.10101,-0.0024054,0.036,,,,,0,,,,,,,,1.7481e-06,,,,,,,
late,rain_pilot,tmax,5,123,monsoon_JJAS,all,ecmwf_aifs_ens,source,True,13416,18,-1.0013,1.8832,2.5221,2.4239,2.6255,1.5477,1.4821,1.6185,,,,,,,,,,,,,,,,,,,,,,,,,-0.31602,-0.36893,-0.27231,0,-0.5808,-0.62074,-0.54786,0,,,,,0,,,,,,,,0,,,,,,,
late,rain_pilot,tmax,5,123,monsoon_JJAS,all,equal_mean,baseline,False,13416,18,-1.2052,2.1285,2.8381,2.7527,2.9397,2.1285,2.0691,2.1997,,,,,,,,,,,,,,,,,,,,,,,,,,,,,,,,,,,,,0,,,,,,,,0,,,,,,,
late,rain_pilot,tmax,5,123,monsoon_JJAS,all,superensemble,baseline,False,13416,18,0.59721,1.6734,1.99,1.8512,2.1174,1.6734,1.5474,1.7989,,,,,,,,,,,,,,,,,,,,,,,,,-0.84815,-1.0127,-0.67583,0,-0.45502,-0.59583,-0.30143,0,,,,,0,,,,,,,,0,,,,,,,
late,rain_pilot,tmax,5,123,monsoon_JJAS,all,persistence,baseline,False,13416,18,-0.021582,1.2371,1.552,1.226,1.8317,1.2371,0.97212,1.4971,,,,,,,,,,,,,,,,,,,,,,,,,-1.2861,-1.6064,-0.99232,0,-0.89131,-1.1544,-0.61903,0,,,,,0,,,,,,,,0,,,,,,,
late,rain_pilot,tmax,5,123,monsoon_JJAS,all,climatology,baseline,False,13416,18,0.22523,1.0377,1.2986,1.0678,1.5058,1.0377,0.85229,1.2423,,,,,,,,,,,,,,,,,,,,,,,,,-1.5395,-1.8178,-1.292,0,-1.0908,-1.313,-0.86229,0,,,,,0,,,,,,,,0,,,,,,,
late,rain_pilot,tmax,5,123,postmonsoon_OND,all,ecmwf_ifs_ctrl,source,False,14352,19,-0.53445,2.3868,3.0547,2.973,3.1369,2.3868,2.3075,2.4679,,,,,,,,,,,,,,,,,,,,,,,,,0.57832,0.52512,0.63656,0,0.4637,0.41778,0.51248,0,,,,,0,,,,,,,,0,,,,,,,
late,rain_pilot,tmax,5,123,postmonsoon_OND,all,ecmwf_aifs,source,False,14352,19,-0.72605,1.8169,2.3648,2.2823,2.4513,1.8169,1.7481,1.89,,,,,,,,,,,,,,,,,,,,,,,,,-0.11148,-0.15233,-0.065082,0,-0.10622,-0.13622,-0.070539,0,,,,,0,,,,,,,,0,,,,,,,
late,rain_pilot,tmax,5,123,postmonsoon_OND,all,ncep_gfs,source,False,14352,19,-0.78341,2.0622,2.6196,2.5431,2.7008,2.0622,2.01,2.1182,,,,,,,,,,,,,,,,,,,,,,,,,0.1433,0.055688,0.2302,0.002,0.13913,0.069482,0.21224,0.002,,,,,0,,,,,,,,0,,,,,,,
late,rain_pilot,tmax,5,123,postmonsoon_OND,all,ecmwf_ifs_ens,source,True,14352,19,-0.61786,2.272,2.9333,2.84,3.029,1.8925,1.7879,2.0079,,,,,,,,,,,,,,,,,,,,,,,,,0.45701,0.40319,0.51012,0,-0.030606,-0.10177,0.035469,0.406,,,,,0,,,,,,,,5.6256e-07,,,,,,,
late,rain_pilot,tmax,5,123,postmonsoon_OND,all,ecmwf_aifs_ens,source,True,14352,19,-0.81248,1.743,2.2906,2.1833,2.4028,1.3867,1.3074,1.4742,,,,,,,,,,,,,,,,,,,,,,,,,-0.18568,-0.23018,-0.1414,0,-0.53635,-0.5742,-0.50017,0,,,,,0,,,,,,,,0,,,,,,,
late,rain_pilot,tmax,5,123,postmonsoon_OND,all,equal_mean,baseline,False,14352,19,-0.69485,1.9231,2.4763,2.4032,2.5482,1.9231,1.8587,1.9903,,,,,,,,,,,,,,,,,,,,,,,,,,,,,,,,,,,,,0,,,,,,,,0,,,,,,,
late,rain_pilot,tmax,5,123,postmonsoon_OND,all,superensemble,baseline,False,14352,19,0.18317,1.2781,1.605,1.4869,1.7195,1.2781,1.1833,1.3806,,,,,,,,,,,,,,,,,,,,,,,,,-0.87134,-1.0203,-0.72805,0,-0.64498,-0.77815,-0.50944,0,,,,,0,,,,,,,,0,,,,,,,
late,rain_pilot,tmax,5,123,postmonsoon_OND,all,persistence,baseline,False,14352,19,-0.033298,1.0165,1.4148,1.1034,1.7249,1.0165,0.7968,1.2576,,,,,,,,,,,,,,,,,,,,,,,,,-1.0615,-1.3567,-0.76481,0,-0.90658,-1.1236,-0.677,0,,,,,0,,,,,,,,0,,,,,,,
late,rain_pilot,tmax,5,123,postmonsoon_OND,all,climatology,baseline,False,14352,19,0.14083,0.85081,1.1734,0.90893,1.4114,0.85081,0.67022,1.0449,,,,,,,,,,,,,,,,,,,,,,,,,-1.3029,-1.5759,-1.0579,0,-1.0723,-1.2727,-0.86232,0,,,,,0,,,,,,,,0,,,,,,,
main,heat_pilot,precip,1,27,all,all,ecmwf_ifs_ctrl,source,False,102076,123,0.81001,4.0849,10.743,8.4619,12.882,4.0849,3.1984,5.0498,673,0.18871,0.71715,0.12764,0.66716,0.12504,0.04419,0.18385,0.0085035,-0.32324,-0.50256,-0.15843,103,0.097087,0.92366,0.044643,1.2718,0.044079,0.0090087,0.072978,0.0020965,-1.086,-1.9645,-0.44123,2.0247,1.1751,2.8976,0,0.44148,0.28997,0.60878,0,-0.017851,-0.043368,0.0057023,0.184,,,,,,,,,,,,,,,,
main,heat_pilot,precip,1,27,all,all,ecmwf_aifs,source,False,102076,123,0.41081,3.4197,8.2943,6.954,9.6708,3.4197,2.6851,4.2309,673,0.1471,0.36943,0.13543,0.23328,0.1342,0.040653,0.19992,0.0061915,0.036534,-0.025893,0.1109,103,0.019417,0.92593,0.015625,0.26214,0.015415,0,0.023863,0.0012344,-0.22822,-0.56477,0.010884,-0.42423,-0.67948,-0.1639,0.002,-0.22373,-0.34649,-0.11432,0,-0.0086812,-0.038127,0.015075,0.586,,,,,,,,,,,,,,,,
main,heat_pilot,precip,1,27,all,all,ncep_gfs,source,False,102076,123,1.0058,4.5345,11.818,9.4806,13.721,4.5345,3.5196,5.6383,673,0.21694,0.80637,0.11397,1.1204,0.11052,0.045505,0.18653,0.011119,-0.73027,-1.2684,-0.35418,103,0.1068,0.93605,0.041667,1.6699,0.041036,-0.00050628,0.090756,0.0024785,-1.4662,-3.7057,-0.69248,3.0997,2.0606,4.1044,0,0.89112,0.58976,1.2271,0,-0.032365,-0.072282,0.019538,0.204,,,,,,,,,,,,,,,,
main,heat_pilot,precip,1,27,all,all,ecmwf_ifs_ens,source,True,102076,123,0.62997,3.6512,8.6662,7.1832,10.155,2.5014,1.9803,3.0825,673,0.16939,0.50435,0.14449,0.34175,0.14284,0.041648,0.20323,0.0056739,0.11707,0.032437,0.20566,103,0.029126,0.91892,0.021898,0.35922,0.021631,-1.9178e-05,0.039134,0.0010732,-0.067899,-0.29084,0.084864,-0.052354,-0.23435,0.10353,0.604,-1.142,-1.4207,-0.88479,0,-4.6869e-05,-0.040794,0.031497,0.98,,,,,,,,,,,,,,,,
main,heat_pilot,precip,1,27,all,all,equal_mean,baseline,False,102076,123,0.66195,3.6434,8.7186,7.2158,10.171,3.6434,2.8717,4.479,673,0.18276,0.58863,0.14488,0.44428,0.14289,0.041203,0.21972,0.0071123,-0.10677,-0.29318,0.066227,103,0.058252,0.86364,0.042553,0.42718,0.042252,-9.5971e-06,0.076017,0.0013225,-0.31595,-0.62251,0.0047513,,,,,,,,,,,,,,,,,,,,,,,,,,,,
main,heat_pilot,precip,1,27,all,all,superensemble,baseline,False,102076,123,-0.25072,3.47,8.4252,7.0445,9.7962,3.47,2.82,4.2044,673,0.049034,0.56579,0.046089,0.11293,0.045421,0.0043951,0.080005,0.0066911,-0.041214,-0.12405,0.023357,103,0,1,0,0.0097087,-9.7025e-06,-2.8896e-05,0,0.0010188,-0.013771,-0.047902,0.0043328,-0.2934,-0.69225,0.088743,0.148,-0.17346,-0.36609,0.0077638,0.064,-0.097465,-0.14196,-0.037797,0,,,,,,,,,,,,,,,,
main,heat_pilot,precip,1,27,all,all,persistence,baseline,False,102076,123,0.0096012,5.2903,13.757,11.285,16.242,5.2903,4.107,6.6387,673,0.053492,0.94651,0.027481,1,0.024176,0.0025914,0.053915,0.012481,-0.94218,-1.3776,-0.61327,103,0.048544,0.95146,0.024876,1,0.024371,-0.00049897,0.067857,0.0019201,-0.91057,-1.5615,-0.50703,5.038,3.5471,6.5924,0,1.6469,1.0831,2.3271,0,-0.11871,-0.20166,-0.030949,0.002,,,,,,,,,,,,,,,,
main,heat_pilot,precip,1,27,all,all,climatology,baseline,False,102076,123,-0.67461,4.2418,10.285,8.3013,12.225,4.2418,3.4336,5.1799,673,0,,0,0,0,0,0,0.0065931,-0.025969,-0.036152,-0.0051777,103,0,,0,0,0,0,0,0.0010091,-0.0040229,-0.0082368,0.010884,1.5668,0.84625,2.3016,0,0.59841,0.30664,0.93932,0,-0.14289,-0.21972,-0.041203,0,,,,,,,,,,,,,,,,
main,heat_pilot,precip,1,27,winter_JF,all,ecmwf_ifs_ctrl,source,False,9971,13,0.0057546,0.0068505,0.077192,0.0034194,0.13151,0.0068505,0.00016931,0.017548,0,,,,,,,,0,1,1,1,0,,,,,,,,0,1,1,1,0.0193,-0.0072264,0.034956,0.216,-0.0098842,-0.014129,-0.0065031,0,,,,,,,,,,,,,,,,,,,,
main,heat_pilot,precip,1,27,winter_JF,all,ecmwf_aifs,source,False,9971,13,0.049473,0.04996,0.098024,0.042815,0.14573,0.04996,0.028329,0.074714,0,,,,,,,,0,1,1,1,0,,,,,,,,0,1,1,1,0.040131,0.028384,0.057909,0,0.033225,0.020444,0.047863,0,,,,,,,,,,,,,,,,,,,,
main,heat_pilot,precip,1,27,winter_JF,all,ncep_gfs,source,False,9971,13,-0.00043336,0.001451,0.03112,0,0.054839,0.001451,0,0.0045057,0,,,,,,,,0,1,1,1,0,,,,,,,,0,1,1,1,-0.026773,-0.042487,-0.011984,0,-0.015284,-0.024707,-0.0075753,0,,,,,,,,,,,,,,,,,,,,
main,heat_pilot,precip,1,27,winter_JF,all,ecmwf_ifs_ens,source,True,9971,13,0.0092545,0.0099154,0.080212,0.0043079,0.13717,0.0043854,0.0001072,0.011627,0,,,,,,,,0,1,1,1,0,,,,,,,,0,1,1,1,0.02232,-0.0062674,0.040703,0.148,-0.012349,-0.018325,-0.0071336,0,,,,,,,,,,,,,,,,,,,,
main,heat_pilot,precip,1,27,winter_JF,all,equal_mean,baseline,False,9971,13,0.016012,0.016735,0.057892,0.011984,0.096675,0.016735,0.0075753,0.028821,0,,,,,,,,0,1,1,1,0,,,,,,,,0,1,1,1,,,,,,,,,,,,,,,,,,,,,,,,,,,,
main,heat_pilot,precip,1,27,winter_JF,all,superensemble,baseline,False,9971,13,0.16388,0.16433,0.17828,0.14805,0.21117,0.16433,0.14485,0.18603,0,,,,,,,,0,1,1,1,0,,,,,,,,0,1,1,1,0.12038,0.10441,0.14688,0,0.14759,0.1361,0.15986,0,,,,,,,,,,,,,,,,,,,,
main,heat_pilot,precip,1,27,winter_JF,all,persistence,baseline,False,9971,13,0,0.0019722,0.043692,0,0.067942,0.0019722,0,0.0047687,0,,,,,,,,0,1,1,1,0,,,,,,,,0,1,1,1,-0.0142,-0.039569,0.01579,0.454,-0.014762,-0.024109,-0.0075753,0,,,,,,,,,,,,,,,,,,,,
main,heat_pilot,precip,1,27,winter_JF,all,climatology,baseline,False,9971,13,0.3063,0.30724,0.33309,0.30666,0.35865,0.30724,0.28056,0.33413,0,,,,,,,,0,1,1,1,0,,,,,,,,0,1,1,1,0.2752,0.22011,0.33664,0,0.2905,0.25651,0.32127,0,,,,,,,,,,,,,,,,,,,,
main,heat_pilot,precip,1,27,premonsoon_MAM,all,ecmwf_ifs_ctrl,source,False,25688,32,-0.2894,1.4312,4.3766,2.8257,5.8663,1.4312,0.82055,2.1566,2,0,,0,0,0,0,0,7.7857e-05,0.0053596,-0.0011151,1,0,,,,,,,,0,1,1,1,0.58876,0.2684,0.91083,0,0.19727,0.082816,0.33436,0,0,0,0,1,,,,,,,,,,,,,,,,
main,heat_pilot,precip,1,27,premonsoon_MAM,all,ecmwf_aifs,source,False,25688,32,-0.43461,1.1934,3.7572,2.4615,4.9206,1.1934,0.68649,1.8049,2,0,,0,0,0,0,0,7.7857e-05,0.0053596,-0.0011151,1,0,,,,,,,,0,1,1,1,-0.030596,-0.19188,0.10858,0.744,-0.040594,-0.10953,0.021151,0.172,0,0,0,1,,,,,,,,,,,,,,,,
main,heat_pilot,precip,1,27,premonsoon_MAM,all,ncep_gfs,source,False,25688,32,-0.56911,1.2511,4.1353,2.5221,5.6306,1.2511,0.73239,1.9112,2,0,,0,0,0,0,0,7.7857e-05,0.0053596,-0.0011151,1,0,,,,,,,,0,1,1,1,0.3475,0.041965,0.59707,0.014,0.017088,-0.059892,0.089699,0.638,0,0,0,1,,,,,,,,,,,,,,,,
main,heat_pilot,precip,1,27,premonsoon_MAM,all,ecmwf_ifs_ens,source,True,25688,32,-0.30173,1.2979,3.8443,2.4953,5.1555,0.94666,0.57876,1.3823,2,0,,0,0,0,0,0,7.9025e-05,-0.0095543,-0.023599,0.80729,0,,,,,,,,2.9934e-08,0.15172,-8.1542,1,0.056459,-0.065654,0.1964,0.474,-0.28731,-0.44904,-0.15204,0,0,0,0,1,,,,,,,,,,,,,,,,
main,heat_pilot,precip,1,27,premonsoon_MAM,all,equal_mean,baseline,False,25688,32,-0.39871,1.234,3.7878,2.4641,5.0338,1.234,0.7394,1.8432,2,0,,0,0,0,0,0,7.7857e-05,0.0053596,-0.0011151,1,0,,,,,,,,0,1,1,1,,,,,,,,,,,,,,,,,,,,,,,,,,,,
main,heat_pilot,precip,1,27,premonsoon_MAM,all,superensemble,baseline,False,25688,32,-0.28919,1.2939,3.7654,2.5046,4.9309,1.2939,0.81389,1.8654,2,0,,0,0,0,0,0,7.7857e-05,0.0053596,-0.0011151,1,0,,,,,,,,0,1,1,1,-0.022393,-0.23506,0.19687,0.874,0.059938,-0.037745,0.15431,0.2,0,0,0,1,,,,,,,,,,,,,,,,
main,heat_pilot,precip,1,27,premonsoon_MAM,all,persistence,baseline,False,25688,32,-0.030811,1.8292,5.5046,3.5817,7.3408,1.8292,1.1163,2.7689,2,0,1,0,1,-3.893e-05,-8.7669e-05,0,0.00015571,-0.98928,-111.15,1,0,,,,,,,,0,1,1,1,1.7168,0.93674,2.483,0,0.59524,0.33616,0.92502,0,-3.893e-05,-8.8683e-05,0,0.20362,,,,,,,,,,,,,,,,
main,heat_pilot,precip,1,27,premonsoon_MAM,all,climatology,baseline,False,25688,32,-0.79149,1.4432,4.3948,2.606,5.9797,1.4432,0.94989,2.0675,2,0,,0,0,0,0,0,7.7857e-05,0.0053596,-0.0011151,1,0,,,,,,,,0,1,1,1,0.60696,0.079095,1.0258,0.012,0.20921,0.066967,0.34864,0,0,0,0,1,,,,,,,,,,,,,,,,
main,heat_pilot,precip,1,27,monsoon_JJAS,all,ecmwf_ifs_ctrl,source,False,41236,50,2.0215,8.8312,16.415,13.286,20.012,8.8312,7.4437,10.433,670,0.18955,0.71652,0.12815,0.66866,0.1217,0.047362,0.17529,0.020953,-0.32329,-0.49458,-0.17763,103,0.097087,0.92366,0.044643,1.2718,0.043245,0.0099515,0.068926,0.0051896,-1.0861,-1.9508,-0.44405,3.1492,1.867,4.7198,0,0.97447,0.6872,1.3009,0,-0.018752,-0.043208,0.0066149,0.196,,,,,,,,,,,,,,,,
main,heat_pilot,precip,1,27,monsoon_JJAS,all,ecmwf_aifs,source,False,41236,50,1.1829,7.3899,12.608,10.77,14.4,7.3899,6.2828,8.5731,670,0.14776,0.36943,0.13599,0.23433,0.13295,0.043348,0.19796,0.015254,0.036631,-0.026169,0.10611,103,0.019417,0.92593,0.015625,0.26214,0.015106,0,0.022828,0.0030556,-0.22827,-0.56712,0.0089174,-0.65751,-1.1136,-0.2617,0.002,-0.46682,-0.73715,-0.22356,0,-0.0075033,-0.036088,0.016876,0.734,,,,,,,,,,,,,,,,
main,heat_pilot,precip,1,27,monsoon_JJAS,all,ncep_gfs,source,False,41236,50,2.483,9.9142,18.147,15.115,21.058,9.9142,8.1761,11.7,670,0.21791,0.80637,0.11424,1.1254,0.10567,0.044442,0.17997,0.027452,-0.73376,-1.2372,-0.36206,103,0.1068,0.93605,0.041667,1.6699,0.040105,-0.0013355,0.090588,0.0061354,-1.4663,-3.362,-0.71551,4.8812,3.4274,6.3109,0,2.0575,1.4083,2.7552,0,-0.034786,-0.073155,0.018782,0.156,,,,,,,,,,,,,,,,
main,heat_pilot,precip,1,27,monsoon_JJAS,all,ecmwf_ifs_ens,source,True,41236,50,1.5687,7.844,13.169,11.162,15.317,5.3645,4.5588,6.2359,670,0.17015,0.50435,0.14504,0.34328,0.14095,0.047598,0.20022,0.013971,0.11762,0.03525,0.19733,103,0.029126,0.91892,0.021898,0.35922,0.021238,-4.6826e-05,0.037493,0.0026567,-0.067932,-0.29401,0.078017,-0.096939,-0.39376,0.14379,0.484,-2.4922,-2.9702,-2.076,0,0.00049969,-0.03945,0.032292,0.82,,,,,,,,,,,,,,,,
main,heat_pilot,precip,1,27,monsoon_JJAS,all,equal_mean,baseline,False,41236,50,1.6885,7.8567,13.266,11.273,15.379,7.8567,6.6548,9.1771,670,0.18358,0.58863,0.14539,0.44627,0.14045,0.046647,0.21045,0.017533,-0.10734,-0.29236,0.066692,103,0.058252,0.86364,0.042553,0.42718,0.041806,-2.3905e-05,0.072081,0.0032738,-0.316,-0.62517,0.0031852,,,,,,,,,,,,,,,,,,,,,,,,,,,,
main,heat_pilot,precip,1,27,monsoon_JJAS,all,superensemble,baseline,False,41236,50,-0.35658,7.097,12.802,10.938,14.665,7.097,6.051,8.2009,670,0.049254,0.56579,0.046283,0.11343,0.044629,0.0043883,0.0765,0.01649,-0.04148,-0.12236,0.020253,103,0,1,0,0.0097087,-2.4018e-05,-7.2287e-05,0,0.0025221,-0.013809,-0.045732,0.0029379,-0.46365,-1.0783,0.16554,0.126,-0.75968,-1.1262,-0.43285,0,-0.095825,-0.13713,-0.040496,0,,,,,,,,,,,,,,,,
main,heat_pilot,precip,1,27,monsoon_JJAS,all,persistence,baseline,False,41236,50,0.0079686,11.567,21.047,17.781,24.703,11.567,9.6014,13.597,670,0.053731,0.94627,0.027607,1,0.019421,-0.00056652,0.050202,0.03075,-0.94205,-1.3375,-0.57976,103,0.048544,0.95146,0.024876,1,0.023626,-0.0012029,0.066906,0.0047531,-0.91064,-1.4506,-0.46525,7.7814,5.4862,10.342,0,3.7105,2.4807,5.0824,0,-0.12103,-0.19439,-0.034008,0.002,,,,,,,,,,,,,,,,
main,heat_pilot,precip,1,27,monsoon_JJAS,all,climatology,baseline,False,41236,50,-1.4385,9.0228,15.696,12.909,18.335,9.0228,7.9071,10.216,670,0,,0,0,0,0,0,0.016248,-0.026164,-0.036997,-0.007198,103,0,,0,0,0,0,0,0.0024978,-0.0040608,-0.0084135,0.0089174,2.4297,1.3523,3.7265,0,1.1662,0.51931,1.8546,0,-0.14045,-0.21045,-0.046647,0,,,,,,,,,,,,,,,,
main,heat_pilot,precip,1,27,postmonsoon_OND,all,ecmwf_ifs_ctrl,source,False,25181,32,0.26616,0.63443,2.6582,1.2853,3.7797,0.63443,0.23308,1.1646,1,0,1,0,1,-1.9857e-05,-4.7026e-05,0,7.9425e-05,-0.93159,-73.497,1,0,,,,,,,,0,1,1,1,0.35488,0.11814,0.5719,0,-0.0034839,-0.041103,0.032896,0.834,-1.9857e-05,-4.7657e-05,0,0.71938,,,,,,,,,,,,,,,,
main,heat_pilot,precip,1,27,postmonsoon_OND,all,ecmwf_aifs,source,False,25181,32,0.15193,0.5237,2.035,1.001,2.9572,0.5237,0.23121,0.89791,1,0,,0,0,0,0,0,3.9712e-05,0.034205,0.0042441,1,0,,,,,,,,0,1,1,1,-0.26837,-0.44312,-0.1078,0,-0.11422,-0.25337,-0.010252,0.024,0,0,0,1,,,,,,,,,,,,,,,,
main,heat_pilot,precip,1,27,postmonsoon_OND,all,ncep_gfs,source,False,25181,32,0.59192,0.86956,3.075,1.5298,4.4149,0.86956,0.32529,1.5837,1,0,,0,0,0,0,0,3.9712e-05,0.034205,0.0042441,1,0,,,,,,,,0,1,1,1,0.77166,0.40493,1.1611,0,0.23165,0.073885,0.45599,0,0,0,0,1,,,,,,,,,,,,,,,,
main,heat_pilot,precip,1,27,postmonsoon_OND,all,ecmwf_ifs_ens,source,True,25181,32,0.28904,0.62775,2.3176,1.1226,3.3407,0.38759,0.14682,0.70622,1,0,,0,0,0,0,0,4.0491e-05,0.015268,-0.42823,1,0,,,,,,,,0,1,1,1,0.014311,-0.045173,0.094739,0.716,-0.25032,-0.45063,-0.10048,0,0,0,0,1,,,,,,,,,,,,,,,,
main,heat_pilot,precip,1,27,postmonsoon_OND,all,equal_mean,baseline,False,25181,32,0.3187,0.63791,2.3033,1.0963,3.3207,0.63791,0.25266,1.1459,1,0,,0,0,0,0,0,3.9712e-05,0.034205,0.0042441,1,0,,,,,,,,0,1,1,1,,,,,,,,,,,,,,,,,,,,,,,,,,,,
main,heat_pilot,precip,1,27,postmonsoon_OND,all,superensemble,baseline,False,25181,32,-0.20228,1.0592,2.2067,1.303,3.101,1.0592,0.78988,1.3517,1,0,,0,0,0,0,0,3.9712e-05,0.034205,0.0042441,1,0,,,,,,,,0,1,1,1,-0.096609,-0.32792,0.21073,0.504,0.4213,0.16733,0.65774,0,0,0,0,1,,,,,,,,,,,,,,,,
main,heat_pilot,precip,1,27,postmonsoon_OND,all,persistence,baseline,False,25181,32,0.057303,0.6362,3.2838,1.7157,4.5394,0.6362,0.27509,1.0846,1,0,1,0,1,-1.9857e-05,-4.1672e-05,0,7.9425e-05,-0.93159,-73.722,1,0,,,,,,,,0,1,1,1,0.98048,0.30743,1.8275,0,-0.0017126,-0.20232,0.21804,0.972,-1.9857e-05,-4.7563e-05,0,0.75659,,,,,,,,,,,,,,,,
main,heat_pilot,precip,1,27,postmonsoon_OND,all,climatology,baseline,False,25181,32,0.3071,0.82553,2.3799,1.2238,3.5086,0.82553,0.51132,1.1953,1,0,,0,0,0,0,0,3.9712e-05,0.034205,0.0042441,1,0,,,,,,,,0,1,1,1,0.076587,-0.28757,0.3645,0.672,0.18762,-0.030027,0.38382,0.092,0,0,0,1,,,,,,,,,,,,,,,,
main,heat_pilot,precip,2,51,all,all,ecmwf_ifs_ctrl,source,False,97006,117,0.86793,4.5462,12.068,9.3186,14.71,4.5462,3.5129,5.713,673,0.11738,0.82863,0.074882,0.68499,0.072068,0.032005,0.10195,0.010061,-0.48788,-0.85633,-0.18251,103,0.067961,0.94928,0.029915,1.3398,0.029307,-0.00036108,0.053379,0.0023401,-1.2128,-2.3897,-0.34717,2.8127,1.3851,4.1772,0,0.57997,0.34026,0.85852,0,-0.011278,-0.088319,0.045717,0.83,,,,,,,,,,,,,,,,
main,heat_pilot,precip,2,51,all,all,ecmwf_aifs,source,False,97006,117,1.0048,4.0589,9.287,7.6551,10.834,4.0589,3.151,5.0761,673,0.072808,0.58824,0.065949,0.17682,0.06491,0.020638,0.11688,0.0071542,-0.057981,-0.17224,0.035331,103,0.029126,0.4,0.028571,0.048544,0.028522,-5.5297e-05,0.068871,0.0010515,0.0057244,-0.08593,0.056418,0.031334,-0.42781,0.44295,0.868,0.092722,-0.10357,0.28848,0.316,-0.018437,-0.065474,0.036566,0.496,,,,,,,,,,,,,,,,
main,heat_pilot,precip,2,51,all,all,ncep_gfs,source,False,97006,117,0.5034,4.5921,11.46,9.5317,13.333,4.5921,3.598,5.6879,673,0.20208,0.7898,0.11486,0.96137,0.1115,0.041719,0.20803,0.010803,-0.59764,-1.0791,-0.25477,103,0.1165,0.8835,0.061856,1,0.061327,-0.0003229,0.11731,0.0018762,-0.7741,-1.4153,-0.38543,2.2045,1.6402,2.773,0,0.62586,0.41508,0.86058,0,0.02815,-0.0093463,0.079561,0.14,,,,,,,,,,,,,,,,
main,heat_pilot,precip,2,51,all,all,ecmwf_ifs_ens,source,True,97006,117,0.85853,4.079,9.447,7.7772,11.094,2.6968,2.1197,3.3856,673,0.099554,0.71245,0.079857,0.34621,0.078081,0.0064412,0.1296,0.0063339,0.06333,-0.033842,0.1564,103,0.0097087,0.94118,0.0084034,0.16505,0.0082529,-0.00014433,0.021107,0.0011459,-0.083576,-0.2558,0.040148,0.19134,-0.00087209,0.37583,0.052,-1.2694,-1.5741,-1.0072,0,-0.0052656,-0.063836,0.038509,0.924,,,,,,,,,,,,,,,,
main,heat_pilot,precip,2,51,all,all,equal_mean,baseline,False,97006,117,0.76879,3.9662,9.2556,7.6477,10.865,3.9662,3.1426,4.9212,673,0.10253,0.66827,0.084975,0.30906,0.083346,-0.00023975,0.17871,0.0076593,-0.13268,-0.32957,0.072144,103,0,1,0,0.14563,-0.00013499,-0.00035227,0,0.0012164,-0.15024,-0.3628,-0.0012748,,,,,,,,,,,,,,,,,,,,,,,,,,,,
main,heat_pilot,precip,2,51,all,all,superensemble,baseline,False,97006,117,-0.7023,3.8463,9.4687,7.7174,11.273,3.8463,3.0707,4.7473,673,0.035661,0.27273,0.035191,0.049034,0.034867,-5.0099e-05,0.086192,0.0067831,-0.0030999,-0.042735,0.051266,103,0,,0,0,0,0,0,0.0010618,-0.0040234,-0.0083411,0.0080398,0.21312,-0.1835,0.58692,0.338,-0.11995,-0.27502,0.025971,0.128,-0.04848,-0.093749,0.002321,0.254,,,,,,,,,,,,,,,,
main,heat_pilot,precip,2,51,all,all,persistence,baseline,False,97006,117,0.0093584,5.7189,14.607,11.951,17.299,5.7189,4.4049,7.1795,673,0.029718,0.97028,0.015083,1,0.011603,0.00054017,0.026085,0.013463,-0.99096,-1.4357,-0.64694,103,0.0097087,0.99029,0.004878,1,0.0043469,-0.00081045,0.020339,0.002103,-0.98855,-1.8453,-0.5237,5.3518,3.7527,7.1566,0,1.7527,1.154,2.4592,0,-0.071744,-0.17555,0.017755,0.246,,,,,,,,,,,,,,,,
main,heat_pilot,precip,2,51,all,all,climatology,baseline,False,97006,117,-0.6565,4.3965,10.525,8.5775,12.494,4.3965,3.5397,5.3383,673,0,,0,0,0,0,0,0.0069377,-0.025967,-0.035969,-0.0072501,103,0,,0,0,0,0,0,0.0010618,-0.0040234,-0.0083411,0.0080398,1.269,0.55231,2.1225,0,0.43031,0.13252,0.74929,0.004,-0.083346,-0.17871,0.00023975,0.094,,,,,,,,,,,,,,,,
main,heat_pilot,precip,2,51,winter_JF,all,ecmwf_ifs_ctrl,source,False,9971,13,0.0021771,0.0037344,0.048003,0.00062854,0.08199,0.0037344,3.5498e-05,0.0093221,0,,,,,,,,0,1,1,1,0,,,,,,,,0,1,1,1,0.0044207,-0.0061438,0.0099278,0.482,-0.0075556,-0.011625,-0.0041778,0,,,,,,,,,,,,,,,,,,,,
main,heat_pilot,precip,2,51,winter_JF,all,ecmwf_aifs,source,False,9971,13,0.035308,0.035861,0.087277,0.029271,0.13595,0.035861,0.017571,0.058422,0,,,,,,,,0,1,1,1,0,,,,,,,,0,1,1,1,0.043694,0.019942,0.06352,0,0.024571,0.012797,0.038524,0,,,,,,,,,,,,,,,,,,,,
main,heat_pilot,precip,2,51,winter_JF,all,ncep_gfs,source,False,9971,13,-0.00021996,0.0015134,0.03234,0,0.056989,0.0015134,0,0.0046995,0,,,,,,,,0,1,1,1,0,,,,,,,,0,1,1,1,-0.011243,-0.025422,-0.0080506,0,-0.0097765,-0.016041,-0.0045845,0,,,,,,,,,,,,,,,,,,,,
main,heat_pilot,precip,2,51,winter_JF,all,ecmwf_ifs_ens,source,True,9971,13,0.0042322,0.0054159,0.048606,0.0017336,0.081266,0.0022249,1.9861e-05,0.0059978,0,,,,,,,,0,1,1,1,0,,,,,,,,0,1,1,1,0.0050236,-0.0047683,0.0082493,0.11,-0.009065,-0.014545,-0.0045104,0,,,,,,,,,,,,,,,,,,,,
main,heat_pilot,precip,2,51,winter_JF,all,equal_mean,baseline,False,9971,13,0.010374,0.01129,0.043583,0.0087958,0.072771,0.01129,0.0045845,0.019948,0,,,,,,,,0,1,1,1,0,,,,,,,,0,1,1,1,,,,,,,,,,,,,,,,,,,,,,,,,,,,
main,heat_pilot,precip,2,51,winter_JF,all,superensemble,baseline,False,9971,13,-0.00011399,0.021056,0.049746,0.016361,0.080742,0.021056,0.014397,0.029973,0,,,,,,,,0,1,1,1,0,,,,,,,,0,1,1,1,0.0061635,0.0048316,0.0089371,0,0.0097657,0.0075581,0.0121,0,,,,,,,,,,,,,,,,,,,,
main,heat_pilot,precip,2,51,winter_JF,all,persistence,baseline,False,9971,13,0.033371,0.035343,0.73526,0,1.3178,0.035343,0,0.11057,0,,,,,,,,0,1,1,1,0,,,,,,,,0,1,1,1,0.69168,-0.013375,1.2754,0.366,0.024053,-0.01388,0.099109,0.71,,,,,,,,,,,,,,,,,,,,
main,heat_pilot,precip,2,51,winter_JF,all,climatology,baseline,False,9971,13,0.3063,0.30724,0.33309,0.30666,0.35865,0.30724,0.28056,0.33413,0,,,,,,,,0,1,1,1,0,,,,,,,,0,1,1,1,0.28951,0.24226,0.34048,0,0.29595,0.2646,0.32536,0,,,,,,,,,,,,,,,,,,,,
main,heat_pilot,precip,2,51,premonsoon_MAM,all,ecmwf_ifs_ctrl,source,False,20449,26,-0.077778,1.5923,4.8631,2.9936,6.6558,1.5923,0.79209,2.6375,2,0,,0,0,0,0,0,9.7804e-05,0.0050209,-0.0013967,1,0,,,,,,,,0,1,1,1,0.65378,0.14445,1.1011,0.008,0.18455,0.030275,0.41078,0.006,0,0,0,1,,,,,,,,,,,,,,,,
main,heat_pilot,precip,2,51,premonsoon_MAM,all,ecmwf_aifs,source,False,20449,26,-0.15083,1.459,4.2802,2.5286,5.7528,1.459,0.72963,2.367,2,0,,0,0,0,0,0,9.7804e-05,0.0050209,-0.0013967,1,0,,,,,,,,0,1,1,1,0.070785,-0.20411,0.39399,0.706,0.051229,-0.061559,0.22736,0.578,0,0,0,1,,,,,,,,,,,,,,,,
main,heat_pilot,precip,2,51,premonsoon_MAM,all,ncep_gfs,source,False,20449,26,-0.46913,1.3833,4.7479,2.6532,6.6014,1.3833,0.70036,2.2863,2,0,1,0,5,-8.151e-05,-0.0001977,0,0.00058683,-4.9699,-292.23,1,0,,,,,,,,0,1,1,1,0.53857,0.039755,0.92422,0.022,-0.024406,-0.14105,0.089614,0.726,-8.151e-05,-0.00019959,-3.3431e-05,0,,,,,,,,,,,,,,,,
main,heat_pilot,precip,2,51,premonsoon_MAM,all,ecmwf_ifs_ens,source,True,20449,26,-0.20332,1.4582,4.3079,2.5267,5.9465,1.0414,0.54434,1.6447,2,0,,0,0,0,0,0,0.00010266,-0.044326,-0.09897,0.85062,0,,,,,,,,2.4442e-07,-4.7332,-99.561,1,0.098562,0.014449,0.16362,0.026,-0.36633,-0.65072,-0.15878,0,0,0,0,1,,,,,,,,,,,,,,,,
main,heat_pilot,precip,2,51,premonsoon_MAM,all,equal_mean,baseline,False,20449,26,-0.22526,1.4077,4.2094,2.5246,5.7905,1.4077,0.70704,2.2992,2,0,,0,0,0,0,0,9.7804e-05,0.0050209,-0.0013967,1,0,,,,,,,,0,1,1,1,,,,,,,,,,,,,,,,,,,,,,,,,,,,
main,heat_pilot,precip,2,51,premonsoon_MAM,all,superensemble,baseline,False,20449,26,-0.32321,1.3919,4.1828,2.5136,5.6846,1.3919,0.73145,2.1873,2,0,,0,0,0,0,0,9.7804e-05,0.0050209,-0.0013967,1,0,,,,,,,,0,1,1,1,-0.026551,-0.21239,0.17981,0.802,-0.015859,-0.13516,0.07319,0.83,0,0,0,1,,,,,,,,,,,,,,,,
main,heat_pilot,precip,2,51,premonsoon_MAM,all,persistence,baseline,False,20449,26,-0.073368,1.9906,6.106,3.5092,8.3665,1.9906,1.0521,3.2154,2,0,1,0,1,-4.8905e-05,-0.00011051,0,0.00019561,-0.98996,-120.74,1,0,,,,,,,,0,1,1,1,1.8966,0.88293,2.8277,0,0.5829,0.25034,0.97125,0,-4.8905e-05,-0.00011089,0,0.17587,,,,,,,,,,,,,,,,
main,heat_pilot,precip,2,51,premonsoon_MAM,all,climatology,baseline,False,20449,26,-0.76409,1.4827,4.6574,2.5168,6.5689,1.4827,0.90154,2.2737,2,0,,0,0,0,0,0,9.7804e-05,0.0050209,-0.0013967,1,0,,,,,,,,0,1,1,1,0.44804,-0.080832,0.87173,0.126,0.074974,-0.16638,0.27792,0.488,0,0,0,1,,,,,,,,,,,,,,,,
main,heat_pilot,precip,2,51,monsoon_JJAS,all,ecmwf_ifs_ctrl,source,False,41236,50,1.8727,9.4744,18.008,14.047,22.125,9.4744,7.8602,11.287,670,0.11791,0.82522,0.075743,0.67463,0.069189,0.028975,0.096775,0.023378,-0.47645,-0.81094,-0.18332,103,0.067961,0.94891,0.030043,1.3301,0.028616,-0.0008953,0.051856,0.0054806,-1.2031,-2.2812,-0.38624,4.2583,2.0541,6.5601,0,1.2706,0.77122,1.8942,0,-0.012264,-0.080489,0.044115,0.876,,,,,,,,,,,,,,,,
main,heat_pilot,precip,2,51,monsoon_JJAS,all,ecmwf_aifs,source,False,41236,50,2.271,8.4481,13.821,11.819,15.741,8.4481,7.1401,9.7093,670,0.073134,0.58824,0.066216,0.17761,0.06377,0.018765,0.11142,0.016757,-0.058328,-0.17543,0.032315,103,0.029126,0.4,0.028571,0.048544,0.028456,-0.00013245,0.067099,0.0024736,0.0056874,-0.087669,0.057741,0.07102,-0.69179,0.72661,0.892,0.24435,-0.24943,0.68478,0.294,-0.017683,-0.065521,0.039363,0.582,,,,,,,,,,,,,,,,
main,heat_pilot,precip,2,51,monsoon_JJAS,all,ncep_gfs,source,False,41236,50,1.0042,9.5385,17.049,14.515,19.402,9.5385,8.021,11.113,670,0.20299,0.7865,0.11614,0.95075,0.10826,0.038062,0.19781,0.025099,-0.58519,-1.0357,-0.24765,103,0.1165,0.8835,0.061856,1,0.06061,-0.00075855,0.10937,0.0044136,-0.77417,-1.4495,-0.34401,3.299,2.4566,4.1497,0,1.3347,0.93105,1.786,0,0.026805,-0.010915,0.079535,0.18,,,,,,,,,,,,,,,,
main,heat_pilot,precip,2,51,monsoon_JJAS,all,ecmwf_ifs_ens,source,True,41236,50,1.9279,8.4714,14.049,11.925,16.172,5.5973,4.7512,6.5017,670,0.1,0.71245,0.080144,0.34776,0.075959,0.0043063,0.12805,0.014822,0.063883,-0.038955,0.1542,103,0.0097087,0.94118,0.0084034,0.16505,0.0080494,-0.00027321,0.019588,0.0026956,-0.083556,-0.24271,0.035064,0.29927,0.0011848,0.57532,0.05,-2.6065,-3.0566,-2.201,0,-0.0054942,-0.061666,0.03591,0.99,,,,,,,,,,,,,,,,
main,heat_pilot,precip,2,51,monsoon_JJAS,all,equal_mean,baseline,False,41236,50,1.6805,8.2038,13.75,11.698,15.881,8.2038,6.983,9.5429,670,0.10299,0.66827,0.08529,0.31045,0.081453,-0.00079283,0.17186,0.017945,-0.13338,-0.33023,0.061799,103,0,1,0,0.14563,-0.00031762,-0.00085934,0,0.0028616,-0.15028,-0.35575,-0.0011934,,,,,,,,,,,,,,,,,,,,,,,,,,,,
main,heat_pilot,precip,2,51,monsoon_JJAS,all,superensemble,baseline,False,41236,50,-1.371,7.7175,14.11,11.767,16.566,7.7175,6.5186,9.0102,670,0.035821,0.27273,0.035346,0.049254,0.034584,-0.00011865,0.083299,0.015884,-0.0031903,-0.043078,0.047155,103,0,,0,0,0,0,0,0.0024978,-0.0040608,-0.0084135,0.0089174,0.36074,-0.26042,0.96454,0.26,-0.48627,-0.76005,-0.2122,0.004,-0.04687,-0.090771,0.0032641,0.256,,,,,,,,,,,,,,,,
main,heat_pilot,precip,2,51,monsoon_JJAS,all,persistence,baseline,False,41236,50,-0.080626,11.969,21.76,18.278,25.72,11.969,10.04,14.049,670,0.029851,0.96983,0.015232,0.98955,0.007086,-0.004069,0.022059,0.031356,-0.98034,-1.4256,-0.62674,103,0.0097087,0.99029,0.004878,1,0.0036276,-0.0018267,0.020387,0.0049471,-0.98863,-1.7728,-0.50079,8.0106,5.6958,10.793,0,3.7648,2.5638,5.2283,0,-0.074367,-0.1742,0.017436,0.222,,,,,,,,,,,,,,,,
main,heat_pilot,precip,2,51,monsoon_JJAS,all,climatology,baseline,False,41236,50,-1.4385,9.0228,15.696,12.909,18.335,9.0228,7.9071,10.216,670,0,,0,0,0,0,0,0.016248,-0.026164,-0.036997,-0.007198,103,0,,0,0,0,0,0,0.0024978,-0.0040608,-0.0084135,0.0089174,1.946,0.86779,3.2472,0,0.81906,0.18065,1.5137,0.01,-0.081453,-0.17186,0.00079283,0.094,,,,,,,,,,,,,,,,
main,heat_pilot,precip,2,51,postmonsoon_OND,all,ecmwf_ifs_ctrl,source,False,25350,32,0.33692,0.69914,3.2783,1.6351,4.5893,0.69914,0.30531,1.1998,1,0,1,0,9,-3.5504e-05,-9.256e-05,0,0.00039448,-8.6397,-619,1,0,,1,0,,0,0,0,3.9448e-05,-342.42,-1375.8,1,0.82994,0.17078,1.7202,0,0.0066346,-0.053562,0.083725,0.95,-3.5504e-05,-0.00010145,0,0.71938,,,,,,,,,,,,,,,,
main,heat_pilot,precip,2,51,postmonsoon_OND,all,ecmwf_aifs,source,False,25350,32,0.25876,0.59885,2.1321,1.0018,3.0895,0.59885,0.26544,1.0289,1,0,,0,0,0,0,0,3.9448e-05,0.03603,0.0046261,1,0,,,,,,,,0,1,1,1,-0.3163,-0.66374,-0.043186,0.002,-0.093655,-0.19806,-0.011096,0.02,0,0,0,1,,,,,,,,,,,,,,,,
main,heat_pilot,precip,2,51,postmonsoon_OND,all,ncep_gfs,source,False,25350,32,0.67131,0.93995,3.4036,1.9473,4.7476,0.93995,0.36338,1.6977,1,0,,0,0,0,0,0,3.9448e-05,0.03603,0.0046261,1,0,,,,,,,,0,1,1,1,0.95523,0.26364,1.5925,0.004,0.24744,0.055787,0.52949,0.006,0,0,0,1,,,,,,,,,,,,,,,,
main,heat_pilot,precip,2,51,postmonsoon_OND,all,ecmwf_ifs_ens,source,True,25350,32,0.3116,0.65055,2.3407,1.2611,3.2375,0.37412,0.16256,0.63243,1,0,,0,0,0,0,0,4.4134e-05,-0.078491,-7.0877,0.97961,0,,,,,,,,4.5499e-08,0.6039,-0.588,1,-0.10768,-0.25419,0.0081247,0.102,-0.31839,-0.56301,-0.13204,0,0,0,0,1,,,,,,,,,,,,,,,,
main,heat_pilot,precip,2,51,postmonsoon_OND,all,equal_mean,baseline,False,25350,32,0.38589,0.69251,2.4484,1.3169,3.3985,0.69251,0.30589,1.1992,1,0,,0,0,0,0,0,3.9448e-05,0.03603,0.0046261,1,0,,,,,,,,0,1,1,1,,,,,,,,,,,,,,,,,,,,,,,,,,,,
main,heat_pilot,precip,2,51,postmonsoon_OND,all,superensemble,baseline,False,25350,32,-0.19652,1.0335,2.2575,1.3347,3.1519,1.0335,0.71712,1.3705,1,0,,0,0,0,0,0,3.9448e-05,0.03603,0.0046261,1,0,,,,,,,,0,1,1,1,-0.19087,-0.49678,0.1182,0.232,0.34094,0.11632,0.57732,0.004,0,0,0,1,,,,,,,,,,,,,,,,
main,heat_pilot,precip,2,51,postmonsoon_OND,all,persistence,baseline,False,25350,32,0.21302,0.79597,3.9983,2.2724,5.6071,0.79597,0.36101,1.3929,1,0,1,0,8,-3.5066e-05,-9.0925e-05,0,0.00035503,-7.6757,-464.03,1,0,,,,,,,,0,1,1,1,1.5499,0.29355,2.8813,0.01,0.10346,-0.1292,0.43527,0.5,-3.5066e-05,-9.8753e-05,0,0.24186,,,,,,,,,,,,,,,,
main,heat_pilot,precip,2,51,postmonsoon_OND,all,climatology,baseline,False,25350,32,0.32361,0.82995,2.3652,1.1602,3.5047,0.82995,0.51924,1.2061,1,0,,0,0,0,0,0,3.9448e-05,0.03603,0.0046261,1,0,,,,,,,,0,1,1,1,-0.083234,-0.57415,0.34743,0.708,0.13744,-0.099543,0.35793,0.24,0,0,0,1,,,,,,,,,,,,,,,,
main,heat_pilot,precip,3,75,all,all,ecmwf_ifs_ctrl,source,False,96998,116,0.71188,4.5752,12.041,9.6506,14.826,4.5752,3.5653,5.7445,673,0.13819,0.78066,0.092629,0.63001,0.089963,0.022319,0.14694,0.0093919,-0.38879,-0.66192,-0.16342,103,0.067961,0.93805,0.033493,1.0971,0.032938,-0.00031887,0.065262,0.0020825,-0.96906,-2.0399,-0.23265,2.6334,1.3182,4.1521,0,0.55922,0.32494,0.82795,0,0.048758,0.012206,0.097927,0,,,,,,,,,,,,,,,,
main,heat_pilot,precip,3,75,all,all,ecmwf_aifs,source,False,96998,116,0.96481,4.0924,9.2964,7.7759,11.019,4.0924,3.215,5.0745,673,0.077266,0.49515,0.071823,0.15305,0.070906,0.0054716,0.14282,0.006928,-0.024441,-0.10999,0.053082,103,0,1,0,0.019417,-2.0227e-05,-6.0662e-05,0,0.0010825,-0.02352,-0.055054,0.0080881,-0.11151,-0.43054,0.20615,0.464,0.0764,-0.10802,0.27538,0.436,0.029701,-0.045898,0.10553,0.508,,,,,,,,,,,,,,,,
main,heat_pilot,precip,3,75,all,all,ncep_gfs,source,False,96998,116,-0.037496,4.7517,12.267,10.132,14.572,4.7517,3.6705,5.9912,673,0.074294,0.90329,0.04386,0.7682,0.040842,0.016228,0.056088,0.011237,-0.66167,-1.0461,-0.40151,103,0,1,0,0.60194,-0.00039917,-0.00071385,-0.00015202,0.0017011,-0.60839,-1.2138,-0.24379,2.8588,2.1643,3.5125,0,0.73569,0.45705,1.0277,0,-0.00036333,-0.024711,0.02622,0.938,,,,,,,,,,,,,,,,
main,heat_pilot,precip,3,75,all,all,ecmwf_ifs_ens,source,True,96998,116,0.70307,4.1155,9.4228,7.8735,11.117,2.6949,2.1256,3.3773,673,0.071322,0.49474,0.066667,0.14116,0.065811,-5.0381e-05,0.11841,0.0062283,0.079018,-0.010288,0.17347,103,0,,0,0,0,0,0,0.0010559,0.0016499,-0.077396,0.069004,0.014891,-0.17995,0.24864,0.912,-1.321,-1.6459,-1.0327,0,0.024607,-0.0083748,0.064637,0.314,,,,,,,,,,,,,,,,
main,heat_pilot,precip,3,75,all,all,equal_mean,baseline,False,96998,116,0.57717,4.016,9.4079,7.8376,11.138,4.016,3.1656,4.9995,673,0.046062,0.67368,0.042062,0.14116,0.041205,0.0024803,0.070197,0.0072785,-0.076273,-0.13587,-0.016133,103,0.0097087,0.875,0.0090909,0.07767,0.0090144,-0.00017816,0.023562,0.0011237,-0.062511,-0.18906,0.020156,,,,,,,,,,,,,,,,,,,,,,,,,,,,
main,heat_pilot,precip,3,75,all,all,superensemble,baseline,False,96998,116,-0.72758,4.0114,9.7058,7.8855,11.659,4.0114,3.1802,4.9899,673,0.026746,0.18182,0.026588,0.032689,0.026368,0,0.073214,0.006794,-0.0046232,-0.031713,0.034702,103,0,,0,0,0,0,0,0.0010619,-0.0040241,-0.0085823,0.0080881,0.2979,-0.14283,0.80258,0.232,-0.0045966,-0.16774,0.16682,0.954,-0.014837,-0.061738,0.033678,0.64,,,,,,,,,,,,,,,,
main,heat_pilot,precip,3,75,all,all,persistence,baseline,False,96998,116,0.011146,5.8412,14.749,12.349,17.331,5.8412,4.6237,7.2936,673,0.038633,0.96137,0.019697,1,0.016217,9.0729e-05,0.033193,0.01334,-0.97266,-1.6616,-0.59556,103,0.019417,0.98058,0.0098039,1,0.0092727,-0.00068073,0.028638,0.0020825,-0.96906,-2.3056,-0.49341,5.3416,3.9245,6.8261,0,1.8252,1.2466,2.5248,0,-0.024988,-0.053256,0.017174,0.242,,,,,,,,,,,,,,,,
main,heat_pilot,precip,3,75,all,all,climatology,baseline,False,96998,116,-0.65049,4.3965,10.524,8.4973,12.824,4.3965,3.5137,5.3912,673,0,,0,0,0,0,0,0.0069383,-0.025966,-0.036518,-0.0088174,103,0,,0,0,0,0,0,0.0010619,-0.0040241,-0.0085823,0.0080881,1.116,0.48899,1.8331,0,0.38049,0.1108,0.66537,0.01,-0.041205,-0.070197,-0.0024803,0.032,,,,,,,,,,,,,,,,
main,heat_pilot,precip,3,75,winter_JF,all,ecmwf_ifs_ctrl,source,False,9971,13,0.0011033,0.0027816,0.04239,0.00041347,0.068892,0.0027816,2.2595e-05,0.0067725,0,,,,,,,,0,1,1,1,0,,,,,,,,0,1,1,1,0.00099621,-0.0067287,0.0088817,0.938,-0.0072447,-0.011515,-0.0036658,0,,,,,,,,,,,,,,,,,,,,
main,heat_pilot,precip,3,75,winter_JF,all,ecmwf_aifs,source,False,9971,13,0.033027,0.033395,0.089243,0.026293,0.14086,0.033395,0.014533,0.056885,0,,,,,,,,0,1,1,1,0,,,,,,,,0,1,1,1,0.047849,0.019247,0.070855,0,0.023368,0.010872,0.038779,0,,,,,,,,,,,,,,,,,,,,
main,heat_pilot,precip,3,75,winter_JF,all,ncep_gfs,source,False,9971,13,-0.00011968,0.0015752,0.033708,0,0.0594,0.0015752,0,0.0048913,0,,,,,,,,0,1,1,1,0,,,,,,,,0,1,1,1,-0.007685,-0.025141,-0.0044355,0,-0.0084511,-0.014372,-0.0037353,0,,,,,,,,,,,,,,,,,,,,
main,heat_pilot,precip,3,75,winter_JF,all,ecmwf_ifs_ens,source,True,9971,13,0.0023261,0.0038225,0.039262,0.0015595,0.066579,0.0016154,1.2849e-05,0.0043216,0,,,,,,,,0,1,1,1,0,,,,,,,,0,1,1,1,-0.0021315,-0.005742,-0.0010803,0,-0.0084109,-0.014263,-0.0036688,0,,,,,,,,,,,,,,,,,,,,
main,heat_pilot,precip,3,75,winter_JF,all,equal_mean,baseline,False,9971,13,0.0090842,0.010026,0.041393,0.0069041,0.069123,0.010026,0.0037353,0.018221,0,,,,,,,,0,1,1,1,0,,,,,,,,0,1,1,1,,,,,,,,,,,,,,,,,,,,,,,,,,,,
main,heat_pilot,precip,3,75,winter_JF,all,superensemble,baseline,False,9971,13,0.0078446,0.022652,0.057624,0.01608,0.09252,0.022652,0.012846,0.035277,0,,,,,,,,0,1,1,1,0,,,,,,,,0,1,1,1,0.01623,0.008719,0.023853,0,0.012626,0.0087189,0.017541,0,,,,,,,,,,,,,,,,,,,,
main,heat_pilot,precip,3,75,winter_JF,all,persistence,baseline,False,9971,13,0.074085,0.076057,0.9431,0,1.6909,0.076057,0,0.24159,0,,,,,,,,0,1,1,1,0,,,,,,,,0,1,1,1,0.9017,-0.0098862,1.6511,0.332,0.066031,-0.01217,0.23142,0.71,,,,,,,,,,,,,,,,,,,,
main,heat_pilot,precip,3,75,winter_JF,all,climatology,baseline,False,9971,13,0.3063,0.30724,0.33309,0.30666,0.35865,0.30724,0.28056,0.33413,0,,,,,,,,0,1,1,1,0,,,,,,,,0,1,1,1,0.2917,0.24634,0.34174,0,0.29721,0.26657,0.32656,0,,,,,,,,,,,,,,,,,,,,
main,heat_pilot,precip,3,75,premonsoon_MAM,all,ecmwf_ifs_ctrl,source,False,20280,25,-0.12102,1.6397,4.8459,2.8632,6.5261,1.6397,0.77702,2.6446,2,0,,0,0,0,0,0,9.8619e-05,0.0050181,-0.0012186,1,0,,,,,,,,0,1,1,1,0.65232,0.2703,0.96442,0,0.2204,0.058929,0.41857,0,0,0,0,1,,,,,,,,,,,,,,,,
main,heat_pilot,precip,3,75,premonsoon_MAM,all,ecmwf_aifs,source,False,20280,25,-0.18291,1.4888,4.3756,2.549,5.8317,1.4888,0.70677,2.3833,2,0,,0,0,0,0,0,9.8619e-05,0.0050181,-0.0012186,1,0,,,,,,,,0,1,1,1,0.18197,-0.047481,0.38382,0.106,0.069559,-0.040385,0.22067,0.374,0,0,0,1,,,,,,,,,,,,,,,,
main,heat_pilot,precip,3,75,premonsoon_MAM,all,ncep_gfs,source,False,20280,25,-0.37549,1.4194,4.7948,2.8097,6.4675,1.4194,0.70282,2.2462,2,0,1,0,5,-8.219e-05,-0.0001865,0,0.00059172,-4.9699,-659.87,1,0,,,,,,,,0,1,1,1,0.6012,0.11532,1.0968,0,0.00011443,-0.1097,0.1197,0.968,-8.219e-05,-0.00019278,0,0.1764,,,,,,,,,,,,,,,,
main,heat_pilot,precip,3,75,premonsoon_MAM,all,ecmwf_ifs_ens,source,True,20280,25,-0.35299,1.4181,4.2823,2.5175,5.7657,1.0319,0.53843,1.6027,2,0,,0,0,0,0,0,0.00010091,-0.018125,-0.039746,0.80559,0,,,,,,,,5.6874e-08,-0.32305,-14.495,1,0.088724,-0.12852,0.23673,0.406,-0.38735,-0.67296,-0.14903,0,0,0,0,1,,,,,,,,,,,,,,,,
main,heat_pilot,precip,3,75,premonsoon_MAM,all,equal_mean,baseline,False,20280,25,-0.2581,1.4193,4.1936,2.5507,5.566,1.4193,0.70133,2.2411,2,0,,0,0,0,0,0,9.8619e-05,0.0050181,-0.0012186,1,0,,,,,,,,0,1,1,1,,,,,,,,,,,,,,,,,,,,,,,,,,,,
main,heat_pilot,precip,3,75,premonsoon_MAM,all,superensemble,baseline,False,20280,25,-0.29617,1.442,4.2414,2.5055,5.699,1.442,0.74143,2.2558,2,0,,0,0,0,0,0,9.8619e-05,0.0050181,-0.0012186,1,0,,,,,,,,0,1,1,1,0.047799,-0.068852,0.15802,0.528,0.022712,-0.033053,0.080532,0.426,0,0,0,1,,,,,,,,,,,,,,,,
main,heat_pilot,precip,3,75,premonsoon_MAM,all,persistence,baseline,False,20280,25,-0.2372,1.8486,5.6371,3.376,7.5889,1.8486,0.9775,2.922,2,0,1,0,0.5,-3.2874e-05,-8.6855e-05,0,0.00014793,-0.49247,-1.0006,1,0,,,,,,,,0,1,1,1,1.4434,0.7127,2.0945,0,0.42934,0.16607,0.70864,0,-3.2874e-05,-8.6855e-05,0,0.56816,,,,,,,,,,,,,,,,
main,heat_pilot,precip,3,75,premonsoon_MAM,all,climatology,baseline,False,20280,25,-0.7725,1.493,4.6767,2.5219,6.4852,1.493,0.88918,2.2248,2,0,,0,0,0,0,0,9.8619e-05,0.0050181,-0.0012186,1,0,,,,,,,,0,1,1,1,0.48307,-0.22536,0.9519,0.2,0.073755,-0.17654,0.28326,0.482,0,0,0,1,,,,,,,,,,,,,,,,
main,heat_pilot,precip,3,75,monsoon_JJAS,all,ecmwf_ifs_ctrl,source,False,41228,50,1.5225,9.4976,18.009,14.456,21.925,9.4976,7.9621,11.199,670,0.13881,0.78066,0.092907,0.63284,0.08662,0.019349,0.14202,0.022024,-0.39068,-0.67055,-0.17941,103,0.067961,0.93805,0.033493,1.0971,0.032186,-0.00079474,0.062356,0.0048996,-0.96913,-1.9257,-0.27716,4.0241,2.0101,6.5062,0,1.2202,0.72899,1.8498,0,0.046404,0.0099066,0.088964,0,,,,,,,,,,,,,,,,
main,heat_pilot,precip,3,75,monsoon_JJAS,all,ecmwf_aifs,source,False,41228,50,2.1601,8.492,13.818,11.868,15.647,8.492,7.2278,9.7487,670,0.077612,0.49515,0.072122,0.15373,0.069963,0.0064336,0.13592,0.016227,-0.024634,-0.12037,0.0483,103,0,1,0,0.019417,-4.7589e-05,-0.00014397,0,0.0025468,-0.023558,-0.051498,0.0089174,-0.16633,-0.62998,0.29801,0.42,0.21453,-0.19839,0.63849,0.304,0.029747,-0.044332,0.097252,0.55,,,,,,,,,,,,,,,,
main,heat_pilot,precip,3,75,monsoon_JJAS,all,ncep_gfs,source,False,41228,50,-0.29298,9.8919,18.214,15.589,20.827,9.8919,8.2819,11.584,670,0.074627,0.89754,0.045126,0.72836,0.038243,0.01578,0.05251,0.025662,-0.62042,-0.95916,-0.40442,103,0,1,0,0.57282,-0.0009107,-0.0016179,-0.00033429,0.0039294,-0.5792,-1.1347,-0.2312,4.229,3.3078,5.1517,0,1.6144,1.0849,2.21,0,-0.001973,-0.026021,0.021129,0.936,,,,,,,,,,,,,,,,
main,heat_pilot,precip,3,75,monsoon_JJAS,all,ecmwf_ifs_ens,source,True,41228,50,1.553,8.4896,13.989,12.05,15.83,5.5661,4.7065,6.4727,670,0.071642,0.49474,0.066946,0.14179,0.064932,-0.00011854,0.11607,0.014577,0.079552,-0.010338,0.1684,103,0,,0,0,0,0,0,0.0024841,0.0016428,-0.077213,0.060596,0.0047451,-0.35526,0.35272,0.944,-2.7114,-3.1311,-2.3217,0,0.024717,-0.0086892,0.061038,0.352,,,,,,,,,,,,,,,,
main,heat_pilot,precip,3,75,monsoon_JJAS,all,equal_mean,baseline,False,41228,50,1.2185,8.2775,13.985,11.979,15.878,8.2775,7.0826,9.5429,670,0.046269,0.67368,0.042234,0.14179,0.040216,0.0022364,0.070469,0.017052,-0.076708,-0.13523,-0.018001,103,0.0097087,0.875,0.0090909,0.07767,0.0089108,-0.00043129,0.022255,0.0026438,-0.06255,-0.19078,0.01928,,,,,,,,,,,,,,,,,,,,,,,,,,,,
main,heat_pilot,precip,3,75,monsoon_JJAS,all,superensemble,baseline,False,41228,50,-1.401,7.9742,14.466,12.09,17.04,7.9742,6.7639,9.2726,670,0.026866,0.18182,0.026706,0.032836,0.02619,0,0.068523,0.015912,-0.0047237,-0.031984,0.030359,103,0,,0,0,0,0,0,0.0024983,-0.0040614,-0.0084141,0.0089174,0.48117,-0.23186,1.3303,0.214,-0.30324,-0.59505,0.051368,0.082,-0.014026,-0.063519,0.030278,0.566,,,,,,,,,,,,,,,,
main,heat_pilot,precip,3,75,monsoon_JJAS,all,persistence,baseline,False,41228,50,-0.16838,12.173,21.93,18.761,25.19,12.173,10.337,14.07,670,0.038806,0.96055,0.019954,0.98358,0.011832,-0.0043503,0.02933,0.030974,-0.95584,-1.6056,-0.53951,103,0.019417,0.98039,0.0098522,0.99029,0.0086077,-0.0015145,0.029039,0.0048753,-0.95938,-2.1939,-0.40902,7.9452,5.7691,10.07,0,3.8955,2.7055,5.0998,0,-0.028383,-0.05743,0.014289,0.186,,,,,,,,,,,,,,,,
main,heat_pilot,precip,3,75,monsoon_JJAS,all,climatology,baseline,False,41228,50,-1.4383,9.0235,15.697,12.909,18.338,9.0235,7.9075,10.217,670,0,,0,0,0,0,0,0.016251,-0.026166,-0.036998,-0.0072117,103,0,,0,0,0,0,0,0.0024983,-0.0040614,-0.0084141,0.0089174,1.7123,0.7228,2.7414,0,0.74602,0.1509,1.3699,0.016,-0.040216,-0.070469,-0.0022364,0.03,,,,,,,,,,,,,,,,
main,heat_pilot,precip,3,75,postmonsoon_OND,all,ecmwf_ifs_ctrl,source,False,25519,32,0.34185,0.74196,2.9169,1.7938,3.8387,0.74196,0.34799,1.2028,1,0,,0,0,0,0,0,3.9186e-05,0.037813,0.0050517,1,0,,,,,,,,0,1,1,1,0.36987,-0.095813,0.85132,0.104,-0.018039,-0.1512,0.1138,0.77,0,0,0,1,,,,,,,,,,,,,,,,
main,heat_pilot,precip,3,75,postmonsoon_OND,all,ecmwf_aifs,source,False,25519,32,0.30985,0.6394,2.1883,1.0966,3.1549,0.6394,0.29161,1.0911,1,0,,0,0,0,0,0,3.9186e-05,0.037813,0.0050517,1,0,,,,,,,,0,1,1,1,-0.35868,-0.79409,-0.074255,0,-0.12061,-0.25575,-0.026616,0.002,0,0,0,1,,,,,,,,,,,,,,,,
main,heat_pilot,precip,3,75,postmonsoon_OND,all,ncep_gfs,source,False,25519,32,0.62927,0.95135,4.2108,1.7878,6.3997,0.95135,0.36392,1.6845,1,0,1,0,19,-3.7229e-05,-0.00010573,0,0.00078373,-18.244,-1050.2,1,0,,1,0,,0,0,0,0.00011756,-1033.8,-3689.7,1,1.6638,0.20341,3.3404,0,0.19135,-0.061186,0.52155,0.166,-3.7229e-05,-0.00011021,0,0.74109,,,,,,,,,,,,,,,,
main,heat_pilot,precip,3,75,postmonsoon_OND,all,ecmwf_ifs_ens,source,True,25519,32,0.44302,0.79887,2.5963,1.5468,3.4848,0.43032,0.19537,0.70204,1,0,,0,0,0,0,0,4.3571e-05,-0.069837,-5.1365,0.88611,0,,,,,,,,7.533e-08,0.33694,-1.2644,1,0.049347,-0.32384,0.37236,0.772,-0.32968,-0.55437,-0.14845,0,0,0,0,1,,,,,,,,,,,,,,,,
main,heat_pilot,precip,3,75,postmonsoon_OND,all,equal_mean,baseline,False,25519,32,0.42684,0.76,2.547,1.5128,3.4641,0.76,0.35805,1.2403,1,0,,0,0,0,0,0,3.9186e-05,0.037813,0.0050517,1,0,,,,,,,,0,1,1,1,,,,,,,,,,,,,,,,,,,,,,,,,,,,
main,heat_pilot,precip,3,75,postmonsoon_OND,all,superensemble,baseline,False,25519,32,-0.26986,1.2095,2.3858,1.4872,3.2654,1.2095,0.86159,1.5551,1,0,,0,0,0,0,0,3.9186e-05,0.037813,0.0050517,1,0,,,,,,,,0,1,1,1,-0.16118,-0.58309,0.20098,0.41,0.44946,0.15071,0.74116,0.002,0,0,0,1,,,,,,,,,,,,,,,,
main,heat_pilot,precip,3,75,postmonsoon_OND,all,persistence,baseline,False,25519,32,0.47396,1.0372,4.9338,2.4427,7.1954,1.0372,0.39696,1.9232,1,0,1,0,13,-3.6389e-05,-9.902e-05,0,0.00054861,-12.471,-687.45,1,0,,1,0,,0,0,0,3.9186e-05,-343.92,-1229.2,1,2.3868,0.55936,4.1939,0.004,0.27722,-0.11681,0.88768,0.262,-3.6389e-05,-0.0001058,0,0.24186,,,,,,,,,,,,,,,,
main,heat_pilot,precip,3,75,postmonsoon_OND,all,climatology,baseline,False,25519,32,0.34548,0.82624,2.3414,1.1273,3.4591,0.82624,0.51025,1.2049,1,0,,0,0,0,0,0,3.9186e-05,0.037813,0.0050517,1,0,,,,,,,,0,1,1,1,-0.20562,-0.83404,0.26268,0.428,0.066241,-0.18418,0.28633,0.584,0,0,0,1,,,,,,,,,,,,,,,,
main,heat_pilot,precip,4,99,all,all,ecmwf_ifs_ctrl,source,False,96962,116,0.62759,4.7306,12.686,10.11,15.613,4.7306,3.6334,5.9894,673,0.13819,0.8354,0.081223,0.83952,0.078065,0.014744,0.1433,0.01085,-0.60374,-1.1234,-0.2468,103,0.16505,0.89308,0.069388,1.5437,0.068746,-0.00029481,0.15776,0.0023514,-1.2225,-3.093,-0.41521,3.1523,1.7581,4.8204,0,0.67746,0.38928,1.0516,0,0.012593,-0.016198,0.037514,0.412,,,,,,,,,,,,,,,,
main,heat_pilot,precip,4,99,all,all,ecmwf_aifs,source,False,96962,116,0.89887,4.1531,9.4847,7.8744,11.194,4.1531,3.2573,5.1595,673,0.057949,0.71111,0.050715,0.20059,0.049557,-0.000391,0.098678,0.0075287,-0.11286,-0.2046,-0.04482,103,0.019417,0.81818,0.017857,0.1068,0.017755,0,0.039036,0.0011345,-0.07226,-0.1749,0.008077,-0.049455,-0.39022,0.28876,0.762,0.099922,-0.076424,0.27452,0.252,-0.015915,-0.045949,0.0062428,0.148,,,,,,,,,,,,,,,,
main,heat_pilot,precip,4,99,all,all,ncep_gfs,source,False,96962,116,-0.2722,4.631,11.962,9.9243,14.171,4.631,3.5932,5.7873,673,0.095097,0.82222,0.066047,0.53492,0.063633,0.019551,0.10827,0.0093336,-0.37964,-0.69501,-0.14324,103,0.058252,0.93182,0.032432,0.85437,0.031943,-0.00033708,0.069433,0.0018461,-0.74486,-1.8608,-0.20767,2.4281,1.6606,3.1936,0,0.57786,0.33318,0.84269,0,-0.0018394,-0.032775,0.026247,0.92,,,,,,,,,,,,,,,,
main,heat_pilot,precip,4,99,all,all,ecmwf_ifs_ens,source,True,96962,116,0.60404,4.1861,9.6023,7.9971,11.445,2.7054,2.106,3.377,673,0.0044577,0.85714,0.0043415,0.031204,0.0041315,-0.00022856,0.013681,0.0064557,0.045748,-0.02083,0.10657,103,0,,0,0,0,0,0,0.0010831,-0.023723,-0.11617,0.02717,0.068124,-0.10652,0.28632,0.49,-1.3478,-1.6749,-1.0511,0,-0.061341,-0.11155,-0.016718,0,,,,,,,,,,,,,,,,
main,heat_pilot,precip,4,99,all,all,equal_mean,baseline,False,96962,116,0.47715,4.0531,9.5341,7.9569,11.276,4.0531,3.1692,5.0236,673,0.074294,0.60938,0.066578,0.19019,0.065472,0.02164,0.11324,0.0072296,-0.068651,-0.18115,0.039265,103,0.0097087,0.875,0.0090909,0.07767,0.0090143,-8.1737e-05,0.021903,0.0011242,-0.062512,-0.15146,-0.00051174,,,,,,,,,,,,,,,,,,,,,,,,,,,,
main,heat_pilot,precip,4,99,all,all,superensemble,baseline,False,96962,116,-0.83936,4.1245,9.9345,8.0871,11.978,4.1245,3.2592,5.0911,673,0.029718,0.25926,0.029412,0.040119,0.029144,0,0.066174,0.0068068,-0.0061479,-0.029267,0.020967,103,0,,0,0,0,0,0,0.0010623,-0.0040251,-0.0085826,0.008077,0.40033,-0.17546,1.1203,0.224,0.071389,-0.1013,0.26255,0.42,-0.036328,-0.05531,-0.015244,0,,,,,,,,,,,,,,,,
main,heat_pilot,precip,4,99,all,all,persistence,baseline,False,96962,116,0.0090281,5.8542,14.762,12.55,17.254,5.8542,4.681,7.2604,673,0.019316,0.98068,0.0097524,1,0.0062701,-0.0015003,0.016948,0.013614,-1.0123,-1.9959,-0.53974,103,0,1,0,1,-0.00053142,-0.00081292,-0.00024958,0.0021245,-1.0081,-2.8074,-0.36842,5.2278,3.9465,6.7179,0,1.8011,1.2211,2.449,0,-0.059202,-0.11172,-0.01579,0,,,,,,,,,,,,,,,,
main,heat_pilot,precip,4,99,all,all,climatology,baseline,False,96962,116,-0.65118,4.401,10.527,8.5392,12.795,4.401,3.5079,5.384,673,0,,0,0,0,0,0,0.0069409,-0.025966,-0.036524,-0.0088225,103,0,,0,0,0,0,0,0.0010623,-0.0040251,-0.0085826,0.008077,0.99283,0.34612,1.7166,0,0.34782,0.068565,0.63712,0.008,-0.065472,-0.11324,-0.02164,0,,,,,,,,,,,,,,,,
main,heat_pilot,precip,4,99,winter_JF,all,ecmwf_ifs_ctrl,source,False,9971,13,0.00011197,0.0020106,0.034235,0.0021053,0.058008,0.0020106,7.105e-05,0.0047876,0,,,,,,,,0,1,1,1,0,,,,,,,,0,1,1,1,-0.0053885,-0.0085272,-0.0028633,0,-0.0080926,-0.014008,-0.0034543,0,,,,,,,,,,,,,,,,,,,,
main,heat_pilot,precip,4,99,winter_JF,all,ecmwf_aifs,source,False,9971,13,0.034769,0.035216,0.10228,0.024517,0.16735,0.035216,0.013556,0.063132,0,,,,,,,,0,1,1,1,0,,,,,,,,0,1,1,1,0.062653,0.017898,0.1004,0,0.025113,0.010061,0.044418,0,,,,,,,,,,,,,,,,,,,,
main,heat_pilot,precip,4,99,winter_JF,all,ncep_gfs,source,False,9971,13,-0.00094209,0.0010301,0.030953,0,0.054477,0.0010301,0,0.0031536,0,,,,,,,,0,1,1,1,0,,,,,,,,0,1,1,1,-0.0086707,-0.01903,-0.0061728,0,-0.0090732,-0.01626,-0.0035798,0,,,,,,,,,,,,,,,,,,,,
main,heat_pilot,precip,4,99,winter_JF,all,ecmwf_ifs_ens,source,True,9971,13,0.0022698,0.0038949,0.036143,0.0040717,0.061499,0.001342,3.1383e-05,0.0037583,0,,,,,,,,0,1,1,1,0,,,,,,,,0,1,1,1,-0.0034799,-0.0055303,-0.00087835,0.016,-0.0087613,-0.015557,-0.0034988,0,,,,,,,,,,,,,,,,,,,,
main,heat_pilot,precip,4,99,winter_JF,all,equal_mean,baseline,False,9971,13,0.0090522,0.010103,0.039623,0.0066864,0.066535,0.010103,0.0035798,0.018713,0,,,,,,,,0,1,1,1,0,,,,,,,,0,1,1,1,,,,,,,,,,,,,,,,,,,,,,,,,,,,
main,heat_pilot,precip,4,99,winter_JF,all,superensemble,baseline,False,9971,13,-0.074189,0.083833,0.093856,0.079347,0.1142,0.083833,0.076407,0.091796,0,,,,,,,,0,1,1,1,0,,,,,,,,0,1,1,1,0.054233,0.044618,0.079231,0,0.07373,0.062846,0.082388,0,,,,,,,,,,,,,,,,,,,,
main,heat_pilot,precip,4,99,winter_JF,all,persistence,baseline,False,9971,13,0.075989,0.077961,0.94524,0,1.6948,0.077961,0,0.24772,0,,,,,,,,0,1,1,1,0,,,,,,,,0,1,1,1,0.90561,-0.0084254,1.6562,0.324,0.067857,-0.012784,0.23755,0.71,,,,,,,,,,,,,,,,,,,,
main,heat_pilot,precip,4,99,winter_JF,all,climatology,baseline,False,9971,13,0.3063,0.30724,0.33309,0.30666,0.35865,0.30724,0.28056,0.33413,0,,,,,,,,0,1,1,1,0,,,,,,,,0,1,1,1,0.29347,0.24851,0.34265,0,0.29713,0.26624,0.32644,0,,,,,,,,,,,,,,,,,,,,
main,heat_pilot,precip,4,99,premonsoon_MAM,all,ecmwf_ifs_ctrl,source,False,20111,25,-0.41426,1.4977,4.7439,2.782,6.3418,1.4977,0.71068,2.4009,2,0,,0,0,0,0,0,9.9448e-05,0.0050152,-0.0012186,1,0,,,,,,,,0,1,1,1,0.36376,0.15344,0.5819,0,0.097566,0.023844,0.18848,0,0,0,0,1,,,,,,,,,,,,,,,,
main,heat_pilot,precip,4,99,premonsoon_MAM,all,ecmwf_aifs,source,False,20111,25,-0.27559,1.5146,4.5715,2.5628,6.1748,1.5146,0.72437,2.4341,2,0,,0,0,0,0,0,9.9448e-05,0.0050152,-0.0012186,1,0,,,,,,,,0,1,1,1,0.19136,-0.1627,0.56148,0.362,0.11455,0.0036462,0.28013,0.034,0,0,0,1,,,,,,,,,,,,,,,,
main,heat_pilot,precip,4,99,premonsoon_MAM,all,ncep_gfs,source,False,20111,25,-0.63667,1.4387,4.8914,2.7446,6.5916,1.4387,0.69199,2.2884,2,0,1,0,0.5,-3.315e-05,-6.9211e-05,0,0.00014917,-0.49248,-131.28,1,0,,,,,,,,0,1,1,1,0.51125,0.15907,0.79338,0,0.038596,-0.032041,0.11156,0.294,-3.315e-05,-6.9949e-05,0,0.71019,,,,,,,,,,,,,,,,
main,heat_pilot,precip,4,99,premonsoon_MAM,all,ecmwf_ifs_ens,source,True,20111,25,-0.3862,1.3884,4.2414,2.5313,5.7058,1.0099,0.53486,1.5702,2,0,,0,0,0,0,0,0.00010243,-0.024823,-0.82654,0.96131,0,,,,,,,,4.0146e-07,-8.2613,-133.32,1,-0.1387,-0.27109,-0.002093,0.046,-0.39016,-0.69672,-0.14002,0,0,0,0,1,,,,,,,,,,,,,,,,
main,heat_pilot,precip,4,99,premonsoon_MAM,all,equal_mean,baseline,False,20111,25,-0.42818,1.4001,4.3801,2.5409,5.8802,1.4001,0.69631,2.229,2,0,,0,0,0,0,0,9.9448e-05,0.0050152,-0.0012186,1,0,,,,,,,,0,1,1,1,,,,,,,,,,,,,,,,,,,,,,,,,,,,
main,heat_pilot,precip,4,99,premonsoon_MAM,all,superensemble,baseline,False,20111,25,-0.42766,1.4739,4.4272,2.5486,5.9575,1.4739,0.76182,2.2922,2,0,,0,0,0,0,0,9.9448e-05,0.0050152,-0.0012186,1,0,,,,,,,,0,1,1,1,0.047069,-0.096415,0.225,0.634,0.073856,0.038281,0.10902,0,0,0,0,1,,,,,,,,,,,,,,,,
main,heat_pilot,precip,4,99,premonsoon_MAM,all,persistence,baseline,False,20111,25,-0.26137,1.8114,5.577,3.3438,7.5485,1.8114,0.98482,2.7917,2,0,1,0,0.5,-3.315e-05,-8.7605e-05,0,0.00014917,-0.49248,-1.0006,1,0,,,,,,,,0,1,1,1,1.1969,0.61941,1.7587,0,0.41133,0.1559,0.69847,0,-3.315e-05,-8.7605e-05,0,0.56816,,,,,,,,,,,,,,,,
main,heat_pilot,precip,4,99,premonsoon_MAM,all,climatology,baseline,False,20111,25,-0.78106,1.5035,4.6962,2.529,6.5308,1.5035,0.90219,2.2309,2,0,,0,0,0,0,0,9.9448e-05,0.0050152,-0.0012186,1,0,,,,,,,,0,1,1,1,0.31611,-0.3303,0.69503,0.316,0.1034,-0.18861,0.31932,0.388,0,0,0,1,,,,,,,,,,,,,,,,
main,heat_pilot,precip,4,99,monsoon_JJAS,all,ecmwf_ifs_ctrl,source,False,41192,50,1.4341,9.9164,19.051,15.291,22.581,9.9164,8.123,11.677,670,0.13881,0.8354,0.081436,0.84328,0.073984,0.016188,0.13276,0.025466,-0.60664,-1.1463,-0.26217,103,0.16505,0.89308,0.069388,1.5437,0.067875,-0.0007285,0.14765,0.0055351,-1.2226,-3.1875,-0.42563,4.892,2.73,7.1181,0,1.5752,0.92223,2.2528,0,0.0097439,-0.021229,0.036324,0.494,,,,,,,,,,,,,,,,
main,heat_pilot,precip,4,99,monsoon_JJAS,all,ecmwf_aifs,source,False,41192,50,2.0005,8.5931,14.086,12.061,16.117,8.5931,7.373,9.9054,670,0.058209,0.71111,0.050914,0.20149,0.048185,-0.00072131,0.092425,0.017649,-0.11347,-0.2099,-0.038326,103,0.019417,0.81818,0.017857,0.1068,0.017616,0,0.036861,0.0026704,-0.0723,-0.16551,0.008908,-0.073701,-0.58375,0.49362,0.746,0.25189,-0.12025,0.68528,0.21,-0.016055,-0.047909,0.0049261,0.124,,,,,,,,,,,,,,,,
main,heat_pilot,precip,4,99,monsoon_JJAS,all,ncep_gfs,source,False,41192,50,-0.75066,9.558,17.764,15.117,20.422,9.558,8.0404,11.109,670,0.095522,0.81972,0.066597,0.52985,0.060955,0.017031,0.10176,0.021776,-0.37384,-0.6771,-0.17335,103,0.058252,0.93182,0.032432,0.85437,0.03128,-0.00088279,0.068412,0.0043455,-0.74492,-1.8514,-0.24473,3.6051,2.4293,4.8817,0,1.2168,0.72942,1.7833,0,-0.0032853,-0.033417,0.025083,0.884,,,,,,,,,,,,,,,,
main,heat_pilot,precip,4,99,monsoon_JJAS,all,ecmwf_ifs_ens,source,True,41192,50,1.2815,8.6274,14.283,12.157,16.337,5.5988,4.7152,6.5175,670,0.0044776,0.85714,0.0043605,0.031343,0.0038659,-0.00054705,0.013334,0.015118,0.046237,-0.026327,0.10076,103,0,,0,0,0,0,0,0.0025489,-0.023488,-0.11748,0.021413,0.12341,-0.17656,0.42533,0.486,-2.7424,-3.1612,-2.3215,0,-0.060374,-0.10317,-0.016616,0,,,,,,,,,,,,,,,,
main,heat_pilot,precip,4,99,monsoon_JJAS,all,equal_mean,baseline,False,41192,50,1.016,8.3412,14.159,12.044,16.092,8.3412,7.0976,9.5991,670,0.074627,0.60938,0.066845,0.19104,0.06424,0.020318,0.10568,0.016945,-0.069054,-0.18518,0.02481,103,0.0097087,0.875,0.0090909,0.07767,0.0089107,-0.00020167,0.020462,0.0026461,-0.062552,-0.1452,-0.00056268,,,,,,,,,,,,,,,,,,,,,,,,,,,,
main,heat_pilot,precip,4,99,monsoon_JJAS,all,superensemble,baseline,False,41192,50,-1.6266,8.1799,14.799,12.304,17.435,8.1799,6.9186,9.5584,670,0.029851,0.25926,0.029542,0.040299,0.028912,0,0.06144,0.01595,-0.0062582,-0.02993,0.018392,103,0,,0,0,0,0,0,0.0025005,-0.0040626,-0.0084152,0.008908,0.64019,-0.27631,1.8345,0.192,-0.16131,-0.50205,0.2866,0.436,-0.035328,-0.057033,-0.015967,0,,,,,,,,,,,,,,,,
main,heat_pilot,precip,4,99,monsoon_JJAS,all,persistence,baseline,False,41192,50,-0.24665,12.15,21.926,18.816,24.868,12.15,10.377,14.045,670,0.019403,0.98027,0.0098784,0.98358,0.0017476,-0.005959,0.013334,0.031632,-0.99567,-1.9418,-0.49355,103,0,1,0,0.99029,-0.0012457,-0.001882,-0.0005513,0.0049767,-0.99838,-2.9391,-0.30657,7.7663,5.7548,10.048,0,3.8087,2.6263,5.2043,0,-0.062493,-0.10717,-0.019512,0,,,,,,,,,,,,,,,,
main,heat_pilot,precip,4,99,monsoon_JJAS,all,climatology,baseline,False,41192,50,-1.444,9.0285,15.704,12.909,18.353,9.0285,7.9259,10.223,670,0,,0,0,0,0,0,0.016265,-0.026169,-0.037,-0.007206,103,0,,0,0,0,0,0,0.0025005,-0.0040626,-0.0084152,0.008908,1.5443,0.49736,2.5398,0,0.68729,0.07786,1.3418,0.028,-0.06424,-0.10568,-0.020318,0,,,,,,,,,,,,,,,,
main,heat_pilot,precip,4,99,postmonsoon_OND,all,ecmwf_ifs_ctrl,source,False,25688,32,0.39358,0.78135,2.807,1.7483,3.7494,0.78135,0.36734,1.2559,1,0,,0,0,0,0,0,3.8929e-05,0.039477,0.0055306,1,0,,,,,,,,0,1,1,1,0.23752,-0.12814,0.61206,0.23,-0.042004,-0.21668,0.10865,0.6,0,0,0,1,,,,,,,,,,,,,,,,
main,heat_pilot,precip,4,99,postmonsoon_OND,all,ecmwf_aifs,source,False,25688,32,0.38727,0.69717,2.2462,1.2178,3.1812,0.69717,0.30275,1.19,1,0,,0,0,0,0,0,3.8929e-05,0.039477,0.0055306,1,0,,,,,,,,0,1,1,1,-0.32326,-0.71071,-0.022618,0.018,-0.12618,-0.27614,0.0031252,0.06,0,0,0,1,,,,,,,,,,,,,,,,
main,heat_pilot,precip,4,99,postmonsoon_OND,all,ncep_gfs,source,False,25688,32,0.6751,1.0266,3.9183,2.1071,5.6284,1.0266,0.41581,1.791,1,0,1,0,4,-3.1144e-05,-7.4236e-05,0,0.00019464,-3.8026,-198.1,1,0,,,,,,,,0,1,1,1,1.3488,0.45179,2.305,0,0.20329,-0.008551,0.50486,0.066,-3.1144e-05,-8.1757e-05,0,0.74109,,,,,,,,,,,,,,,,
main,heat_pilot,precip,4,99,postmonsoon_OND,all,ecmwf_ifs_ens,source,True,25688,32,0.52658,0.87811,2.6136,1.5546,3.5479,0.44247,0.20497,0.73003,1,0,,0,0,0,0,0,4.5664e-05,-0.1267,-7.303,0.83133,0,,,,,,,,7.7827e-07,-5.8305,-22.035,1,0.044131,-0.1135,0.19096,0.602,-0.38088,-0.63818,-0.17118,0,0,0,0,1,,,,,,,,,,,,,,,,
main,heat_pilot,precip,4,99,postmonsoon_OND,all,equal_mean,baseline,False,25688,32,0.50354,0.82335,2.5695,1.5113,3.4814,0.82335,0.38661,1.3676,1,0,,0,0,0,0,0,3.8929e-05,0.039477,0.0055306,1,0,,,,,,,,0,1,1,1,,,,,,,,,,,,,,,,,,,,,,,,,,,,
main,heat_pilot,precip,4,99,postmonsoon_OND,all,superensemble,baseline,False,25688,32,-0.1963,1.265,2.4424,1.5732,3.2786,1.265,0.8771,1.6613,1,0,,0,0,0,0,0,3.8929e-05,0.039477,0.0055306,1,0,,,,,,,,0,1,1,1,-0.12709,-0.46046,0.21286,0.474,0.44169,0.15674,0.73591,0.006,0,0,0,1,,,,,,,,,,,,,,,,
main,heat_pilot,precip,4,99,postmonsoon_OND,all,persistence,baseline,False,25688,32,0.60472,1.166,5.1936,2.4355,7.6137,1.166,0.40652,2.2014,1,0,1,0,13,-3.6149e-05,-9.9437e-05,0,0.000545,-12.447,-617.82,1,0,,1,0,,0,0,0,3.8929e-05,-340.66,-1173.5,1,2.6241,0.63461,4.5506,0,0.34265,-0.13593,1.0527,0.228,-3.6149e-05,-0.00010495,0,0.24186,,,,,,,,,,,,,,,,
main,heat_pilot,precip,4,99,postmonsoon_OND,all,climatology,baseline,False,25688,32,0.35015,0.83785,2.3537,1.1517,3.4753,0.83785,0.50164,1.2139,1,0,,0,0,0,0,0,3.8929e-05,0.039477,0.0055306,1,0,,,,,,,,0,1,1,1,-0.21577,-0.94135,0.3481,0.494,0.014495,-0.27591,0.25691,0.906,0,0,0,1,,,,,,,,,,,,,,,,
main,heat_pilot,precip,5,123,all,all,ecmwf_ifs_ctrl,source,False,97006,116,0.59287,4.8504,12.8,9.9956,15.91,4.8504,3.7353,6.1859,673,0.074294,0.8913,0.046168,0.68351,0.043349,0.0023654,0.084338,0.010649,-0.57476,-1.0484,-0.20046,103,0.019417,0.98291,0.0091743,1.1359,0.0086094,-0.0007949,0.033361,0.0022267,-1.1055,-2.5014,-0.22068,3.067,1.555,4.8587,0,0.68447,0.3678,1.1125,0,0.024338,-0.0026125,0.05622,0.146,,,,,,,,,,,,,,,,
main,heat_pilot,precip,5,123,all,all,ecmwf_aifs,source,False,97006,116,0.86258,4.26,9.7265,8.0022,11.752,4.26,3.3708,5.3097,673,0.049034,0.71795,0.043593,0.17385,0.042566,-8.049e-05,0.090967,0.0074635,-0.10371,-0.24746,-3.8186e-06,103,0,,0,0,0,0,0,0.0010618,-0.0040224,-0.0085809,0.0080874,-0.006128,-0.39199,0.37462,0.974,0.093979,-0.10039,0.30452,0.412,0.023555,-0.0036527,0.050761,0.262,,,,,,,,,,,,,,,,
main,heat_pilot,precip,5,123,all,all,ncep_gfs,source,False,97006,116,-0.12184,4.7406,12.017,10.032,14.209,4.7406,3.6659,5.9551,673,0.016345,0.9653,0.011236,0.47103,0.0090098,0.0022352,0.017086,0.0099788,-0.47567,-0.79598,-0.27127,103,0,1,0,0.43689,-0.00032295,-0.00058916,-8.2957e-05,0.0015257,-0.44267,-1.1328,-0.092635,2.2838,1.6693,3.0186,0,0.57468,0.3138,0.86213,0,-0.010002,-0.031311,0.010213,0.43,,,,,,,,,,,,,,,,
main,heat_pilot,precip,5,123,all,all,ecmwf_ifs_ens,source,True,97006,116,0.61009,4.2628,9.6609,8.0185,11.401,2.7162,2.1232,3.395,673,0.034175,0.5,0.033046,0.068351,0.032602,0,0.078686,0.006484,0.04114,-0.035106,0.098428,103,0,,0,0,0,0,0,0.0010757,-0.017139,-0.10903,0.034182,-0.071783,-0.29546,0.13137,0.558,-1.4497,-1.8022,-1.1457,0,0.013591,-0.030405,0.057053,0.66,,,,,,,,,,,,,,,,
main,heat_pilot,precip,5,123,all,all,equal_mean,baseline,False,97006,116,0.50533,4.166,9.7327,8.0244,11.631,4.166,3.2689,5.1739,673,0.020802,0.75439,0.019553,0.084695,0.019011,-5.0755e-05,0.040997,0.0072367,-0.070167,-0.14379,-0.0015227,103,0.0097087,0,0.0097087,0.0097087,0.0096985,0,0.034767,0.0010515,0.0057254,-0.0080454,0.038259,,,,,,,,,,,,,,,,,,,,,,,,,,,,
main,heat_pilot,precip,5,123,all,all,superensemble,baseline,False,97006,116,-0.82183,4.2837,10.115,8.2005,12.268,4.2837,3.4146,5.2755,673,0.0044577,0.25,0.004451,0.0059435,0.00441,-3.0605e-05,0.013883,0.0069171,-0.022909,-0.037522,0.0014101,103,0,,0,0,0,0,0,0.0010618,-0.0040224,-0.0085809,0.0080874,0.38243,-0.1667,1.2188,0.334,0.11776,-0.059418,0.33078,0.23,-0.014601,-0.028914,3.074e-05,0.098,,,,,,,,,,,,,,,,
main,heat_pilot,precip,5,123,all,all,persistence,baseline,False,97006,116,0.0064204,5.8714,14.795,12.599,17.196,5.8714,4.7338,7.2026,673,0.023774,0.97623,0.01203,1,0.0085495,-0.0015168,0.022855,0.013546,-1.0031,-2.0177,-0.49616,103,0,1,0,1,-0.00053118,-0.00080621,-0.00024622,0.0021236,-1.008,-2.8896,-0.35968,5.0619,3.7137,6.5893,0,1.7055,1.1415,2.3854,0,-0.010462,-0.036861,0.016744,0.482,,,,,,,,,,,,,,,,
main,heat_pilot,precip,5,123,all,all,climatology,baseline,False,97006,116,-0.64815,4.4047,10.526,8.5306,12.803,4.4047,3.5151,5.3935,673,0,,0,0,0,0,0,0.0069377,-0.025958,-0.036516,-0.0088086,103,0,,0,0,0,0,0,0.0010618,-0.0040224,-0.0085809,0.0080874,0.79383,0.21283,1.3719,0.008,0.23875,-0.043704,0.51474,0.112,-0.019011,-0.040997,5.0755e-05,0.104,,,,,,,,,,,,,,,,
main,heat_pilot,precip,5,123,winter_JF,all,ecmwf_ifs_ctrl,source,False,9971,13,-0.00045019,0.001522,0.03218,0.00084117,0.055571,0.001522,5.7124e-05,0.0036872,0,,,,,,,,0,1,1,1,0,,,,,,,,0,1,1,1,-0.0085964,-0.018001,-0.00055214,0.032,-0.0090979,-0.016156,-0.0036043,0,,,,,,,,,,,,,,,,,,,,
main,heat_pilot,precip,5,123,winter_JF,all,ecmwf_aifs,source,False,9971,13,0.03072,0.031528,0.088766,0.024272,0.14108,0.031528,0.013454,0.055313,0,,,,,,,,0,1,1,1,0,,,,,,,,0,1,1,1,0.04799,0.015758,0.074556,0,0.020908,0.0094889,0.035728,0,,,,,,,,,,,,,,,,,,,,
main,heat_pilot,precip,5,123,winter_JF,all,ncep_gfs,source,False,9971,13,-0.00065303,0.0013191,0.032003,0,0.055432,0.0013191,0,0.0036246,0,,,,,,,,0,1,1,1,0,,,,,,,,0,1,1,1,-0.0087731,-0.025657,0.0017882,0.096,-0.0093008,-0.016825,-0.003367,0,,,,,,,,,,,,,,,,,,,,
main,heat_pilot,precip,5,123,winter_JF,all,ecmwf_ifs_ens,source,True,9971,13,0.0075053,0.0090677,0.05815,0.0055265,0.088171,0.0016556,4.6654e-05,0.0037433,0,,,,,,,,0,1,1,1,0,,,,,,,,0,1,1,1,0.017374,-0.0007157,0.031559,0.054,-0.0089643,-0.015816,-0.003637,0,,,,,,,,,,,,,,,,,,,,
main,heat_pilot,precip,5,123,winter_JF,all,equal_mean,baseline,False,9971,13,0.0092804,0.01062,0.040776,0.0079007,0.066071,0.01062,0.0037914,0.019593,0,,,,,,,,0,1,1,1,0,,,,,,,,0,1,1,1,,,,,,,,,,,,,,,,,,,,,,,,,,,,
main,heat_pilot,precip,5,123,winter_JF,all,superensemble,baseline,False,9971,13,-0.20266,0.20666,0.21122,0.20224,0.22108,0.20666,0.19712,0.21622,0,,,,,,,,0,1,1,1,0,,,,,,,,0,1,1,1,0.17044,0.14753,0.20607,0,0.19604,0.17969,0.2103,0,,,,,,,,,,,,,,,,,,,,
main,heat_pilot,precip,5,123,winter_JF,all,persistence,baseline,False,9971,13,0.076634,0.078606,0.94664,0.039315,1.465,0.078606,0.001559,0.19361,0,,,,,,,,0,1,1,1,0,,,,,,,,0,1,1,1,0.90586,-0.0027423,1.4452,0.082,0.067986,-0.01173,0.18148,0.206,,,,,,,,,,,,,,,,,,,,
main,heat_pilot,precip,5,123,winter_JF,all,climatology,baseline,False,9971,13,0.3063,0.30724,0.33309,0.30666,0.35865,0.30724,0.28056,0.33413,0,,,,,,,,0,1,1,1,0,,,,,,,,0,1,1,1,0.29231,0.24871,0.34082,0,0.29662,0.26609,0.32615,0,,,,,,,,,,,,,,,,,,,,
main,heat_pilot,precip,5,123,premonsoon_MAM,all,ecmwf_ifs_ctrl,source,False,19942,25,-0.24784,1.5442,4.7438,2.8782,6.2482,1.5442,0.76178,2.4576,2,0,,0,0,0,0,0,0.00010029,0.0050146,-0.0012186,1,0,,,,,,,,0,1,1,1,0.51268,0.23423,0.83548,0,0.15604,0.043277,0.28975,0,0,0,0,1,,,,,,,,,,,,,,,,
main,heat_pilot,precip,5,123,premonsoon_MAM,all,ecmwf_aifs,source,False,19942,25,-0.31149,1.5609,4.8105,2.6431,6.4849,1.5609,0.75677,2.5131,2,0,,0,0,0,0,0,0.00010029,0.0050146,-0.0012186,1,0,,,,,,,,0,1,1,1,0.57933,-0.0025744,1.0497,0.052,0.17268,0.019583,0.37688,0.008,0,0,0,1,,,,,,,,,,,,,,,,
main,heat_pilot,precip,5,123,premonsoon_MAM,all,ncep_gfs,source,False,19942,25,-0.55665,1.3755,4.6351,2.5864,6.2435,1.3755,0.69915,2.1676,2,0,1,0,5.5,-8.4869e-05,-0.00020258,0,0.00065189,-5.4674,-395.89,1,0,,,,,,,,0,1,1,1,0.404,0.015954,0.64037,0.022,-0.012709,-0.1418,0.07689,0.848,-8.4869e-05,-0.00020459,-3.7294e-05,0,,,,,,,,,,,,,,,,
main,heat_pilot,precip,5,123,premonsoon_MAM,all,ecmwf_ifs_ens,source,True,19942,25,-0.33379,1.3906,4.1596,2.5303,5.5416,0.98847,0.53579,1.5228,2,0,,0,0,0,0,0,0.00010904,-0.081822,-8.6598,0.54356,0,,,,,,,,6.7477e-07,-14.436,-109.94,1,-0.071508,-0.24743,0.053939,0.386,-0.3997,-0.70018,-0.1527,0,0,0,0,1,,,,,,,,,,,,,,,,
main,heat_pilot,precip,5,123,premonsoon_MAM,all,equal_mean,baseline,False,19942,25,-0.36244,1.3882,4.2312,2.522,5.6327,1.3882,0.70958,2.1849,2,0,,0,0,0,0,0,0.00010029,0.0050146,-0.0012186,1,0,,,,,,,,0,1,1,1,,,,,,,,,,,,,,,,,,,,,,,,,,,,
main,heat_pilot,precip,5,123,premonsoon_MAM,all,superensemble,baseline,False,19942,25,-0.50698,1.5234,4.4686,2.527,6.0251,1.5234,0.83849,2.3347,2,0,,0,0,0,0,0,0.00010029,0.0050146,-0.0012186,1,0,,,,,,,,0,1,1,1,0.23747,0.0045556,0.43765,0.042,0.13518,0.069426,0.20202,0,0,0,0,1,,,,,,,,,,,,,,,,
main,heat_pilot,precip,5,123,premonsoon_MAM,all,persistence,baseline,False,19942,25,-0.30696,1.735,5.3095,3.5008,6.8014,1.735,1.0109,2.5323,2,0,1,0,0.5,-3.3431e-05,-8.8369e-05,0,0.00015044,-0.49248,-1.0006,1,0,,,,,,,,0,1,1,1,1.0784,0.68946,1.5655,0,0.3468,0.17936,0.54133,0,-3.3431e-05,-8.8369e-05,0,0.56816,,,,,,,,,,,,,,,,
main,heat_pilot,precip,5,123,premonsoon_MAM,all,climatology,baseline,False,19942,25,-0.78974,1.5142,4.716,2.5432,6.5313,1.5142,0.90916,2.2482,2,0,,0,0,0,0,0,0.00010029,0.0050146,-0.0012186,1,0,,,,,,,,0,1,1,1,0.48486,-0.27254,0.96831,0.216,0.12601,-0.21067,0.36078,0.344,0,0,0,1,,,,,,,,,,,,,,,,
main,heat_pilot,precip,5,123,monsoon_JJAS,all,ecmwf_ifs_ctrl,source,False,41236,50,1.2279,10.108,19.173,15.061,23.19,10.108,8.274,12.022,670,0.074627,0.8913,0.046296,0.68657,0.03965,-5.5981e-05,0.07938,0.024978,-0.57754,-1.0729,-0.22829,103,0.019417,0.98291,0.0091743,1.1359,0.0078443,-0.0019435,0.035102,0.0052381,-1.1056,-2.7356,-0.32325,4.7068,2.4405,7.2251,0,1.5611,0.82633,2.4061,0,0.02129,-0.00487,0.054177,0.226,,,,,,,,,,,,,,,,
main,heat_pilot,precip,5,123,monsoon_JJAS,all,ecmwf_aifs,source,False,41236,50,1.8527,8.7529,14.399,12.326,16.759,8.7529,7.5254,10.135,670,0.049254,0.71795,0.043767,0.17463,0.04135,-0.00019112,0.091287,0.017485,-0.10428,-0.23702,0.0012144,103,0,,0,0,0,0,0,0.0024978,-0.0040608,-0.0084135,0.0089174,-0.066611,-0.68416,0.57283,0.778,0.20565,-0.248,0.70089,0.436,0.022989,-0.0035194,0.05069,0.276,,,,,,,,,,,,,,,,
main,heat_pilot,precip,5,123,monsoon_JJAS,all,ncep_gfs,source,False,41236,50,-0.38826,9.8151,17.883,15.295,20.374,9.8151,8.3254,11.41,670,0.016418,0.96393,0.011411,0.45522,0.0063025,-0.00023482,0.013578,0.023111,-0.4596,-0.75918,-0.27253,103,0,1,0,0.43689,-0.00076005,-0.0012915,-0.00021034,0.0035891,-0.44273,-1.0532,-0.097407,3.4172,2.4904,4.3827,0,1.2679,0.71169,1.8456,0,-0.012058,-0.033783,0.0086024,0.306,,,,,,,,,,,,,,,,
main,heat_pilot,precip,5,123,monsoon_JJAS,all,ecmwf_ifs_ens,source,True,41236,50,1.1711,8.7016,14.344,12.212,16.415,5.6058,4.7085,6.5041,670,0.034328,0.5,0.033189,0.068657,0.032145,0,0.078259,0.015168,0.04202,-0.039947,0.097615,103,0,,0,0,0,0,0,0.0025289,-0.016541,-0.111,0.029097,-0.12148,-0.47249,0.20235,0.582,-2.9415,-3.3954,-2.5088,0,0.013785,-0.033388,0.058009,0.562,,,,,,,,,,,,,,,,
main,heat_pilot,precip,5,123,monsoon_JJAS,all,equal_mean,baseline,False,41236,50,1.0068,8.5472,14.466,12.251,16.832,8.5472,7.2999,9.8366,670,0.020896,0.75439,0.019635,0.085075,0.01836,-7.1357e-05,0.039994,0.016951,-0.07058,-0.14729,0.00065267,103,0.0097087,0,0.0097087,0.0097087,0.0096847,0,0.034835,0.0024736,0.0056874,-0.008152,0.036917,,,,,,,,,,,,,,,,,,,,,,,,,,,,
main,heat_pilot,precip,5,123,monsoon_JJAS,all,superensemble,baseline,False,41236,50,-1.5067,8.3747,15.049,12.492,17.764,8.3747,7.0708,9.7715,670,0.0044776,0.25,0.0044709,0.0059701,0.0043745,-5.0165e-05,0.013899,0.016199,-0.023101,-0.038266,0.0021586,103,0,,0,0,0,0,0,0.0024978,-0.0040608,-0.0084135,0.0089174,0.58345,-0.28685,1.8658,0.322,-0.1725,-0.56086,0.30743,0.468,-0.013986,-0.02705,2.4943e-05,0.066,,,,,,,,,,,,,,,,
main,heat_pilot,precip,5,123,monsoon_JJAS,all,persistence,baseline,False,41236,50,-0.3072,12.16,21.961,18.933,24.864,12.16,10.498,13.991,670,0.023881,0.9755,0.012242,0.97463,0.0041578,-0.0056573,0.018984,0.031308,-0.97728,-1.9325,-0.48321,103,0,1,0,0.99029,-0.0012444,-0.0018273,-0.00055396,0.0049714,-0.99837,-3.0341,-0.3138,7.4952,5.5669,9.8316,0,3.6127,2.4436,5.0153,0,-0.014202,-0.038454,0.010982,0.292,,,,,,,,,,,,,,,,
main,heat_pilot,precip,5,123,monsoon_JJAS,all,climatology,baseline,False,41236,50,-1.4385,9.0228,15.696,12.909,18.335,9.0228,7.9071,10.216,670,0,,0,0,0,0,0,0.016248,-0.026164,-0.036997,-0.007198,103,0,,0,0,0,0,0,0.0024978,-0.0040608,-0.0084135,0.0089174,1.23,0.32711,2.1449,0.01,0.4756,-0.112,1.133,0.118,-0.01836,-0.039994,7.1357e-05,0.078,,,,,,,,,,,,,,,,
main,heat_pilot,precip,5,123,postmonsoon_OND,all,ecmwf_ifs_ctrl,source,False,25857,32,0.45728,0.88505,3.3263,1.8646,4.6103,0.88505,0.36942,1.5464,1,0,,0,0,0,0,0,3.8674e-05,0.041369,0.0054985,1,0,,,,,,,,0,1,1,1,0.52445,0.14327,0.87674,0,-0.038545,-0.14779,0.098015,0.55,0,0,0,1,,,,,,,,,,,,,,,,
main,heat_pilot,precip,5,123,postmonsoon_OND,all,ecmwf_aifs,source,False,25857,32,0.50984,0.80697,2.5352,1.4356,3.4841,0.80697,0.33797,1.3836,1,0,,0,0,0,0,0,3.8674e-05,0.041369,0.0054985,1,0,,,,,,,,0,1,1,1,-0.26669,-0.73121,0.057337,0.274,-0.11662,-0.30409,0.027037,0.138,0,0,0,1,,,,,,,,,,,,,,,,
main,heat_pilot,precip,5,123,postmonsoon_OND,all,ncep_gfs,source,False,25857,32,0.59165,1.071,3.8923,2.0929,5.4786,1.071,0.44529,1.8542,1,0,1,0,1,-1.9337e-05,-4.5229e-05,0,7.7348e-05,-0.91726,-44.03,1,0,,,,,,,,0,1,1,1,1.0904,0.50429,1.7077,0,0.14739,-0.047828,0.38588,0.166,-1.9337e-05,-4.608e-05,0,0.74109,,,,,,,,,,,,,,,,
main,heat_pilot,precip,5,123,postmonsoon_OND,all,ecmwf_ifs_ens,source,True,25857,32,0.67572,1.0393,2.9447,1.5964,4.0352,0.48738,0.2088,0.83266,1,0,,0,0,0,0,0,5.1432e-05,-0.27486,-12.443,0.10217,0,,,,,,,,2.0073e-06,-16.19,-52.344,0.72711,0.14282,0.056044,0.25188,0,-0.43622,-0.74674,-0.19522,0,0,0,0,1,,,,,,,,,,,,,,,,
main,heat_pilot,precip,5,123,postmonsoon_OND,all,equal_mean,baseline,False,25857,32,0.56618,0.9236,2.8019,1.4839,3.8755,0.9236,0.41114,1.5469,1,0,,0,0,0,0,0,3.8674e-05,0.041369,0.0054985,1,0,,,,,,,,0,1,1,1,,,,,,,,,,,,,,,,,,,,,,,,,,,,
main,heat_pilot,precip,5,123,postmonsoon_OND,all,superensemble,baseline,False,25857,32,-0.21122,1.4606,2.6934,1.7485,3.5563,1.4606,1.0214,1.9288,1,0,,0,0,0,0,0,3.8674e-05,0.041369,0.0054985,1,0,,,,,,,,0,1,1,1,-0.10849,-0.49362,0.30488,0.688,0.53702,0.19338,0.86176,0.002,0,0,0,1,,,,,,,,,,,,,,,,
main,heat_pilot,precip,5,123,postmonsoon_OND,all,persistence,baseline,False,25857,32,0.72119,1.2668,5.4723,2.5442,8.1672,1.2668,0.4344,2.4299,1,0,1,0,19,-3.6742e-05,-0.0001043,0,0.00077348,-18.173,-830.71,1,0,,1,0,,0,0,0,3.8674e-05,-330.19,-1057.5,1,2.6704,0.40549,4.6716,0.004,0.34319,-0.21076,1.0849,0.29,-3.6742e-05,-0.00010661,0,0.25116,,,,,,,,,,,,,,,,
main,heat_pilot,precip,5,123,postmonsoon_OND,all,climatology,baseline,False,25857,32,0.35339,0.84926,2.3731,1.1949,3.4788,0.84926,0.51269,1.2244,1,0,,0,0,0,0,0,3.8674e-05,0.041369,0.0054985,1,0,,,,,,,,0,1,1,1,-0.4288,-1.2624,0.17719,0.314,-0.074332,-0.46016,0.21427,0.726,0,0,0,1,,,,,,,,,,,,,,,,
late,heat_pilot,precip,1,27,all,all,ecmwf_ifs_ctrl,source,False,24843,31,0.94707,5.6839,13.299,9.2776,16.649,5.6839,3.6379,7.8012,322,0.17702,0.66272,0.13134,0.52484,0.12693,0.021955,0.22457,0.015175,-0.20096,-0.44931,-0.039739,56,0.10714,0.86047,0.064516,0.76786,0.06354,-0.00057023,0.10409,0.003502,-0.5624,-1.5086,-0.27761,2.3835,1.311,3.3634,0,0.70747,0.39564,1.064,0,-0.023393,-0.069636,0.035812,0.662,,,,,,,,,,,,,,,,
late,heat_pilot,precip,1,27,all,all,ecmwf_aifs,source,False,24843,31,0.34844,4.8213,10.697,7.5584,13.34,4.8213,3.0815,6.6048,322,0.11491,0.17778,0.11212,0.13975,0.11055,0,0.21806,0.011794,0.066626,-0.029185,0.17144,56,0.017857,0.75,0.016949,0.071429,0.016799,0,0.028703,0.0023347,-0.041601,-0.073608,0.017283,-0.21759,-0.45659,-0.021495,0.03,-0.15511,-0.23444,-0.083632,0,-0.039774,-0.072742,0.00015958,0.076,,,,,,,,,,,,,,,,
late,heat_pilot,precip,1,27,all,all,ncep_gfs,source,False,24843,31,1.303,6.399,15.207,10.557,19.407,6.399,4.0482,8.8137,322,0.25466,0.72757,0.15157,0.93478,0.14541,0.022119,0.28889,0.018476,-0.46218,-1.3039,0.043449,56,0.16071,0.8875,0.070866,1.4286,0.069545,-0.0011305,0.13001,0.0047498,-1.1191,-3.8334,-0.38338,4.2919,1.9351,6.5997,0,1.4226,0.73177,2.2144,0,-0.0049143,-0.062835,0.047242,0.914,,,,,,,,,,,,,,,,
late,heat_pilot,precip,1,27,all,all,ecmwf_ifs_ens,source,True,24843,31,0.38363,4.9521,10.825,7.7166,13.54,3.476,2.2235,4.7907,322,0.13354,0.30645,0.1261,0.19255,0.12404,0.017627,0.22222,0.010543,0.16563,0.029193,0.28741,56,0,1,0,0.017857,-3.9548e-05,-0.0001239,0,0.0020697,0.076625,0.0023107,0.11094,-0.090112,-0.46331,0.20877,0.638,-1.5003,-2.0492,-0.9666,0,-0.026287,-0.073267,0.037447,0.494,,,,,,,,,,,,,,,,
late,heat_pilot,precip,1,27,all,all,ecmwf_aifs_ens,source,True,24843,31,-0.32697,4.6371,10.776,7.5829,13.476,3.3683,2.1499,4.6576,322,0.068323,0.043478,0.068111,0.071429,0.067251,0,0.14772,0.010607,0.16058,0.033318,0.28324,56,0,,0,0,0,0,0,0.0021631,0.034956,0.0066661,0.057059,-0.13939,-0.45916,0.14057,0.388,-1.6081,-2.1696,-1.0633,0,-0.083072,-0.14545,-0.0046639,0.03,,,,,,,,,,,,,,,,
late,heat_pilot,precip,1,27,all,all,equal_mean,baseline,False,24843,31,0.53104,4.9764,10.915,7.8391,13.517,4.9764,3.2253,6.7932,322,0.1677,0.36471,0.15297,0.26398,0.15032,0.0046639,0.2919,0.012036,0.047513,-0.12494,0.19897,56,0.071429,0.76471,0.057971,0.30357,0.057448,0,0.089009,0.0026164,-0.16731,-0.29812,0.017283,,,,,,,,,,,,,,,,,,,,,,,,,,,,
late,heat_pilot,precip,1,27,all,all,superensemble,baseline,False,24843,31,-1.0749,5.0532,10.953,7.5821,13.899,5.0532,3.5612,6.604,322,0.052795,0.10526,0.052469,0.059006,0.051748,0,0.10946,0.012358,0.022028,-0.02818,0.07375,56,0,,0,0,0,0,0,0.0022542,-0.0056839,-0.010118,0.017283,0.03842,-0.45182,0.6024,0.996,0.076855,-0.26629,0.39798,0.636,-0.098574,-0.18272,-0.0046639,0.03,,,,,,,,,,,,,,,,
late,heat_pilot,precip,1,27,all,all,persistence,baseline,False,24843,31,0.21872,8.5331,19.277,12.973,25.399,8.5331,5.1811,12.03,322,0.034161,0.96667,0.017161,1.0248,0.010558,-0.0021142,0.021279,0.025359,-1.0069,-1.2017,-0.78611,56,0,1,0,1.0357,-0.0011482,-0.0025924,-0.0002015,0.0045888,-1.0473,-1.272,-0.75824,8.3616,4.7184,12.288,0,3.5568,1.8094,5.6989,0,-0.13976,-0.28102,0.0031168,0.138,,,,,,,,,,,,,,,,
late,heat_pilot,precip,1,27,all,all,climatology,baseline,False,24843,31,-1.1669,6.6538,14.215,9.6868,18.425,6.6538,4.5022,8.8651,322,0,,0,0,0,0,0,0.012961,-0.025755,-0.037268,0.012844,56,0,,0,0,0,0,0,0.0022542,-0.0056839,-0.010118,0.017283,3.2998,1.5248,5.2789,0,1.6774,0.77683,2.7012,0,-0.15032,-0.2919,-0.0046639,0.03,,,,,,,,,,,,,,,,
late,heat_pilot,precip,1,27,monsoon_JJAS,all,ecmwf_ifs_ctrl,source,False,15210,18,1.5232,9.1946,16.981,12.919,20.683,9.1946,7.0244,11.257,322,0.17702,0.66272,0.13134,0.52484,0.12412,0.015333,0.21729,0.024786,-0.20098,-0.42427,-0.045179,56,0.10714,0.86047,0.064516,0.76786,0.062921,-0.00090461,0.10121,0.0057199,-0.56241,-1.5763,-0.26742,3.0479,1.7528,4.2896,0,1.1603,0.79175,1.5779,0,-0.024519,-0.071219,0.034943,0.598,,,,,,,,,,,,,,,,
late,heat_pilot,precip,1,27,monsoon_JJAS,all,ecmwf_aifs,source,False,15210,18,0.55964,7.7992,13.657,10.475,16.535,7.7992,6.0122,9.5694,322,0.11491,0.17778,0.11212,0.13975,0.10955,0,0.2091,0.019264,0.066609,-0.028762,0.16572,56,0.017857,0.75,0.016949,0.071429,0.016704,0,0.02834,0.0038133,-0.041608,-0.072831,0.015697,-0.27649,-0.57,-0.034466,0.026,-0.2352,-0.34745,-0.13262,0,-0.039084,-0.070371,0.00062966,0.08,,,,,,,,,,,,,,,,
late,heat_pilot,precip,1,27,monsoon_JJAS,all,ncep_gfs,source,False,15210,18,2.0204,10.3,19.406,14.06,23.974,10.3,7.6609,13.026,322,0.25466,0.72757,0.15157,0.93478,0.14146,0.022196,0.28023,0.030178,-0.46221,-1.2721,0.016878,56,0.16071,0.8875,0.070866,1.4286,0.068706,-0.0017478,0.1275,0.0077581,-1.1191,-3.1184,-0.40905,5.4729,2.415,8.207,0,2.2652,1.2925,3.4221,0,-0.0071758,-0.069769,0.046253,0.96,,,,,,,,,,,,,,,,
late,heat_pilot,precip,1,27,monsoon_JJAS,all,ecmwf_ifs_ens,source,True,15210,18,0.58359,7.9867,13.817,10.705,16.648,5.6136,4.2785,6.9531,322,0.13354,0.30645,0.1261,0.19255,0.12272,0.016827,0.21445,0.01722,0.16562,0.028041,0.28458,56,0,1,0,0.017857,-6.4597e-05,-0.00019246,0,0.0033805,0.076619,0.000263,0.10802,-0.11601,-0.62039,0.24761,0.648,-2.4208,-3.0119,-1.8571,0,-0.025912,-0.074991,0.037307,0.45,,,,,,,,,,,,,,,,
late,heat_pilot,precip,1,27,monsoon_JJAS,all,ecmwf_aifs_ens,source,True,15210,18,-0.52984,7.5037,13.757,10.596,16.654,5.4493,4.0557,6.8657,322,0.068323,0.043478,0.068111,0.071429,0.066705,0,0.14087,0.017325,0.16056,0.031652,0.27905,56,0,,0,0,0,0,0,0.003533,0.03495,0.0058477,0.057261,-0.17622,-0.60661,0.18343,0.372,-2.5851,-3.1018,-2.0651,0,-0.08193,-0.1448,-0.0045631,0.026,,,,,,,,,,,,,,,,
late,heat_pilot,precip,1,27,monsoon_JJAS,all,equal_mean,baseline,False,15210,18,0.8314,8.0344,13.933,10.761,16.679,8.0344,6.2287,9.8603,322,0.1677,0.36471,0.15297,0.26398,0.14863,0.0045631,0.27917,0.019658,0.047496,-0.12472,0.19717,56,0.071429,0.76471,0.057971,0.30357,0.057116,0,0.088067,0.0042735,-0.16732,-0.29602,0.015697,,,,,,,,,,,,,,,,,,,,,,,,,,,,
late,heat_pilot,precip,1,27,monsoon_JJAS,all,superensemble,baseline,False,15210,18,-1.0128,7.4672,13.95,10.539,17.121,7.4672,5.6804,9.3016,322,0.052795,0.10526,0.052469,0.059006,0.051291,0,0.10413,0.020184,0.022011,-0.029582,0.072513,56,0,,0,0,0,0,0,0.0036818,-0.0056903,-0.0099853,0.015697,0.017297,-0.62258,0.72029,0.948,-0.56715,-0.80501,-0.32853,0,-0.097343,-0.17531,-0.0045631,0.026,,,,,,,,,,,,,,,,
late,heat_pilot,precip,1,27,monsoon_JJAS,all,persistence,baseline,False,15210,18,0.28106,13.783,24.607,17.622,31.241,13.783,9.7773,17.873,322,0.034161,0.96667,0.017161,1.0248,0.0063308,-0.0044725,0.015614,0.04142,-1.0069,-1.2158,-0.79643,56,0,1,0,1.0357,-0.0018767,-0.0039923,-0.00040515,0.0074951,-1.0473,-1.25,-0.77803,10.674,6.6024,15.092,0,5.7486,3.2217,8.6229,0,-0.1423,-0.27777,-0.0005396,0.04,,,,,,,,,,,,,,,,
late,heat_pilot,precip,1,27,monsoon_JJAS,all,climatology,baseline,False,15210,18,-2.0872,10.608,18.151,13.266,22.847,10.608,8.7613,12.731,322,0,,0,0,0,0,0,0.02117,-0.025774,-0.037838,0.011529,56,0,,0,0,0,0,0,0.0036818,-0.0056903,-0.0099853,0.015697,4.2183,2.0817,6.5258,0,2.5741,1.165,3.9464,0,-0.14863,-0.27917,-0.0045631,0.026,,,,,,,,,,,,,,,,
late,heat_pilot,precip,1,27,postmonsoon_OND,all,ecmwf_ifs_ctrl,source,False,9633,13,0.037433,0.14053,0.89018,0.15806,1.473,0.14053,0.011018,0.3667,0,,,,,,,,0,1,1,1,0,,,,,,,,0,1,1,1,0.037348,0.018352,0.060615,0.004,-0.0074583,-0.021082,0.00037632,0.112,,,,,,,,,,,,,,,,,,,,
late,heat_pilot,precip,1,27,postmonsoon_OND,all,ecmwf_aifs,source,False,9633,13,0.014981,0.11935,0.80274,0.082289,1.3725,0.11935,0.0068595,0.31826,0,,,,,,,,0,1,1,1,0,,,,,,,,0,1,1,1,-0.050085,-0.17439,-0.0056828,0,-0.02864,-0.066336,-0.0043696,0,,,,,,,,,,,,,,,,,,,,
late,heat_pilot,precip,1,27,postmonsoon_OND,all,ncep_gfs,source,False,9633,13,0.17027,0.2402,1.3287,0.25155,2.1769,0.2402,0.017806,0.6324,0,,,,,,,,0,1,1,1,0,,,,,,,,0,1,1,1,0.47587,0.12715,0.81648,0.05,0.092212,0.0033332,0.24376,0.05,,,,,,,,,,,,,,,,,,,,
late,heat_pilot,precip,1,27,postmonsoon_OND,all,ecmwf_ifs_ens,source,True,9633,13,0.067918,0.16058,0.87063,0.13273,1.4482,0.10098,0.0066222,0.2665,0,,,,,,,,0,1,1,1,0,,,,,,,,0,1,1,1,0.017805,0.0038153,0.031051,0,-0.047012,-0.11736,-0.0042171,0.04,,,,,,,,,,,,,,,,,,,,
late,heat_pilot,precip,1,27,postmonsoon_OND,all,ecmwf_aifs_ens,source,True,9633,13,-0.0066432,0.11082,0.79652,0.083855,1.3756,0.082534,0.0046229,0.22816,0,,,,,,,,0,1,1,1,0,,,,,,,,0,1,1,1,-0.056309,-0.23523,0.00038393,0.152,-0.065456,-0.16521,-0.0066062,0,,,,,,,,,,,,,,,,,,,,
late,heat_pilot,precip,1,27,postmonsoon_OND,all,equal_mean,baseline,False,9633,13,0.056792,0.14799,0.85283,0.12412,1.4154,0.14799,0.011229,0.3861,0,,,,,,,,0,1,1,1,0,,,,,,,,0,1,1,1,,,,,,,,,,,,,,,,,,,,,,,,,,,,
late,heat_pilot,precip,1,27,postmonsoon_OND,all,superensemble,baseline,False,9633,13,-1.173,1.2417,1.4603,1.1705,1.8544,1.2417,1.1335,1.3591,0,,,,,,,,0,1,1,1,0,,,,,,,,0,1,1,1,0.60751,0.37833,1.1532,0,1.0937,0.88931,1.2432,0,,,,,,,,,,,,,,,,,,,,
late,heat_pilot,precip,1,27,postmonsoon_OND,all,persistence,baseline,False,9633,13,0.12029,0.24391,1.4931,0.39339,2.4436,0.24391,0.026527,0.64619,0,,,,,,,,0,1,1,1,0,,,,,,,,0,1,1,1,0.64029,0.026743,1.0935,0.05,0.095917,-0.017302,0.2754,0.222,,,,,,,,,,,,,,,,,,,,
late,heat_pilot,precip,1,27,postmonsoon_OND,all,climatology,baseline,False,9633,13,0.28623,0.40948,0.93804,0.31102,1.4993,0.40948,0.27205,0.61748,0,,,,,,,,0,1,1,1,0,,,,,,,,0,1,1,1,0.085213,0.064598,0.22998,0,0.26149,0.17046,0.33839,0,,,,,,,,,,,,,,,,,,,,
late,heat_pilot,precip,2,51,all,all,ecmwf_ifs_ctrl,source,False,24843,31,1.5297,6.2805,14.657,9.6379,19.105,6.2805,3.9785,8.7593,322,0.1087,0.81081,0.074153,0.57453,0.069425,0.015383,0.12582,0.01759,-0.39234,-1.1694,-0.035846,56,0.071429,0.92453,0.038095,0.94643,0.037,-0.0010847,0.079795,0.0040655,-0.81393,-3.6662,0.0020357,3.1335,0.86636,5.5553,0,0.76758,0.30532,1.3734,0,-0.064303,-0.16639,0.030486,0.744,,,,,,,,,,,,,,,,
late,heat_pilot,precip,2,51,all,all,ecmwf_aifs,source,False,24843,31,1.392,5.7215,11.846,8.3897,14.813,5.7215,3.6942,7.8028,322,0.10559,0.37037,0.099415,0.1677,0.097568,0,0.17274,0.012398,0.018671,-0.096071,0.11377,56,0.053571,0,0.053571,0.053571,0.053457,0,0.09544,0.0021334,0.048137,-0.0034397,0.089787,0.32295,-0.55206,1.1991,0.508,0.20853,-0.15501,0.62456,0.296,-0.03616,-0.11916,0.042801,0.756,,,,,,,,,,,,,,,,
late,heat_pilot,precip,2,51,all,all,ncep_gfs,source,False,24843,31,1.4551,6.6032,14.62,10.462,18.458,6.6032,4.1456,9.3207,322,0.2795,0.73529,0.15734,1.0559,0.1508,0.019074,0.32044,0.019402,-0.53572,-1.5556,0.050622,56,0.17857,0.84127,0.091743,1.125,0.090558,-0.00082831,0.14889,0.003985,-0.77801,-1.8272,-0.12834,3.0965,1.5964,4.5231,0,1.0902,0.48473,1.822,0,0.017072,0.001696,0.058957,0.038,,,,,,,,,,,,,,,,
late,heat_pilot,precip,2,51,all,all,ecmwf_ifs_ens,source,True,24843,31,1.4616,5.6612,11.714,8.3817,14.442,3.7538,2.3828,5.1469,322,0.096273,0.63953,0.082228,0.26708,0.079506,-7.9512e-05,0.17573,0.011251,0.10949,-0.099792,0.26401,56,0,1,0,0.10714,-0.00021819,-0.00059236,0,0.0022771,-0.015982,-0.42008,0.088238,0.19071,-0.18524,0.54604,0.332,-1.7592,-2.4555,-1.1385,0,-0.054222,-0.11889,7.7993e-05,0.258,,,,,,,,,,,,,,,,
late,heat_pilot,precip,2,51,all,all,ecmwf_aifs_ens,source,True,24843,31,0.681,5.3595,11.579,8.0402,14.539,3.7304,2.3424,5.1673,322,0.024845,0.2,0.024691,0.031056,0.024301,0,0.042485,0.01108,0.12297,-0.00118,0.24553,56,0,,0,0,0,0,0,0.0021661,0.033561,-0.0055221,0.060178,0.055666,-0.80612,0.92132,0.966,-1.7826,-2.4734,-1.1566,0,-0.10943,-0.26191,0.026971,0.61,,,,,,,,,,,,,,,,
late,heat_pilot,precip,2,51,all,all,equal_mean,baseline,False,24843,31,1.3039,5.5129,11.523,8.204,14.145,5.5129,3.5067,7.487,322,0.15528,0.46809,0.13661,0.29193,0.13373,-0.00015757,0.29301,0.01272,-0.0068182,-0.37461,0.22623,56,0,1,0,0.035714,-7.7736e-05,-0.00022848,0,0.0023347,-0.041662,-0.23179,0.011515,,,,,,,,,,,,,,,,,,,,,,,,,,,,
late,heat_pilot,precip,2,51,all,all,superensemble,baseline,False,24843,31,-0.34311,5.5623,11.448,7.9442,14.412,5.5623,3.8876,7.2877,322,0.074534,0.2,0.073171,0.093168,0.072071,0,0.14163,0.012237,0.031415,-0.047725,0.10901,56,0,,0,0,0,0,0,0.0022542,-0.0057422,-0.010125,0.017045,-0.075549,-0.95008,0.77511,0.788,0.049304,-0.41135,0.4441,0.802,-0.061658,-0.15398,0.0093911,0.752,,,,,,,,,,,,,,,,
late,heat_pilot,precip,2,51,all,all,persistence,baseline,False,24843,31,0.26436,8.934,20.12,13.879,26.591,8.934,5.6475,12.499,322,0.0093168,0.99091,0.0046225,1.0248,-0.0019811,-0.0097816,0.0058565,0.026003,-1.0582,-1.6192,-0.76374,56,0,1,0,1.0357,-0.0011482,-0.0025167,-0.00025775,0.0045888,-1.0474,-1.9797,-0.64739,8.5967,4.8615,13.34,0,3.4211,1.7382,5.7765,0,-0.13571,-0.30122,0.0029989,0.166,,,,,,,,,,,,,,,,
late,heat_pilot,precip,2,51,all,all,climatology,baseline,False,24843,31,-1.1628,6.6235,14.201,9.6526,18.356,6.6235,4.4936,8.8826,322,0,,0,0,0,0,0,0.012961,-0.025935,-0.037377,0.012838,56,0,,0,0,0,0,0,0.0022542,-0.0057422,-0.010125,0.017045,2.6775,0.90305,4.9468,0.002,1.1106,0.22923,2.126,0.014,-0.13373,-0.29301,0.00015757,0.258,,,,,,,,,,,,,,,,
late,heat_pilot,precip,2,51,monsoon_JJAS,all,ecmwf_ifs_ctrl,source,False,15041,18,2.4546,10.249,18.815,13.25,24.422,10.249,7.5419,13.157,322,0.1087,0.81081,0.074153,0.57453,0.066318,0.014229,0.1202,0.029054,-0.39237,-1.1429,-0.038373,56,0.071429,0.92453,0.038095,0.94643,0.036284,-0.0017285,0.077486,0.006715,-0.81394,-3.3095,0.0019393,4.0288,1.059,7.4639,0,1.271,0.52511,2.2424,0,-0.065521,-0.16281,0.030226,0.694,,,,,,,,,,,,,,,,
late,heat_pilot,precip,2,51,monsoon_JJAS,all,ecmwf_aifs,source,False,15041,18,2.2435,9.3454,15.21,11.588,18.358,9.3454,7.2004,11.372,322,0.10559,0.37037,0.099415,0.1677,0.096361,0,0.16567,0.020477,0.018647,-0.089756,0.1106,56,0.053571,0,0.053571,0.053571,0.053383,0,0.094877,0.0035237,0.048131,-0.003908,0.087634,0.42299,-0.67642,1.467,0.498,0.36711,-0.25192,0.97216,0.24,-0.035478,-0.11811,0.043815,0.714,,,,,,,,,,,,,,,,
late,heat_pilot,precip,2,51,monsoon_JJAS,all,ncep_gfs,source,False,15041,18,2.2155,10.683,18.712,13.886,22.938,10.683,7.8827,13.651,322,0.2795,0.73529,0.15734,1.0559,0.14648,0.014826,0.30805,0.032046,-0.53575,-1.5044,0.03685,56,0.17857,0.84127,0.091743,1.125,0.089784,-0.0013617,0.14556,0.006582,-0.77802,-1.516,-0.1384,3.9252,2.0948,5.7154,0,1.7045,0.80617,2.7673,0,0.014643,-0.00017869,0.053582,0.054,,,,,,,,,,,,,,,,
late,heat_pilot,precip,2,51,monsoon_JJAS,all,ecmwf_ifs_ens,source,True,15041,18,2.3332,9.2237,15.034,11.522,18.115,6.1246,4.616,7.6275,322,0.096273,0.63953,0.082228,0.26708,0.077724,-0.00013328,0.16595,0.018582,0.10946,-0.095589,0.25487,56,0,1,0,0.10714,-0.00036044,-0.0010279,0,0.0037611,-0.015988,-0.36595,0.083395,0.24741,-0.23018,0.70208,0.336,-2.8537,-3.6918,-2.1312,0,-0.054115,-0.11483,0.00013091,0.252,,,,,,,,,,,,,,,,
late,heat_pilot,precip,2,51,monsoon_JJAS,all,ecmwf_aifs_ens,source,True,15041,18,1.0995,8.7661,14.869,11.202,18.036,6.1062,4.5443,7.6736,322,0.024845,0.2,0.024691,0.031056,0.024047,0,0.044917,0.018301,0.12295,-0.0011669,0.2411,56,0,,0,0,0,0,0,0.0035777,0.033555,-0.0061888,0.059324,0.082231,-0.95902,1.1099,0.886,-2.8721,-3.714,-2.2288,0,-0.10779,-0.24793,0.025807,0.616,,,,,,,,,,,,,,,,
late,heat_pilot,precip,2,51,monsoon_JJAS,all,equal_mean,baseline,False,15041,18,2.0693,8.9783,14.787,11.356,17.755,8.9783,6.9293,11.139,322,0.15528,0.46809,0.13661,0.29193,0.13184,-0.00026419,0.2807,0.021009,-0.0068426,-0.36321,0.21503,56,0,1,0,0.035714,-0.0001284,-0.00042866,0,0.0038561,-0.041668,-0.21093,0.011695,,,,,,,,,,,,,,,,,,,,,,,,,,,,
late,heat_pilot,precip,2,51,monsoon_JJAS,all,superensemble,baseline,False,15041,18,0.14021,8.3582,14.663,11.005,17.808,8.3582,6.3787,10.36,322,0.074534,0.2,0.073171,0.093168,0.071352,0,0.13611,0.020211,0.031392,-0.044341,0.10507,56,0,,0,0,0,0,0,0.0037232,-0.0057484,-0.010046,0.015454,-0.12337,-1.2463,0.90594,0.742,-0.62009,-1.1962,-0.18952,0.008,-0.060486,-0.14554,0.010234,0.702,,,,,,,,,,,,,,,,
late,heat_pilot,precip,2,51,monsoon_JJAS,all,persistence,baseline,False,15041,18,0.10083,14.365,25.666,19.199,32.682,14.365,10.77,18.347,322,0.0093168,0.99071,0.0046729,1.0031,-0.0061643,-0.015877,0.0029553,0.042484,-1.036,-1.5741,-0.73438,56,0,1,0,1.0357,-0.0018978,-0.0039108,-0.00051646,0.0075793,-1.0474,-1.8572,-0.67343,10.88,6.7312,16.436,0,5.3871,3.0399,8.409,0,-0.138,-0.293,7.2053e-05,0.052,,,,,,,,,,,,,,,,
late,heat_pilot,precip,2,51,monsoon_JJAS,all,climatology,baseline,False,15041,18,-2.1352,10.661,18.236,13.317,23.008,10.661,8.7743,12.804,322,0,,0,0,0,0,0,0.021408,-0.02596,-0.037845,0.010861,56,0,,0,0,0,0,0,0.0037232,-0.0057484,-0.010046,0.015454,3.4498,1.2097,5.9432,0,1.6828,0.14785,3.2037,0.03,-0.13184,-0.2807,0.00026419,0.252,,,,,,,,,,,,,,,,
late,heat_pilot,precip,2,51,postmonsoon_OND,all,ecmwf_ifs_ctrl,source,False,9802,13,0.11057,0.1906,1.1017,0.16382,1.8954,0.1906,0.013092,0.50892,0,,,,,,,,0,1,1,1,0,,,,,,,,0,1,1,1,0.087782,-0.018207,0.16131,0.16,-0.0048603,-0.024792,0.012619,0.592,,,,,,,,,,,,,,,,,,,,
late,heat_pilot,precip,2,51,postmonsoon_OND,all,ecmwf_aifs,source,False,9802,13,0.085329,0.16066,0.82824,0.15227,1.3722,0.16066,0.016067,0.40698,0,,,,,,,,0,1,1,1,0,,,,,,,,0,1,1,1,-0.18568,-0.39122,-0.016731,0,-0.034799,-0.10834,-0.000962,0,,,,,,,,,,,,,,,,,,,,
late,heat_pilot,precip,2,51,postmonsoon_OND,all,ncep_gfs,source,False,9802,13,0.28828,0.34308,2.1047,0.43197,3.6842,0.34308,0.026633,0.89974,0,,,,,,,,0,1,1,1,0,,,,,,,,0,1,1,1,1.0908,0.25551,1.9311,0.05,0.14762,0.0063479,0.38947,0.05,,,,,,,,,,,,,,,,,,,,
late,heat_pilot,precip,2,51,postmonsoon_OND,all,ecmwf_ifs_ens,source,True,9802,13,0.12415,0.19454,0.96857,0.1562,1.6416,0.11585,0.0079755,0.2979,0,,,,,,,,0,1,1,1,0,,,,,,,,0,1,1,1,-0.045353,-0.07554,-0.012261,0.05,-0.079612,-0.20345,-0.0085985,0,,,,,,,,,,,,,,,,,,,,
late,heat_pilot,precip,2,51,postmonsoon_OND,all,ecmwf_aifs_ens,source,True,9802,13,0.038886,0.13213,0.73849,0.11178,1.2337,0.084742,0.0069186,0.22225,0,,,,,,,,0,1,1,1,0,,,,,,,,0,1,1,1,-0.27543,-0.57219,-0.03526,0.012,-0.11072,-0.30403,-0.0096621,0,,,,,,,,,,,,,,,,,,,,
late,heat_pilot,precip,2,51,postmonsoon_OND,all,equal_mean,baseline,False,9802,13,0.12944,0.19546,1.0139,0.17654,1.7199,0.19546,0.016573,0.51028,0,,,,,,,,0,1,1,1,0,,,,,,,,0,1,1,1,,,,,,,,,,,,,,,,,,,,,,,,,,,,
late,heat_pilot,precip,2,51,postmonsoon_OND,all,superensemble,baseline,False,9802,13,-1.0848,1.2719,1.4849,1.1994,1.8673,1.2719,1.1436,1.4356,0,,,,,,,,0,1,1,1,0,,,,,,,,0,1,1,1,0.47101,0.14723,1.1186,0.002,1.0765,0.85537,1.2348,0,,,,,,,,,,,,,,,,,,,,
late,heat_pilot,precip,2,51,postmonsoon_OND,all,persistence,baseline,False,9802,13,0.51528,0.59968,3.889,0.75033,7.0021,0.59968,0.061895,1.7092,0,,1,0,,0,0,0,0.00071414,-920.71,-1299.5,1,0,,,,,,,,0,1,1,1,2.8751,0.45858,5.2491,0.044,0.40422,0.034034,1.1825,0.044,,,,,,,,,,,,,,,,,,,,
late,heat_pilot,precip,2,51,postmonsoon_OND,all,climatology,baseline,False,9802,13,0.32929,0.42808,0.88389,0.30921,1.4234,0.42808,0.271,0.69454,0,,,,,,,,0,1,1,1,0,,,,,,,,0,1,1,1,-0.13003,-0.36614,0.17948,0.71,0.23262,0.14299,0.2991,0,,,,,,,,,,,,,,,,,,,,
late,heat_pilot,precip,3,75,all,all,ecmwf_ifs_ctrl,source,False,24843,31,1.0721,6.1454,14.382,10.441,18.156,6.1454,3.8121,8.4986,322,0.1677,0.70968,0.11894,0.57764,0.11424,0.015303,0.20028,0.016101,-0.2747,-0.82294,-0.012963,56,0.071429,0.9,0.043478,0.71429,0.04254,-0.0010161,0.094665,0.0035422,-0.58056,-2.925,-0.055216,2.4958,0.80092,4.8436,0,0.50742,0.10823,1.1098,0.002,0.08005,0.012788,0.14975,0.014,,,,,,,,,,,,,,,,
late,heat_pilot,precip,3,75,all,all,ecmwf_aifs,source,False,24843,31,1.4143,5.8052,11.755,8.3904,14.692,5.8052,3.7198,7.9005,322,0.10559,0.2766,0.10149,0.14596,0.099856,0,0.20986,0.012116,0.040791,-0.028609,0.11621,56,0,1,0,0.035714,-7.7736e-05,-0.00023734,0,0.0023347,-0.041732,-0.073764,0.01698,-0.13167,-0.4571,0.21133,0.462,0.1672,-0.083948,0.46166,0.216,0.065666,-0.03671,0.15656,0.57,,,,,,,,,,,,,,,,
late,heat_pilot,precip,3,75,all,all,ncep_gfs,source,False,24843,31,0.56157,7.1046,16.124,11.071,20.201,7.1046,4.4382,9.8911,322,0.080745,0.88444,0.049904,0.69876,0.044556,0.0089486,0.067494,0.019925,-0.57744,-1.1509,-0.25344,56,0,1,0,0.51786,-0.00076966,-0.0013474,-0.00018101,0.0034215,-0.52668,-2.416,-0.10631,4.2369,2.7444,5.511,0,1.4666,0.73424,2.2679,0,0.010366,-0.0014593,0.026454,0.082,,,,,,,,,,,,,,,,
late,heat_pilot,precip,3,75,all,all,ecmwf_ifs_ens,source,True,24843,31,1.1799,5.6282,11.733,8.3018,14.765,3.6741,2.3337,5.0766,322,0.086957,0.45098,0.081159,0.15839,0.079396,0,0.15554,0.0109,0.1371,0.012867,0.27758,56,0,,0,0,0,0,0,0.0021487,0.041257,-0.11456,0.11113,-0.15399,-0.45856,0.12782,0.268,-1.9639,-2.6444,-1.2989,0,0.045206,-0.016892,0.10199,0.57,,,,,,,,,,,,,,,,
late,heat_pilot,precip,3,75,all,all,ecmwf_aifs_ens,source,True,24843,31,0.89309,5.6118,11.876,8.3223,14.973,3.8444,2.4056,5.32,322,0.0031056,0.5,0.003096,0.0062112,0.003016,0,0.0065713,0.011387,0.098548,-0.011374,0.2142,56,0,,0,0,0,0,0,0.002168,0.032625,-0.0052863,0.06271,-0.010644,-0.32923,0.34482,0.888,-1.7936,-2.4109,-1.2021,0,-0.031174,-0.052551,0.00023305,0.258,,,,,,,,,,,,,,,,
late,heat_pilot,precip,3,75,all,all,equal_mean,baseline,False,24843,31,1.0242,5.638,11.887,8.3132,14.838,5.638,3.5986,7.7271,322,0.037267,0.6,0.035294,0.093168,0.03419,-0.00023305,0.057575,0.013203,-0.045251,-0.13372,0.0065311,56,0.017857,0,0.017857,0.017857,0.017818,0,0.031807,0.0022139,0.012151,-0.0035175,0.026674,,,,,,,,,,,,,,,,,,,,,,,,,,,,
late,heat_pilot,precip,3,75,all,all,superensemble,baseline,False,24843,31,-0.38498,5.8164,11.565,8.0103,14.585,5.8164,4.1173,7.6264,322,0.055901,0.18182,0.055215,0.068323,0.054388,0,0.11785,0.012398,0.018484,-0.028609,0.06715,56,0,,0,0,0,0,0,0.0022542,-0.0058104,-0.010181,0.01698,-0.32172,-0.57442,-0.087442,0.006,0.17836,-0.21447,0.57299,0.402,0.020198,-0.03671,0.065442,0.598,,,,,,,,,,,,,,,,
late,heat_pilot,precip,3,75,all,all,persistence,baseline,False,24843,31,0.3229,9.3767,20.538,15.321,25.617,9.3767,6.0679,12.809,322,0.021739,0.97879,0.010853,1.0248,0.0042495,-0.0066577,0.018989,0.025681,-1.0331,-2.2928,-0.60046,56,0,1,0,1.0357,-0.0011482,-0.0021343,-0.00024542,0.0045888,-1.0475,-3.8376,-0.43847,8.6511,5.6679,11.544,0,3.7387,2.06,5.5084,0,-0.02994,-0.062334,0.016728,0.284,,,,,,,,,,,,,,,,
late,heat_pilot,precip,3,75,all,all,climatology,baseline,False,24843,31,-1.1476,6.5875,14.186,9.6348,18.381,6.5875,4.4136,8.8767,322,0,,0,0,0,0,0,0.012961,-0.026131,-0.037494,0.012829,56,0,,0,0,0,0,0,0.0022542,-0.0058104,-0.010181,0.01698,2.299,0.82249,3.8032,0,0.94951,0.18012,1.8608,0.01,-0.03419,-0.057575,0.00023305,0.258,,,,,,,,,,,,,,,,
late,heat_pilot,precip,3,75,monsoon_JJAS,all,ecmwf_ifs_ctrl,source,False,14872,18,1.6818,10.128,18.559,13.863,22.778,10.128,7.5195,12.709,322,0.1677,0.70968,0.11894,0.57764,0.11106,0.017096,0.1923,0.026896,-0.27474,-0.77292,-0.017353,56,0.071429,0.9,0.043478,0.71429,0.04191,-0.0015843,0.094468,0.0059172,-0.58057,-2.6869,-0.056631,3.2637,1.0617,6.2376,0,0.91781,0.24822,1.7563,0,0.07761,0.010684,0.14404,0.006,,,,,,,,,,,,,,,,
late,heat_pilot,precip,3,75,monsoon_JJAS,all,ecmwf_aifs,source,False,14872,18,2.2464,9.5622,15.175,11.695,18.259,9.5622,7.508,11.588,322,0.10559,0.2766,0.10149,0.14596,0.098755,0,0.20026,0.020239,0.040762,-0.029894,0.11217,56,0,1,0,0.035714,-0.00012986,-0.00038822,0,0.0038999,-0.041738,-0.072888,0.015329,-0.12098,-0.54275,0.32017,0.62,0.35229,-0.056612,0.78959,0.092,0.065307,-0.035417,0.14861,0.53,,,,,,,,,,,,,,,,
late,heat_pilot,precip,3,75,monsoon_JJAS,all,ncep_gfs,source,False,14872,18,0.5274,11.436,20.423,15.243,24.843,11.436,8.2407,14.554,322,0.080745,0.87379,0.051793,0.63975,0.043293,0.0083434,0.065383,0.032006,-0.51694,-1.0285,-0.22884,56,0,1,0,0.46429,-0.0011954,-0.0022172,-0.00021404,0.0055137,-0.4728,-1.9788,-0.085741,5.1269,3.4614,6.6627,0,2.2257,1.1232,3.308,0,0.009845,-0.00045389,0.026041,0.068,,,,,,,,,,,,,,,,
late,heat_pilot,precip,3,75,monsoon_JJAS,all,ecmwf_ifs_ens,source,True,14872,18,1.8203,9.231,15.135,11.629,18.208,6.0543,4.4629,7.5732,322,0.086957,0.45098,0.081159,0.15839,0.078209,0,0.14696,0.018207,0.13708,0.012475,0.27123,56,0,,0,0,0,0,0,0.0035893,0.041251,-0.10601,0.10531,-0.16103,-0.56677,0.18419,0.374,-3.1556,-3.8074,-2.4898,0,0.044761,-0.016286,0.096237,0.53,,,,,,,,,,,,,,,,
late,heat_pilot,precip,3,75,monsoon_JJAS,all,ecmwf_aifs_ens,source,True,14872,18,1.3309,9.1945,15.297,11.668,18.513,6.3333,4.6752,7.9234,322,0.0031056,0.5,0.003096,0.0062112,0.0029623,0,0.0061386,0.019009,0.099065,-0.011252,0.20716,56,0,,0,0,0,0,0,0.0036214,0.032668,-0.0056943,0.060894,0.0016476,-0.38126,0.45503,0.928,-2.8766,-3.4742,-2.28,0,-0.030485,-0.051451,0.00040194,0.252,,,,,,,,,,,,,,,,
late,heat_pilot,precip,3,75,monsoon_JJAS,all,equal_mean,baseline,False,14872,18,1.5213,9.2099,15.296,11.777,18.48,9.2099,7.0627,11.386,322,0.037267,0.6,0.035294,0.093168,0.033448,-0.00040194,0.0558,0.022055,-0.045283,-0.13186,0.0060138,56,0.017857,0,0.017857,0.017857,0.017791,0,0.031616,0.0036982,0.012145,-0.0039993,0.025604,,,,,,,,,,,,,,,,,,,,,,,,,,,,
late,heat_pilot,precip,3,75,monsoon_JJAS,all,superensemble,baseline,False,14872,18,0.23959,8.6376,14.877,11.225,18.123,8.6376,6.5838,10.709,322,0.055901,0.18182,0.055215,0.068323,0.053832,0,0.11229,0.02071,0.018454,-0.029894,0.065446,56,0,,0,0,0,0,0,0.0037655,-0.0058163,-0.010135,0.015329,-0.41841,-0.69381,-0.14165,0.002,-0.57227,-0.80823,-0.34451,0,0.020385,-0.035417,0.061221,0.554,,,,,,,,,,,,,,,,
late,heat_pilot,precip,3,75,monsoon_JJAS,all,persistence,baseline,False,14872,18,-0.09471,15,26.159,20.88,31.489,15,11.714,18.375,322,0.021739,0.97799,0.011058,0.98758,0.00018343,-0.012157,0.016014,0.042093,-0.99496,-2.2443,-0.54521,56,0,1,0,1.0179,-0.001903,-0.0032869,-0.00058082,0.0075982,-1.0296,-3.9929,-0.44387,10.863,7.5326,14.067,0,5.7899,3.6153,8.0348,0,-0.033264,-0.066144,0.013818,0.27,,,,,,,,,,,,,,,,
late,heat_pilot,precip,3,75,monsoon_JJAS,all,climatology,baseline,False,14872,18,-2.1753,10.719,18.324,13.371,23.008,10.719,8.8137,12.829,322,0,,0,0,0,0,0,0.021651,-0.026162,-0.038005,0.010434,56,0,,0,0,0,0,0,0.0037655,-0.0058163,-0.010135,0.015329,3.0284,1.1729,4.8424,0,1.509,0.21584,2.8132,0.024,-0.033448,-0.0558,0.00040194,0.252,,,,,,,,,,,,,,,,
late,heat_pilot,precip,3,75,postmonsoon_OND,all,ecmwf_ifs_ctrl,source,False,9971,13,0.16272,0.20577,1.2776,0.16435,2.3459,0.20577,0.016099,0.62648,0,,,,,,,,0,1,1,1,0,,,,,,,,0,1,1,1,-0.47975,-0.89287,-0.02862,0.008,-0.10468,-0.3267,-0.0061426,0,,,,,,,,,,,,,,,,,,,,
late,heat_pilot,precip,3,75,postmonsoon_OND,all,ecmwf_aifs,source,False,9971,13,0.17335,0.20158,0.91149,0.16142,1.6356,0.20158,0.016097,0.58597,0,,,,,,,,0,1,1,1,0,,,,,,,,0,1,1,1,-0.84583,-1.5841,0.015448,0.156,-0.10886,-0.36381,0.0012647,0.098,,,,,,,,,,,,,,,,,,,,
late,heat_pilot,precip,3,75,postmonsoon_OND,all,ncep_gfs,source,False,9971,13,0.61254,0.64482,5.0636,0.39036,9.3788,0.64482,0.031916,2.0511,0,,1,0,,0,0,0,0.0019055,-1995.4,-2514.8,1,0,,1,0,,0,0,0,0.00030087,-9174.7,-15803,1,3.3063,0.18857,6.1397,0.05,0.33438,0.0024015,1.0917,0.05,,,,,,,,,,,,,,,,,,,,
late,heat_pilot,precip,3,75,postmonsoon_OND,all,ecmwf_ifs_ens,source,True,9971,13,0.22461,0.25455,1.1554,0.20239,2.0927,0.1239,0.010981,0.36942,0,,,,,,,,7.7117e-08,0.9192,0.89819,1,0,,,,,,,,0,1,1,1,-0.60193,-1.1353,0.040198,0.71,-0.18654,-0.58428,-0.011185,0,,,,,,,,,,,,,,,,,,,,
late,heat_pilot,precip,3,75,postmonsoon_OND,all,ecmwf_aifs_ens,source,True,9971,13,0.24014,0.26805,1.5436,0.14075,2.8567,0.13222,0.0085942,0.41372,0,,,,,,,,1.712e-05,-16.937,-21.603,1,0,,,,,,,,2.6991e-07,-7.2314,-13.178,1,-0.21369,-0.38152,-0.046098,0.05,-0.17822,-0.53963,-0.013902,0,,,,,,,,,,,,,,,,,,,,
late,heat_pilot,precip,3,75,postmonsoon_OND,all,equal_mean,baseline,False,9971,13,0.28267,0.31044,1.7573,0.19879,3.2389,0.31044,0.022497,0.9535,0,,,,,,,,0,1,1,1,0,,,,,,,,0,1,1,1,,,,,,,,,,,,,,,,,,,,,,,,,,,,
late,heat_pilot,precip,3,75,postmonsoon_OND,all,superensemble,baseline,False,9971,13,-1.3165,1.6084,1.7662,1.4599,2.1925,1.6084,1.4133,1.838,0,,,,,,,,0,1,1,1,0,,,,,,,,0,1,1,1,0.0088938,-1.0584,1.4728,0.858,1.2979,0.82975,1.5962,0,,,,,,,,,,,,,,,,,,,,
late,heat_pilot,precip,3,75,postmonsoon_OND,all,persistence,baseline,False,9971,13,0.94577,0.9896,5.5047,0.81221,10.078,0.9896,0.071992,3.0502,0,,1,0,,0,0,0,0.0012035,-1259.9,-1587.9,1,0,,1,0,,0,0,0,0.00010029,-3057.6,-5267.1,1,3.7474,0.61027,6.8387,0.044,0.67916,0.04266,2.0909,0.046,,,,,,,,,,,,,,,,,,,,
late,heat_pilot,precip,3,75,postmonsoon_OND,all,climatology,baseline,False,9971,13,0.38518,0.42541,0.75908,0.30417,1.288,0.42541,0.25902,0.73648,0,,,,,,,,0,1,1,1,0,,,,,,,,0,1,1,1,-0.99824,-1.9376,0.15793,0.51,0.11497,-0.2265,0.28411,0.394,,,,,,,,,,,,,,,,,,,,
late,heat_pilot,precip,4,99,all,all,ecmwf_ifs_ctrl,source,False,24843,31,0.62066,6.2639,14.463,9.7765,18.552,6.2639,3.8856,8.7892,322,0.17391,0.70053,0.12362,0.58075,0.11891,-0.00075017,0.21523,0.01598,-0.2654,-0.63483,-0.044326,56,0.23214,0.7451,0.1383,0.91071,0.13724,-0.00073291,0.23506,0.0032605,-0.45495,-1.64,0.0018043,2.3922,1.1094,3.6002,0,0.65535,0.17632,1.2213,0.002,0.037989,-0.021271,0.061723,0.36,,,,,,,,,,,,,,,,
late,heat_pilot,precip,4,99,all,all,ecmwf_aifs,source,False,24843,31,1.276,5.829,11.983,8.3564,15.262,5.829,3.7262,7.9665,322,0.07764,0.58333,0.070028,0.18634,0.067998,0,0.13336,0.013364,-0.058222,-0.10404,0.012068,56,0.035714,0.81818,0.030769,0.19643,0.030399,0,0.048724,0.0025359,-0.13162,-0.23423,0.016966,-0.088439,-0.53141,0.35065,0.696,0.22046,-0.09762,0.54625,0.14,-0.012919,-0.045103,0,0.088,,,,,,,,,,,,,,,,
late,heat_pilot,precip,4,99,all,all,ncep_gfs,source,False,24843,31,-0.019711,6.6862,15.769,10.967,19.721,6.6862,4.123,9.2005,322,0.11801,0.76829,0.084821,0.50932,0.080458,0.01441,0.15315,0.016504,-0.30684,-0.79801,0.042123,56,0.071429,0.9322,0.036036,1.0536,0.03488,-0.00091526,0.084982,0.004307,-0.92197,-4.7027,-0.089874,3.6975,2.0583,5.5877,0,1.0776,0.46625,1.764,0,-0.0004587,-0.019931,0.058327,0.882,,,,,,,,,,,,,,,,
late,heat_pilot,precip,4,99,all,all,ecmwf_ifs_ens,source,True,24843,31,0.67035,5.7745,12.351,8.4036,15.758,3.7682,2.3708,5.3184,322,0.0093168,0.76923,0.0090361,0.040373,0.008533,-0.00023991,0.030517,0.01193,0.055314,-0.051044,0.14829,56,0,,0,0,0,0,0,0.00226,-0.008478,-0.23568,0.050885,0.27992,-0.11581,0.73606,0.238,-1.8404,-2.4696,-1.1755,0,-0.072384,-0.15274,0,0.088,,,,,,,,,,,,,,,,
late,heat_pilot,precip,4,99,all,all,ecmwf_aifs_ens,source,True,24843,31,0.88211,5.7006,12.018,8.369,15.291,3.8636,2.4597,5.3554,322,0,,0,0,0,0,0,0.011547,0.085663,0.0047533,0.15113,56,0,,0,0,0,0,0,0.0021579,0.037053,0.00054016,0.064733,-0.053736,-0.48985,0.41488,0.754,-1.745,-2.3667,-1.1203,0,-0.080917,-0.15455,0,0.088,,,,,,,,,,,,,,,,
late,heat_pilot,precip,4,99,all,all,equal_mean,baseline,False,24843,31,0.68588,5.6086,12.071,8.3446,15.28,5.6086,3.5889,7.7,322,0.090062,0.49123,0.082857,0.17702,0.080917,0,0.15455,0.012921,-0.02316,-0.24759,0.10861,56,0.017857,0.8,0.016667,0.089286,0.016482,-0.00010655,0.028695,0.0023749,-0.059775,-0.12676,0.011493,,,,,,,,,,,,,,,,,,,,,,,,,,,,
late,heat_pilot,precip,4,99,all,all,superensemble,baseline,False,24843,31,-0.53323,5.9145,11.876,8.1384,15.126,5.9145,4.2073,7.7682,322,0.046584,0.28571,0.045732,0.065217,0.044939,0,0.096534,0.012599,0.002339,-0.028864,0.035562,56,0,,0,0,0,0,0,0.0022542,-0.0058883,-0.010215,0.016966,-0.19549,-0.53738,0.10382,0.206,0.30589,-0.083391,0.68335,0.132,-0.035978,-0.059302,0,0.088,,,,,,,,,,,,,,,,
late,heat_pilot,precip,4,99,all,all,persistence,baseline,False,24843,31,0.34844,9.3803,20.458,15.465,25.006,9.3803,6.2632,12.614,322,0.0062112,0.99394,0.0030769,1.0248,-0.0035267,-0.0083095,0.0038587,0.026084,-1.0654,-3.291,-0.39001,56,0,1,0,1.0357,-0.0011482,-0.0019049,-0.00026726,0.0045888,-1.0477,-5.264,-0.20594,8.3863,5.2904,11.646,0,3.7717,2.0684,5.6875,0,-0.084444,-0.15963,-0.0027793,0.008,,,,,,,,,,,,,,,,
late,heat_pilot,precip,4,99,all,all,climatology,baseline,False,24843,31,-1.1675,6.5636,14.178,9.6475,18.374,6.5636,4.327,8.8235,322,0,,0,0,0,0,0,0.012961,-0.026348,-0.037571,0.012068,56,0,,0,0,0,0,0,0.0022542,-0.0058883,-0.010215,0.016966,2.1063,0.88893,3.3983,0,0.95502,0.23829,1.8392,0.006,-0.080917,-0.15455,0,0.088,,,,,,,,,,,,,,,,
late,heat_pilot,precip,4,99,monsoon_JJAS,all,ecmwf_ifs_ctrl,source,False,14703,18,0.90213,10.4,18.757,13.716,23.521,10.4,7.6045,13.352,322,0.17391,0.70053,0.12362,0.58075,0.11563,-0.0012578,0.2015,0.027001,-0.26545,-0.64042,-0.04405,56,0.23214,0.7451,0.1383,0.91071,0.13651,-0.0012344,0.22795,0.0055091,-0.45495,-1.5379,0.0028285,3.1482,1.5583,4.8125,0,1.2079,0.48515,2.0903,0,0.036051,-0.02072,0.057282,0.326,,,,,,,,,,,,,,,,
late,heat_pilot,precip,4,99,monsoon_JJAS,all,ecmwf_aifs,source,False,14703,18,1.9801,9.6489,15.542,11.663,19.097,9.6489,7.4922,11.73,322,0.07764,0.58333,0.070028,0.18634,0.066592,0,0.12515,0.02258,-0.05826,-0.1022,0.0099625,56,0.035714,0.81818,0.030769,0.19643,0.030144,0,0.047988,0.0042848,-0.13163,-0.23202,0.015313,-0.066726,-0.63189,0.45651,0.834,0.45648,-0.044541,0.93385,0.062,-0.012982,-0.04392,0,0.074,,,,,,,,,,,,,,,,
late,heat_pilot,precip,4,99,monsoon_JJAS,all,ncep_gfs,source,False,14703,18,-0.48271,10.826,20.222,14.769,25.111,10.826,7.837,13.751,322,0.11801,0.7625,0.085586,0.49689,0.078312,0.01473,0.15087,0.027613,-0.29414,-0.74174,0.044129,56,0.071429,0.9322,0.036036,1.0536,0.034081,-0.0014915,0.081089,0.0072774,-0.92198,-4.5243,-0.11502,4.6132,2.5328,7.3489,0,1.6333,0.75555,2.734,0,-0.0012627,-0.020424,0.058245,0.868,,,,,,,,,,,,,,,,
late,heat_pilot,precip,4,99,monsoon_JJAS,all,ecmwf_ifs_ens,source,True,14703,18,0.87493,9.4817,15.989,11.746,19.792,6.251,4.5433,8.0145,322,0.0093168,0.76923,0.0090361,0.040373,0.0081856,-0.0003897,0.028562,0.020147,0.055786,-0.045867,0.14497,56,0,,0,0,0,0,0,0.0038172,-0.0081322,-0.20955,0.049859,0.38033,-0.15329,0.94679,0.204,-2.9415,-3.4994,-2.3318,0,-0.071389,-0.14753,0,0.074,,,,,,,,,,,,,,,,
late,heat_pilot,precip,4,99,monsoon_JJAS,all,ecmwf_aifs_ens,source,True,14703,18,1.164,9.2938,15.495,11.62,19.129,6.368,4.7144,7.9823,322,0,,0,0,0,0,0,0.019482,0.086955,0.0079076,0.14987,56,0,,0,0,0,0,0,0.0036457,0.037164,0.00061712,0.063066,-0.11405,-0.73044,0.52322,0.702,-2.8245,-3.4609,-2.2171,0,-0.079574,-0.14955,0,0.074,,,,,,,,,,,,,,,,
late,heat_pilot,precip,4,99,monsoon_JJAS,all,equal_mean,baseline,False,14703,18,0.8877,9.1925,15.609,11.664,19.023,9.1925,6.9725,11.39,322,0.090062,0.49123,0.082857,0.17702,0.079574,0,0.14955,0.021832,-0.023197,-0.22801,0.10184,56,0.017857,0.8,0.016667,0.089286,0.016354,-0.00015,0.028088,0.0040128,-0.059782,-0.11846,0.011447,,,,,,,,,,,,,,,,,,,,,,,,,,,,
late,heat_pilot,precip,4,99,monsoon_JJAS,all,superensemble,baseline,False,14703,18,-0.11401,8.8372,15.349,11.34,18.963,8.8372,6.7206,10.985,322,0.046584,0.28571,0.045732,0.065217,0.044392,0,0.091634,0.021288,0.002303,-0.029946,0.034422,56,0,,0,0,0,0,0,0.0038087,-0.0058947,-0.010242,0.015313,-0.25979,-0.68059,0.086135,0.176,-0.35523,-0.65986,-0.071175,0.026,-0.035183,-0.059108,0,0.074,,,,,,,,,,,,,,,,
late,heat_pilot,precip,4,99,monsoon_JJAS,all,persistence,baseline,False,14703,18,-0.18866,15.027,26.127,21.302,30.742,15.027,12.055,17.879,322,0.0062112,0.99371,0.0031348,0.98758,-0.0078669,-0.014063,0.00064673,0.043256,-1.0273,-3.237,-0.34729,56,0,1,0,1.0179,-0.0019249,-0.003055,-0.00052225,0.0076855,-1.0298,-6.0516,-0.20643,10.518,6.7748,15.007,0,5.8346,3.3063,8.5593,0,-0.087441,-0.15993,-0.0082955,0.002,,,,,,,,,,,,,,,,
late,heat_pilot,precip,4,99,monsoon_JJAS,all,climatology,baseline,False,14703,18,-2.246,10.772,18.414,13.467,23.073,10.772,8.8374,12.903,322,0,,0,0,0,0,0,0.0219,-0.026385,-0.038413,0.0099625,56,0,,0,0,0,0,0,0.0038087,-0.0058947,-0.010242,0.015313,2.8051,1.2818,4.3115,0,1.5795,0.43191,2.8359,0.002,-0.079574,-0.14955,0,0.074,,,,,,,,,,,,,,,,
late,heat_pilot,precip,4,99,postmonsoon_OND,all,ecmwf_ifs_ctrl,source,False,10140,13,0.21253,0.26607,1.5405,0.016774,2.699,0.26607,0.00046638,0.7811,0,,,,,,,,0,1,1,1,0,,,,,,,,0,1,1,1,-0.39171,-0.69006,-0.001388,0,-0.14586,-0.43589,-0.0015731,0,,,,,,,,,,,,,,,,,,,,
late,heat_pilot,precip,4,99,postmonsoon_OND,all,ecmwf_aifs,source,False,10140,13,0.25498,0.29015,1.2392,0.009707,2.1741,0.29015,0.00032421,0.86297,0,,,,,,,,0,1,1,1,0,,,,,,,,0,1,1,1,-0.69307,-1.2149,-0.0073186,0.008,-0.12178,-0.35413,-0.0015701,0,,,,,,,,,,,,,,,,,,,,
late,heat_pilot,precip,4,99,postmonsoon_OND,all,ncep_gfs,source,False,10140,13,0.65163,0.6837,4.0314,0,7.0543,0.6837,0,2.0228,0,,1,0,,0,0,0,0.00039448,-352.42,-420.48,1,0,,,,,,,,0,1,1,1,2.0992,-0.027321,3.6652,0.206,0.27178,-0.0042737,0.80718,0.206,,,,,,,,,,,,,,,,,,,,
late,heat_pilot,precip,4,99,postmonsoon_OND,all,ecmwf_ifs_ens,source,True,10140,13,0.37371,0.39899,1.7484,0.047876,3.0609,0.16824,0.0003238,0.49018,0,,,,,,,,1.5659e-05,-13.03,-15.731,1,0,,,,,,,,1.9337e-06,-54.283,-79.932,1,-0.18387,-0.33057,0.048179,0.71,-0.24368,-0.72676,-0.0016588,0,,,,,,,,,,,,,,,,,,,,
late,heat_pilot,precip,4,99,postmonsoon_OND,all,ecmwf_aifs_ens,source,True,10140,13,0.47336,0.49046,2.3887,0.029376,4.2028,0.23208,0.00020332,0.70068,0,,,,,,,,4.0987e-05,-35.721,-42.793,1,0,,,,,,,,6.4457e-07,-17.428,-25.977,1,0.45646,-0.12909,0.81898,0.52,-0.17984,-0.51602,-0.00169,0,,,,,,,,,,,,,,,,,,,,
late,heat_pilot,precip,4,99,postmonsoon_OND,all,equal_mean,baseline,False,10140,13,0.39324,0.41192,1.9322,0.017549,3.3891,0.41192,0.0019974,1.2173,0,,,,,,,,0,1,1,1,0,,,,,,,,0,1,1,1,,,,,,,,,,,,,,,,,,,,,,,,,,,,
late,heat_pilot,precip,4,99,postmonsoon_OND,all,superensemble,baseline,False,10140,13,-1.1411,1.6764,1.9812,1.4116,2.7228,1.6764,1.375,2.115,0,,,,,,,,0,1,1,1,0,,,,,,,,0,1,1,1,0.048994,-0.70977,1.5433,0.722,1.2645,0.81234,1.5876,0,,,,,,,,,,,,,,,,,,,,
late,heat_pilot,precip,4,99,postmonsoon_OND,all,persistence,baseline,False,10140,13,1.1272,1.1924,5.9618,0.062373,10.348,1.1924,0.0015276,3.3573,0,,1,0,,0,0,0,0.0011834,-1059.3,-1263.4,1,0,,1,0,,0,0,0,9.8619e-05,-2818.4,-4126.5,1,4.0295,0.026955,6.9588,0.05,0.78048,-0.0027815,2.1417,0.13,,,,,,,,,,,,,,,,,,,,
late,heat_pilot,precip,4,99,postmonsoon_OND,all,climatology,baseline,False,10140,13,0.39632,0.46149,0.89712,0.27561,1.51,0.46149,0.24586,0.83327,0,,,,,,,,0,1,1,1,0,,,,,,,,0,1,1,1,-1.0351,-1.8839,0.28614,0.682,0.049565,-0.39329,0.29129,0.528,,,,,,,,,,,,,,,,,,,,
late,heat_pilot,precip,5,123,all,all,ecmwf_ifs_ctrl,source,False,24843,31,0.10635,6.3706,14.807,9.8768,19.293,6.3706,3.9269,8.9305,321,0.018692,0.92941,0.015,0.2648,0.012288,-0.0015618,0.033414,0.01586,-0.26004,-0.64605,-0.062651,56,0,1,0,0.21429,-0.00039795,-0.00092437,0,0.0027372,-0.22152,-1.1702,0.011372,2.147,1.2312,3.0192,0,0.58464,0.17832,1.0838,0.006,0.012408,-0.0015618,0.03371,0.26,,,,,,,,,,,,,,,,
late,heat_pilot,precip,5,123,all,all,ecmwf_aifs,source,False,24843,31,1.1154,5.9342,12.611,8.4794,16.668,5.9342,3.6843,8.2135,321,0.028037,0.86765,0.023684,0.21184,0.021422,0,0.037773,0.014934,-0.18649,-0.3868,0.011213,56,0,,0,0,0,0,0,0.0022542,-0.0059618,-0.010214,0.016611,-0.04969,-0.691,0.45879,0.88,0.14814,-0.26596,0.56632,0.482,0.021541,0,0.037773,0.258,,,,,,,,,,,,,,,,
late,heat_pilot,precip,5,123,all,all,ncep_gfs,source,False,24843,31,-0.072835,6.7137,15.537,10.33,19.675,6.7137,4.0806,9.3583,321,0.021807,0.95105,0.015317,0.44548,0.01132,-0.001635,0.029177,0.018114,-0.43913,-0.82776,-0.12933,56,0,1,0,0.53571,-0.00078695,-0.0015305,0,0.0034617,-0.54487,-1.8507,0.011608,2.8768,1.4798,4.3111,0,0.92771,0.29742,1.5959,0,0.01144,-0.001635,0.029292,0.11,,,,,,,,,,,,,,,,
late,heat_pilot,precip,5,123,all,all,ecmwf_ifs_ens,source,True,24843,31,0.46858,5.8814,12.582,8.6494,15.955,3.8583,2.4118,5.4094,321,0.0062305,0.66667,0.0061538,0.018692,0.0059167,0,0.021576,0.012028,0.044389,-0.03815,0.1252,56,0,,0,0,0,0,0,0.0022353,0.0024641,-0.18925,0.063029,-0.078109,-0.65465,0.43746,0.934,-1.9277,-2.6402,-1.2157,0,0.0060364,0,0.021911,0.724,,,,,,,,,,,,,,,,
late,heat_pilot,precip,5,123,all,all,ecmwf_aifs_ens,source,True,24843,31,0.78332,5.7537,12.439,8.4215,16.342,3.8768,2.4019,5.4362,321,0,,0,0,0,0,0,0.012223,0.028889,-0.011052,0.053634,56,0,,0,0,0,0,0,0.0022317,0.0040664,-0.0055456,0.015765,-0.22109,-0.62327,0.15171,0.262,-1.9092,-2.604,-1.2058,0,0.00011965,0,0.00036298,0.724,,,,,,,,,,,,,,,,
late,heat_pilot,precip,5,123,all,all,equal_mean,baseline,False,24843,31,0.48017,5.786,12.66,8.4854,16.597,5.786,3.5743,8.0284,321,0,1,0,0.0093458,-0.00011965,-0.00036298,0,0.013042,-0.036176,-0.066665,0.011103,56,0,,0,0,0,0,0,0.0022542,-0.0059618,-0.010214,0.016611,,,,,,,,,,,,,,,,,,,,,,,,,,,,
late,heat_pilot,precip,5,123,all,all,superensemble,baseline,False,24843,31,-0.70468,6.1407,12.334,8.3013,16.05,6.1407,4.3196,8.0193,321,0,1,0,0.0031153,-4.0129e-05,-0.00012596,0,0.012961,-0.02978,-0.04312,0.011213,56,0,,0,0,0,0,0,0.0022542,-0.0059618,-0.010214,0.016611,-0.32652,-0.56185,-0.044407,0.02,0.35471,-0.075003,0.77021,0.108,7.9525e-05,-0.00012019,0.00035529,0.76,,,,,,,,,,,,,,,,
late,heat_pilot,precip,5,123,all,all,persistence,baseline,False,24843,31,0.42248,9.4295,20.557,15.659,25.008,9.4295,6.4326,12.562,321,0.0093458,0.99091,0.0046296,1.028,-0.0019635,-0.0082521,0.0079984,0.025963,-1.0628,-3.3237,-0.35593,56,0,1,0,1.0357,-0.0011482,-0.0019005,-0.00025063,0.0045888,-1.0479,-5.5615,-0.17847,7.8966,4.5005,11.705,0,3.6435,1.836,5.6281,0,-0.0018438,-0.0080764,0.0082271,0.664,,,,,,,,,,,,,,,,
late,heat_pilot,precip,5,123,all,all,climatology,baseline,False,24843,31,-1.1396,6.5233,14.147,9.6075,18.287,6.5233,4.2946,8.7119,321,0,,0,0,0,0,0,0.012921,-0.026582,-0.037828,0.011213,56,0,,0,0,0,0,0,0.0022542,-0.0059618,-0.010214,0.016611,1.4871,0.6625,2.1908,0,0.73728,-0.038645,1.6104,0.066,0.00011965,0,0.00036298,0.724,,,,,,,,,,,,,,,,
late,heat_pilot,precip,5,123,monsoon_JJAS,all,ecmwf_ifs_ctrl,source,False,14534,18,-0.21453,10.447,19.166,13.575,24.283,10.447,7.4518,13.276,321,0.018692,0.92941,0.015,0.2648,0.010355,-0.0022942,0.029387,0.027109,-0.2601,-0.61984,-0.06393,56,0,1,0,0.21429,-0.00068041,-0.0016424,0,0.0046787,-0.22153,-1.0666,0.010696,2.7525,1.5482,3.9475,0,1.0055,0.34418,1.7887,0.002,0.01056,-0.0022942,0.029977,0.32,,,,,,,,,,,,,,,,
late,heat_pilot,precip,5,123,monsoon_JJAS,all,ecmwf_aifs,source,False,14534,18,1.6364,9.8418,16.423,11.774,21.004,9.8418,7.41,12.417,321,0.028037,0.86765,0.023684,0.21184,0.01981,0,0.034099,0.025526,-0.18654,-0.37237,0.0096932,56,0,,0,0,0,0,0,0.003853,-0.0059698,-0.010285,0.015227,0.0094003,-0.78665,0.67783,0.936,0.39991,-0.26978,1.0816,0.222,0.020015,0,0.034303,0.252,,,,,,,,,,,,,,,,
late,heat_pilot,precip,5,123,monsoon_JJAS,all,ncep_gfs,source,False,14534,18,-0.66953,10.893,20.037,14.523,24.862,10.893,7.907,13.81,321,0.021807,0.9507,0.015351,0.44237,0.0085319,-0.0040054,0.025891,0.030893,-0.436,-0.81189,-0.13036,56,0,1,0,0.53571,-0.0013459,-0.0025922,0,0.0059172,-0.54488,-1.7849,0.0086602,3.623,1.9286,5.4301,0,1.4513,0.48878,2.553,0.004,0.0087364,-0.0036323,0.026087,0.23,,,,,,,,,,,,,,,,
late,heat_pilot,precip,5,123,monsoon_JJAS,all,ecmwf_ifs_ens,source,True,14534,18,0.36175,9.5862,16.302,12.063,20.022,6.3949,4.7025,8.0895,321,0.0062305,0.66667,0.0061538,0.018692,0.0057484,0,0.020314,0.020541,0.045186,-0.035826,0.12023,56,0,,0,0,0,0,0,0.0038173,0.003347,-0.1753,0.061194,-0.11125,-0.84102,0.55047,0.836,-3.0471,-3.7713,-2.3271,0,0.005953,0,0.021112,0.72,,,,,,,,,,,,,,,,
late,heat_pilot,precip,5,123,monsoon_JJAS,all,ecmwf_aifs_ens,source,True,14534,18,0.85903,9.3352,16.051,11.544,20.433,6.4012,4.671,8.1781,321,0,,0,0,0,0,0,0.020814,0.032508,-0.0030395,0.057587,56,0,,0,0,0,0,0,0.0038117,0.0048112,-0.0032818,0.01667,-0.3628,-0.85058,0.099936,0.148,-3.0407,-3.7281,-2.3211,0,0.00020454,0,0.00076333,0.72,,,,,,,,,,,,,,,,
late,heat_pilot,precip,5,123,monsoon_JJAS,all,equal_mean,baseline,False,14534,18,0.39463,9.4419,16.414,11.81,20.762,9.4419,7.0826,11.721,321,0,1,0,0.0093458,-0.00020454,-0.00076333,0,0.022293,-0.036221,-0.065888,0.0085212,56,0,,0,0,0,0,0,0.003853,-0.0059698,-0.010285,0.015227,,,,,,,,,,,,,,,,,,,,,,,,,,,,
late,heat_pilot,precip,5,123,monsoon_JJAS,all,superensemble,baseline,False,14534,18,-0.41265,9.0805,15.989,11.513,20.118,9.0805,6.8611,11.416,321,0,1,0,0.0031153,-6.8595e-05,-0.00021503,0,0.022155,-0.029824,-0.043725,0.0096932,56,0,,0,0,0,0,0,0.003853,-0.0059698,-0.010285,0.015227,-0.42479,-0.69572,-0.11521,0.002,-0.36142,-0.69788,-0.063484,0.01,0.00013595,-0.00019604,0.00066933,0.776,,,,,,,,,,,,,,,,
late,heat_pilot,precip,5,123,monsoon_JJAS,all,persistence,baseline,False,14534,18,-0.18091,15.16,26.32,21.652,30.885,15.16,12.469,17.911,321,0.0093458,0.99038,0.0047619,0.97196,-0.0062443,-0.013122,0.0044518,0.04314,-1.0053,-3.3417,-0.31486,56,0,1,0,1.0179,-0.0019474,-0.00309,-0.00049592,0.0077749,-1.0299,-6.339,-0.16718,9.9063,5.9752,15.165,0,5.7182,3.0142,8.7218,0,-0.0060398,-0.012909,0.0049722,0.236,,,,,,,,,,,,,,,,
late,heat_pilot,precip,5,123,monsoon_JJAS,all,climatology,baseline,False,14534,18,-2.2343,10.798,18.475,13.5,23.169,10.798,8.8376,12.944,321,0,,0,0,0,0,0,0.022086,-0.026626,-0.038876,0.0096932,56,0,,0,0,0,0,0,0.003853,-0.0059698,-0.010285,0.015227,2.0613,1.0903,2.9257,0,1.3563,0.17941,2.6709,0.018,0.00020454,0,0.00076333,0.72,,,,,,,,,,,,,,,,
late,heat_pilot,precip,5,123,postmonsoon_OND,all,ecmwf_ifs_ctrl,source,False,10309,13,0.55874,0.62309,3.2364,0.034446,5.6033,0.62309,0.0024599,1.8561,0,,,,,,,,0,1,1,1,0,,,,,,,,0,1,1,1,0.6997,-0.15209,1.2131,0.222,-0.0086751,-0.036722,0.011476,0.548,,,,,,,,,,,,,,,,,,,,
late,heat_pilot,precip,5,123,postmonsoon_OND,all,ecmwf_aifs,source,False,10309,13,0.38094,0.42495,1.7244,0.023854,2.9877,0.42495,0.00089257,1.2694,0,,,,,,,,0,1,1,1,0,,,,,,,,0,1,1,1,-0.81228,-1.4025,-0.038339,0,-0.20682,-0.58691,-0.0048885,0,,,,,,,,,,,,,,,,,,,,
late,heat_pilot,precip,5,123,postmonsoon_OND,all,ncep_gfs,source,False,10309,13,0.76841,0.82126,3.9668,0,6.8262,0.82126,0,2.3691,0,,1,0,,0,0,0,9.7003e-05,-73.782,-84.906,1,0,,,,,,,,0,1,1,1,1.4301,-0.094697,2.4365,0.206,0.1895,-0.011335,0.5332,0.206,,,,,,,,,,,,,,,,,,,,
late,heat_pilot,precip,5,123,postmonsoon_OND,all,ecmwf_ifs_ens,source,True,10309,13,0.61919,0.65818,2.6105,0.126,4.5178,0.2821,0.001165,0.8383,0,,,,,,,,2.5397e-05,-18.58,-21.492,1,0,,,,,,,,4.811e-06,-109.91,-142.69,1,0.073802,-0.056283,0.12972,0.278,-0.34966,-1.0188,-0.0040789,0,,,,,,,,,,,,,,,,,,,,
late,heat_pilot,precip,5,123,postmonsoon_OND,all,ecmwf_aifs_ens,source,True,10309,13,0.67658,0.70426,3.1092,0.032844,5.3866,0.31777,0.00035157,0.94802,0,,,,,,,,0.00011103,-84.593,-97.325,1,0,,,,,,,,4.0651e-06,-92.719,-120.41,1,0.5725,-0.13614,0.99665,0.708,-0.314,-0.90909,-0.0051021,0,,,,,,,,,,,,,,,,,,,,
late,heat_pilot,precip,5,123,postmonsoon_OND,all,equal_mean,baseline,False,10309,13,0.60077,0.63176,2.5367,0.062185,4.3901,0.63176,0.0057758,1.8571,0,,,,,,,,0,1,1,1,0,,,,,,,,0,1,1,1,,,,,,,,,,,,,,,,,,,,,,,,,,,,
late,heat_pilot,precip,5,123,postmonsoon_OND,all,superensemble,baseline,False,10309,13,-1.1164,1.9961,2.4846,1.5838,3.5842,1.9961,1.5477,2.7055,0,,,,,,,,0,1,1,1,0,,,,,,,,0,1,1,1,-0.052063,-0.83959,1.6862,0.914,1.3643,0.75933,1.779,0,,,,,,,,,,,,,,,,,,,,
late,heat_pilot,precip,5,123,postmonsoon_OND,all,persistence,baseline,False,10309,13,1.2732,1.3503,6.4587,0.15665,11.049,1.3503,0.0077668,3.7471,0,,1,0,,0,0,0,0.001746,-1345.1,-1545.3,1,0,,1,0,,0,0,0,9.7003e-05,-2235.4,-2896.2,1,3.922,0.030302,6.6594,0.05,0.71854,-0.0060666,1.9469,0.084,,,,,,,,,,,,,,,,,,,,
late,heat_pilot,precip,5,123,postmonsoon_OND,all,climatology,baseline,False,10309,13,0.40369,0.49629,1.0546,0.27462,1.7742,0.49629,0.24485,0.93348,0,,,,,,,,0,1,1,1,0,,,,,,,,0,1,1,1,-1.4821,-2.6197,0.24173,0.71,-0.13547,-0.94029,0.29523,0.71,,,,,,,,,,,,,,,,,,,,
main,heat_pilot,tmax,1,27,all,all,ecmwf_ifs_ctrl,source,False,102076,123,-1.2902,1.6042,1.9748,1.8981,2.0577,1.6042,1.5346,1.6789,,,,,,,,,,,,,,,,,,,,,,,,,0.10549,0.051083,0.15761,0,0.051952,0.0061557,0.096738,0.03,,,,,10530,0.49136,0.13967,0.45506,0.57113,0.42361,0.33085,0.50939,0.0607,0.19536,-0.17284,0.47524,-0.03693,-0.067091,-0.0053222,0.012
main,heat_pilot,tmax,1,27,all,all,ecmwf_aifs,source,False,102076,123,-2.1545,2.2088,2.5773,2.4308,2.7197,2.2088,2.0651,2.3484,,,,,,,,,,,,,,,,,,,,,,,,,0.70799,0.59436,0.81351,0,0.65655,0.54834,0.75648,0,,,,,10530,0.28613,0.020481,0.28443,0.29212,0.26234,0.14153,0.37099,0.074258,0.015631,-0.46529,0.4069,-0.1982,-0.23325,-0.154,0
main,heat_pilot,tmax,1,27,all,all,ncep_gfs,source,False,102076,123,-0.5493,1.5597,1.9434,1.8391,2.057,1.5597,1.4767,1.6478,,,,,,,,,,,,,,,,,,,,,,,,,0.074087,-0.038526,0.20175,0.218,0.0074576,-0.085355,0.11096,0.832,,,,,10530,0.90465,0.37027,0.59054,1.4366,0.54669,0.43257,0.65063,0.064707,0.14225,-0.10521,0.34702,0.08615,-0.014008,0.17065,0.082
main,heat_pilot,tmax,1,27,all,all,ecmwf_ifs_ens,source,True,102076,123,-1.4123,1.6393,1.9975,1.9075,2.0925,1.3598,1.2892,1.4369,,,,,,,,,,,,,,,,,,,,,,,,,0.12824,0.06738,0.18894,0,-0.19238,-0.22867,-0.15216,0,,,,,10530,0.42013,0.091021,0.40317,0.4622,0.37455,0.27818,0.4619,0.052074,0.30971,-0.018521,0.55804,-0.085983,-0.11758,-0.054318,0
main,heat_pilot,tmax,1,27,all,all,equal_mean,baseline,False,102076,123,-1.3669,1.5522,1.8693,1.7895,1.9469,1.5522,1.4741,1.6313,,,,,,,,,,,,,,,,,,,,,,,,,,,,,,,,,,,,,10530,0.51415,0.08609,0.4904,0.56258,0.46054,0.3464,0.55728,0.055116,0.26939,-0.064837,0.54108,,,,
main,heat_pilot,tmax,1,27,all,all,superensemble,baseline,False,102076,123,0.06883,1.0863,1.3999,1.2898,1.5111,1.0863,1.0131,1.1663,,,,,,,,,,,,,,,,,,,,,,,,,-0.46935,-0.59922,-0.34158,0,-0.46593,-0.57718,-0.35469,0,,,,,10530,0.6886,0.20996,0.58208,0.8716,0.54771,0.43476,0.64164,0.051001,0.32393,0.059348,0.53582,0.087169,0.038181,0.13079,0.002
main,heat_pilot,tmax,1,27,all,all,persistence,baseline,False,102076,123,0.015233,0.8291,1.1457,1.056,1.2416,0.8291,0.76242,0.903,,,,,,,,,,,,,,,,,,,,,,,,,-0.72356,-0.85248,-0.5852,0,-0.72312,-0.83845,-0.60101,0,,,,,10530,0.82526,0.17474,0.70251,1,0.67387,0.56749,0.76285,0.036052,0.5221,0.31667,0.69507,0.21333,0.14279,0.28449,0
main,heat_pilot,tmax,1,27,all,all,climatology,baseline,False,102076,123,0.42265,1.6166,2.169,1.8919,2.4956,1.6166,1.4362,1.8172,,,,,,,,,,,,,,,,,,,,,,,,,0.29968,-0.0077669,0.65595,0.058,0.064354,-0.14885,0.31568,0.584,,,,,10530,0.73723,0.51795,0.41137,1.5293,0.35455,0.21216,0.49283,0.10882,-0.44253,-0.56267,-0.31323,-0.10599,-0.22426,0.016245,0.086
main,heat_pilot,tmax,1,27,winter_JF,all,ecmwf_ifs_ctrl,source,False,9971,13,-0.99115,1.319,1.6266,1.4758,1.7756,1.319,1.1847,1.4703,,,,,,,,,,,,,,,,,,,,,,,,,0.0010078,-0.054927,0.051598,0.964,-0.020321,-0.08138,0.029845,0.512,,,,,0,,,,,,,,0,1,1,1,,,,
main,heat_pilot,tmax,1,27,winter_JF,all,ecmwf_aifs,source,False,9971,13,-2.5476,2.5585,2.8614,2.5246,3.1873,2.5585,2.2145,2.9261,,,,,,,,,,,,,,,,,,,,,,,,,1.2359,1.0601,1.4073,0,1.2193,1.0339,1.4186,0,,,,,0,,,,,,,,0,1,1,1,,,,
main,heat_pilot,tmax,1,27,winter_JF,all,ncep_gfs,source,False,9971,13,0.019329,1.0916,1.337,1.2358,1.4568,1.0916,1.0236,1.1688,,,,,,,,,,,,,,,,,,,,,,,,,-0.28853,-0.50473,-0.048686,0.014,-0.24766,-0.44106,-0.050454,0.012,,,,,0,,,,,,,,0,1,1,1,,,,
main,heat_pilot,tmax,1,27,winter_JF,all,ecmwf_ifs_ens,source,True,9971,13,-0.97388,1.3009,1.6083,1.4532,1.7591,1.1921,1.0477,1.3479,,,,,,,,,,,,,,,,,,,,,,,,,-0.017276,-0.076555,0.032452,0.564,-0.14713,-0.20968,-0.094931,0,,,,,0,,,,,,,,0,1,1,1,,,,
main,heat_pilot,tmax,1,27,winter_JF,all,equal_mean,baseline,False,9971,13,-1.1233,1.3393,1.6256,1.4553,1.7941,1.3393,1.1745,1.5161,,,,,,,,,,,,,,,,,,,,,,,,,,,,,,,,,,,,,0,,,,,,,,0,1,1,1,,,,
main,heat_pilot,tmax,1,27,winter_JF,all,superensemble,baseline,False,9971,13,0.35231,0.89103,1.143,0.97333,1.3459,0.89103,0.77397,1.0526,,,,,,,,,,,,,,,,,,,,,,,,,-0.48253,-0.79015,-0.15335,0.01,-0.44825,-0.71942,-0.15704,0.008,,,,,0,,,,,,,,0,1,1,1,,,,
main,heat_pilot,tmax,1,27,winter_JF,all,persistence,baseline,False,9971,13,-0.10817,0.74885,1.0119,0.82211,1.1722,0.74885,0.59941,0.89558,,,,,,,,,,,,,,,,,,,,,,,,,-0.61371,-0.88009,-0.37509,0,-0.59043,-0.82406,-0.37068,0,,,,,0,,,,,,,,0,1,1,1,,,,
main,heat_pilot,tmax,1,27,winter_JF,all,climatology,baseline,False,9971,13,-1.1578,1.6506,1.9586,1.5754,2.3097,1.6506,1.2649,2.0396,,,,,,,,,,,,,,,,,,,,,,,,,0.33307,-0.12856,0.77671,0.152,0.31134,-0.13796,0.76747,0.176,,,,,0,,,,,,,,0,1,1,1,,,,
main,heat_pilot,tmax,1,27,premonsoon_MAM,all,ecmwf_ifs_ctrl,source,False,25688,32,-1.193,1.6454,2.0913,1.9096,2.2566,1.6454,1.4862,1.8036,,,,,,,,,,,,,,,,,,,,,,,,,0.3654,0.27917,0.45565,0,0.27247,0.20631,0.34945,0,,,,,9506,0.49274,0.13243,0.45827,0.56796,0.32665,0.24966,0.40546,0.21555,0.14536,-0.33047,0.46316,-0.044983,-0.077722,-0.015052,0.002
main,heat_pilot,tmax,1,27,premonsoon_MAM,all,ecmwf_aifs,source,False,25688,32,-2.3179,2.3806,2.7924,2.581,2.991,2.3806,2.1523,2.6008,,,,,,,,,,,,,,,,,,,,,,,,,1.0666,0.93514,1.191,0,1.0077,0.85886,1.1509,0,,,,,9506,0.2874,0.02254,0.28551,0.29402,0.19892,0.12232,0.28372,0.26616,-0.055295,-0.69395,0.36765,-0.17272,-0.20579,-0.1359,0
main,heat_pilot,tmax,1,27,premonsoon_MAM,all,ncep_gfs,source,False,25688,32,0.711,1.3771,1.7565,1.5765,1.9622,1.3771,1.2457,1.5471,,,,,,,,,,,,,,,,,,,,,,,,,0.030589,-0.21042,0.2957,0.798,0.0041479,-0.20264,0.22216,0.956,,,,,9506,0.90816,0.3267,0.63038,1.3488,0.43442,0.33107,0.53236,0.19706,0.21868,-0.014716,0.4206,0.062789,-0.04409,0.15605,0.21
main,heat_pilot,tmax,1,27,premonsoon_MAM,all,ecmwf_ifs_ens,source,True,25688,32,-1.372,1.7051,2.1376,1.9337,2.3222,1.3856,1.2395,1.5274,,,,,,,,,,,,,,,,,,,,,,,,,0.41176,0.30632,0.51413,0,0.012675,-0.039069,0.069248,0.672,,,,,9506,0.42731,0.088625,0.41026,0.46886,0.29238,0.21292,0.37778,0.18438,0.26892,-0.15252,0.56224,-0.079249,-0.11329,-0.048636,0
main,heat_pilot,tmax,1,27,premonsoon_MAM,all,equal_mean,baseline,False,25688,32,-1.043,1.3729,1.7259,1.6034,1.8357,1.3729,1.2567,1.4819,,,,,,,,,,,,,,,,,,,,,,,,,,,,,,,,,,,,,9506,0.51736,0.075216,0.49647,0.55944,0.37163,0.27905,0.46873,0.19418,0.2301,-0.21678,0.5339,,,,
main,heat_pilot,tmax,1,27,premonsoon_MAM,all,superensemble,baseline,False,25688,32,-0.1325,1.1499,1.4445,1.3523,1.5422,1.1499,1.0752,1.2325,,,,,,,,,,,,,,,,,,,,,,,,,-0.2814,-0.39805,-0.15019,0,-0.22303,-0.34086,-0.10255,0.002,,,,,9506,0.69388,0.18938,0.59709,0.85599,0.44611,0.34463,0.53924,0.17327,0.31299,-0.015679,0.54434,0.074474,0.024465,0.11994,0.008
main,heat_pilot,tmax,1,27,premonsoon_MAM,all,persistence,baseline,False,25688,32,-0.022703,0.96324,1.3352,1.1369,1.5291,0.96324,0.82745,1.1049,,,,,,,,,,,,,,,,,,,,,,,,,-0.39069,-0.61588,-0.14987,0.002,-0.40969,-0.57781,-0.22554,0,,,,,9506,0.83263,0.1523,0.72429,0.98222,0.5968,0.48697,0.69474,0.11729,0.53494,0.29942,0.71942,0.22517,0.13962,0.30187,0
main,heat_pilot,tmax,1,27,premonsoon_MAM,all,climatology,baseline,False,25688,32,0.9157,2.1953,2.9715,2.2696,3.7523,2.1953,1.7206,2.7823,,,,,,,,,,,,,,,,,,,,,,,,,1.2456,0.51254,2.0839,0,0.82236,0.31373,1.4824,0,,,,,9506,0.78098,0.50828,0.43213,1.5883,0.15845,0.031541,0.30432,0.37979,-0.50584,-0.61314,-0.40215,-0.21318,-0.34505,-0.069403,0.004
main,heat_pilot,tmax,1,27,monsoon_JJAS,all,ecmwf_ifs_ctrl,source,False,41236,50,-1.2115,1.5781,1.9467,1.8225,2.0669,1.5781,1.4655,1.6919,,,,,,,,,,,,,,,,,,,,,,,,,0.18636,0.13176,0.23509,0,0.1295,0.074554,0.17821,0,,,,,1024,0.47852,0.20325,0.42646,0.60059,0.41873,0.084251,0.77387,0.015981,0.46055,0.031171,0.91406,-0.011092,-0.05638,0.04966,0.59459
main,heat_pilot,tmax,1,27,monsoon_JJAS,all,ecmwf_aifs,source,False,41236,50,-1.6028,1.6917,2.0282,1.8415,2.2072,1.6917,1.5311,1.8654,,,,,,,,,,,,,,,,,,,,,,,,,0.26785,0.15066,0.39055,0,0.24317,0.13524,0.35643,0,,,,,1024,0.27441,0,0.27441,0.27441,0.26944,0.0040917,0.77865,0.018018,0.39178,-0.14012,0.91827,-0.16039,-0.32395,-0.03627,0.02002
main,heat_pilot,tmax,1,27,monsoon_JJAS,all,ncep_gfs,source,False,41236,50,-0.81635,1.6459,2.0762,1.9139,2.2747,1.6459,1.5249,1.7822,,,,,,,,,,,,,,,,,,,,,,,,,0.31584,0.17092,0.49108,0,0.1973,0.080106,0.33311,0,,,,,1024,0.87207,0.61258,0.36658,2.251,0.35134,0.094902,0.60647,0.037419,-0.26309,-1.0218,0.41089,-0.07848,-0.31704,0.098315,0.55055
main,heat_pilot,tmax,1,27,monsoon_JJAS,all,ecmwf_ifs_ens,source,True,41236,50,-1.3842,1.6175,1.9656,1.8173,2.1169,1.2608,1.1435,1.3788,,,,,,,,,,,,,,,,,,,,,,,,,0.20519,0.14249,0.27316,0,-0.18778,-0.23404,-0.13604,0,,,,,1024,0.35352,0.11707,0.33769,0.40039,0.33134,0.024069,0.67822,0.014042,0.526,0.14534,0.9157,-0.098487,-0.16361,-0.041387,0.02002
main,heat_pilot,tmax,1,27,monsoon_JJAS,all,equal_mean,baseline,False,41236,50,-1.2614,1.4486,1.7604,1.6387,1.8737,1.4486,1.3315,1.5643,,,,,,,,,,,,,,,,,,,,,,,,,,,,,,,,,,,,,1024,0.48438,0.18152,0.43739,0.5918,0.42982,0.065456,0.84186,0.015472,0.47774,0.064607,0.93243,,,,
main,heat_pilot,tmax,1,27,monsoon_JJAS,all,superensemble,baseline,False,41236,50,0.48815,1.212,1.5776,1.353,1.8043,1.212,1.0594,1.3861,,,,,,,,,,,,,,,,,,,,,,,,,-0.18283,-0.40961,0.045945,0.118,-0.23661,-0.42721,-0.02526,0.032,,,,,1024,0.63965,0.3708,0.46454,1.0166,0.45454,0.077551,0.7478,0.018309,0.38196,-0.029056,0.85264,0.024715,-0.095495,0.11265,0.46847
main,heat_pilot,tmax,1,27,monsoon_JJAS,all,persistence,baseline,False,41236,50,0.053786,0.97606,1.2814,1.1684,1.3908,0.97606,0.88795,1.0639,,,,,,,,,,,,,,,,,,,,,,,,,-0.47901,-0.64377,-0.30741,0,-0.47251,-0.62644,-0.31618,0,,,,,1024,0.75684,0.35038,0.53745,1.165,0.52775,0.27222,0.896,0.016175,0.454,0.0040378,0.96,0.097922,-0.03041,0.2461,0.11211
main,heat_pilot,tmax,1,27,monsoon_JJAS,all,climatology,baseline,False,41236,50,0.59192,1.609,2.0598,1.7594,2.3743,1.609,1.3833,1.8582,,,,,,,,,,,,,,,,,,,,,,,,,0.29943,-0.058244,0.66058,0.096,0.16044,-0.12729,0.48126,0.308,,,,,1024,0.33105,0.66302,0.20047,0.98242,0.18848,-0.0064536,0.50039,0.032787,-0.10674,-0.46029,0.41582,-0.24134,-0.47523,-0.065295,0.008008
main,heat_pilot,tmax,1,27,postmonsoon_OND,all,ecmwf_ifs_ctrl,source,False,25181,32,-1.6368,1.7178,2.0232,1.9002,2.1567,1.7178,1.5976,1.8557,,,,,,,,,,,,,,,,,,,,,,,,,-0.21399,-0.26402,-0.1649,0,-0.27138,-0.32498,-0.22126,0,,,,,0,,,,,,,,0,,,,,,,
main,heat_pilot,tmax,1,27,postmonsoon_OND,all,ecmwf_aifs,source,False,25181,32,-2.7355,2.7416,2.9988,2.7216,3.2864,2.7416,2.4783,3.0285,,,,,,,,,,,,,,,,,,,,,,,,,0.76165,0.54864,0.98547,0,0.75249,0.55455,0.9693,0,,,,,0,,,,,,,,0,,,,,,,
main,heat_pilot,tmax,1,27,postmonsoon_OND,all,ncep_gfs,source,False,25181,32,-1.6228,1.7901,2.0965,1.9115,2.281,1.7901,1.6134,1.9717,,,,,,,,,,,,,,,,,,,,,,,,,-0.14064,-0.34952,0.058577,0.184,-0.19903,-0.38982,-0.0024917,0.048,,,,,0,,,,,,,,0,,,,,,,
main,heat_pilot,tmax,1,27,postmonsoon_OND,all,ecmwf_ifs_ens,source,True,25181,32,-1.673,1.7417,2.0402,1.9196,2.168,1.5621,1.4363,1.7033,,,,,,,,,,,,,,,,,,,,,,,,,-0.197,-0.25156,-0.14115,0,-0.42701,-0.47901,-0.38101,0,,,,,0,,,,,,,,0,,,,,,,
main,heat_pilot,tmax,1,27,postmonsoon_OND,all,equal_mean,baseline,False,25181,32,-1.9667,1.9892,2.2372,2.1082,2.3716,1.9892,1.8584,2.1315,,,,,,,,,,,,,,,,,,,,,,,,,,,,,,,,,,,,,0,,,,,,,,0,,,,,,,
main,heat_pilot,tmax,1,27,postmonsoon_OND,all,superensemble,baseline,False,25181,32,-0.5247,0.89289,1.106,1.0163,1.1972,0.89289,0.81696,0.97607,,,,,,,,,,,,,,,,,,,,,,,,,-1.1312,-1.2101,-1.0378,0,-1.0963,-1.1886,-0.99188,0,,,,,0,,,,,,,,0,,,,,,,
main,heat_pilot,tmax,1,27,postmonsoon_OND,all,persistence,baseline,False,25181,32,0.039665,0.48337,0.63914,0.54816,0.72798,0.48337,0.42055,0.54408,,,,,,,,,,,,,,,,,,,,,,,,,-1.598,-1.7563,-1.4317,0,-1.5058,-1.657,-1.3525,0,,,,,0,,,,,,,,0,,,,,,,
main,heat_pilot,tmax,1,27,postmonsoon_OND,all,climatology,baseline,False,25181,32,0.26828,1.0251,1.2632,1.0626,1.4553,1.0251,0.84241,1.2112,,,,,,,,,,,,,,,,,,,,,,,,,-0.97397,-1.218,-0.74218,0,-0.96406,-1.1951,-0.72582,0,,,,,0,,,,,,,,0,,,,,,,
main,heat_pilot,tmax,2,51,all,all,ecmwf_ifs_ctrl,source,False,97006,117,-1.1391,1.565,1.9321,1.852,2.0114,1.565,1.4945,1.6383,,,,,,,,,,,,,,,,,,,,,,,,,0.087752,0.031706,0.1462,0,0.040568,-0.01431,0.096989,0.158,,,,,8242,0.59209,0.21087,0.51121,0.7503,0.48274,0.37112,0.5741,0.0481,0.29037,-0.094421,0.5495,-0.047204,-0.098561,0.0028258,0.058
main,heat_pilot,tmax,2,51,all,all,ecmwf_aifs,source,False,97006,117,-2.2151,2.2678,2.6389,2.4868,2.7801,2.2678,2.1195,2.4146,,,,,,,,,,,,,,,,,,,,,,,,,0.79451,0.66002,0.91005,0,0.74333,0.61127,0.86377,0,,,,,8242,0.30223,0.014636,0.30088,0.30672,0.28226,0.14272,0.42423,0.059666,0.11974,-0.46735,0.5343,-0.24768,-0.30929,-0.16804,0
main,heat_pilot,tmax,2,51,all,all,ncep_gfs,source,False,97006,117,-0.51727,1.782,2.2386,2.1046,2.3684,1.782,1.6729,1.8943,,,,,,,,,,,,,,,,,,,,,,,,,0.39427,0.26069,0.53423,0,0.25762,0.14029,0.37987,0,,,,,8242,0.94661,0.44347,0.53959,1.7009,0.49826,0.35318,0.63342,0.068625,-0.012426,-0.37983,0.25766,-0.03168,-0.14847,0.082035,0.604
main,heat_pilot,tmax,2,51,all,all,ecmwf_ifs_ens,source,True,97006,117,-1.1911,1.5213,1.8686,1.7882,1.9511,1.2421,1.1747,1.3166,,,,,,,,,,,,,,,,,,,,,,,,,0.024251,-0.026916,0.080977,0.402,-0.28232,-0.32899,-0.23556,0,,,,,8242,0.52099,0.16166,0.47343,0.62145,0.44689,0.33468,0.54359,0.038939,0.42552,0.097397,0.65238,-0.083052,-0.13218,-0.035826,0
main,heat_pilot,tmax,2,51,all,all,equal_mean,baseline,False,97006,117,-1.2684,1.5244,1.8443,1.7609,1.9266,1.5244,1.4436,1.6115,,,,,,,,,,,,,,,,,,,,,,,,,,,,,,,,,,,,,8242,0.6001,0.11899,0.55511,0.68115,0.52994,0.3985,0.64088,0.040863,0.39714,0.025087,0.65553,,,,
main,heat_pilot,tmax,2,51,all,all,superensemble,baseline,False,97006,117,-0.038266,1.1264,1.4947,1.3359,1.6449,1.1264,1.0309,1.2212,,,,,,,,,,,,,,,,,,,,,,,,,-0.34967,-0.49895,-0.20216,0,-0.39801,-0.51664,-0.27841,0,,,,,8242,0.70214,0.25712,0.56486,0.94516,0.53481,0.39538,0.65169,0.045956,0.32201,-0.033747,0.58216,0.004865,-0.03819,0.050724,0.808
main,heat_pilot,tmax,2,51,all,all,persistence,baseline,False,97006,117,0.04539,1.1938,1.5816,1.4676,1.6845,1.1938,1.1026,1.2827,,,,,,,,,,,,,,,,,,,,,,,,,-0.26277,-0.42705,-0.10639,0.002,-0.33061,-0.4807,-0.18435,0,,,,,8242,0.78015,0.24424,0.62306,1.0323,0.59467,0.43727,0.71985,0.040101,0.40839,0.090867,0.65756,0.064728,-0.030342,0.16473,0.176
main,heat_pilot,tmax,2,51,all,all,climatology,baseline,False,97006,117,0.39683,1.6083,2.15,1.8511,2.5078,1.6083,1.4141,1.8332,,,,,,,,,,,,,,,,,,,,,,,,,0.30563,-0.034102,0.6963,0.102,0.083896,-0.16663,0.34686,0.526,,,,,8242,0.74545,0.54033,0.39731,1.6217,0.34954,0.19689,0.51406,0.096077,-0.41743,-0.54989,-0.25997,-0.1804,-0.31871,-0.048717,0.008
main,heat_pilot,tmax,2,51,winter_JF,all,ecmwf_ifs_ctrl,source,False,9971,13,-0.87227,1.2969,1.6078,1.4505,1.7726,1.2969,1.1517,1.4628,,,,,,,,,,,,,,,,,,,,,,,,,0.086391,0.033572,0.127,0.004,0.052131,-0.0010041,0.093395,0.056,,,,,0,,,,,,,,0,1,1,1,,,,
main,heat_pilot,tmax,2,51,winter_JF,all,ecmwf_aifs,source,False,9971,13,-2.5939,2.6064,2.8679,2.5606,3.175,2.6064,2.2929,2.9545,,,,,,,,,,,,,,,,,,,,,,,,,1.3465,1.1784,1.5129,0,1.3617,1.1776,1.5588,0,,,,,0,,,,,,,,0,1,1,1,,,,
main,heat_pilot,tmax,2,51,winter_JF,all,ncep_gfs,source,False,9971,13,0.57937,1.1628,1.4911,1.3073,1.7136,1.1628,1.0442,1.3296,,,,,,,,,,,,,,,,,,,,,,,,,-0.030301,-0.34021,0.28789,0.806,-0.081962,-0.3437,0.17582,0.522,,,,,0,,,,,,,,0,1,1,1,,,,
main,heat_pilot,tmax,2,51,winter_JF,all,ecmwf_ifs_ens,source,True,9971,13,-0.85858,1.2815,1.5906,1.4282,1.7559,1.1619,1.0148,1.3313,,,,,,,,,,,,,,,,,,,,,,,,,0.069127,0.013013,0.10587,0.018,-0.082843,-0.14143,-0.041006,0,,,,,0,,,,,,,,0,1,1,1,,,,
main,heat_pilot,tmax,2,51,winter_JF,all,equal_mean,baseline,False,9971,13,-0.93635,1.2447,1.5214,1.3712,1.673,1.2447,1.1002,1.4082,,,,,,,,,,,,,,,,,,,,,,,,,,,,,,,,,,,,,0,,,,,,,,0,1,1,1,,,,
main,heat_pilot,tmax,2,51,winter_JF,all,superensemble,baseline,False,9971,13,0.51405,0.92488,1.2023,0.97339,1.4696,0.92488,0.77342,1.1319,,,,,,,,,,,,,,,,,,,,,,,,,-0.31917,-0.67529,0.031588,0.092,-0.31986,-0.61125,-0.023762,0.032,,,,,0,,,,,,,,0,1,1,1,,,,
main,heat_pilot,tmax,2,51,winter_JF,all,persistence,baseline,False,9971,13,-0.20459,1.1267,1.5004,1.1908,1.7695,1.1267,0.87173,1.3828,,,,,,,,,,,,,,,,,,,,,,,,,-0.021027,-0.39331,0.31213,0.886,-0.11805,-0.40395,0.17922,0.442,,,,,0,,,,,,,,0,1,1,1,,,,
main,heat_pilot,tmax,2,51,winter_JF,all,climatology,baseline,False,9971,13,-1.1578,1.6506,1.9586,1.5754,2.3097,1.6506,1.2649,2.0396,,,,,,,,,,,,,,,,,,,,,,,,,0.43718,-0.017328,0.84957,0.066,0.40587,-0.020245,0.84219,0.07,,,,,0,,,,,,,,0,1,1,1,,,,
main,heat_pilot,tmax,2,51,premonsoon_MAM,all,ecmwf_ifs_ctrl,source,False,20449,26,-0.69134,1.4152,1.8138,1.6703,1.9694,1.4152,1.2994,1.5521,,,,,,,,,,,,,,,,,,,,,,,,,0.28989,0.20076,0.38467,0,0.22831,0.15341,0.31342,0,,,,,7218,0.59102,0.1851,0.52107,0.72527,0.38146,0.28458,0.44793,0.19175,0.26761,-0.18851,0.55344,-0.06958,-0.12246,-0.015769,0.008
main,heat_pilot,tmax,2,51,premonsoon_MAM,all,ecmwf_aifs,source,False,20449,26,-2.3803,2.4411,2.8812,2.6153,3.1793,2.4411,2.169,2.7662,,,,,,,,,,,,,,,,,,,,,,,,,1.3573,1.1439,1.5919,0,1.2542,1.0397,1.5032,0,,,,,7218,0.30327,0.01352,0.30201,0.30743,0.21745,0.11417,0.3166,0.2474,0.055044,-0.68291,0.53009,-0.2336,-0.28278,-0.17208,0
main,heat_pilot,tmax,2,51,premonsoon_MAM,all,ncep_gfs,source,False,20449,26,1.2554,1.6622,2.0857,1.8226,2.3396,1.6622,1.4485,1.8922,,,,,,,,,,,,,,,,,,,,,,,,,0.56172,0.24928,0.87411,0.004,0.47533,0.21198,0.75128,0.002,,,,,7218,0.95068,0.3908,0.59053,1.5605,0.37756,0.24844,0.51396,0.23268,0.11127,-0.19467,0.35682,-0.073487,-0.19601,0.066294,0.322
main,heat_pilot,tmax,2,51,premonsoon_MAM,all,ecmwf_ifs_ens,source,True,20449,26,-0.762,1.3712,1.7617,1.5995,1.9314,1.1016,0.98716,1.2259,,,,,,,,,,,,,,,,,,,,,,,,,0.23777,0.13472,0.34812,0,-0.085327,-0.14611,-0.021018,0.014,,,,,7218,0.53131,0.14206,0.48835,0.61929,0.3597,0.26549,0.42998,0.15517,0.40731,0.015318,0.65983,-0.091343,-0.14446,-0.037908,0
main,heat_pilot,tmax,2,51,premonsoon_MAM,all,equal_mean,baseline,False,20449,26,-0.64454,1.1869,1.5239,1.4056,1.6435,1.1869,1.0864,1.296,,,,,,,,,,,,,,,,,,,,,,,,,,,,,,,,,,,,,7218,0.60876,0.091961,0.5734,0.67041,0.45104,0.33283,0.54203,0.15986,0.38939,-0.039267,0.66097,,,,
main,heat_pilot,tmax,2,51,premonsoon_MAM,all,superensemble,baseline,False,20449,26,0.12948,1.2252,1.5331,1.4214,1.6458,1.2252,1.1383,1.3191,,,,,,,,,,,,,,,,,,,,,,,,,0.0091125,-0.12696,0.14533,0.926,0.038286,-0.081841,0.15468,0.484,,,,,7218,0.71197,0.22896,0.58772,0.92339,0.43596,0.29299,0.55118,0.17629,0.32663,-0.083949,0.59524,-0.015083,-0.080458,0.045162,0.648
main,heat_pilot,tmax,2,51,premonsoon_MAM,all,persistence,baseline,False,20449,26,-0.01363,1.3247,1.7754,1.4794,2.0678,1.3247,1.0926,1.5669,,,,,,,,,,,,,,,,,,,,,,,,,0.25144,-0.10381,0.58556,0.164,0.13775,-0.1396,0.41593,0.362,,,,,7218,0.79911,0.19284,0.67101,0.99002,0.53438,0.38565,0.67035,0.1383,0.47177,0.13527,0.70665,0.083336,-0.042284,0.21136,0.212
main,heat_pilot,tmax,2,51,premonsoon_MAM,all,climatology,baseline,False,20449,26,0.9101,2.3086,3.0866,2.1933,3.9838,2.3086,1.7177,3.0601,,,,,,,,,,,,,,,,,,,,,,,,,1.5626,0.62882,2.4857,0,1.1217,0.49404,1.8915,0,,,,,7218,0.80424,0.53034,0.42148,1.7124,0.15326,0.019884,0.32221,0.38965,-0.48832,-0.61215,-0.37893,-0.29778,-0.43233,-0.12527,0.002
main,heat_pilot,tmax,2,51,monsoon_JJAS,all,ecmwf_ifs_ctrl,source,False,41236,50,-1.1498,1.6269,2.0107,1.885,2.1416,1.6269,1.5195,1.7418,,,,,,,,,,,,,,,,,,,,,,,,,0.16921,0.087313,0.25706,0,0.11421,0.033713,0.19682,0.008,,,,,1024,0.59961,0.353,0.4518,0.92676,0.44213,0.21605,0.75372,0.018067,0.39015,-0.11146,0.85755,0.0082028,-0.070488,0.088569,0.88488
main,heat_pilot,tmax,2,51,monsoon_JJAS,all,ecmwf_aifs,source,False,41236,50,-1.6957,1.783,2.1481,1.9332,2.3457,1.783,1.6094,1.9603,,,,,,,,,,,,,,,,,,,,,,,,,0.3066,0.13938,0.47225,0,0.27029,0.12768,0.41706,0,,,,,1024,0.29492,0.022654,0.29292,0.30176,0.28762,0,0.80737,0.017679,0.40325,-0.12197,0.92962,-0.14631,-0.29975,-0.013019,0.02002
main,heat_pilot,tmax,2,51,monsoon_JJAS,all,ncep_gfs,source,False,41236,50,-1.0729,2.047,2.5641,2.3816,2.7615,2.047,1.8987,2.2098,,,,,,,,,,,,,,,,,,,,,,,,,0.72257,0.56076,0.90041,0,0.53431,0.39765,0.68297,0,,,,,1024,0.91797,0.6588,0.3311,2.6904,0.31459,0.096796,0.54607,0.046052,-0.55451,-1.4866,0.27594,-0.11934,-0.42703,0.030851,0.21622
main,heat_pilot,tmax,2,51,monsoon_JJAS,all,ecmwf_ifs_ens,source,True,41236,50,-1.2292,1.551,1.9026,1.7741,2.0351,1.1824,1.0806,1.2926,,,,,,,,,,,,,,,,,,,,,,,,,0.061077,-0.015417,0.14164,0.122,-0.33034,-0.4032,-0.24963,0,,,,,1024,0.44824,0.29601,0.37716,0.63672,0.36876,0.16886,0.70215,0.014654,0.50536,0.063482,0.90537,-0.065167,-0.12461,-0.025463,0.02002
main,heat_pilot,tmax,2,51,monsoon_JJAS,all,equal_mean,baseline,False,41236,50,-1.2701,1.5127,1.8415,1.7115,1.9663,1.5127,1.3938,1.6342,,,,,,,,,,,,,,,,,,,,,,,,,,,,,,,,,,,,,1024,0.53906,0.28774,0.44266,0.75684,0.43393,0.24439,0.82105,0.016854,0.43108,-0.068403,0.92763,,,,
main,heat_pilot,tmax,2,51,monsoon_JJAS,all,superensemble,baseline,False,41236,50,-0.049446,1.3084,1.7591,1.4798,2.0577,1.3084,1.1285,1.5231,,,,,,,,,,,,,,,,,,,,,,,,,-0.082444,-0.32001,0.16053,0.51,-0.20433,-0.40338,-0.0073378,0.034,,,,,1024,0.63281,0.424,0.43171,1.0986,0.42093,0.22598,0.74684,0.020686,0.30174,-0.22193,0.83452,-0.012991,-0.097388,0.067271,0.84484
main,heat_pilot,tmax,2,51,monsoon_JJAS,all,persistence,baseline,False,41236,50,0.12197,1.4305,1.7962,1.6636,1.9154,1.4305,1.3214,1.5394,,,,,,,,,,,,,,,,,,,,,,,,,-0.045334,-0.23679,0.14938,0.634,-0.082231,-0.25034,0.089754,0.326,,,,,1024,0.64648,0.51395,0.38399,1.3301,0.37166,0.030057,0.75642,0.025754,0.13065,-0.51174,0.84563,-0.062262,-0.23455,0.051114,0.37037
main,heat_pilot,tmax,2,51,monsoon_JJAS,all,climatology,baseline,False,41236,50,0.59192,1.609,2.0598,1.7594,2.3743,1.609,1.3833,1.8582,,,,,,,,,,,,,,,,,,,,,,,,,0.21831,-0.13513,0.60045,0.264,0.0963,-0.19023,0.44022,0.576,,,,,1024,0.33105,0.66302,0.20047,0.98242,0.18848,-0.0064536,0.50039,0.032787,-0.10674,-0.46029,0.41582,-0.24544,-0.49043,-0.11388,0.008008
main,heat_pilot,tmax,2,51,postmonsoon_OND,all,ecmwf_ifs_ctrl,source,False,25350,32,-1.588,1.6905,2.0094,1.8763,2.1429,1.6905,1.5599,1.8271,,,,,,,,,,,,,,,,,,,,,,,,,-0.16242,-0.2278,-0.098451,0,-0.23522,-0.30196,-0.16913,0,,,,,0,,,,,,,,0,,,,,,,
main,heat_pilot,tmax,2,51,postmonsoon_OND,all,ecmwf_aifs,source,False,25350,32,-2.7778,2.7833,3.0347,2.7519,3.3372,2.7833,2.5103,3.0912,,,,,,,,,,,,,,,,,,,,,,,,,0.86291,0.62725,1.1029,0,0.85751,0.63247,1.1041,0,,,,,0,,,,,,,,0,,,,,,,
main,heat_pilot,tmax,2,51,postmonsoon_OND,all,ncep_gfs,source,False,25350,32,-1.4747,1.6912,2.0245,1.8085,2.2308,1.6912,1.4928,1.9045,,,,,,,,,,,,,,,,,,,,,,,,,-0.14725,-0.37184,0.056831,0.182,-0.23451,-0.43812,-0.032434,0.03,,,,,0,,,,,,,,0,,,,,,,
main,heat_pilot,tmax,2,51,postmonsoon_OND,all,ecmwf_ifs_ens,source,True,25350,32,-1.6061,1.6885,1.9936,1.8701,2.125,1.4842,1.3541,1.6229,,,,,,,,,,,,,,,,,,,,,,,,,-0.17819,-0.23694,-0.1162,0,-0.44157,-0.49813,-0.38439,0,,,,,0,,,,,,,,0,,,,,,,
main,heat_pilot,tmax,2,51,postmonsoon_OND,all,equal_mean,baseline,False,25350,32,-1.8995,1.9257,2.1718,2.0533,2.2961,1.9257,1.8081,2.0562,,,,,,,,,,,,,,,,,,,,,,,,,,,,,,,,,,,,,0,,,,,,,,0,,,,,,,
main,heat_pilot,tmax,2,51,postmonsoon_OND,all,superensemble,baseline,False,25350,32,-0.37264,0.82999,1.0252,0.94201,1.1039,0.82999,0.76072,0.89865,,,,,,,,,,,,,,,,,,,,,,,,,-1.1465,-1.2298,-1.0493,0,-1.0958,-1.1895,-0.99742,0,,,,,0,,,,,,,,0,,,,,,,
main,heat_pilot,tmax,2,51,postmonsoon_OND,all,persistence,baseline,False,25350,32,0.06676,0.7297,0.94646,0.82497,1.0586,0.7297,0.63649,0.81813,,,,,,,,,,,,,,,,,,,,,,,,,-1.2253,-1.3984,-1.064,0,-1.196,-1.3463,-1.0441,0,,,,,0,,,,,,,,0,,,,,,,
main,heat_pilot,tmax,2,51,postmonsoon_OND,all,climatology,baseline,False,25350,32,0.27691,1.0256,1.262,1.0612,1.4546,1.0256,0.84331,1.208,,,,,,,,,,,,,,,,,,,,,,,,,-0.90977,-1.1426,-0.68305,0,-0.9001,-1.1205,-0.67063,0,,,,,0,,,,,,,,0,,,,,,,
main,heat_pilot,tmax,3,75,all,all,ecmwf_ifs_ctrl,source,False,97006,116,-1.0044,1.5649,1.9473,1.8705,2.0278,1.5649,1.4978,1.6354,,,,,,,,,,,,,,,,,,,,,,,,,0.10692,0.053337,0.16262,0,0.044244,-0.0074849,0.095752,0.096,,,,,8123,0.64225,0.26417,0.52191,0.87283,0.49172,0.37646,0.59034,0.049265,0.27014,-0.10246,0.51531,-0.06389,-0.1166,-0.016825,0.006
main,heat_pilot,tmax,3,75,all,all,ecmwf_aifs,source,False,97006,116,-2.261,2.3113,2.6749,2.5135,2.8311,2.3113,2.1585,2.4652,,,,,,,,,,,,,,,,,,,,,,,,,0.83454,0.68669,0.97523,0,0.79065,0.6423,0.93623,0,,,,,8123,0.31343,0.008567,0.31258,0.31614,0.29394,0.15436,0.42624,0.057718,0.14491,-0.45263,0.53318,-0.26167,-0.33795,-0.17655,0
main,heat_pilot,tmax,3,75,all,all,ncep_gfs,source,False,97006,116,-0.40509,1.9517,2.4464,2.279,2.6025,1.9517,1.8087,2.0854,,,,,,,,,,,,,,,,,,,,,,,,,0.60609,0.44207,0.7636,0,0.43101,0.28326,0.5782,0,,,,,8123,0.95223,0.47912,0.50761,1.8281,0.46386,0.32763,0.59779,0.077346,-0.14587,-0.61925,0.183,-0.091749,-0.1979,0.024798,0.128
main,heat_pilot,tmax,3,75,all,all,ecmwf_ifs_ens,source,True,97006,116,-1.0518,1.5007,1.8503,1.7722,1.9272,1.1987,1.1376,1.262,,,,,,,,,,,,,,,,,,,,,,,,,0.0099423,-0.042886,0.06672,0.718,-0.32198,-0.37184,-0.27057,0,,,,,8123,0.57713,0.21131,0.49984,0.73175,0.47181,0.35392,0.56507,0.038337,0.43204,0.11747,0.62836,-0.083801,-0.13211,-0.042279,0
main,heat_pilot,tmax,3,75,all,all,equal_mean,baseline,False,97006,116,-1.1828,1.5207,1.8403,1.7644,1.9115,1.5207,1.4461,1.5928,,,,,,,,,,,,,,,,,,,,,,,,,,,,,,,,,,,,,8123,0.65099,0.15568,0.58123,0.77102,0.55561,0.42195,0.66515,0.039276,0.41813,0.052477,0.64276,,,,
main,heat_pilot,tmax,3,75,all,all,superensemble,baseline,False,97006,116,-0.071851,1.1347,1.532,1.3844,1.6983,1.1347,1.0411,1.2454,,,,,,,,,,,,,,,,,,,,,,,,,-0.30833,-0.46199,-0.15436,0,-0.38597,-0.50716,-0.26529,0,,,,,8123,0.67771,0.25477,0.55022,0.90939,0.52058,0.37308,0.6423,0.046389,0.31275,-0.082108,0.5732,-0.035026,-0.075392,0.005922,0.11
main,heat_pilot,tmax,3,75,all,all,persistence,baseline,False,97006,116,0.068123,1.4365,1.8735,1.7244,2.0177,1.4365,1.3171,1.5522,,,,,,,,,,,,,,,,,,,,,,,,,0.033209,-0.14441,0.21087,0.71,-0.084139,-0.23973,0.070125,0.256,,,,,8123,0.74997,0.28397,0.57804,1.0474,0.54745,0.40184,0.66803,0.045843,0.32085,-0.059788,0.59554,-0.008159,-0.092229,0.088515,0.938
main,heat_pilot,tmax,3,75,all,all,climatology,baseline,False,97006,116,0.39857,1.6089,2.1501,1.8291,2.4984,1.6089,1.4171,1.8279,,,,,,,,,,,,,,,,,,,,,,,,,0.3098,-0.03915,0.68613,0.084,0.088215,-0.15138,0.33792,0.452,,,,,8123,0.74172,0.54346,0.39392,1.6246,0.34672,0.19003,0.52738,0.095561,-0.41573,-0.54157,-0.26026,-0.20889,-0.32598,-0.072628,0.002
main,heat_pilot,tmax,3,75,winter_JF,all,ecmwf_ifs_ctrl,source,False,9971,13,-0.73957,1.2665,1.5848,1.4241,1.7491,1.2665,1.1237,1.4245,,,,,,,,,,,,,,,,,,,,,,,,,0.14799,0.085988,0.19966,0,0.1016,0.047149,0.14709,0.002,,,,,0,,,,,,,,0,1,1,1,,,,
main,heat_pilot,tmax,3,75,winter_JF,all,ecmwf_aifs,source,False,9971,13,-2.5344,2.5527,2.7874,2.5206,3.0488,2.5527,2.2641,2.8654,,,,,,,,,,,,,,,,,,,,,,,,,1.3505,1.1776,1.5172,0,1.3878,1.1869,1.5898,0,,,,,0,,,,,,,,0,1,1,1,,,,
main,heat_pilot,tmax,3,75,winter_JF,all,ncep_gfs,source,False,9971,13,0.96206,1.3387,1.7334,1.5103,1.9815,1.3387,1.172,1.5394,,,,,,,,,,,,,,,,,,,,,,,,,0.29655,-0.021982,0.60465,0.08,0.17381,-0.10341,0.45799,0.248,,,,,0,,,,,,,,0,1,1,1,,,,
main,heat_pilot,tmax,3,75,winter_JF,all,ecmwf_ifs_ens,source,True,9971,13,-0.73101,1.2483,1.5614,1.4011,1.7162,1.1035,0.96315,1.2565,,,,,,,,,,,,,,,,,,,,,,,,,0.12451,0.064824,0.1704,0,-0.061402,-0.11739,-0.018572,0.004,,,,,0,,,,,,,,0,1,1,1,,,,
main,heat_pilot,tmax,3,75,winter_JF,all,equal_mean,baseline,False,9971,13,-0.76073,1.1649,1.4369,1.3085,1.5668,1.1649,1.0433,1.3002,,,,,,,,,,,,,,,,,,,,,,,,,,,,,,,,,,,,,0,,,,,,,,0,1,1,1,,,,
main,heat_pilot,tmax,3,75,winter_JF,all,superensemble,baseline,False,9971,13,0.55521,0.91802,1.2174,0.96067,1.5067,0.91802,0.75072,1.1467,,,,,,,,,,,,,,,,,,,,,,,,,-0.21945,-0.57811,0.12217,0.24,-0.24687,-0.52851,0.044655,0.098,,,,,0,,,,,,,,0,1,1,1,,,,
main,heat_pilot,tmax,3,75,winter_JF,all,persistence,baseline,False,9971,13,-0.27807,1.3271,1.7333,1.3721,2.0578,1.3271,1.0585,1.6132,,,,,,,,,,,,,,,,,,,,,,,,,0.29641,-0.040689,0.66725,0.108,0.16225,-0.11347,0.48043,0.33,,,,,0,,,,,,,,0,1,1,1,,,,
main,heat_pilot,tmax,3,75,winter_JF,all,climatology,baseline,False,9971,13,-1.1578,1.6506,1.9586,1.5754,2.3097,1.6506,1.2649,2.0396,,,,,,,,,,,,,,,,,,,,,,,,,0.52178,0.081093,0.90976,0.016,0.48572,0.080708,0.8973,0.02,,,,,0,,,,,,,,0,1,1,1,,,,
main,heat_pilot,tmax,3,75,premonsoon_MAM,all,ecmwf_ifs_ctrl,source,False,20280,25,-0.41301,1.4249,1.8281,1.6666,1.9843,1.4249,1.2938,1.5608,,,,,,,,,,,,,,,,,,,,,,,,,0.30654,0.20991,0.40542,0,0.23774,0.16009,0.31794,0,,,,,7099,0.65587,0.23434,0.54622,0.8566,0.39519,0.29704,0.48178,0.19073,0.27379,-0.15625,0.53574,-0.092299,-0.15332,-0.041356,0
main,heat_pilot,tmax,3,75,premonsoon_MAM,all,ecmwf_aifs,source,False,20280,25,-2.471,2.5313,2.9851,2.6887,3.2737,2.5313,2.2305,2.8445,,,,,,,,,,,,,,,,,,,,,,,,,1.4635,1.191,1.728,0,1.3441,1.0792,1.6243,0,,,,,7099,0.32033,0.0095819,0.31934,0.32343,0.23274,0.12898,0.34564,0.239,0.089981,-0.64451,0.52627,-0.25474,-0.31382,-0.1813,0
main,heat_pilot,tmax,3,75,premonsoon_MAM,all,ncep_gfs,source,False,20280,25,1.6644,2.0071,2.4801,2.1803,2.7612,2.0071,1.7586,2.2687,,,,,,,,,,,,,,,,,,,,,,,,,0.9585,0.62916,1.2613,0,0.81994,0.53985,1.1017,0,,,,,7099,0.95788,0.42621,0.55967,1.6694,0.33138,0.21809,0.44976,0.26381,-0.0044567,-0.43483,0.25272,-0.1561,-0.27359,-0.030726,0.006
main,heat_pilot,tmax,3,75,premonsoon_MAM,all,ecmwf_ifs_ens,source,True,20280,25,-0.46075,1.3696,1.7538,1.5877,1.9215,1.0677,0.97253,1.1775,,,,,,,,,,,,,,,,,,,,,,,,,0.23217,0.14248,0.33483,0,-0.1195,-0.18101,-0.060549,0,,,,,7099,0.5998,0.18225,0.52908,0.73348,0.39119,0.29463,0.47307,0.14757,0.43811,0.06695,0.65162,-0.096291,-0.14776,-0.051026,0
main,heat_pilot,tmax,3,75,premonsoon_MAM,all,equal_mean,baseline,False,20280,25,-0.42008,1.1872,1.5216,1.4025,1.6316,1.1872,1.0864,1.2868,,,,,,,,,,,,,,,,,,,,,,,,,,,,,,,,,,,,,7099,0.66756,0.11931,0.61219,0.75799,0.48748,0.36854,0.59074,0.14803,0.43638,0.026043,0.67386,,,,
main,heat_pilot,tmax,3,75,premonsoon_MAM,all,superensemble,baseline,False,20280,25,0.016575,1.3299,1.6863,1.5031,1.8801,1.3299,1.191,1.4845,,,,,,,,,,,,,,,,,,,,,,,,,0.16474,8.0881e-05,0.35672,0.05,0.14275,0.013366,0.29648,0.028,,,,,7099,0.6877,0.22212,0.57483,0.88407,0.42647,0.28161,0.55358,0.17806,0.32204,-0.1243,0.60432,-0.061015,-0.11676,-0.0050045,0.034
main,heat_pilot,tmax,3,75,premonsoon_MAM,all,persistence,baseline,False,20280,25,-0.013066,1.6125,2.1572,1.7564,2.5287,1.6125,1.3218,1.9283,,,,,,,,,,,,,,,,,,,,,,,,,0.63563,0.18634,1.0625,0.006,0.42527,0.089471,0.78035,0.012,,,,,7099,0.7649,0.22229,0.62767,0.98352,0.48107,0.3375,0.61559,0.15883,0.39526,0.026903,0.67005,-0.0064185,-0.12018,0.10949,0.936
main,heat_pilot,tmax,3,75,premonsoon_MAM,all,climatology,baseline,False,20280,25,0.91484,2.3199,3.0978,2.1528,3.9233,2.3199,1.7143,3.0067,,,,,,,,,,,,,,,,,,,,,,,,,1.5762,0.64748,2.356,0,1.1327,0.5174,1.7844,0,,,,,7099,0.80096,0.53359,0.41797,1.7173,0.15194,0.022081,0.33603,0.39043,-0.4866,-0.59119,-0.37102,-0.33555,-0.46877,-0.14594,0
main,heat_pilot,tmax,3,75,monsoon_JJAS,all,ecmwf_ifs_ctrl,source,False,41236,50,-1.0434,1.6599,2.0595,1.9451,2.1728,1.6599,1.5586,1.7649,,,,,,,,,,,,,,,,,,,,,,,,,0.16998,0.087251,0.25765,0,0.097312,0.018853,0.18133,0.022,,,,,1024,0.54785,0.444,0.38111,0.98535,0.3704,0.069225,0.66953,0.022092,0.25426,-0.31415,0.8013,-0.024404,-0.10375,0.013497,0.47247
main,heat_pilot,tmax,3,75,monsoon_JJAS,all,ecmwf_aifs,source,False,41236,50,-1.7875,1.8679,2.2392,2.0267,2.447,1.8679,1.6848,2.0584,,,,,,,,,,,,,,,,,,,,,,,,,0.34964,0.16599,0.53709,0,0.30539,0.14496,0.48734,0,,,,,1024,0.26562,0,0.26562,0.26562,0.26075,0,0.74419,0.018236,0.38442,-0.14403,0.90436,-0.13405,-0.32983,-0.0054974,0.04004
main,heat_pilot,tmax,3,75,monsoon_JJAS,all,ncep_gfs,source,False,41236,50,-1.1673,2.264,2.7993,2.5606,3.0326,2.264,2.06,2.4612,,,,,,,,,,,,,,,,,,,,,,,,,0.90977,0.6962,1.1279,0,0.70141,0.51463,0.8935,0,,,,,1024,0.91309,0.68823,0.30278,2.9287,0.28555,0.082722,0.52265,0.052212,-0.76243,-2.1063,0.23004,-0.10925,-0.40115,0.048741,0.3003
main,heat_pilot,tmax,3,75,monsoon_JJAS,all,ecmwf_ifs_ens,source,True,41236,50,-1.126,1.5494,1.9046,1.783,2.0277,1.1657,1.0704,1.2703,,,,,,,,,,,,,,,,,,,,,,,,,0.01503,-0.06564,0.10394,0.708,-0.39686,-0.47721,-0.31952,0,,,,,1024,0.41992,0.41655,0.32307,0.71973,0.31363,0.017459,0.58829,0.01761,0.40557,-0.069949,0.85764,-0.081173,-0.18965,-0.043661,0
main,heat_pilot,tmax,3,75,monsoon_JJAS,all,equal_mean,baseline,False,41236,50,-1.2642,1.5626,1.8895,1.776,1.9953,1.5626,1.454,1.6637,,,,,,,,,,,,,,,,,,,,,,,,,,,,,,,,,,,,,1024,0.53613,0.37755,0.40457,0.86133,0.3948,0.0765,0.79476,0.019595,0.33858,-0.19941,0.8955,,,,
main,heat_pilot,tmax,3,75,monsoon_JJAS,all,superensemble,baseline,False,41236,50,-0.13697,1.2975,1.7759,1.5092,2.0503,1.2975,1.1225,1.509,,,,,,,,,,,,,,,,,,,,,,,,,-0.11362,-0.37498,0.13728,0.336,-0.26507,-0.45667,-0.066124,0.01,,,,,1024,0.6084,0.43924,0.41204,1.085,0.40111,0.17986,0.73313,0.021559,0.27227,-0.28468,0.86022,0.0063084,-0.064285,0.089702,0.58659
main,heat_pilot,tmax,3,75,monsoon_JJAS,all,persistence,baseline,False,41236,50,0.1816,1.6974,2.0932,1.9271,2.2614,1.6974,1.5599,1.8492,,,,,,,,,,,,,,,,,,,,,,,,,0.20368,0.01313,0.39638,0.036,0.13489,-0.034645,0.31204,0.128,,,,,1024,0.64648,0.56619,0.35064,1.4902,0.33734,0.0043713,0.69717,0.029731,-0.003596,-0.70845,0.7421,-0.057466,-0.17782,0.0052454,0.068068
main,heat_pilot,tmax,3,75,monsoon_JJAS,all,climatology,baseline,False,41236,50,0.59192,1.609,2.0598,1.7594,2.3743,1.609,1.3833,1.8582,,,,,,,,,,,,,,,,,,,,,,,,,0.17029,-0.16811,0.53473,0.372,0.04645,-0.22748,0.36572,0.802,,,,,1024,0.33105,0.66302,0.20047,0.98242,0.18848,-0.0064536,0.50039,0.032787,-0.10674,-0.46029,0.41582,-0.20632,-0.44544,-0.046809,0.006006
main,heat_pilot,tmax,3,75,postmonsoon_OND,all,ecmwf_ifs_ctrl,source,False,25519,32,-1.515,1.6393,1.9806,1.8413,2.1109,1.6393,1.5061,1.7699,,,,,,,,,,,,,,,,,,,,,,,,,-0.13097,-0.19127,-0.067597,0,-0.21769,-0.27579,-0.15743,0,,,,,0,,,,,,,,0,,,,,,,
main,heat_pilot,tmax,3,75,postmonsoon_OND,all,ecmwf_aifs,source,False,25519,32,-2.7526,2.7586,2.9966,2.7316,3.2796,2.7586,2.4963,3.0314,,,,,,,,,,,,,,,,,,,,,,,,,0.88504,0.65649,1.116,0,0.90159,0.663,1.1433,0,,,,,0,,,,,,,,0,,,,,,,
main,heat_pilot,tmax,3,75,postmonsoon_OND,all,ncep_gfs,source,False,25519,32,-1.3523,1.6425,2.0066,1.7806,2.2284,1.6425,1.4421,1.8629,,,,,,,,,,,,,,,,,,,,,,,,,-0.1049,-0.31945,0.1013,0.344,-0.21451,-0.41249,-0.0025204,0.048,,,,,0,,,,,,,,0,,,,,,,
main,heat_pilot,tmax,3,75,postmonsoon_OND,all,ecmwf_ifs_ens,source,True,25519,32,-1.5271,1.6247,1.938,1.8055,2.0652,1.3933,1.267,1.5248,,,,,,,,,,,,,,,,,,,,,,,,,-0.17356,-0.23073,-0.11295,0,-0.46372,-0.51805,-0.40996,0,,,,,0,,,,,,,,0,,,,,,,
main,heat_pilot,tmax,3,75,postmonsoon_OND,all,equal_mean,baseline,False,25519,32,-1.8224,1.857,2.1115,1.9967,2.229,1.857,1.7402,1.9787,,,,,,,,,,,,,,,,,,,,,,,,,,,,,,,,,,,,,0,,,,,,,,0,,,,,,,
main,heat_pilot,tmax,3,75,postmonsoon_OND,all,superensemble,baseline,False,25519,32,-0.2819,0.80113,0.99326,0.91734,1.067,0.80113,0.74174,0.86026,,,,,,,,,,,,,,,,,,,,,,,,,-1.1183,-1.2183,-1.0106,0,-1.0559,-1.16,-0.95129,0,,,,,0,,,,,,,,0,,,,,,,
main,heat_pilot,tmax,3,75,postmonsoon_OND,all,persistence,baseline,False,25519,32,0.084552,0.91782,1.1795,1.0215,1.3336,0.91782,0.79346,1.0503,,,,,,,,,,,,,,,,,,,,,,,,,-0.93206,-1.1214,-0.74294,0,-0.93916,-1.1108,-0.76788,0,,,,,0,,,,,,,,0,,,,,,,
main,heat_pilot,tmax,3,75,postmonsoon_OND,all,climatology,baseline,False,25519,32,0.28398,1.0273,1.2621,1.063,1.454,1.0273,0.84578,1.2084,,,,,,,,,,,,,,,,,,,,,,,,,-0.84946,-1.0692,-0.62366,0,-0.82967,-1.0442,-0.59511,0,,,,,0,,,,,,,,0,,,,,,,
main,heat_pilot,tmax,4,99,all,all,ecmwf_ifs_ctrl,source,False,97006,116,-0.94505,1.589,1.9785,1.8981,2.052,1.589,1.5154,1.659,,,,,,,,,,,,,,,,,,,,,,,,,0.14594,0.085698,0.20784,0,0.078666,0.022539,0.13575,0.014,,,,,7974,0.65977,0.27971,0.52521,0.91598,0.49493,0.36964,0.59986,0.049028,0.27208,-0.10368,0.52027,-0.070887,-0.11787,-0.031146,0
main,heat_pilot,tmax,4,99,all,all,ecmwf_aifs,source,False,97006,116,-2.2338,2.2942,2.6536,2.5064,2.8041,2.2942,2.1457,2.4513,,,,,,,,,,,,,,,,,,,,,,,,,0.82106,0.66518,0.96459,0,0.7839,0.63126,0.93872,0,,,,,7974,0.33534,0.023375,0.33267,0.34337,0.31345,0.16492,0.44624,0.055296,0.17902,-0.39045,0.5513,-0.25238,-0.32687,-0.17044,0
main,heat_pilot,tmax,4,99,all,all,ncep_gfs,source,False,97006,116,-0.32287,2.044,2.5824,2.4051,2.7369,2.044,1.9003,2.1802,,,,,,,,,,,,,,,,,,,,,,,,,0.74984,0.58982,0.90213,0,0.53367,0.39475,0.67176,0,,,,,7974,0.96163,0.50098,0.48928,1.927,0.44451,0.31032,0.57734,0.08251,-0.22504,-0.76069,0.13491,-0.12131,-0.22879,-0.0047162,0.04
main,heat_pilot,tmax,4,99,all,all,ecmwf_ifs_ens,source,True,97006,116,-0.98425,1.4957,1.8472,1.7755,1.9184,1.1701,1.1133,1.2282,,,,,,,,,,,,,,,,,,,,,,,,,0.014705,-0.04115,0.069209,0.578,-0.34018,-0.39177,-0.2931,0,,,,,7974,0.60183,0.22018,0.51442,0.77176,0.48658,0.36831,0.5832,0.037074,0.44956,0.15523,0.63442,-0.079245,-0.13001,-0.033615,0
main,heat_pilot,tmax,4,99,all,all,equal_mean,baseline,False,97006,116,-1.124,1.5103,1.8325,1.7603,1.9016,1.5103,1.4402,1.5812,,,,,,,,,,,,,,,,,,,,,,,,,,,,,,,,,,,,,7974,0.67281,0.17015,0.59125,0.81076,0.56582,0.42557,0.67316,0.038235,0.43233,0.1028,0.64843,,,,
main,heat_pilot,tmax,4,99,all,all,superensemble,baseline,False,97006,116,-0.1005,1.1639,1.5832,1.4082,1.7754,1.1639,1.0568,1.2804,,,,,,,,,,,,,,,,,,,,,,,,,-0.24934,-0.43328,-0.072438,0.006,-0.34644,-0.46918,-0.22363,0,,,,,7974,0.68009,0.24481,0.55723,0.90055,0.52864,0.385,0.64718,0.04442,0.3405,-0.06014,0.60098,-0.037177,-0.072136,0.0023638,0.062
main,heat_pilot,tmax,4,99,all,all,persistence,baseline,False,97006,116,0.092131,1.613,2.0693,1.8958,2.2448,1.613,1.4798,1.7494,,,,,,,,,,,,,,,,,,,,,,,,,0.23679,0.053774,0.43711,0.012,0.10267,-0.059149,0.27856,0.238,,,,,7974,0.71232,0.33239,0.52583,1.067,0.493,0.35093,0.62206,0.052801,0.21606,-0.19658,0.53487,-0.072818,-0.17038,0.030179,0.194
main,heat_pilot,tmax,4,99,all,all,climatology,baseline,False,97006,116,0.40163,1.6091,2.1501,1.8258,2.4913,1.6091,1.4112,1.8316,,,,,,,,,,,,,,,,,,,,,,,,,0.31762,-0.034576,0.67673,0.078,0.098777,-0.13628,0.34895,0.404,,,,,7974,0.73689,0.54897,0.38847,1.6338,0.34188,0.18769,0.52679,0.095355,-0.41574,-0.54158,-0.26024,-0.22395,-0.34006,-0.087899,0
main,heat_pilot,tmax,4,99,winter_JF,all,ecmwf_ifs_ctrl,source,False,9971,13,-0.65855,1.2433,1.5575,1.4094,1.7055,1.2433,1.1148,1.3856,,,,,,,,,,,,,,,,,,,,,,,,,0.18384,0.11263,0.2517,0,0.1352,0.077557,0.19306,0,,,,,0,,,,,,,,0,1,1,1,,,,
main,heat_pilot,tmax,4,99,winter_JF,all,ecmwf_aifs,source,False,9971,13,-2.4867,2.5074,2.7326,2.4899,2.9894,2.5074,2.2415,2.8032,,,,,,,,,,,,,,,,,,,,,,,,,1.3589,1.1679,1.5373,0,1.3994,1.1885,1.6221,0,,,,,0,,,,,,,,0,1,1,1,,,,
main,heat_pilot,tmax,4,99,winter_JF,all,ncep_gfs,source,False,9971,13,1.2786,1.535,1.9552,1.6938,2.2349,1.535,1.3246,1.7892,,,,,,,,,,,,,,,,,,,,,,,,,0.58148,0.24874,0.88058,0,0.42694,0.13875,0.71945,0.002,,,,,0,,,,,,,,0,1,1,1,,,,
main,heat_pilot,tmax,4,99,winter_JF,all,ecmwf_ifs_ens,source,True,9971,13,-0.66425,1.2297,1.5417,1.4036,1.6789,1.0611,0.94183,1.1908,,,,,,,,,,,,,,,,,,,,,,,,,0.16798,0.096606,0.23011,0,-0.046988,-0.10906,0.0067488,0.09,,,,,0,,,,,,,,0,1,1,1,,,,
main,heat_pilot,tmax,4,99,winter_JF,all,equal_mean,baseline,False,9971,13,-0.63272,1.1081,1.3737,1.2668,1.4727,1.1081,1.0028,1.2108,,,,,,,,,,,,,,,,,,,,,,,,,,,,,,,,,,,,,0,,,,,,,,0,1,1,1,,,,
main,heat_pilot,tmax,4,99,winter_JF,all,superensemble,baseline,False,9971,13,0.5679,0.91591,1.2242,0.94661,1.519,0.91591,0.73621,1.1485,,,,,,,,,,,,,,,,,,,,,,,,,-0.14953,-0.48856,0.15916,0.362,-0.19214,-0.45253,0.069281,0.156,,,,,0,,,,,,,,0,1,1,1,,,,
main,heat_pilot,tmax,4,99,winter_JF,all,persistence,baseline,False,9971,13,-0.35962,1.4664,1.8191,1.4969,2.1478,1.4664,1.2198,1.7575,,,,,,,,,,,,,,,,,,,,,,,,,0.44541,0.11856,0.79082,0.006,0.35836,0.099941,0.65963,0.004,,,,,0,,,,,,,,0,1,1,1,,,,
main,heat_pilot,tmax,4,99,winter_JF,all,climatology,baseline,False,9971,13,-1.1578,1.6506,1.9586,1.5754,2.3097,1.6506,1.2649,2.0396,,,,,,,,,,,,,,,,,,,,,,,,,0.58493,0.15407,0.97104,0.006,0.54256,0.14397,0.94437,0.01,,,,,0,,,,,,,,0,1,1,1,,,,
main,heat_pilot,tmax,4,99,premonsoon_MAM,all,ecmwf_ifs_ctrl,source,False,20111,25,-0.24771,1.4268,1.8437,1.6683,2.0084,1.4268,1.2923,1.5614,,,,,,,,,,,,,,,,,,,,,,,,,0.3367,0.22196,0.44745,0,0.25361,0.17038,0.33639,0,,,,,6950,0.6823,0.24285,0.55979,0.90115,0.40872,0.30008,0.49585,0.18542,0.29802,-0.12956,0.54953,-0.09503,-0.15032,-0.048001,0
main,heat_pilot,tmax,4,99,premonsoon_MAM,all,ecmwf_aifs,source,False,20111,25,-2.4273,2.5071,2.9703,2.6777,3.2601,2.5071,2.202,2.8287,,,,,,,,,,,,,,,,,,,,,,,,,1.4633,1.1883,1.7324,0,1.3339,1.0458,1.6348,0,,,,,6950,0.35367,0.025377,0.35044,0.36288,0.25828,0.14271,0.38641,0.22654,0.14233,-0.54472,0.57346,-0.24547,-0.30618,-0.16674,0
main,heat_pilot,tmax,4,99,premonsoon_MAM,all,ncep_gfs,source,False,20111,25,1.7921,2.1291,2.6136,2.3425,2.8967,2.1291,1.8958,2.3832,,,,,,,,,,,,,,,,,,,,,,,,,1.1065,0.81835,1.3926,0,0.9559,0.70634,1.2107,0,,,,,6950,0.97022,0.44711,0.54366,1.7548,0.30877,0.20437,0.42257,0.28144,-0.065496,-0.59821,0.24468,-0.19498,-0.30662,-0.07586,0
main,heat_pilot,tmax,4,99,premonsoon_MAM,all,ecmwf_ifs_ens,source,True,20111,25,-0.30299,1.3666,1.7617,1.5981,1.9186,1.0534,0.96857,1.1425,,,,,,,,,,,,,,,,,,,,,,,,,0.25471,0.15847,0.34864,0,-0.11982,-0.16481,-0.06998,0,,,,,6950,0.63295,0.19373,0.54939,0.78504,0.4106,0.30949,0.493,0.14289,0.45903,0.12717,0.64497,-0.093144,-0.155,-0.043091,0
main,heat_pilot,tmax,4,99,premonsoon_MAM,all,equal_mean,baseline,False,20111,25,-0.29649,1.1732,1.507,1.4037,1.6032,1.1732,1.0923,1.2513,,,,,,,,,,,,,,,,,,,,,,,,,,,,,,,,,,,,,6950,0.69597,0.13424,0.62818,0.80388,0.50375,0.37726,0.60499,0.14236,0.46104,0.090134,0.68728,,,,
main,heat_pilot,tmax,4,99,premonsoon_MAM,all,superensemble,baseline,False,20111,25,-0.02415,1.3141,1.6812,1.516,1.8611,1.3141,1.1915,1.4513,,,,,,,,,,,,,,,,,,,,,,,,,0.17415,0.047528,0.34587,0.006,0.14091,0.038593,0.27112,0.004,,,,,6950,0.69237,0.20816,0.58576,0.87439,0.44349,0.29856,0.57149,0.16921,0.35938,-0.070877,0.63353,-0.060257,-0.1038,-0.014175,0.016
main,heat_pilot,tmax,4,99,premonsoon_MAM,all,persistence,baseline,False,20111,25,-0.027887,1.8547,2.402,1.9289,2.8483,1.8547,1.518,2.2059,,,,,,,,,,,,,,,,,,,,,,,,,0.89497,0.41064,1.3445,0,0.68152,0.32339,1.0482,0,,,,,6950,0.71137,0.27582,0.55972,0.9823,0.39926,0.24991,0.55222,0.19338,0.2679,-0.18751,0.58907,-0.10448,-0.22314,0.015666,0.104
main,heat_pilot,tmax,4,99,premonsoon_MAM,all,climatology,baseline,False,20111,25,0.9261,2.3325,3.1092,2.1582,3.9376,2.3325,1.7276,3.0196,,,,,,,,,,,,,,,,,,,,,,,,,1.6022,0.68098,2.3899,0,1.1594,0.56083,1.809,0,,,,,6950,0.79669,0.53943,0.41213,1.7298,0.14896,0.019699,0.3349,0.39272,-0.4868,-0.59171,-0.37089,-0.35479,-0.49396,-0.16731,0
main,heat_pilot,tmax,4,99,monsoon_JJAS,all,ecmwf_ifs_ctrl,source,False,41236,50,-1.0264,1.7347,2.1306,2.0158,2.2302,1.7347,1.6271,1.8319,,,,,,,,,,,,,,,,,,,,,,,,,0.21382,0.11964,0.30421,0,0.14595,0.054423,0.23299,0.002,,,,,1024,0.50684,0.50144,0.33571,1.0166,0.32441,0.055333,0.60961,0.024905,0.1593,-0.47953,0.7787,-0.049943,-0.10703,-0.00040075,0.04004
main,heat_pilot,tmax,4,99,monsoon_JJAS,all,ecmwf_aifs,source,False,41236,50,-1.791,1.8851,2.2572,2.0356,2.4642,1.8851,1.6988,2.0821,,,,,,,,,,,,,,,,,,,,,,,,,0.34033,0.14095,0.53989,0,0.29629,0.12374,0.47952,0,,,,,1024,0.21094,0,0.21094,0.21094,0.20678,0,0.60946,0.019595,0.33858,-0.23057,0.86171,-0.16757,-0.31863,-0.041688,0.014014
main,heat_pilot,tmax,4,99,monsoon_JJAS,all,ncep_gfs,source,False,41236,50,-1.1434,2.3924,2.9836,2.7499,3.1923,2.3924,2.1893,2.5834,,,,,,,,,,,,,,,,,,,,,,,,,1.0668,0.87352,1.2562,0,0.80358,0.63081,0.98283,0,,,,,1024,0.90332,0.7082,0.28296,3.0957,0.26527,0.074012,0.48518,0.056844,-0.91878,-2.3427,0.012289,-0.10908,-0.4123,0.06681,0.34635
main,heat_pilot,tmax,4,99,monsoon_JJAS,all,ecmwf_ifs_ens,source,True,41236,50,-1.0797,1.5581,1.9072,1.7846,2.0236,1.1503,1.0592,1.2497,,,,,,,,,,,,,,,,,,,,,,,,,-0.0095803,-0.084488,0.06995,0.806,-0.4385,-0.50512,-0.37037,0,,,,,1024,0.39062,0.42693,0.30257,0.68164,0.29331,0.10433,0.56687,0.017526,0.40841,-0.073095,0.85507,-0.081045,-0.15814,0.019338,0.094094
main,heat_pilot,tmax,4,99,monsoon_JJAS,all,equal_mean,baseline,False,41236,50,-1.2459,1.5888,1.9168,1.8081,2.0126,1.5888,1.4834,1.6873,,,,,,,,,,,,,,,,,,,,,,,,,,,,,,,,,,,,,1024,0.51562,0.39863,0.38428,0.85742,0.37435,0.097138,0.70841,0.020516,0.30747,-0.24485,0.81871,,,,
main,heat_pilot,tmax,4,99,monsoon_JJAS,all,superensemble,baseline,False,41236,50,-0.18132,1.3735,1.8798,1.5603,2.1936,1.3735,1.1658,1.5954,,,,,,,,,,,,,,,,,,,,,,,,,-0.036994,-0.35498,0.26904,0.78,-0.21524,-0.43778,0.0083593,0.064,,,,,1024,0.59668,0.44656,0.40277,1.0781,0.39178,0.15084,0.67968,0.021971,0.25835,-0.24916,0.79711,0.017425,-0.080179,0.067511,0.47648
main,heat_pilot,tmax,4,99,monsoon_JJAS,all,persistence,baseline,False,41236,50,0.24492,1.8774,2.3049,2.1172,2.5138,1.8774,1.7162,2.0666,,,,,,,,,,,,,,,,,,,,,,,,,0.3881,0.18444,0.60327,0,0.28858,0.090648,0.4866,0.002,,,,,1024,0.71875,0.56217,0.37379,1.6416,0.36023,-0.001027,0.64212,0.029901,-0.0093262,-0.83477,0.70892,-0.014121,-0.17345,0.10124,0.9009
main,heat_pilot,tmax,4,99,monsoon_JJAS,all,climatology,baseline,False,41236,50,0.59192,1.609,2.0598,1.7594,2.3743,1.609,1.3833,1.8582,,,,,,,,,,,,,,,,,,,,,,,,,0.14299,-0.17928,0.48743,0.47,0.020219,-0.24961,0.33256,0.948,,,,,1024,0.33105,0.66302,0.20047,0.98242,0.18848,-0.0064536,0.50039,0.032787,-0.10674,-0.46029,0.41582,-0.18587,-0.38323,-0.021286,0.026026
main,heat_pilot,tmax,4,99,postmonsoon_OND,all,ecmwf_ifs_ctrl,source,False,25688,32,-1.4715,1.6162,1.9727,1.8224,2.1167,1.6162,1.4806,1.7687,,,,,,,,,,,,,,,,,,,,,,,,,-0.094421,-0.16545,-0.021976,0.006,-0.18825,-0.2488,-0.12477,0,,,,,0,,,,,,,,0,,,,,,,
main,heat_pilot,tmax,4,99,postmonsoon_OND,all,ecmwf_aifs,source,False,25688,32,-2.6948,2.7016,2.9337,2.6791,3.1902,2.7016,2.4493,2.9695,,,,,,,,,,,,,,,,,,,,,,,,,0.86665,0.61327,1.089,0,0.89715,0.64235,1.135,0,,,,,0,,,,,,,,0,,,,,,,
main,heat_pilot,tmax,4,99,postmonsoon_OND,all,ncep_gfs,source,False,25688,32,-1.2832,1.6157,2.0153,1.7538,2.2934,1.6157,1.3975,1.8554,,,,,,,,,,,,,,,,,,,,,,,,,-0.051827,-0.28844,0.1936,0.658,-0.18876,-0.38349,0.02011,0.068,,,,,0,,,,,,,,0,,,,,,,
main,heat_pilot,tmax,4,99,postmonsoon_OND,all,ecmwf_ifs_ens,source,True,25688,32,-1.4886,1.5997,1.922,1.7868,2.0556,1.3358,1.2104,1.4737,,,,,,,,,,,,,,,,,,,,,,,,,-0.14509,-0.20997,-0.077663,0,-0.46868,-0.5163,-0.411,0,,,,,0,,,,,,,,0,,,,,,,
main,heat_pilot,tmax,4,99,postmonsoon_OND,all,equal_mean,baseline,False,25688,32,-1.7668,1.8045,2.0671,1.9483,2.1822,1.8045,1.6778,1.9332,,,,,,,,,,,,,,,,,,,,,,,,,,,,,,,,,,,,,0,,,,,,,,0,,,,,,,
main,heat_pilot,tmax,4,99,postmonsoon_OND,all,superensemble,baseline,False,25688,32,-0.28998,0.80598,0.99912,0.92806,1.0721,0.80598,0.75198,0.86272,,,,,,,,,,,,,,,,,,,,,,,,,-1.068,-1.1775,-0.95342,0,-0.99847,-1.1136,-0.8883,0,,,,,0,,,,,,,,0,,,,,,,
main,heat_pilot,tmax,4,99,postmonsoon_OND,all,persistence,baseline,False,25688,32,0.11618,1.0563,1.3568,1.1561,1.5488,1.0563,0.89288,1.2352,,,,,,,,,,,,,,,,,,,,,,,,,-0.71034,-0.93488,-0.50948,0,-0.74819,-0.94334,-0.54285,0,,,,,0,,,,,,,,0,,,,,,,
main,heat_pilot,tmax,4,99,postmonsoon_OND,all,climatology,baseline,False,25688,32,0.29087,1.0268,1.2609,1.0507,1.4681,1.0268,0.84123,1.2297,,,,,,,,,,,,,,,,,,,,,,,,,-0.80617,-1.0343,-0.58481,0,-0.7777,-0.99672,-0.55615,0,,,,,0,,,,,,,,0,,,,,,,
main,heat_pilot,tmax,5,123,all,all,ecmwf_ifs_ctrl,source,False,97006,116,-0.8608,1.5809,1.9824,1.8957,2.0625,1.5809,1.5064,1.6542,,,,,,,,,,,,,,,,,,,,,,,,,0.15954,0.094268,0.22232,0,0.084475,0.025958,0.14182,0.01,,,,,7805,0.68495,0.32226,0.51667,1.0106,0.48509,0.36017,0.58954,0.051554,0.23366,-0.14096,0.4746,-0.064762,-0.11369,-0.021969,0.002
main,heat_pilot,tmax,5,123,all,all,ecmwf_aifs,source,False,97006,116,-2.1894,2.2617,2.625,2.4863,2.765,2.2617,2.1171,2.4114,,,,,,,,,,,,,,,,,,,,,,,,,0.80218,0.64936,0.95147,0,0.7652,0.6151,0.91755,0,,,,,7805,0.34106,0.02953,0.33756,0.35144,0.31849,0.16408,0.45894,0.053852,0.19949,-0.38453,0.55344,-0.23136,-0.31333,-0.14108,0
main,heat_pilot,tmax,5,123,all,all,ncep_gfs,source,False,97006,116,-0.2841,2.1313,2.6922,2.511,2.8554,2.1313,1.9803,2.2729,,,,,,,,,,,,,,,,,,,,,,,,,0.86937,0.71775,1.0214,0,0.63484,0.49592,0.77414,0,,,,,7805,0.95272,0.52358,0.46542,1.9997,0.41982,0.28999,0.55617,0.088046,-0.30879,-0.91807,0.11238,-0.13003,-0.22747,-0.021087,0.018
main,heat_pilot,tmax,5,123,all,all,ecmwf_ifs_ens,source,True,97006,116,-0.90737,1.4729,1.8222,1.7469,1.8972,1.1346,1.078,1.1934,,,,,,,,,,,,,,,,,,,,,,,,,-0.00062081,-0.054914,0.049824,0.994,-0.36185,-0.41227,-0.31241,0,,,,,7805,0.62896,0.26158,0.51435,0.85176,0.48552,0.36884,0.57825,0.036975,0.45036,0.1617,0.63195,-0.06433,-0.10586,-0.029123,0
main,heat_pilot,tmax,5,123,all,all,equal_mean,baseline,False,97006,116,-1.0646,1.4965,1.8228,1.7464,1.9027,1.4965,1.4237,1.5734,,,,,,,,,,,,,,,,,,,,,,,,,,,,,,,,,,,,,7805,0.68161,0.21138,0.57632,0.86432,0.54985,0.41811,0.6576,0.040317,0.40069,0.054193,0.62009,,,,
main,heat_pilot,tmax,5,123,all,all,superensemble,baseline,False,97006,116,-0.14031,1.2008,1.6346,1.4542,1.8292,1.2008,1.0902,1.3258,,,,,,,,,,,,,,,,,,,,,,,,,-0.18823,-0.37949,0.0028051,0.054,-0.29566,-0.42137,-0.16865,0,,,,,7805,0.63921,0.27433,0.51481,0.88085,0.48544,0.35544,0.5953,0.048471,0.27948,-0.15361,0.56883,-0.064414,-0.10316,-0.020737,0.01
main,heat_pilot,tmax,5,123,all,all,persistence,baseline,False,97006,116,0.11494,1.7154,2.1979,2.0157,2.3645,1.7154,1.5735,1.8612,,,,,,,,,,,,,,,,,,,,,,,,,0.37511,0.17259,0.56423,0,0.21888,0.05239,0.39119,0.01,,,,,7805,0.66432,0.39057,0.46594,1.0901,0.43094,0.29257,0.56156,0.061264,0.089314,-0.36076,0.43339,-0.11891,-0.2162,-0.002179,0.046
main,heat_pilot,tmax,5,123,all,all,climatology,baseline,False,97006,116,0.40356,1.6079,2.1496,1.8262,2.4923,1.6079,1.4089,1.8302,,,,,,,,,,,,,,,,,,,,,,,,,0.32675,-0.025634,0.67901,0.074,0.11147,-0.12838,0.35445,0.338,,,,,7805,0.7312,0.55619,0.38156,1.6475,0.3356,0.18411,0.51955,0.095355,-0.41744,-0.543,-0.26086,-0.21425,-0.32716,-0.079068,0.002
main,heat_pilot,tmax,5,123,winter_JF,all,ecmwf_ifs_ctrl,source,False,9971,13,-0.56835,1.2741,1.6017,1.4348,1.7612,1.2741,1.1339,1.421,,,,,,,,,,,,,,,,,,,,,,,,,0.24394,0.14773,0.32427,0,0.18269,0.10641,0.25609,0,,,,,0,,,,,,,,0,1,1,1,,,,
main,heat_pilot,tmax,5,123,winter_JF,all,ecmwf_aifs,source,False,9971,13,-2.4192,2.4405,2.6671,2.4197,2.9317,2.4405,2.178,2.7459,,,,,,,,,,,,,,,,,,,,,,,,,1.3093,1.076,1.5294,0,1.3492,1.0995,1.6006,0,,,,,0,,,,,,,,0,1,1,1,,,,
main,heat_pilot,tmax,5,123,winter_JF,all,ncep_gfs,source,False,9971,13,1.4511,1.682,2.1289,1.8111,2.4057,1.682,1.4212,1.9421,,,,,,,,,,,,,,,,,,,,,,,,,0.77113,0.42278,1.0604,0,0.59068,0.27246,0.88471,0,,,,,0,,1,0,,0,0,0,0.00010029,-1421.5,-3066,1,,,,
main,heat_pilot,tmax,5,123,winter_JF,all,ecmwf_ifs_ens,source,True,9971,13,-0.5747,1.2356,1.5543,1.404,1.7066,1.0445,0.92804,1.1741,,,,,,,,,,,,,,,,,,,,,,,,,0.1965,0.11425,0.27122,0,-0.046852,-0.11118,0.015582,0.136,,,,,0,,,,,,,,0,1,1,1,,,,
main,heat_pilot,tmax,5,123,winter_JF,all,equal_mean,baseline,False,9971,13,-0.52778,1.0914,1.3578,1.2477,1.4618,1.0914,0.9914,1.1923,,,,,,,,,,,,,,,,,,,,,,,,,,,,,,,,,,,,,0,,,,,,,,0,1,1,1,,,,
main,heat_pilot,tmax,5,123,winter_JF,all,superensemble,baseline,False,9971,13,0.55778,0.9147,1.2223,0.94996,1.5171,0.9147,0.73342,1.1477,,,,,,,,,,,,,,,,,,,,,,,,,-0.13546,-0.44058,0.13323,0.364,-0.17667,-0.39971,0.050709,0.124,,,,,0,,,,,,,,0,1,1,1,,,,
main,heat_pilot,tmax,5,123,winter_JF,all,persistence,baseline,False,9971,13,-0.43493,1.4588,1.8323,1.5076,2.2075,1.4588,1.1951,1.8072,,,,,,,,,,,,,,,,,,,,,,,,,0.47448,0.13855,0.82722,0.004,0.36738,0.10416,0.68893,0.004,,,,,0,,,,,,,,0,1,1,1,,,,
main,heat_pilot,tmax,5,123,winter_JF,all,climatology,baseline,False,9971,13,-1.1578,1.6506,1.9586,1.5754,2.3097,1.6506,1.2649,2.0396,,,,,,,,,,,,,,,,,,,,,,,,,0.60084,0.17354,0.97362,0.006,0.55925,0.16376,0.96489,0.008,,,,,0,,,,,,,,0,1,1,1,,,,
main,heat_pilot,tmax,5,123,premonsoon_MAM,all,ecmwf_ifs_ctrl,source,False,19942,25,-0.054044,1.455,1.8697,1.6942,2.038,1.455,1.316,1.5987,,,,,,,,,,,,,,,,,,,,,,,,,0.35301,0.25823,0.45249,0,0.26013,0.18574,0.34054,0,,,,,6781,0.70462,0.29057,0.54681,0.99322,0.38584,0.28385,0.47881,0.19858,0.25343,-0.13983,0.49521,-0.090617,-0.14613,-0.03922,0
main,heat_pilot,tmax,5,123,premonsoon_MAM,all,ecmwf_aifs,source,False,19942,25,-2.3795,2.4848,2.9304,2.652,3.204,2.4848,2.1879,2.7982,,,,,,,,,,,,,,,,,,,,,,,,,1.4138,1.1224,1.7036,0,1.2899,0.98337,1.6097,0,,,,,6781,0.35983,0.03213,0.35558,0.37177,0.26359,0.14565,0.39404,0.22174,0.16633,-0.49096,0.5767,-0.21287,-0.2762,-0.12126,0
main,heat_pilot,tmax,5,123,premonsoon_MAM,all,ncep_gfs,source,False,19942,25,1.9193,2.2804,2.7897,2.5021,3.0742,2.2804,2.0387,2.5456,,,,,,,,,,,,,,,,,,,,,,,,,1.2731,1.0002,1.5507,0,1.0855,0.84931,1.3395,0,,,,,6781,0.96195,0.46794,0.52109,1.808,0.28196,0.17596,0.38765,0.30062,-0.13023,-0.74549,0.22354,-0.1945,-0.29418,-0.083641,0
main,heat_pilot,tmax,5,123,premonsoon_MAM,all,ecmwf_ifs_ens,source,True,19942,25,-0.12898,1.3491,1.7199,1.5552,1.884,1.0211,0.93804,1.1053,,,,,,,,,,,,,,,,,,,,,,,,,0.20327,0.12497,0.29055,0,-0.17372,-0.22559,-0.12471,0,,,,,6781,0.66347,0.23952,0.54879,0.87244,0.40207,0.30671,0.47986,0.14358,0.46019,0.15377,0.64155,-0.074389,-0.12144,-0.038143,0
main,heat_pilot,tmax,5,123,premonsoon_MAM,all,equal_mean,baseline,False,19942,25,-0.16081,1.1949,1.5167,1.3982,1.6309,1.1949,1.101,1.2922,,,,,,,,,,,,,,,,,,,,,,,,,,,,,,,,,,,,,6781,0.70447,0.18202,0.609,0.86123,0.47646,0.35965,0.57502,0.1538,0.42178,0.053054,0.65438,,,,
main,heat_pilot,tmax,5,123,premonsoon_MAM,all,superensemble,baseline,False,19942,25,-0.1108,1.3719,1.7748,1.5127,2.0659,1.3719,1.1976,1.584,,,,,,,,,,,,,,,,,,,,,,,,,0.25816,0.065487,0.48745,0,0.177,0.059163,0.32708,0.002,,,,,6781,0.65536,0.21884,0.5537,0.83896,0.41197,0.2829,0.52643,0.17962,0.32469,-0.15779,0.62431,-0.064489,-0.10714,-0.013831,0.016
main,heat_pilot,tmax,5,123,premonsoon_MAM,all,persistence,baseline,False,19942,25,-0.031356,2.0777,2.6099,2.1961,2.975,2.0777,1.7651,2.3846,,,,,,,,,,,,,,,,,,,,,,,,,1.0932,0.67649,1.4484,0,0.88279,0.55592,1.1906,0,,,,,6781,0.65241,0.33554,0.49074,0.98186,0.31996,0.1753,0.47552,0.23022,0.13447,-0.36425,0.5058,-0.1565,-0.27319,-0.0073394,0.046
main,heat_pilot,tmax,5,123,premonsoon_MAM,all,climatology,baseline,False,19942,25,0.94594,2.3403,3.1192,2.1627,3.9535,2.3403,1.7304,3.0283,,,,,,,,,,,,,,,,,,,,,,,,,1.6026,0.7171,2.3665,0,1.1455,0.56688,1.7858,0,,,,,6781,0.79162,0.54712,0.40464,1.748,0.14483,0.016395,0.33038,0.39605,-0.489,-0.59191,-0.37479,-0.33163,-0.46503,-0.15037,0
main,heat_pilot,tmax,5,123,monsoon_JJAS,all,ecmwf_ifs_ctrl,source,False,41236,50,-0.96507,1.7021,2.1121,1.9928,2.2275,1.7021,1.5915,1.8094,,,,,,,,,,,,,,,,,,,,,,,,,0.20778,0.10776,0.31043,0,0.13369,0.037249,0.22473,0.006,,,,,1024,0.55469,0.50737,0.35301,1.126,0.34129,0.091877,0.61018,0.025245,0.14784,-0.5181,0.77998,-0.040167,-0.13015,0.0070166,0.15816
main,heat_pilot,tmax,5,123,monsoon_JJAS,all,ecmwf_aifs,source,False,41236,50,-1.7567,1.8671,2.2664,2.0388,2.4835,1.8671,1.6785,2.0716,,,,,,,,,,,,,,,,,,,,,,,,,0.3621,0.13936,0.57998,0,0.29862,0.10725,0.49494,0,,,,,1024,0.2168,0,0.2168,0.2168,0.21256,0,0.63237,0.019449,0.34349,-0.2198,0.86915,-0.1689,-0.35293,-0.035118,0.01001
main,heat_pilot,tmax,5,123,monsoon_JJAS,all,ncep_gfs,source,False,41236,50,-1.1451,2.4728,3.0707,2.8219,3.3145,2.4728,2.2583,2.7055,,,,,,,,,,,,,,,,,,,,,,,,,1.1664,0.96784,1.3708,0,0.90431,0.72568,1.0942,0,,,,,1024,0.8916,0.72722,0.26403,3.2686,0.2459,0.06469,0.47083,0.061718,-1.0833,-2.5719,-0.040453,-0.13556,-0.41091,0.038509,0.16817
main,heat_pilot,tmax,5,123,monsoon_JJAS,all,ecmwf_ifs_ens,source,True,41236,50,-1.0314,1.5284,1.8797,1.7564,2.0021,1.1189,1.0267,1.2187,,,,,,,,,,,,,,,,,,,,,,,,,-0.024577,-0.10294,0.058262,0.582,-0.44959,-0.52644,-0.37914,0,,,,,1024,0.40039,0.43989,0.30461,0.71484,0.29509,0.096459,0.58233,0.017547,0.4077,-0.083338,0.85092,-0.086373,-0.15807,-0.01108,0.02002
main,heat_pilot,tmax,5,123,monsoon_JJAS,all,equal_mean,baseline,False,41236,50,-1.2158,1.5685,1.9043,1.7858,2.0103,1.5685,1.4584,1.6735,,,,,,,,,,,,,,,,,,,,,,,,,,,,,,,,,,,,,1024,0.53027,0.40066,0.39149,0.88477,0.38146,0.10769,0.73849,0.020468,0.30911,-0.27572,0.83395,,,,
main,heat_pilot,tmax,5,123,monsoon_JJAS,all,superensemble,baseline,False,41236,50,-0.21168,1.4177,1.9318,1.6299,2.2482,1.4177,1.2174,1.6443,,,,,,,,,,,,,,,,,,,,,,,,,0.02747,-0.30255,0.33992,0.854,-0.15076,-0.39378,0.084613,0.222,,,,,1024,0.53223,0.54047,0.32733,1.1582,0.31521,0.11839,0.60102,0.027161,0.083175,-0.59028,0.73819,-0.066245,-0.19533,0.037211,0.2983
main,heat_pilot,tmax,5,123,monsoon_JJAS,all,persistence,baseline,False,41236,50,0.31583,1.9281,2.4138,2.1767,2.6759,1.9281,1.7314,2.1596,,,,,,,,,,,,,,,,,,,,,,,,,0.50954,0.24105,0.78514,0,0.35962,0.12771,0.61577,0,,,,,1024,0.74316,0.58865,0.36015,1.8066,0.34593,0.0018959,0.62056,0.032787,-0.10674,-0.92263,0.57909,-0.035528,-0.20666,0.065153,0.5966
main,heat_pilot,tmax,5,123,monsoon_JJAS,all,climatology,baseline,False,41236,50,0.59192,1.609,2.0598,1.7594,2.3743,1.609,1.3833,1.8582,,,,,,,,,,,,,,,,,,,,,,,,,0.15554,-0.18145,0.5198,0.44,0.040545,-0.23496,0.36164,0.836,,,,,1024,0.33105,0.66302,0.20047,0.98242,0.18848,-0.0064536,0.50039,0.032787,-0.10674,-0.46029,0.41582,-0.19297,-0.4064,-0.022209,0.012012
main,heat_pilot,tmax,5,123,postmonsoon_OND,all,ecmwf_ifs_ctrl,source,False,25857,32,-1.4295,1.6031,1.9859,1.8093,2.1433,1.6031,1.4455,1.7605,,,,,,,,,,,,,,,,,,,,,,,,,-0.06286,-0.14592,0.022738,0.138,-0.16736,-0.23561,-0.094845,0,,,,,0,,,,,,,,0,,,,,,,
main,heat_pilot,tmax,5,123,postmonsoon_OND,all,ecmwf_aifs,source,False,25857,32,-2.6441,2.6499,2.8799,2.6514,3.12,2.6499,2.4174,2.8947,,,,,,,,,,,,,,,,,,,,,,,,,0.83112,0.56935,1.0642,0,0.87943,0.61566,1.1204,0,,,,,0,,,,,,,,0,,,,,,,
main,heat_pilot,tmax,5,123,postmonsoon_OND,all,ncep_gfs,source,False,25857,32,-1.2795,1.645,2.0985,1.789,2.4435,1.645,1.396,1.9217,,,,,,,,,,,,,,,,,,,,,,,,,0.049746,-0.19841,0.32248,0.738,-0.12547,-0.3285,0.098729,0.228,,,,,0,,,,,,,,0,,,,,,,
main,heat_pilot,tmax,5,123,postmonsoon_OND,all,ecmwf_ifs_ens,source,True,25857,32,-1.4381,1.5715,1.8998,1.733,2.0479,1.282,1.1488,1.4292,,,,,,,,,,,,,,,,,,,,,,,,,-0.14897,-0.20745,-0.086388,0,-0.48851,-0.54123,-0.43394,0,,,,,0,,,,,,,,0,,,,,,,
main,heat_pilot,tmax,5,123,postmonsoon_OND,all,equal_mean,baseline,False,25857,32,-1.7275,1.7705,2.0488,1.9032,2.1805,1.7705,1.6277,1.9131,,,,,,,,,,,,,,,,,,,,,,,,,,,,,,,,,,,,,0,,,,,,,,0,,,,,,,
main,heat_pilot,tmax,5,123,postmonsoon_OND,all,superensemble,baseline,False,25857,32,-0.31846,0.83336,1.0332,0.9651,1.1012,0.83336,0.78073,0.89013,,,,,,,,,,,,,,,,,,,,,,,,,-1.0156,-1.1383,-0.89256,0,-0.93715,-1.0642,-0.81518,0,,,,,0,,,,,,,,0,,,,,,,
main,heat_pilot,tmax,5,123,postmonsoon_OND,all,persistence,baseline,False,25857,32,0.11944,1.1956,1.5113,1.2829,1.7369,1.1956,1.0061,1.4071,,,,,,,,,,,,,,,,,,,,,,,,,-0.53748,-0.79229,-0.30752,0,-0.57486,-0.79233,-0.35235,0,,,,,0,,,,,,,,0,,,,,,,
main,heat_pilot,tmax,5,123,postmonsoon_OND,all,climatology,baseline,False,25857,32,0.28696,1.025,1.2593,1.0524,1.4584,1.025,0.84317,1.2227,,,,,,,,,,,,,,,,,,,,,,,,,-0.78954,-1.0343,-0.55541,0,-0.74555,-0.9751,-0.51452,0,,,,,0,,,,,,,,0,,,,,,,
late,heat_pilot,tmax,1,27,all,all,ecmwf_ifs_ctrl,source,False,24843,31,-1.2313,1.4938,1.8125,1.6884,1.9326,1.4938,1.3741,1.6189,,,,,,,,,,,,,,,,,,,,,,,,,-0.051615,-0.14294,0.048856,0.338,-0.058898,-0.15389,0.036025,0.264,,,,,0,,,,,,,,0,1,1,1,,,,
late,heat_pilot,tmax,1,27,all,all,ecmwf_aifs,source,False,24843,31,-1.6949,1.7832,2.1779,1.8472,2.5101,1.7832,1.4934,2.1122,,,,,,,,,,,,,,,,,,,,,,,,,0.31374,0.13254,0.4949,0,0.2305,0.087879,0.39571,0,,,,,0,,,,,,,,0,1,1,1,,,,
late,heat_pilot,tmax,1,27,all,all,ncep_gfs,source,False,24843,31,-1.3409,1.6243,1.9783,1.7922,2.1597,1.6243,1.4624,1.7972,,,,,,,,,,,,,,,,,,,,,,,,,0.11413,-0.10029,0.30358,0.3,0.071593,-0.12293,0.24197,0.434,,,,,0,,,,,,,,0,1,1,1,,,,
late,heat_pilot,tmax,1,27,all,all,ecmwf_ifs_ens,source,True,24843,31,-1.3145,1.4877,1.7883,1.6663,1.914,1.2478,1.1045,1.4021,,,,,,,,,,,,,,,,,,,,,,,,,-0.075777,-0.16675,0.029514,0.15,-0.30491,-0.37775,-0.22382,0,,,,,0,,,,,,,,0,1,1,1,,,,
late,heat_pilot,tmax,1,27,all,all,ecmwf_aifs_ens,source,True,24843,31,-1.7104,1.7735,2.1525,1.8546,2.4537,1.428,1.1783,1.7045,,,,,,,,,,,,,,,,,,,,,,,,,0.28842,0.14714,0.4332,0,-0.12474,-0.22241,-0.014117,0.024,,,,,0,,,,,,,,0,1,1,1,,,,
late,heat_pilot,tmax,1,27,all,all,equal_mean,baseline,False,24843,31,-1.4584,1.5527,1.8641,1.6732,2.0527,1.5527,1.3619,1.7482,,,,,,,,,,,,,,,,,,,,,,,,,,,,,,,,,,,,,0,,,,,,,,0,1,1,1,,,,
late,heat_pilot,tmax,1,27,all,all,superensemble,baseline,False,24843,31,0.15156,0.98295,1.1854,1.1056,1.2692,0.98295,0.9106,1.0595,,,,,,,,,,,,,,,,,,,,,,,,,-0.67874,-0.88563,-0.46468,0,-0.56979,-0.78868,-0.35488,0,,,,,0,,,,,,,,0,1,1,1,,,,
late,heat_pilot,tmax,1,27,all,all,persistence,baseline,False,24843,31,-0.010864,0.76996,1.0772,0.86939,1.2648,0.76996,0.62648,0.9197,,,,,,,,,,,,,,,,,,,,,,,,,-0.78692,-1.1246,-0.46759,0,-0.78277,-1.0893,-0.48902,0,,,,,0,,,,,,,,0,1,1,1,,,,
late,heat_pilot,tmax,1,27,all,all,climatology,baseline,False,24843,31,0.70341,1.4043,1.8005,1.4805,2.0968,1.4043,1.14,1.6666,,,,,,,,,,,,,,,,,,,,,,,,,-0.063653,-0.47743,0.30667,0.746,-0.14848,-0.5301,0.2174,0.446,,,,,0,,,,,,,,0,1,1,1,,,,
late,heat_pilot,tmax,1,27,monsoon_JJAS,all,ecmwf_ifs_ctrl,source,False,15210,18,-0.92017,1.3171,1.6474,1.541,1.7641,1.3171,1.2283,1.4189,,,,,,,,,,,,,,,,,,,,,,,,,0.16434,0.09226,0.23242,0,0.12222,0.053061,0.18822,0,,,,,0,,,,,,,,0,1,1,1,,,,
late,heat_pilot,tmax,1,27,monsoon_JJAS,all,ecmwf_aifs,source,False,15210,18,-1.0652,1.201,1.4765,1.3742,1.5729,1.201,1.1086,1.299,,,,,,,,,,,,,,,,,,,,,,,,,-0.0065435,-0.066626,0.051342,0.86,0.0060889,-0.061446,0.068696,0.816,,,,,0,,,,,,,,0,1,1,1,,,,
late,heat_pilot,tmax,1,27,monsoon_JJAS,all,ncep_gfs,source,False,15210,18,-1.056,1.4744,1.8538,1.6484,2.0502,1.4744,1.306,1.6438,,,,,,,,,,,,,,,,,,,,,,,,,0.37078,0.22318,0.52541,0,0.2795,0.1582,0.41027,0,,,,,0,,,,,,,,0,1,1,1,,,,
late,heat_pilot,tmax,1,27,monsoon_JJAS,all,ecmwf_ifs_ens,source,True,15210,18,-1.0671,1.3182,1.6157,1.5014,1.7424,1.0056,0.9105,1.119,,,,,,,,,,,,,,,,,,,,,,,,,0.13267,0.052243,0.2059,0,-0.18928,-0.2605,-0.1189,0,,,,,0,,,,,,,,0,1,1,1,,,,
late,heat_pilot,tmax,1,27,monsoon_JJAS,all,ecmwf_aifs_ens,source,True,15210,18,-1.1307,1.2276,1.5085,1.3876,1.6182,0.91339,0.82392,1.0022,,,,,,,,,,,,,,,,,,,,,,,,,0.025421,-0.021266,0.068945,0.296,-0.28147,-0.33337,-0.2325,0,,,,,0,,,,,,,,0,1,1,1,,,,
late,heat_pilot,tmax,1,27,monsoon_JJAS,all,equal_mean,baseline,False,15210,18,-1.0479,1.1949,1.483,1.356,1.6005,1.1949,1.0793,1.3145,,,,,,,,,,,,,,,,,,,,,,,,,,,,,,,,,,,,,0,,,,,,,,0,1,1,1,,,,
late,heat_pilot,tmax,1,27,monsoon_JJAS,all,superensemble,baseline,False,15210,18,0.69418,0.98785,1.1974,1.0824,1.3042,0.98785,0.88551,1.0892,,,,,,,,,,,,,,,,,,,,,,,,,-0.28559,-0.49963,-0.07414,0.008,-0.20702,-0.41895,0.00022552,0.052,,,,,0,,,,,,,,0,1,1,1,,,,
late,heat_pilot,tmax,1,27,monsoon_JJAS,all,persistence,baseline,False,15210,18,-0.035929,0.97503,1.3015,1.0665,1.5124,0.97503,0.79622,1.1604,,,,,,,,,,,,,,,,,,,,,,,,,-0.18156,-0.43812,0.060118,0.124,-0.21984,-0.43697,0.0057462,0.056,,,,,0,,,,,,,,0,1,1,1,,,,
late,heat_pilot,tmax,1,27,monsoon_JJAS,all,climatology,baseline,False,15210,18,0.56712,1.5955,2.0182,1.5869,2.437,1.5955,1.2303,2.0095,,,,,,,,,,,,,,,,,,,,,,,,,0.53514,0.11014,0.928,0.02,0.40067,0.019992,0.79268,0.044,,,,,0,,,,,,,,0,1,1,1,,,,
late,heat_pilot,tmax,1,27,postmonsoon_OND,all,ecmwf_ifs_ctrl,source,False,9633,13,-1.7226,1.7729,2.0463,1.8719,2.2003,1.7729,1.5888,1.9469,,,,,,,,,,,,,,,,,,,,,,,,,-0.29657,-0.35633,-0.23036,0,-0.34487,-0.41376,-0.26451,0,,,,,0,,,,,,,,0,,,,,,,
late,heat_pilot,tmax,1,27,postmonsoon_OND,all,ecmwf_aifs,source,False,9633,13,-2.689,2.7026,2.9648,2.5505,3.3067,2.7026,2.2657,3.0861,,,,,,,,,,,,,,,,,,,,,,,,,0.62193,0.35478,0.84195,0,0.58482,0.3182,0.82421,0,,,,,0,,,,,,,,0,,,,,,,
late,heat_pilot,tmax,1,27,postmonsoon_OND,all,ncep_gfs,source,False,9633,13,-1.7908,1.8611,2.1602,1.8521,2.48,1.8611,1.5858,2.1712,,,,,,,,,,,,,,,,,,,,,,,,,-0.18266,-0.51564,0.15571,0.294,-0.25668,-0.56793,0.089215,0.142,,,,,0,,,,,,,,0,,,,,,,
late,heat_pilot,tmax,1,27,postmonsoon_OND,all,ecmwf_ifs_ens,source,True,9633,13,-1.7052,1.7554,2.0313,1.8601,2.1803,1.6303,1.4384,1.8095,,,,,,,,,,,,,,,,,,,,,,,,,-0.31158,-0.37418,-0.2404,0,-0.48748,-0.55672,-0.41134,0,,,,,0,,,,,,,,0,,,,,,,
late,heat_pilot,tmax,1,27,postmonsoon_OND,all,ecmwf_aifs_ens,source,True,9633,13,-2.6255,2.6354,2.8908,2.5536,3.1581,2.2405,1.9119,2.5119,,,,,,,,,,,,,,,,,,,,,,,,,0.54792,0.33268,0.72639,0,0.12272,-0.055344,0.28877,0.166,,,,,0,,,,,,,,0,,,,,,,
late,heat_pilot,tmax,1,27,postmonsoon_OND,all,equal_mean,baseline,False,9633,13,-2.1066,2.1178,2.3429,2.1511,2.5155,2.1178,1.8915,2.3182,,,,,,,,,,,,,,,,,,,,,,,,,,,,,,,,,,,,,0,,,,,,,,0,,,,,,,
late,heat_pilot,tmax,1,27,postmonsoon_OND,all,superensemble,baseline,False,9633,13,-0.70521,0.97521,1.1661,1.0504,1.271,0.97521,0.87414,1.0741,,,,,,,,,,,,,,,,,,,,,,,,,-1.1768,-1.2937,-1.0356,0,-1.1426,-1.2862,-0.98395,0,,,,,0,,,,,,,,0,,,,,,,
late,heat_pilot,tmax,1,27,postmonsoon_OND,all,persistence,baseline,False,9633,13,0.028712,0.44617,0.56395,0.47904,0.6436,0.44617,0.38322,0.51106,,,,,,,,,,,,,,,,,,,,,,,,,-1.7789,-1.9777,-1.5562,0,-1.6716,-1.8864,-1.4138,0,,,,,0,,,,,,,,0,,,,,,,
late,heat_pilot,tmax,1,27,postmonsoon_OND,all,climatology,baseline,False,9633,13,0.91861,1.1022,1.3889,0.97109,1.778,1.1022,0.73252,1.4889,,,,,,,,,,,,,,,,,,,,,,,,,-0.95396,-1.4321,-0.5148,0,-1.0156,-1.4497,-0.56765,0,,,,,0,,,,,,,,0,,,,,,,
late,heat_pilot,tmax,2,51,all,all,ecmwf_ifs_ctrl,source,False,24843,31,-1.364,1.6302,1.9539,1.8359,2.0687,1.6302,1.5106,1.75,,,,,,,,,,,,,,,,,,,,,,,,,0.058095,-0.056997,0.18153,0.296,0.025101,-0.096472,0.14174,0.64,,,,,0,,,,,,,,0,1,1,1,,,,
late,heat_pilot,tmax,2,51,all,all,ecmwf_aifs,source,False,24843,31,-1.8285,1.905,2.2803,1.96,2.6007,1.905,1.5988,2.222,,,,,,,,,,,,,,,,,,,,,,,,,0.38446,0.17148,0.59095,0,0.29986,0.12077,0.49839,0,,,,,0,,,,,,,,0,1,1,1,,,,
late,heat_pilot,tmax,2,51,all,all,ncep_gfs,source,False,24843,31,-1.3968,1.7198,2.1339,1.9282,2.33,1.7198,1.5391,1.9065,,,,,,,,,,,,,,,,,,,,,,,,,0.2381,-0.0085181,0.4651,0.064,0.11463,-0.10992,0.32503,0.29,,,,,0,,,,,,,,0,1,1,1,,,,
late,heat_pilot,tmax,2,51,all,all,ecmwf_ifs_ens,source,True,24843,31,-1.3951,1.559,1.8669,1.7376,1.9863,1.2957,1.1572,1.4362,,,,,,,,,,,,,,,,,,,,,,,,,-0.0289,-0.13633,0.087305,0.61,-0.30938,-0.39423,-0.21895,0,,,,,0,,,,,,,,0,1,1,1,,,,
late,heat_pilot,tmax,2,51,all,all,ecmwf_aifs_ens,source,True,24843,31,-1.5496,1.6567,2.0187,1.7422,2.2939,1.3045,1.0749,1.5537,,,,,,,,,,,,,,,,,,,,,,,,,0.12288,-0.037378,0.28443,0.13,-0.30065,-0.412,-0.17357,0,,,,,0,,,,,,,,0,1,1,1,,,,
late,heat_pilot,tmax,2,51,all,all,equal_mean,baseline,False,24843,31,-1.5068,1.6051,1.8958,1.7459,2.0496,1.6051,1.4436,1.7748,,,,,,,,,,,,,,,,,,,,,,,,,,,,,,,,,,,,,0,,,,,,,,0,1,1,1,,,,
late,heat_pilot,tmax,2,51,all,all,superensemble,baseline,False,24843,31,0.13946,0.95631,1.1641,1.0796,1.2601,0.95631,0.88352,1.0357,,,,,,,,,,,,,,,,,,,,,,,,,-0.73171,-0.92259,-0.53569,0,-0.64881,-0.84835,-0.44056,0,,,,,0,,,,,,,,0,1,1,1,,,,
late,heat_pilot,tmax,2,51,all,all,persistence,baseline,False,24843,31,-0.0015416,1.1444,1.5232,1.2903,1.7405,1.1444,0.96741,1.3309,,,,,,,,,,,,,,,,,,,,,,,,,-0.37266,-0.70975,-0.064576,0.01,-0.4607,-0.76818,-0.17115,0.002,,,,,0,,,,,,,,0,1,1,1,,,,
late,heat_pilot,tmax,2,51,all,all,climatology,baseline,False,24843,31,0.68749,1.3852,1.7734,1.4572,2.0588,1.3852,1.1333,1.6375,,,,,,,,,,,,,,,,,,,,,,,,,-0.12243,-0.49629,0.23548,0.526,-0.21988,-0.56407,0.10603,0.204,,,,,0,,,,,,,,0,1,1,1,,,,
late,heat_pilot,tmax,2,51,monsoon_JJAS,all,ecmwf_ifs_ctrl,source,False,15041,18,-1.1601,1.5591,1.9118,1.7567,2.0565,1.5591,1.4105,1.7054,,,,,,,,,,,,,,,,,,,,,,,,,0.28872,0.19942,0.37267,0,0.23103,0.12742,0.3243,0,,,,,0,,,,,,,,0,1,1,1,,,,
late,heat_pilot,tmax,2,51,monsoon_JJAS,all,ecmwf_aifs,source,False,15041,18,-1.225,1.3467,1.6435,1.4883,1.8215,1.3467,1.2061,1.5059,,,,,,,,,,,,,,,,,,,,,,,,,0.020432,-0.10372,0.15593,0.778,0.018619,-0.094942,0.14334,0.758,,,,,0,,,,,,,,0,1,1,1,,,,
late,heat_pilot,tmax,2,51,monsoon_JJAS,all,ncep_gfs,source,False,15041,18,-1.2596,1.7289,2.198,1.9688,2.426,1.7289,1.5228,1.9496,,,,,,,,,,,,,,,,,,,,,,,,,0.57485,0.37056,0.77994,0,0.40088,0.22387,0.58647,0,,,,,0,,,,,,,,0,1,1,1,,,,
late,heat_pilot,tmax,2,51,monsoon_JJAS,all,ecmwf_ifs_ens,source,True,15041,18,-1.2289,1.4601,1.7838,1.6188,1.9414,1.1188,0.96987,1.269,,,,,,,,,,,,,,,,,,,,,,,,,0.16073,0.04674,0.25979,0.008,-0.20926,-0.32344,-0.1035,0,,,,,0,,,,,,,,0,1,1,1,,,,
late,heat_pilot,tmax,2,51,monsoon_JJAS,all,ecmwf_aifs_ens,source,True,15041,18,-0.98784,1.1611,1.4454,1.3088,1.5622,0.84827,0.75598,0.94066,,,,,,,,,,,,,,,,,,,,,,,,,-0.17767,-0.24031,-0.11869,0,-0.4798,-0.54772,-0.41394,0,,,,,0,,,,,,,,0,1,1,1,,,,
late,heat_pilot,tmax,2,51,monsoon_JJAS,all,equal_mean,baseline,False,15041,18,-1.1723,1.3281,1.6231,1.4923,1.7366,1.3281,1.1938,1.453,,,,,,,,,,,,,,,,,,,,,,,,,,,,,,,,,,,,,0,,,,,,,,0,1,1,1,,,,
late,heat_pilot,tmax,2,51,monsoon_JJAS,all,superensemble,baseline,False,15041,18,0.61337,0.99659,1.2195,1.0912,1.3317,0.99659,0.89045,1.1054,,,,,,,,,,,,,,,,,,,,,,,,,-0.40366,-0.61267,-0.19658,0,-0.33147,-0.54078,-0.11092,0.004,,,,,0,,,,,,,,0,1,1,1,,,,
late,heat_pilot,tmax,2,51,monsoon_JJAS,all,persistence,baseline,False,15041,18,-0.034325,1.431,1.8193,1.5635,2.0598,1.431,1.2274,1.6467,,,,,,,,,,,,,,,,,,,,,,,,,0.19618,-0.081653,0.45456,0.164,0.10298,-0.14857,0.34292,0.404,,,,,0,,,,,,,,0,1,1,1,,,,
late,heat_pilot,tmax,2,51,monsoon_JJAS,all,climatology,baseline,False,15041,18,0.52964,1.5696,1.9865,1.5697,2.4014,1.5696,1.2208,1.9693,,,,,,,,,,,,,,,,,,,,,,,,,0.36339,-0.094557,0.78827,0.104,0.24155,-0.15967,0.65304,0.218,,,,,0,,,,,,,,0,1,1,1,,,,
late,heat_pilot,tmax,2,51,postmonsoon_OND,all,ecmwf_ifs_ctrl,source,False,9802,13,-1.6769,1.7394,2.0168,1.835,2.1758,1.7394,1.5453,1.9172,,,,,,,,,,,,,,,,,,,,,,,,,-0.23414,-0.31031,-0.13704,0,-0.29089,-0.37075,-0.18254,0,,,,,0,,,,,,,,0,,,,,,,
late,heat_pilot,tmax,2,51,postmonsoon_OND,all,ecmwf_aifs,source,False,9802,13,-2.7545,2.7617,3.0056,2.6321,3.3109,2.7617,2.3616,3.108,,,,,,,,,,,,,,,,,,,,,,,,,0.75463,0.47393,0.98241,0,0.73142,0.43696,0.98009,0,,,,,0,,,,,,,,0,,,,,,,
late,heat_pilot,tmax,2,51,postmonsoon_OND,all,ncep_gfs,source,False,9802,13,-1.6073,1.7057,2.0318,1.6902,2.3613,1.7057,1.4023,2.0198,,,,,,,,,,,,,,,,,,,,,,,,,-0.21918,-0.55344,0.10285,0.2,-0.3246,-0.62735,0.0015,0.052,,,,,0,,,,,,,,0,,,,,,,
late,heat_pilot,tmax,2,51,postmonsoon_OND,all,ecmwf_ifs_ens,source,True,9802,13,-1.6501,1.7108,1.9877,1.8081,2.1407,1.5672,1.3862,1.7391,,,,,,,,,,,,,,,,,,,,,,,,,-0.26326,-0.33943,-0.16939,0,-0.46303,-0.53858,-0.37462,0,,,,,0,,,,,,,,0,,,,,,,
late,heat_pilot,tmax,2,51,postmonsoon_OND,all,ecmwf_aifs_ens,source,True,9802,13,-2.4116,2.4172,2.6688,2.3691,2.9307,2.0045,1.7314,2.2395,,,,,,,,,,,,,,,,,,,,,,,,,0.41786,0.18576,0.62253,0,-0.025764,-0.23245,0.16319,0.806,,,,,0,,,,,,,,0,,,,,,,
late,heat_pilot,tmax,2,51,postmonsoon_OND,all,equal_mean,baseline,False,9802,13,-2.0201,2.0303,2.251,2.082,2.4011,2.0303,1.8449,2.199,,,,,,,,,,,,,,,,,,,,,,,,,,,,,,,,,,,,,0,,,,,,,,0,,,,,,,
late,heat_pilot,tmax,2,51,postmonsoon_OND,all,superensemble,baseline,False,9802,13,-0.58776,0.8945,1.0737,0.98206,1.1602,0.8945,0.81641,0.97179,,,,,,,,,,,,,,,,,,,,,,,,,-1.1772,-1.2951,-1.0449,0,-1.1358,-1.2704,-0.98628,0,,,,,0,,,,,,,,0,,,,,,,
late,heat_pilot,tmax,2,51,postmonsoon_OND,all,persistence,baseline,False,9802,13,0.048764,0.7046,0.89515,0.73198,1.0724,0.7046,0.59107,0.85275,,,,,,,,,,,,,,,,,,,,,,,,,-1.3558,-1.5961,-1.0814,0,-1.3257,-1.552,-1.0808,0,,,,,0,,,,,,,,0,,,,,,,
late,heat_pilot,tmax,2,51,postmonsoon_OND,all,climatology,baseline,False,9802,13,0.9297,1.1023,1.384,0.96846,1.7596,1.1023,0.7444,1.4833,,,,,,,,,,,,,,,,,,,,,,,,,-0.86695,-1.3415,-0.44631,0,-0.92793,-1.3465,-0.49511,0,,,,,0,,,,,,,,0,,,,,,,
late,heat_pilot,tmax,3,75,all,all,ecmwf_ifs_ctrl,source,False,24843,31,-1.3508,1.622,1.963,1.837,2.0771,1.622,1.4967,1.7421,,,,,,,,,,,,,,,,,,,,,,,,,0.040092,-0.060939,0.1463,0.416,-0.016356,-0.11652,0.093505,0.748,,,,,0,,,,,,,,0,1,1,1,,,,
late,heat_pilot,tmax,3,75,all,all,ecmwf_aifs,source,False,24843,31,-1.909,1.9753,2.3281,2.025,2.6256,1.9753,1.6873,2.2849,,,,,,,,,,,,,,,,,,,,,,,,,0.40519,0.18358,0.62606,0,0.33693,0.13349,0.56219,0,,,,,0,,,,,,,,0,1,1,1,,,,
late,heat_pilot,tmax,3,75,all,all,ncep_gfs,source,False,24843,31,-1.5829,1.8338,2.2819,2.0429,2.504,1.8338,1.6167,2.0536,,,,,,,,,,,,,,,,,,,,,,,,,0.35899,0.080172,0.61639,0.014,0.19543,-0.072886,0.44954,0.17,,,,,0,,,,,,,,0,1,1,1,,,,
late,heat_pilot,tmax,3,75,all,all,ecmwf_ifs_ens,source,True,24843,31,-1.3867,1.5539,1.8709,1.7303,2.0003,1.2742,1.1399,1.4109,,,,,,,,,,,,,,,,,,,,,,,,,-0.052025,-0.14447,0.051112,0.306,-0.36414,-0.43439,-0.27837,0,,,,,0,,,,,,,,0,1,1,1,,,,
late,heat_pilot,tmax,3,75,all,all,ecmwf_aifs_ens,source,True,24843,31,-1.6008,1.6942,2.019,1.784,2.2567,1.3148,1.1126,1.5333,,,,,,,,,,,,,,,,,,,,,,,,,0.096158,-0.06342,0.26135,0.238,-0.32354,-0.43947,-0.19325,0,,,,,0,,,,,,,,0,1,1,1,,,,
late,heat_pilot,tmax,3,75,all,all,equal_mean,baseline,False,24843,31,-1.5661,1.6384,1.9229,1.7921,2.049,1.6384,1.5046,1.7833,,,,,,,,,,,,,,,,,,,,,,,,,,,,,,,,,,,,,0,,,,,,,,0,1,1,1,,,,
late,heat_pilot,tmax,3,75,all,all,superensemble,baseline,False,24843,31,0.13473,0.89665,1.0952,1.0176,1.1848,0.89665,0.83559,0.96791,,,,,,,,,,,,,,,,,,,,,,,,,-0.82766,-0.99176,-0.64799,0,-0.74172,-0.91479,-0.5647,0,,,,,0,,,,,,,,0,1,1,1,,,,
late,heat_pilot,tmax,3,75,all,all,persistence,baseline,False,24843,31,0.017541,1.3797,1.7808,1.4846,2.0612,1.3797,1.1547,1.6228,,,,,,,,,,,,,,,,,,,,,,,,,-0.14211,-0.50004,0.2056,0.448,-0.25865,-0.57902,0.048802,0.112,,,,,0,,,,,,,,0,1,1,1,,,,
late,heat_pilot,tmax,3,75,all,all,climatology,baseline,False,24843,31,0.6829,1.3802,1.7685,1.4533,2.0566,1.3802,1.1288,1.6295,,,,,,,,,,,,,,,,,,,,,,,,,-0.15434,-0.52443,0.20567,0.398,-0.25816,-0.57872,0.065034,0.132,,,,,0,,,,,,,,0,1,1,1,,,,
late,heat_pilot,tmax,3,75,monsoon_JJAS,all,ecmwf_ifs_ctrl,source,False,14872,18,-1.2085,1.5987,1.9707,1.8219,2.1051,1.5987,1.4457,1.7401,,,,,,,,,,,,,,,,,,,,,,,,,0.23505,0.1447,0.31961,0,0.16347,0.066984,0.25832,0.002,,,,,0,,,,,,,,0,1,1,1,,,,
late,heat_pilot,tmax,3,75,monsoon_JJAS,all,ecmwf_aifs,source,False,14872,18,-1.3392,1.4452,1.7372,1.5989,1.9053,1.4452,1.3142,1.6074,,,,,,,,,,,,,,,,,,,,,,,,,0.0015674,-0.11904,0.13753,0.968,0.0099572,-0.097098,0.13406,0.882,,,,,0,,,,,,,,0,1,1,1,,,,
late,heat_pilot,tmax,3,75,monsoon_JJAS,all,ncep_gfs,source,False,14872,18,-1.6667,1.9756,2.4614,2.1783,2.7198,1.9756,1.7281,2.2269,,,,,,,,,,,,,,,,,,,,,,,,,0.72575,0.4839,0.97872,0,0.54037,0.3101,0.78452,0,,,,,0,,,,,,,,0,1,1,1,,,,
late,heat_pilot,tmax,3,75,monsoon_JJAS,all,ecmwf_ifs_ens,source,True,14872,18,-1.2733,1.4939,1.8291,1.651,1.9879,1.1371,0.98269,1.2878,,,,,,,,,,,,,,,,,,,,,,,,,0.09347,-0.018711,0.19501,0.096,-0.29821,-0.4053,-0.19186,0,,,,,0,,,,,,,,0,1,1,1,,,,
late,heat_pilot,tmax,3,75,monsoon_JJAS,all,ecmwf_aifs_ens,source,True,14872,18,-1.1386,1.2897,1.5654,1.4291,1.701,0.93185,0.83229,1.0403,,,,,,,,,,,,,,,,,,,,,,,,,-0.17023,-0.24564,-0.091933,0,-0.50341,-0.5656,-0.44192,0,,,,,0,,,,,,,,0,1,1,1,,,,
late,heat_pilot,tmax,3,75,monsoon_JJAS,all,equal_mean,baseline,False,14872,18,-1.3252,1.4353,1.7357,1.6138,1.851,1.4353,1.3135,1.5581,,,,,,,,,,,,,,,,,,,,,,,,,,,,,,,,,,,,,0,,,,,,,,0,1,1,1,,,,
late,heat_pilot,tmax,3,75,monsoon_JJAS,all,superensemble,baseline,False,14872,18,0.50495,0.93498,1.1496,1.0411,1.2568,0.93498,0.84219,1.0268,,,,,,,,,,,,,,,,,,,,,,,,,-0.58609,-0.77762,-0.39498,0,-0.50028,-0.69204,-0.31566,0,,,,,0,,,,,,,,0,1,1,1,,,,
late,heat_pilot,tmax,3,75,monsoon_JJAS,all,persistence,baseline,False,14872,18,-0.010722,1.7051,2.1029,1.8045,2.4619,1.7051,1.4554,2.0319,,,,,,,,,,,,,,,,,,,,,,,,,0.36724,0.043077,0.71731,0.024,0.26979,-0.0090477,0.61189,0.058,,,,,0,,,,,,,,0,1,1,1,,,,
late,heat_pilot,tmax,3,75,monsoon_JJAS,all,climatology,baseline,False,14872,18,0.51272,1.5645,1.9859,1.5697,2.4052,1.5645,1.2188,1.9676,,,,,,,,,,,,,,,,,,,,,,,,,0.25024,-0.23737,0.69747,0.272,0.12925,-0.27948,0.54757,0.47,,,,,0,,,,,,,,0,1,1,1,,,,
late,heat_pilot,tmax,3,75,postmonsoon_OND,all,ecmwf_ifs_ctrl,source,False,9971,13,-1.5631,1.6567,1.9514,1.7382,2.1518,1.6567,1.4474,1.8649,,,,,,,,,,,,,,,,,,,,,,,,,-0.22098,-0.30434,-0.13352,0,-0.28458,-0.35807,-0.19622,0,,,,,0,,,,,,,,0,,,,,,,
late,heat_pilot,tmax,3,75,postmonsoon_OND,all,ecmwf_aifs,source,False,9971,13,-2.7589,2.7659,3.0004,2.6323,3.3002,2.7659,2.3594,3.1081,,,,,,,,,,,,,,,,,,,,,,,,,0.82808,0.52902,1.0793,0,0.82461,0.49161,1.1049,0,,,,,0,,,,,,,,0,,,,,,,
late,heat_pilot,tmax,3,75,postmonsoon_OND,all,ncep_gfs,source,False,9971,13,-1.4581,1.6222,1.9841,1.6072,2.356,1.6222,1.2885,1.9876,,,,,,,,,,,,,,,,,,,,,,,,,-0.18823,-0.53683,0.13418,0.276,-0.31907,-0.631,0.027325,0.074,,,,,0,,,,,,,,0,,,,,,,
late,heat_pilot,tmax,3,75,postmonsoon_OND,all,ecmwf_ifs_ens,source,True,9971,13,-1.556,1.6434,1.9314,1.7241,2.121,1.4788,1.2738,1.6775,,,,,,,,,,,,,,,,,,,,,,,,,-0.24093,-0.32702,-0.14711,0,-0.46247,-0.53953,-0.37716,0,,,,,0,,,,,,,,0,,,,,,,
late,heat_pilot,tmax,3,75,postmonsoon_OND,all,ecmwf_aifs_ens,source,True,9971,13,-2.2902,2.2974,2.5498,2.2743,2.791,1.886,1.6392,2.1202,,,,,,,,,,,,,,,,,,,,,,,,,0.37749,0.1153,0.60351,0,-0.055272,-0.29083,0.15613,0.64,,,,,0,,,,,,,,0,,,,,,,
late,heat_pilot,tmax,3,75,postmonsoon_OND,all,equal_mean,baseline,False,9971,13,-1.9253,1.9413,2.1723,1.9926,2.3292,1.9413,1.7489,2.1189,,,,,,,,,,,,,,,,,,,,,,,,,,,,,,,,,,,,,0,,,,,,,,0,,,,,,,
late,heat_pilot,tmax,3,75,postmonsoon_OND,all,superensemble,baseline,False,9971,13,-0.41746,0.83947,1.0087,0.92846,1.084,0.83947,0.77331,0.90386,,,,,,,,,,,,,,,,,,,,,,,,,-1.1636,-1.3103,-1.0051,0,-1.1018,-1.2601,-0.9239,0,,,,,0,,,,,,,,0,,,,,,,
late,heat_pilot,tmax,3,75,postmonsoon_OND,all,persistence,baseline,False,9971,13,0.059697,0.89448,1.1424,0.89109,1.4259,0.89448,0.72318,1.1144,,,,,,,,,,,,,,,,,,,,,,,,,-1.0299,-1.373,-0.66474,0,-1.0468,-1.3229,-0.72866,0,,,,,0,,,,,,,,0,,,,,,,
late,heat_pilot,tmax,3,75,postmonsoon_OND,all,climatology,baseline,False,9971,13,0.93672,1.1053,1.3822,0.97018,1.7596,1.1053,0.75299,1.4942,,,,,,,,,,,,,,,,,,,,,,,,,-0.79014,-1.2575,-0.37282,0,-0.83599,-1.2556,-0.40885,0.004,,,,,0,,,,,,,,0,,,,,,,
late,heat_pilot,tmax,4,99,all,all,ecmwf_ifs_ctrl,source,False,24843,31,-1.3479,1.6403,1.9916,1.8566,2.1257,1.6403,1.5114,1.7814,,,,,,,,,,,,,,,,,,,,,,,,,0.035551,-0.070219,0.14361,0.496,-0.023439,-0.13164,0.083161,0.67,,,,,0,,,,,,,,0,1,1,1,,,,
late,heat_pilot,tmax,4,99,all,all,ecmwf_aifs,source,False,24843,31,-1.9107,1.9917,2.3273,2.0645,2.6098,1.9917,1.7409,2.2941,,,,,,,,,,,,,,,,,,,,,,,,,0.37125,0.13568,0.61112,0.002,0.32796,0.11081,0.56797,0.004,,,,,0,,,,,,,,0,1,1,1,,,,
late,heat_pilot,tmax,4,99,all,all,ncep_gfs,source,False,24843,31,-1.7021,1.9961,2.5677,2.2563,2.8948,1.9961,1.738,2.281,,,,,,,,,,,,,,,,,,,,,,,,,0.61163,0.27673,0.90376,0,0.33242,0.036245,0.61127,0.02,,,,,0,,,,,,,,0,1,1,1,,,,
late,heat_pilot,tmax,4,99,all,all,ecmwf_ifs_ens,source,True,24843,31,-1.3398,1.5461,1.8676,1.7321,2.0072,1.2409,1.1122,1.3785,,,,,,,,,,,,,,,,,,,,,,,,,-0.088401,-0.16734,-0.0029906,0.046,-0.42279,-0.49355,-0.35092,0,,,,,0,,,,,,,,0,1,1,1,,,,
late,heat_pilot,tmax,4,99,all,all,ecmwf_aifs_ens,source,True,24843,31,-1.624,1.7166,2.0143,1.8331,2.2098,1.3151,1.1527,1.4985,,,,,,,,,,,,,,,,,,,,,,,,,0.058303,-0.091109,0.22109,0.486,-0.34861,-0.46866,-0.21314,0,,,,,0,,,,,,,,0,1,1,1,,,,
late,heat_pilot,tmax,4,99,all,all,equal_mean,baseline,False,24843,31,-1.5849,1.6637,1.956,1.8372,2.0771,1.6637,1.5386,1.8015,,,,,,,,,,,,,,,,,,,,,,,,,,,,,,,,,,,,,0,,,,,,,,0,1,1,1,,,,
late,heat_pilot,tmax,4,99,all,all,superensemble,baseline,False,24843,31,0.081675,0.91628,1.1198,1.0476,1.1935,0.91628,0.85406,0.98094,,,,,,,,,,,,,,,,,,,,,,,,,-0.83623,-0.9958,-0.68052,0,-0.74744,-0.91791,-0.58802,0,,,,,0,,,,,,,,0,1,1,1,,,,
late,heat_pilot,tmax,4,99,all,all,persistence,baseline,False,24843,31,0.028468,1.533,1.9832,1.6329,2.3329,1.533,1.2586,1.8307,,,,,,,,,,,,,,,,,,,,,,,,,0.027184,-0.36427,0.38603,0.89,-0.13068,-0.46754,0.19282,0.464,,,,,0,,,,,,,,0,1,1,1,,,,
late,heat_pilot,tmax,4,99,all,all,climatology,baseline,False,24843,31,0.67187,1.3665,1.7515,1.4555,2.047,1.3665,1.1179,1.6266,,,,,,,,,,,,,,,,,,,,,,,,,-0.20456,-0.5565,0.12162,0.204,-0.2972,-0.61612,0.01426,0.07,,,,,0,,,,,,,,0,1,1,1,,,,
late,heat_pilot,tmax,4,99,monsoon_JJAS,all,ecmwf_ifs_ctrl,source,False,14703,18,-1.2529,1.6617,2.0461,1.8709,2.1973,1.6617,1.4853,1.8237,,,,,,,,,,,,,,,,,,,,,,,,,0.21211,0.10094,0.33232,0,0.14806,0.039566,0.26834,0.006,,,,,0,,,,,,,,0,1,1,1,,,,
late,heat_pilot,tmax,4,99,monsoon_JJAS,all,ecmwf_aifs,source,False,14703,18,-1.3574,1.4883,1.7748,1.6385,1.9194,1.4883,1.3473,1.6476,,,,,,,,,,,,,,,,,,,,,,,,,-0.0592,-0.18824,0.075778,0.42,-0.025304,-0.15855,0.11372,0.714,,,,,0,,,,,,,,0,1,1,1,,,,
late,heat_pilot,tmax,4,99,monsoon_JJAS,all,ncep_gfs,source,False,14703,18,-1.8933,2.2354,2.8362,2.4534,3.181,2.2354,1.9091,2.5796,,,,,,,,,,,,,,,,,,,,,,,,,1.0022,0.7048,1.2953,0,0.72178,0.44307,1.0209,0,,,,,0,,,,,,,,0,1,1,1,,,,
late,heat_pilot,tmax,4,99,monsoon_JJAS,all,ecmwf_ifs_ens,source,True,14703,18,-1.2431,1.513,1.8515,1.6711,2.0101,1.131,0.97202,1.2869,,,,,,,,,,,,,,,,,,,,,,,,,0.017527,-0.083675,0.12034,0.782,-0.38266,-0.47187,-0.27856,0,,,,,0,,,,,,,,0,1,1,1,,,,
late,heat_pilot,tmax,4,99,monsoon_JJAS,all,ecmwf_aifs_ens,source,True,14703,18,-1.2375,1.3887,1.6585,1.5293,1.7781,1.0012,0.89686,1.1018,,,,,,,,,,,,,,,,,,,,,,,,,-0.17552,-0.27199,-0.088128,0,-0.51249,-0.59867,-0.43354,0,,,,,0,,,,,,,,0,1,1,1,,,,
late,heat_pilot,tmax,4,99,monsoon_JJAS,all,equal_mean,baseline,False,14703,18,-1.3968,1.5137,1.834,1.6967,1.9732,1.5137,1.3771,1.6633,,,,,,,,,,,,,,,,,,,,,,,,,,,,,,,,,,,,,0,,,,,,,,0,1,1,1,,,,
late,heat_pilot,tmax,4,99,monsoon_JJAS,all,superensemble,baseline,False,14703,18,0.41514,0.96901,1.1881,1.0919,1.2762,0.96901,0.88054,1.0526,,,,,,,,,,,,,,,,,,,,,,,,,-0.64594,-0.83832,-0.46212,0,-0.54464,-0.75322,-0.35212,0,,,,,0,,,,,,,,0,1,1,1,,,,
late,heat_pilot,tmax,4,99,monsoon_JJAS,all,persistence,baseline,False,14703,18,-0.027873,1.924,2.3598,1.9485,2.8124,1.924,1.5952,2.3313,,,,,,,,,,,,,,,,,,,,,,,,,0.52581,0.091839,0.97265,0.018,0.41031,0.021395,0.83428,0.036,,,,,0,,,,,,,,0,1,1,1,,,,
late,heat_pilot,tmax,4,99,monsoon_JJAS,all,climatology,baseline,False,14703,18,0.48467,1.5485,1.9683,1.5689,2.3951,1.5485,1.2106,1.9427,,,,,,,,,,,,,,,,,,,,,,,,,0.13433,-0.34464,0.56954,0.56,0.034892,-0.38839,0.46026,0.848,,,,,0,,,,,,,,0,1,1,1,,,,
late,heat_pilot,tmax,4,99,postmonsoon_OND,all,ecmwf_ifs_ctrl,source,False,10140,13,-1.4856,1.6092,1.9097,1.6622,2.1346,1.6092,1.3713,1.8454,,,,,,,,,,,,,,,,,,,,,,,,,-0.21079,-0.30119,-0.1185,0,-0.27211,-0.35437,-0.18152,0,,,,,0,,,,,,,,0,,,,,,,
late,heat_pilot,tmax,4,99,postmonsoon_OND,all,ecmwf_aifs,source,False,10140,13,-2.713,2.7215,2.9499,2.6154,3.2651,2.7215,2.3554,3.0922,,,,,,,,,,,,,,,,,,,,,,,,,0.82945,0.47172,1.1426,0,0.8402,0.44595,1.1823,0,,,,,0,,,,,,,,0,,,,,,,
late,heat_pilot,tmax,4,99,postmonsoon_OND,all,ncep_gfs,source,False,10140,13,-1.4249,1.6492,2.1186,1.5955,2.6749,1.6492,1.2582,2.1248,,,,,,,,,,,,,,,,,,,,,,,,,-0.0019124,-0.45461,0.47162,0.938,-0.23214,-0.56744,0.14588,0.218,,,,,0,,,,,,,,0,,,,,,,
late,heat_pilot,tmax,4,99,postmonsoon_OND,all,ecmwf_ifs_ens,source,True,10140,13,-1.4801,1.5941,1.8907,1.6283,2.1261,1.4003,1.1609,1.6307,,,,,,,,,,,,,,,,,,,,,,,,,-0.22981,-0.3251,-0.14377,0,-0.48097,-0.55448,-0.40349,0,,,,,0,,,,,,,,0,,,,,,,
late,heat_pilot,tmax,4,99,postmonsoon_OND,all,ecmwf_aifs_ens,source,True,10140,13,-2.1844,2.192,2.4398,2.2263,2.6614,1.7703,1.5803,1.9756,,,,,,,,,,,,,,,,,,,,,,,,,0.31928,0.071605,0.56474,0.014,-0.11098,-0.34866,0.11296,0.336,,,,,0,,,,,,,,0,,,,,,,
late,heat_pilot,tmax,4,99,postmonsoon_OND,all,equal_mean,baseline,False,10140,13,-1.8576,1.8813,2.1205,1.9275,2.283,1.8813,1.6703,2.0615,,,,,,,,,,,,,,,,,,,,,,,,,,,,,,,,,,,,,0,,,,,,,,0,,,,,,,
late,heat_pilot,tmax,4,99,postmonsoon_OND,all,superensemble,baseline,False,10140,13,-0.40185,0.83982,1.0126,0.92468,1.1043,0.83982,0.7711,0.91639,,,,,,,,,,,,,,,,,,,,,,,,,-1.1079,-1.2954,-0.91604,0,-1.0415,-1.2343,-0.83648,0,,,,,0,,,,,,,,0,,,,,,,
late,heat_pilot,tmax,4,99,postmonsoon_OND,all,persistence,baseline,False,10140,13,0.11016,0.9662,1.2496,0.96358,1.5305,0.9662,0.73434,1.2099,,,,,,,,,,,,,,,,,,,,,,,,,-0.87094,-1.1922,-0.53129,0,-0.91511,-1.2062,-0.58234,0,,,,,0,,,,,,,,0,,,,,,,
late,heat_pilot,tmax,4,99,postmonsoon_OND,all,climatology,baseline,False,10140,13,0.94331,1.1026,1.3776,0.99671,1.7454,1.1026,0.7885,1.4823,,,,,,,,,,,,,,,,,,,,,,,,,-0.7429,-1.1227,-0.34293,0,-0.77872,-1.1343,-0.34715,0,,,,,0,,,,,,,,0,,,,,,,
late,heat_pilot,tmax,5,123,all,all,ecmwf_ifs_ctrl,source,False,24843,31,-1.23,1.6321,2.009,1.8611,2.1528,1.6321,1.5011,1.7711,,,,,,,,,,,,,,,,,,,,,,,,,0.085904,-0.021158,0.19272,0.118,0.0085912,-0.097954,0.11248,0.866,,,,,0,,,,,,,,0,1,1,1,,,,
late,heat_pilot,tmax,5,123,all,all,ecmwf_aifs,source,False,24843,31,-1.8629,1.9618,2.3055,2.0464,2.569,1.9618,1.7072,2.2529,,,,,,,,,,,,,,,,,,,,,,,,,0.38247,0.13518,0.62532,0.002,0.33834,0.1055,0.58565,0.002,,,,,0,,,,,,,,0,1,1,1,,,,
late,heat_pilot,tmax,5,123,all,all,ncep_gfs,source,False,24843,31,-1.5862,1.9416,2.4921,2.1843,2.8251,1.9416,1.6809,2.2379,,,,,,,,,,,,,,,,,,,,,,,,,0.56899,0.24788,0.85653,0,0.31813,0.031097,0.59143,0.026,,,,,0,,,,,,,,0,1,1,1,,,,
late,heat_pilot,tmax,5,123,all,all,ecmwf_ifs_ens,source,True,24843,31,-1.2785,1.538,1.8652,1.7198,2.0171,1.2155,1.0833,1.3551,,,,,,,,,,,,,,,,,,,,,,,,,-0.057872,-0.13388,0.02594,0.162,-0.40796,-0.47453,-0.33713,0,,,,,0,,,,,,,,0,1,1,1,,,,
late,heat_pilot,tmax,5,123,all,all,ecmwf_aifs_ens,source,True,24843,31,-1.5708,1.677,1.9781,1.814,2.1569,1.2755,1.1284,1.4332,,,,,,,,,,,,,,,,,,,,,,,,,0.055018,-0.081664,0.21369,0.482,-0.34794,-0.46075,-0.22739,0,,,,,0,,,,,,,,0,1,1,1,,,,
late,heat_pilot,tmax,5,123,all,all,equal_mean,baseline,False,24843,31,-1.5057,1.6235,1.9231,1.7927,2.052,1.6235,1.4985,1.7598,,,,,,,,,,,,,,,,,,,,,,,,,,,,,,,,,,,,,0,,,,,,,,0,1,1,1,,,,
late,heat_pilot,tmax,5,123,all,all,superensemble,baseline,False,24843,31,0.092779,0.94669,1.1631,1.0876,1.2404,0.94669,0.88812,1.0088,,,,,,,,,,,,,,,,,,,,,,,,,-0.75996,-0.93313,-0.58935,0,-0.6768,-0.84513,-0.5113,0,,,,,0,,,,,,,,0,1,1,1,,,,
late,heat_pilot,tmax,5,123,all,all,persistence,baseline,False,24843,31,0.028005,1.6077,2.0854,1.6926,2.4494,1.6077,1.3104,1.9075,,,,,,,,,,,,,,,,,,,,,,,,,0.16234,-0.2757,0.58239,0.486,-0.015755,-0.36657,0.3338,0.938,,,,,0,,,,,,,,0,1,1,1,,,,
late,heat_pilot,tmax,5,123,all,all,climatology,baseline,False,24843,31,0.65113,1.353,1.7366,1.4349,2.0339,1.353,1.1009,1.6091,,,,,,,,,,,,,,,,,,,,,,,,,-0.18644,-0.54796,0.15786,0.272,-0.2705,-0.59641,0.051388,0.098,,,,,0,,,,,,,,0,1,1,1,,,,
late,heat_pilot,tmax,5,123,monsoon_JJAS,all,ecmwf_ifs_ctrl,source,False,14534,18,-1.0459,1.6289,2.0087,1.8425,2.1605,1.6289,1.46,1.7867,,,,,,,,,,,,,,,,,,,,,,,,,0.22716,0.11379,0.34384,0,0.16739,0.04959,0.28449,0.006,,,,,0,,,,,,,,0,1,1,1,,,,
late,heat_pilot,tmax,5,123,monsoon_JJAS,all,ecmwf_aifs,source,False,14534,18,-1.2935,1.4575,1.7733,1.6048,1.9243,1.4575,1.2986,1.6141,,,,,,,,,,,,,,,,,,,,,,,,,-0.0082415,-0.16133,0.16221,0.884,-0.0039676,-0.14557,0.1649,0.904,,,,,0,,,,,,,,0,1,1,1,,,,
late,heat_pilot,tmax,5,123,monsoon_JJAS,all,ncep_gfs,source,False,14534,18,-1.7249,2.1401,2.6901,2.3754,2.978,2.1401,1.851,2.4372,,,,,,,,,,,,,,,,,,,,,,,,,0.90849,0.61963,1.1895,0,0.67858,0.40008,0.98705,0,,,,,0,,,,,,,,0,1,1,1,,,,
late,heat_pilot,tmax,5,123,monsoon_JJAS,all,ecmwf_ifs_ens,source,True,14534,18,-1.1579,1.5068,1.8424,1.6604,1.9933,1.115,0.96474,1.2544,,,,,,,,,,,,,,,,,,,,,,,,,0.060803,-0.025991,0.14958,0.184,-0.34656,-0.43553,-0.24435,0,,,,,0,,,,,,,,0,1,1,1,,,,
late,heat_pilot,tmax,5,123,monsoon_JJAS,all,ecmwf_aifs_ens,source,True,14534,18,-1.1806,1.3565,1.6461,1.5124,1.7622,0.98125,0.88254,1.0778,,,,,,,,,,,,,,,,,,,,,,,,,-0.13545,-0.22159,-0.055471,0,-0.48026,-0.55211,-0.41405,0,,,,,0,,,,,,,,0,1,1,1,,,,
late,heat_pilot,tmax,5,123,monsoon_JJAS,all,equal_mean,baseline,False,14534,18,-1.2806,1.4615,1.7816,1.6466,1.911,1.4615,1.3344,1.5996,,,,,,,,,,,,,,,,,,,,,,,,,,,,,,,,,,,,,0,,,,,,,,0,1,1,1,,,,
late,heat_pilot,tmax,5,123,monsoon_JJAS,all,superensemble,baseline,False,14534,18,0.48154,1.005,1.2387,1.1375,1.3321,1.005,0.9227,1.0871,,,,,,,,,,,,,,,,,,,,,,,,,-0.54291,-0.74415,-0.36598,0,-0.45648,-0.66146,-0.28031,0,,,,,0,,,,,,,,0,1,1,1,,,,
late,heat_pilot,tmax,5,123,monsoon_JJAS,all,persistence,baseline,False,14534,18,-0.016782,1.9701,2.4603,1.9814,2.9759,1.9701,1.5915,2.4122,,,,,,,,,,,,,,,,,,,,,,,,,0.67869,0.15056,1.1921,0.01,0.50862,0.067538,0.97241,0.024,,,,,0,,,,,,,,0,1,1,1,,,,
late,heat_pilot,tmax,5,123,monsoon_JJAS,all,climatology,baseline,False,14534,18,0.45843,1.5347,1.9545,1.5471,2.3862,1.5347,1.2027,1.9277,,,,,,,,,,,,,,,,,,,,,,,,,0.17293,-0.31508,0.6572,0.47,0.073167,-0.34565,0.52319,0.722,,,,,0,,,,,,,,0,1,1,1,,,,
late,heat_pilot,tmax,5,123,postmonsoon_OND,all,ecmwf_ifs_ctrl,source,False,10309,13,-1.4896,1.6366,2.0093,1.7145,2.2897,1.6366,1.3815,1.9084,,,,,,,,,,,,,,,,,,,,,,,,,-0.097154,-0.24543,0.058622,0.222,-0.21528,-0.3185,-0.10244,0.002,,,,,0,,,,,,,,0,,,,,,,
late,heat_pilot,tmax,5,123,postmonsoon_OND,all,ecmwf_aifs,source,False,10309,13,-2.6657,2.6728,2.8941,2.5794,3.1802,2.6728,2.3231,3.0081,,,,,,,,,,,,,,,,,,,,,,,,,0.78765,0.36517,1.1262,0,0.82095,0.38397,1.1814,0,,,,,0,,,,,,,,0,,,,,,,
late,heat_pilot,tmax,5,123,postmonsoon_OND,all,ncep_gfs,source,False,10309,13,-1.3905,1.6618,2.1827,1.5698,2.8497,1.6618,1.2122,2.1925,,,,,,,,,,,,,,,,,,,,,,,,,0.076158,-0.40765,0.58761,0.848,-0.19004,-0.52507,0.21188,0.316,,,,,0,,,,,,,,0,,,,,,,
late,heat_pilot,tmax,5,123,postmonsoon_OND,all,ecmwf_ifs_ens,source,True,10309,13,-1.4484,1.582,1.8969,1.6166,2.1815,1.3573,1.0994,1.6153,,,,,,,,,,,,,,,,,,,,,,,,,-0.20956,-0.30732,-0.11836,0,-0.49452,-0.56675,-0.40998,0,,,,,0,,,,,,,,0,,,,,,,
late,heat_pilot,tmax,5,123,postmonsoon_OND,all,ecmwf_aifs_ens,source,True,10309,13,-2.1208,2.129,2.3684,2.183,2.5488,1.6904,1.5256,1.8627,,,,,,,,,,,,,,,,,,,,,,,,,0.26186,0.0035245,0.51122,0.042,-0.16139,-0.4152,0.071904,0.186,,,,,0,,,,,,,,0,,,,,,,
late,heat_pilot,tmax,5,123,postmonsoon_OND,all,equal_mean,baseline,False,10309,13,-1.823,1.8518,2.1065,1.8885,2.3082,1.8518,1.6341,2.0572,,,,,,,,,,,,,,,,,,,,,,,,,,,,,,,,,,,,,0,,,,,,,,0,,,,,,,
late,heat_pilot,tmax,5,123,postmonsoon_OND,all,superensemble,baseline,False,10309,13,-0.45532,0.86444,1.0474,0.96003,1.1321,0.86444,0.79942,0.93499,,,,,,,,,,,,,,,,,,,,,,,,,-1.0591,-1.263,-0.85731,0,-0.9874,-1.1884,-0.76799,0,,,,,0,,,,,,,,0,,,,,,,
late,heat_pilot,tmax,5,123,postmonsoon_OND,all,persistence,baseline,False,10309,13,0.091148,1.0968,1.3953,1.0438,1.6962,1.0968,0.82446,1.3726,,,,,,,,,,,,,,,,,,,,,,,,,-0.71123,-1.0433,-0.38413,0,-0.75504,-1.0426,-0.43922,0,,,,,0,,,,,,,,0,,,,,,,
late,heat_pilot,tmax,5,123,postmonsoon_OND,all,climatology,baseline,False,10309,13,0.9228,1.0968,1.3719,0.99548,1.7242,1.0968,0.78769,1.4609,,,,,,,,,,,,,,,,,,,,,,,,,-0.73455,-1.1299,-0.32511,0,-0.755,-1.1044,-0.3404,0,,,,,0,,,,,,,,0,,,,,,,
