sample,region,variable,lead_day,lead_h,season,regime,forecast,kind,ensemble,n_cases,n_blocks,bias,mae,rmse,rmse_lo,rmse_hi,crps,crps_lo,crps_hi,n_obs_ev_64.5,pod_64.5,far_64.5,csi_64.5,fbias_64.5,ets_64.5,ets_64.5_lo,ets_64.5_hi,brier_64.5,bss_64.5,bss_64.5_lo,bss_64.5_hi,n_obs_ev_115.6,pod_115.6,far_115.6,csi_115.6,fbias_115.6,ets_115.6,ets_115.6_lo,ets_115.6_hi,brier_115.6,bss_115.6,bss_115.6_lo,bss_115.6_hi,d_rmse_vs_ref,d_rmse_lo,d_rmse_hi,d_rmse_p,d_crps_vs_ref,d_crps_lo,d_crps_hi,d_crps_p,d_ets_64.5_vs_ref,d_ets_64.5_lo,d_ets_64.5_hi,d_ets_64.5_p
phase5,heat_pilot,precip,1,27,all,all,trustcast,final,False,61009,73,-0.4502144692471184,2.957811232533923,8.518102618382128,6.621098808741779,10.366144501534125,2.957811232533923,2.0572723253263754,3.982538247892154,363.0,0.2066115702479339,0.5967741935483871,0.15822784810126583,0.512396694214876,0.1562578897434479,0.016990246301163556,0.30295561480650446,0.006540018685767673,-0.12584814640804143,-0.4737389012284606,0.12826673698326133,59.0,0.11864406779661017,0.6818181818181818,0.0945945945945946,0.3728813559322034,0.0943342089543773,0.0,0.14852042600705306,0.0010981986264321658,-0.1414352017979188,-0.2616643440824508,0.015235312058311166,0.5020129560599571,0.23289705946692468,0.8303722276434063,0.0,-0.08213918941745524,-0.2570957707189059,0.13134641074320863,0.396,0.02243035097506388,-0.00677372245594275,0.041273728332683876,0.116
phase5,heat_pilot,precip,1,27,all,all,equal_mean,prev,False,61009,73,0.19084606710325,3.0399504219513784,8.016089662322171,6.102805283904287,9.832961010339865,3.0399504219513784,2.1452514924030353,4.045642325372804,363.0,0.1487603305785124,0.4065934065934066,0.135,0.25068870523415976,0.13382753876838402,0.003771165754136271,0.2727650443893773,0.005671294399187005,0.0237006048692171,-0.15051794750921968,0.17543206401015626,59.0,0.06779661016949153,0.7647058823529411,0.05555555555555555,0.288135593220339,0.05533985556664985,0.0,0.0885297139133787,0.0011145896507072726,-0.15847154809341002,-0.29320595268451216,0.015235312058311166,,,,,,,,,,,,
phase5,heat_pilot,precip,1,27,all,all,equal_mean,baseline,False,61009,73,0.19084606710325,3.0399504219513784,8.016089662322171,6.102805283904287,9.832961010339865,3.0399504219513784,2.1452514924030353,4.045642325372804,363.0,0.1487603305785124,0.4065934065934066,0.135,0.25068870523415976,0.13382753876838402,0.003771165754136271,0.2727650443893773,0.005671294399187005,0.0237006048692171,-0.15051794750921968,0.17543206401015626,59.0,0.06779661016949153,0.7647058823529411,0.05555555555555555,0.288135593220339,0.05533985556664985,0.0,0.0885297139133787,0.0011145896507072726,-0.15847154809341002,-0.29320595268451216,0.015235312058311166,,,,,,,,,,,,
phase5,heat_pilot,precip,1,27,all,all,superensemble,baseline,False,61009,73,-0.6044206632852732,3.1266398835729197,8.033553310072422,6.061396199677932,9.944655555509764,3.1266398835729197,2.302461078359744,4.0369225261421775,363.0,0.046831955922865015,0.5405405405405406,0.044386422976501305,0.10192837465564739,0.04383682176212272,-0.0004931767431938674,0.09799380140686813,0.005999114884689144,-0.03273288617880499,-0.2309559064066667,0.057090282142164925,59.0,0.0,,0.0,0.0,0.0,0.0,0.0,0.0009670704322313101,-0.005144431433988128,-0.009643421525102419,0.015235312058311166,0.017463647750251,-0.2835816490528939,0.34100216229383046,0.978,0.08668946162154123,-0.061737872382793726,0.24048576388668433,0.242,-0.0899907170062613,-0.1736047063463172,-0.004009124006063774,0.006
phase5,heat_pilot,precip,1,27,all,all,climatology,baseline,False,61009,73,-0.6917235184765635,3.9780763858229604,10.157484760014142,7.453182380522547,12.875941328762087,3.9780763858229604,2.9213387027851723,5.165425266538806,363.0,0.0,,0.0,0.0,0.0,0.0,0.0,0.005949941811863823,-0.024267862521601735,-0.036562992167644484,0.0032029936687603205,59.0,0.0,,0.0,0.0,0.0,0.0,0.0,0.0009670704322313101,-0.005144431433988128,-0.009643421525102419,0.015235312058311166,2.141395097691971,1.1103798413014336,3.2987434652811496,0.0,0.938125963871582,0.5527715479698823,1.3762957333027495,0.0,-0.13382753876838402,-0.2727650443893773,-0.003771165754136271,0.026
phase5,heat_pilot,precip,1,27,winter_JF,all,trustcast,final,False,9971,13,0.006595215192197217,0.007263124340684809,0.07085344013156374,3.991188183133457e-05,0.1234546537978244,0.007263124340684809,7.861835083636318e-07,0.019943503392624264,0.0,,,,,,,,0.0,1.0,1.0,1.0,0.0,,,,,,,,0.0,1.0,1.0,1.0,0.012961086342312085,-0.011971508092208295,0.02677832115355273,0.67,-0.009471527262853836,-0.014379180351420547,-0.00513745870723146,0.0,,,,
phase5,heat_pilot,precip,1,27,winter_JF,all,equal_mean,prev,False,9971,13,0.01601230497584672,0.016734651603538646,0.05789235378925165,0.011984288804849535,0.0966748707733645,0.016734651603538646,0.007575325480085891,0.02882100355364956,0.0,,,,,,,,0.0,1.0,1.0,1.0,0.0,,,,,,,,0.0,1.0,1.0,1.0,,,,,,,,,,,,
phase5,heat_pilot,precip,1,27,winter_JF,all,equal_mean,baseline,False,9971,13,0.01601230497584672,0.016734651603538646,0.05789235378925165,0.011984288804849535,0.0966748707733645,0.016734651603538646,0.007575325480085891,0.02882100355364956,0.0,,,,,,,,0.0,1.0,1.0,1.0,0.0,,,,,,,,0.0,1.0,1.0,1.0,,,,,,,,,,,,
phase5,heat_pilot,precip,1,27,winter_JF,all,superensemble,baseline,False,9971,13,0.16388024168565202,0.1643286428672358,0.17827623247212998,0.14805248100247773,0.21117459337249767,0.1643286428672358,0.14485279472247733,0.18603381325839177,0.0,,,,,,,,0.0,1.0,1.0,1.0,0.0,,,,,,,,0.0,1.0,1.0,1.0,0.12038387868287834,0.10441110525490649,0.14688017757554134,0.0,0.14759399126369716,0.13610235417470948,0.15985990814582873,0.0,,,,
phase5,heat_pilot,precip,1,27,winter_JF,all,climatology,baseline,False,9971,13,0.30629605188907516,0.3072381350777355,0.3330898635079049,0.3066590213770848,0.35865158174272216,0.3072381350777355,0.2805571428982641,0.3341330692568553,0.0,,,,,,,,0.0,1.0,1.0,1.0,0.0,,,,,,,,0.0,1.0,1.0,1.0,0.27519750971865325,0.22010973686336321,0.3366350327524664,0.0,0.29050348347419686,0.25651481557867656,0.3212652998660827,0.0,,,,
phase5,heat_pilot,precip,1,27,premonsoon_MAM,all,trustcast,final,False,15548,19,0.7596127681485758,1.9236640263179032,5.581517263580179,2.6337638463062367,8.089571760898785,1.9236640263179032,0.6812963199513424,3.47579449662082,2.0,0.0,1.0,0.0,2.5,-9.188980574495065e-05,-0.00021914187092652828,0.0,0.0004502186776434268,-2.495917539577099,-5.015522104489244,1.0,0.0,,,,,,,,0.0,1.0,1.0,1.0,1.3674452032382067,0.26725044527636393,2.441033047133054,0.0,0.6172309704274697,0.12657166689649665,1.2912759225781096,0.0,-9.188980574495065e-05,-0.00021914187092652828,0.0,0.5691609977324263
phase5,heat_pilot,precip,1,27,premonsoon_MAM,all,equal_mean,prev,False,15548,19,-0.3609598180079719,1.3064330558904336,4.214072060341972,2.1796311911232036,5.875472260168805,1.3064330558904336,0.55230942795392,2.2383304985929575,2.0,0.0,,0.0,0.0,0.0,0.0,0.0,0.00012863390789812196,0.0011664172636860481,-0.0025990898383251083,1.0,0.0,,,,,,,,0.0,1.0,1.0,1.0,,,,,,,,,,,,
phase5,heat_pilot,precip,1,27,premonsoon_MAM,all,equal_mean,baseline,False,15548,19,-0.3609598180079719,1.3064330558904336,4.214072060341972,2.1796311911232036,5.875472260168805,1.3064330558904336,0.55230942795392,2.2383304985929575,2.0,0.0,,0.0,0.0,0.0,0.0,0.0,0.00012863390789812196,0.0011664172636860481,-0.0025990898383251083,1.0,0.0,,,,,,,,0.0,1.0,1.0,1.0,,,,,,,,,,,,
phase5,heat_pilot,precip,1,27,premonsoon_MAM,all,superensemble,baseline,False,15548,19,-0.3653854721043014,1.3013178858983032,4.110280877637672,2.1269144117216348,5.715520197155175,1.3013178858983032,0.6019627592661961,2.1680850192536094,2.0,0.0,,0.0,0.0,0.0,0.0,0.0,0.00012863390789812196,0.0011664172636860481,-0.0025990898383251083,1.0,0.0,,,,,,,,0.0,1.0,1.0,1.0,-0.10379118270429988,-0.35560245267167284,0.1316859927900848,0.53,-0.005115169992130353,-0.09625103672170851,0.06856525882694359,0.958,0.0,0.0,0.0,1.0
phase5,heat_pilot,precip,1,27,premonsoon_MAM,all,climatology,baseline,False,15548,19,-0.8912563152155538,1.4921885193281252,4.962511274919205,2.210227386913945,7.153372200893684,1.4921885193281252,0.7333824926478366,2.449568330357734,2.0,0.0,,0.0,0.0,0.0,0.0,0.0,0.00012863390789812196,0.0011664172636860481,-0.0025990898383251083,1.0,0.0,,,,,,,,0.0,1.0,1.0,1.0,0.7484392145772327,-0.023618173947234287,1.292477028495417,0.114,0.18575546343769167,0.024236344015306978,0.3422642477253263,0.034,0.0,0.0,0.0,1.0
phase5,heat_pilot,precip,1,27,monsoon_JJAS,all,trustcast,final,False,20618,25,-1.9546696758997464,6.679202061665387,13.448277132182666,10.473906994468686,15.860337870958059,6.679202061665387,4.922193462843322,8.360848760167974,357.0,0.21008403361344538,0.5426829268292683,0.1681614349775785,0.45938375350140054,0.16283123273518454,0.014730426199156703,0.31104525368902675,0.017993985837617615,-0.06487575791150446,-0.3208966407187166,0.1607912465271148,59.0,0.11864406779661017,0.6818181818181818,0.0945945945945946,0.3728813559322034,0.0938236748852361,0.0,0.14454976013747273,0.0032495877388689495,-0.14149403394033855,-0.25523645830176445,0.017765974209257854,0.4726820677687762,0.20074155397734086,0.7437241722593431,0.0,-0.5582065674966925,-0.7881863321421979,-0.3475919202040532,0.0,0.02693371221962504,-0.004298515615745065,0.044406175634902456,0.108
phase5,heat_pilot,precip,1,27,monsoon_JJAS,all,equal_mean,prev,False,20618,25,0.47967233721287217,7.237408629162079,12.97559506441389,10.042051350949059,15.417209526128413,7.237408629162079,5.575717293281991,8.840307849910852,357.0,0.15126050420168066,0.36470588235294116,0.13917525773195877,0.23809523809523808,0.1358975205155595,0.003075308665172257,0.26581103397384187,0.01619943738480939,0.041324789373470394,-0.10641959550067943,0.1841058439900781,59.0,0.06779661016949153,0.7647058823529411,0.05555555555555555,0.288135593220339,0.0549170100566703,0.0,0.08583819973270596,0.0032980890484043067,-0.1585312583275078,-0.28622995109933896,0.017765974209257854,,,,,,,,,,,,
phase5,heat_pilot,precip,1,27,monsoon_JJAS,all,equal_mean,baseline,False,20618,25,0.47967233721287217,7.237408629162079,12.97559506441389,10.042051350949059,15.417209526128413,7.237408629162079,5.575717293281991,8.840307849910852,357.0,0.15126050420168066,0.36470588235294116,0.13917525773195877,0.23809523809523808,0.1358975205155595,0.003075308665172257,0.26581103397384187,0.01619943738480939,0.041324789373470394,-0.10641959550067943,0.1841058439900781,59.0,0.06779661016949153,0.7647058823529411,0.05555555555555555,0.288135593220339,0.0549170100566703,0.0,0.08583819973270596,0.0032980890484043067,-0.1585312583275078,-0.28622995109933896,0.017765974209257854,,,,,,,,,,,,
phase5,heat_pilot,precip,1,27,monsoon_JJAS,all,superensemble,baseline,False,20618,25,-0.9421499475514757,6.786770227920238,12.963051952426955,9.69773749604625,15.764994391605226,6.786770227920238,5.1972602665766425,8.387156874609401,357.0,0.047619047619047616,0.10526315789473684,0.04735376044568245,0.05322128851540616,0.04647996322960173,0.0,0.10013585175202927,0.016587447861092248,0.018362508879421813,-0.02536913193327493,0.06569985736407284,59.0,0.0,,0.0,0.0,0.0,0.0,0.0,0.0028615772625860897,-0.005196238842984702,-0.009679365660550332,0.017765974209257854,-0.012543111986934363,-0.5399106046924821,0.5746494705237036,0.926,-0.4506384012418412,-0.647164096340856,-0.2639664641442311,0.0,-0.08941755728595777,-0.1659573371830195,-0.003075308665172257,0.032
phase5,heat_pilot,precip,1,27,monsoon_JJAS,all,climatology,baseline,False,20618,25,-1.4937035972110653,9.451097113985085,16.52555295532367,12.192651508260537,20.707100911936923,9.451097113985085,7.744723418082373,11.176493252669651,357.0,0.0,,0.0,0.0,0.0,0.0,0.0,0.017314967504122612,-0.024691767046919333,-0.036348866672533044,0.011530447425632046,59.0,0.0,,0.0,0.0,0.0,0.0,0.0,0.0028615772625860897,-0.005196238842984702,-0.009679365660550332,0.017765974209257854,3.549957890909779,1.7193839607008763,5.508399490634405,0.0,2.213688484823006,1.27787959430919,3.168375002635686,0.0,-0.1358975205155595,-0.2658110339738419,-0.003075308665172257,0.032
phase5,heat_pilot,precip,1,27,postmonsoon_OND,all,trustcast,final,False,14872,18,0.06441800790398536,0.8579725984570626,3.7878541041651066,1.3212961793011342,5.853090272970867,0.8579725984570626,0.208254738788573,1.744585840556829,4.0,0.0,1.0,0.0,4.25,-0.00021777840406861297,-0.000546722878744467,0.0,0.0014120494889725659,-4.253164719759746,-16.93682746403529,1.0,0.0,,,,,,,,0.0,1.0,1.0,1.0,0.3793148770324013,-0.12481374266996231,0.7773595088182835,0.244,-0.20201676495367915,-0.385717085995169,-0.057104025430103185,0.006,-5.637527284786727e-05,-0.00017137420187318886,0.0,0.6
phase5,heat_pilot,precip,1,27,postmonsoon_OND,all,equal_mean,prev,False,14872,18,0.48453389031206034,1.0599893634107418,3.4085392271327053,1.3691812941510402,5.030046442271653,1.0599893634107418,0.3275717293995688,1.9263284008383317,4.0,0.0,1.0,0.0,1.5,-0.0001614031312207457,-0.00038605070132544073,0.0,0.0006724045185583647,-1.5015070094094027,-5.9754329026803905,1.0,0.0,,,,,,,,0.0,1.0,1.0,1.0,,,,,,,,,,,,
phase5,heat_pilot,precip,1,27,postmonsoon_OND,all,equal_mean,baseline,False,14872,18,0.48453389031206034,1.0599893634107418,3.4085392271327053,1.3691812941510402,5.030046442271653,1.0599893634107418,0.3275717293995688,1.9263284008383317,4.0,0.0,1.0,0.0,1.5,-0.0001614031312207457,-0.00038605070132544073,0.0,0.0006724045185583647,-1.5015070094094027,-5.9754329026803905,1.0,0.0,,,,,,,,0.0,1.0,1.0,1.0,,,,,,,,,,,,
phase5,heat_pilot,precip,1,27,postmonsoon_OND,all,superensemble,baseline,False,14872,18,-0.9012163258018335,1.9467544855880015,3.7554236817814886,1.7500439858442376,5.548299836797785,1.9467544855880015,1.387888284787414,2.6740118749264434,4.0,0.0,1.0,0.0,4.5,-0.00022010809753234367,-0.00055425389867231,0.0,0.0014792899408284023,-4.5033154207006865,-17.933317878703914,1.0,0.0,,,,,,,,0.0,1.0,1.0,1.0,0.34688445464878326,0.01695430601674954,0.6053396331136665,0.042,0.8867651221772597,0.5814034627618698,1.153207298087176,0.0,-5.870496631159796e-05,-0.00018023471858396635,0.0,0.6
phase5,heat_pilot,precip,1,27,postmonsoon_OND,all,climatology,baseline,False,14872,18,-0.04041178831720405,1.450492427592437,4.338453562257605,1.4325041328927457,6.793472230324821,1.450492427592437,0.7021066921717904,2.3828824325747124,4.0,0.0,,0.0,0.0,0.0,0.0,0.0,0.00026896180742334586,-0.000602803763761095,-0.00711809899945941,1.0,0.0,,,,,,,,0.0,1.0,1.0,1.0,0.9299143351249,-0.11493592358582747,1.7593224092258268,0.104,0.3905030641816951,0.1698956449956764,0.6286230533059538,0.0,0.0001614031312207457,0.0,0.00038605070132544073,0.6
phase5,heat_pilot,precip,1,27,all,dry,trustcast,final,False,33462,44,-0.10287798492441742,0.17111145799830302,1.2153120071091628,0.675818689362765,1.7414947825454488,0.17111145799830302,0.07059497130260926,0.3090385759011309,0.0,,,,,,,,0.0,1.0,1.0,1.0,0.0,,,,,,,,0.0,1.0,1.0,1.0,0.021835627771652266,0.006566985686963895,0.04027338097435666,0.008,-0.014785481544416473,-0.03422043939769826,0.0019507140008787071,0.084,,,,
phase5,heat_pilot,precip,1,27,all,dry,equal_mean,prev,False,33462,44,-0.08171926460119765,0.1858969395427195,1.1934763793375105,0.6618962099266456,1.7179798708379905,0.1858969395427195,0.09219613760531574,0.31194175782444866,0.0,,,,,,,,0.0,1.0,1.0,1.0,0.0,,,,,,,,0.0,1.0,1.0,1.0,,,,,,,,,,,,
phase5,heat_pilot,precip,1,27,all,dry,equal_mean,baseline,False,33462,44,-0.08171926460119765,0.1858969395427195,1.1934763793375105,0.6618962099266456,1.7179798708379905,0.1858969395427195,0.09219613760531574,0.31194175782444866,0.0,,,,,,,,0.0,1.0,1.0,1.0,0.0,,,,,,,,0.0,1.0,1.0,1.0,,,,,,,,,,,,
phase5,heat_pilot,precip,1,27,all,dry,superensemble,baseline,False,33462,44,-0.46505064361908355,0.6706251138097049,1.4284536902729288,1.0087193980599298,1.8508376638681947,0.6706251138097049,0.5072763911025925,0.8513893034093266,0.0,,,,,,,,0.0,1.0,1.0,1.0,0.0,,,,,,,,0.0,1.0,1.0,1.0,0.2349773109354183,0.11043145658673409,0.4336324196605746,0.0,0.48472817426698545,0.3295497375005411,0.6565966545105144,0.0,,,,
phase5,heat_pilot,precip,1,27,all,dry,climatology,baseline,False,33462,44,0.2558750778521939,0.5266329587750771,1.3250856805566433,0.8326531977664772,1.8189866999331834,0.5266329587750771,0.4046843224683359,0.6707789103665146,0.0,,,,,,,,0.0,1.0,1.0,1.0,0.0,,,,,,,,0.0,1.0,1.0,1.0,0.13160930121913283,0.06464339387854096,0.2493880938150096,0.0,0.34073601923235763,0.25990675099357274,0.44653675526995723,0.0,,,,
phase5,heat_pilot,precip,1,27,all,heavy_rain_risk,trustcast,final,False,169,1,14.650938732384224,18.594164581693843,22.47206799154694,22.47206799154694,22.47206799154694,18.594164581693843,18.594164581693843,18.594164581693843,1.0,0.0,1.0,0.0,17.0,-0.005619834710743802,-0.005619834710743802,-0.005619834710743802,0.10650887573964497,-17.14663783688955,-17.14663783688955,-17.14663783688955,0.0,,,,,,,,0.0,1.0,1.0,1.0,4.908808703663755,4.908808703663755,4.908808703663755,0.0,4.2006181951105255,4.2006181951105255,4.2006181951105255,0.0,-0.0005221286784583305,-0.0005221286784583305,-0.0005221286784583305,0.0
phase5,heat_pilot,precip,1,27,all,heavy_rain_risk,equal_mean,prev,False,169,1,8.727260482381787,14.393546386583317,17.563259287883184,17.563259287883184,17.563259287883184,14.393546386583317,14.393546386583317,14.393546386583317,1.0,0.0,1.0,0.0,6.0,-0.005097706032285472,-0.005097706032285472,-0.005097706032285472,0.04142011834319527,-6.057025825457047,-6.057025825457047,-6.057025825457047,0.0,,,,,,,,0.0,1.0,1.0,1.0,,,,,,,,,,,,
phase5,heat_pilot,precip,1,27,all,heavy_rain_risk,equal_mean,baseline,False,169,1,8.727260482381787,14.393546386583317,17.563259287883184,17.563259287883184,17.563259287883184,14.393546386583317,14.393546386583317,14.393546386583317,1.0,0.0,1.0,0.0,6.0,-0.005097706032285472,-0.005097706032285472,-0.005097706032285472,0.04142011834319527,-6.057025825457047,-6.057025825457047,-6.057025825457047,0.0,,,,,,,,0.0,1.0,1.0,1.0,,,,,,,,,,,,
phase5,heat_pilot,precip,1,27,all,heavy_rain_risk,superensemble,baseline,False,169,1,13.180899811919625,17.09214440182116,20.68747409404693,20.68747409404693,20.68747409404693,17.09214440182116,17.09214440182116,17.09214440182116,1.0,0.0,1.0,0.0,18.0,-0.0056373316630128414,-0.0056373316630128414,-0.0056373316630128414,0.11242603550295859,-18.154784383383415,-18.154784383383415,-18.154784383383415,0.0,,,,,,,,0.0,1.0,1.0,1.0,3.124214806163746,3.124214806163746,3.124214806163746,0.0,2.6985980152378417,2.6985980152378417,2.6985980152378417,0.0,-0.0005396256307273698,-0.0005396256307273698,-0.0005396256307273698,0.0
phase5,heat_pilot,precip,1,27,all,heavy_rain_risk,climatology,baseline,False,169,1,-21.846766247551823,21.936132684261842,27.504732060861286,27.504732060861286,27.504732060861286,21.936132684261842,21.936132684261842,21.936132684261842,1.0,0.0,,0.0,0.0,0.0,0.0,0.0,0.005917159763313609,-0.008146546493863926,-0.008146546493863926,-0.008146546493863926,0.0,,,,,,,,0.0,1.0,1.0,1.0,9.941472772978102,9.941472772978102,9.941472772978102,0.0,7.542586297678525,7.542586297678525,7.542586297678525,0.0,0.005097706032285472,0.005097706032285472,0.005097706032285472,0.0
phase5,heat_pilot,precip,1,27,all,monsoon_active,trustcast,final,False,6591,13,-1.6783866193945285,12.898479189913076,20.25605821417226,16.93612569624007,23.663666508844063,12.898479189913076,10.764761597448373,15.13514187678531,320.0,0.234375,0.5426829268292683,0.18337408312958436,0.5125,0.167160442169626,0.02125514909888553,0.30045295761799606,0.05067516310119861,-0.08319949399136095,-0.41162873581084874,0.1544759512662036,54.0,0.12962962962962962,0.6818181818181818,0.10144927536231885,0.4074074074074074,0.09909588153204098,0.0,0.14498270170643185,0.009406766803216508,-0.15929271180924487,-0.2687580150801495,-0.002885120939093234,0.6648065651469182,0.25164976081863377,1.1324604004405008,0.002,-0.1002605284332887,-0.4263926164130754,0.24358443916933367,0.602,0.02338119929890503,-0.006119306511559924,0.041485809778427196,0.092
phase5,heat_pilot,precip,1,27,all,monsoon_active,equal_mean,prev,False,6591,13,0.042090073071884795,12.998739718346364,19.59125164902534,16.18368904421638,23.188850662931806,12.998739718346364,11.127625402009057,14.93955233726052,320.0,0.16875,0.36470588235294116,0.15384615384615385,0.265625,0.14377924287072097,0.004466193757439096,0.26269887151265786,0.045061447428311335,0.036795659534628156,-0.15457990229704707,0.1803442335925673,54.0,0.07407407407407407,0.7647058823529411,0.05970149253731343,0.3148148148148148,0.05774271068056341,0.0,0.08508005315871908,0.009558488848429678,-0.17799098135455527,-0.30088187768515956,-0.002885120939093234,,,,,,,,,,,,
phase5,heat_pilot,precip,1,27,all,monsoon_active,equal_mean,baseline,False,6591,13,0.042090073071884795,12.998739718346364,19.59125164902534,16.18368904421638,23.188850662931806,12.998739718346364,11.127625402009057,14.93955233726052,320.0,0.16875,0.36470588235294116,0.15384615384615385,0.265625,0.14377924287072097,0.004466193757439096,0.26269887151265786,0.045061447428311335,0.036795659534628156,-0.15457990229704707,0.1803442335925673,54.0,0.07407407407407407,0.7647058823529411,0.05970149253731343,0.3148148148148148,0.05774271068056341,0.0,0.08508005315871908,0.009558488848429678,-0.17799098135455527,-0.30088187768515956,-0.002885120939093234,,,,,,,,,,,,
phase5,heat_pilot,precip,1,27,all,monsoon_active,superensemble,baseline,False,6591,13,-3.2226994808798874,12.334432291927586,19.83258584987372,15.69002952892549,24.234796506961146,12.334432291927586,10.340761503439825,14.54534488072725,320.0,0.053125,0.10526315789473684,0.052795031055900624,0.059375,0.05007366901960192,0.0,0.09827381048603122,0.04627522379001669,0.010850761474954895,-0.04087935671570038,0.05979583635056876,54.0,0.0,,0.0,0.0,0.0,0.0,0.0,0.008192990441511151,-0.009706555446761689,-0.012292496605634484,-0.002885120939093234,0.2413342008483781,-0.8269756456459162,1.2533873424660447,0.82,-0.6643074264187785,-1.1990045367520978,-0.1767796499451866,0.012,-0.09370557385111905,-0.16548892919486688,-0.004466193757439103,0.016
phase5,heat_pilot,precip,1,27,all,monsoon_active,climatology,baseline,False,6591,13,-11.600111200639102,14.904010915517482,25.738668752836798,19.619131762350683,32.555431963571216,14.904010915517482,11.856116414897608,18.78402809018355,320.0,0.0,,0.0,0.0,0.0,0.0,0.0,0.048551054468214234,-0.037795922386932634,-0.04506814832427199,-0.021467109781288116,54.0,0.0,,0.0,0.0,0.0,0.0,0.0,0.008192990441511151,-0.009706555446761689,-0.012292496605634484,-0.002885120939093234,6.147417103811456,2.9009097990179447,9.623992282227444,0.0,1.9052711971711176,-0.09423301795704526,4.205413133216496,0.068,-0.14377924287072097,-0.2626988715126579,-0.004466193757439103,0.016
phase5,heat_pilot,precip,1,27,all,monsoon_break,trustcast,final,False,5915,13,-1.481548124189754,1.8221607517075133,4.849990631008087,3.17468444441494,6.35197591995728,1.8221607517075133,1.088065400687338,2.6628028677735784,1.0,0.0,,0.0,0.0,0.0,0.0,0.0,0.000169061707523246,0.6712305676459902,0.30357951974773717,1.0,0.0,,,,,,,,0.0,1.0,1.0,1.0,0.17059640658688302,-0.13136616258404477,0.41130902775488143,0.234,-0.4605071112290653,-0.7764491310890014,-0.1780005795347656,0.0,0.0,0.0,0.0,1.0
phase5,heat_pilot,precip,1,27,all,monsoon_break,equal_mean,prev,False,5915,13,0.005806090846759702,2.2826678629365786,4.679394224421204,3.1752672227345884,6.078878201110672,2.2826678629365786,1.5859987378552338,3.0365447062642534,1.0,0.0,,0.0,0.0,0.0,0.0,0.0,0.000169061707523246,0.6712305676459902,0.30357951974773717,1.0,0.0,,,,,,,,0.0,1.0,1.0,1.0,,,,,,,,,,,,
phase5,heat_pilot,precip,1,27,all,monsoon_break,equal_mean,baseline,False,5915,13,0.005806090846759702,2.2826678629365786,4.679394224421204,3.1752672227345884,6.078878201110672,2.2826678629365786,1.5859987378552338,3.0365447062642534,1.0,0.0,,0.0,0.0,0.0,0.0,0.0,0.000169061707523246,0.6712305676459902,0.30357951974773717,1.0,0.0,,,,,,,,0.0,1.0,1.0,1.0,,,,,,,,,,,,
phase5,heat_pilot,precip,1,27,all,monsoon_break,superensemble,baseline,False,5915,13,-0.12731385215965751,2.1536260184741383,4.461499040688932,2.952751124487481,5.886054776872822,2.1536260184741383,1.4935550176395098,2.862481612018445,1.0,0.0,,0.0,0.0,0.0,0.0,0.0,0.000169061707523246,0.6712305676459902,0.30357951974773717,1.0,0.0,,,,,,,,0.0,1.0,1.0,1.0,-0.21789518373227157,-0.45287326623281837,-0.09371136148389093,0.0,-0.12904184446244038,-0.2140837450466635,-0.061884685920350437,0.0,0.0,0.0,0.0,1.0
phase5,heat_pilot,precip,1,27,all,monsoon_break,climatology,baseline,False,5915,13,5.5597753807335515,6.748461762627403,7.914916468432,6.3625851432255836,9.060456554774344,6.748461762627403,5.074015660090207,8.258034520296079,1.0,0.0,,0.0,0.0,0.0,0.0,0.0,0.000169061707523246,0.6712305676459902,0.30357951974773717,1.0,0.0,,,,,,,,0.0,1.0,1.0,1.0,3.235522244010796,1.3216073306999738,5.1148558997445175,0.0,4.465793899690825,2.8204522527362257,6.018088350786765,0.0,0.0,0.0,0.0,1.0
phase5,heat_pilot,precip,1,27,all,monsoon_normal,trustcast,final,False,8112,20,-2.5241341240987722,5.167632016808422,10.447446911640906,8.332435422322376,12.893273015906304,5.167632016808422,4.221926809164014,6.3030141887223285,36.0,0.0,,0.0,0.0,0.0,0.0,0.0,0.004437869822485207,0.02729043170376999,-0.01172425768221858,0.15880727257159266,5.0,0.0,,0.0,0.0,0.0,0.0,0.0,0.000616370808678501,0.016935897680945278,-0.0005914225152892748,1.0,0.4418170994821047,0.11470611847536648,0.7528455550687914,0.01,-1.0015269110975202,-1.3064855951505034,-0.6516355653074115,0.0,0.0,0.0,0.0,1.0
phase5,heat_pilot,precip,1,27,all,monsoon_normal,equal_mean,prev,False,8112,20,1.180735398136048,6.169158927905943,10.005629812158801,8.162074829814838,12.289701559390894,6.169158927905943,5.443002568412438,7.086845865405676,36.0,0.0,,0.0,0.0,0.0,0.0,0.0,0.004437869822485207,0.02729043170376999,-0.01172425768221858,0.15880727257159266,5.0,0.0,,0.0,0.0,0.0,0.0,0.0,0.000616370808678501,0.016935897680945278,-0.0005914225152892748,1.0,,,,,,,,,,,,
phase5,heat_pilot,precip,1,27,all,monsoon_normal,equal_mean,baseline,False,8112,20,1.180735398136048,6.169158927905943,10.005629812158801,8.162074829814838,12.289701559390894,6.169158927905943,5.443002568412438,7.086845865405676,36.0,0.0,,0.0,0.0,0.0,0.0,0.0,0.004437869822485207,0.02729043170376999,-0.01172425768221858,0.15880727257159266,5.0,0.0,,0.0,0.0,0.0,0.0,0.0,0.000616370808678501,0.016935897680945278,-0.0005914225152892748,1.0,,,,,,,,,,,,
phase5,heat_pilot,precip,1,27,all,monsoon_normal,superensemble,baseline,False,8112,20,0.3166452287213247,5.657629120302049,9.644046376993476,7.764527081928019,12.008480834673886,5.657629120302049,4.891000072540763,6.622139349280273,36.0,0.0,,0.0,0.0,0.0,0.0,0.0,0.004437869822485207,0.02729043170376999,-0.01172425768221858,0.15880727257159266,5.0,0.0,,0.0,0.0,0.0,0.0,0.0,0.000616370808678501,0.016935897680945278,-0.0005914225152892748,1.0,-0.36158343516532554,-0.5710117347990169,-0.15439923344763348,0.0,-0.5115298076038934,-0.6158486573447293,-0.4040520746703647,0.0,0.0,0.0,0.0,1.0
phase5,heat_pilot,precip,1,27,all,monsoon_normal,climatology,baseline,False,8112,20,1.5745908258229318,6.99127626060499,10.496195309017763,8.662167268454823,12.917779179104231,6.99127626060499,6.280306270331007,7.966457820364102,36.0,0.0,,0.0,0.0,0.0,0.0,0.0,0.004437869822485207,0.02729043170376999,-0.01172425768221858,0.15880727257159266,5.0,0.0,,0.0,0.0,0.0,0.0,0.0,0.000616370808678501,0.016935897680945278,-0.0005914225152892748,1.0,0.4905654968589612,0.10241947787082811,0.8591816578568265,0.02,0.8221173326990474,0.36233465250131913,1.2623720960195468,0.0,0.0,0.0,0.0,1.0
phase5,heat_pilot,precip,1,27,all,wet_spell,trustcast,final,False,6760,13,2.0415294836052436,5.010824253905279,9.126303040829972,5.798117436056282,12.240816265647693,5.010824253905279,2.9346310249268033,7.5465742197960335,5.0,0.0,1.0,0.0,1.0,-0.0003699593044765076,-0.0008367148923817967,0.0,0.0014792899408284023,-1.0039314072335417,-4.9591804983142165,1.0,0.0,,,,,,,,0.0,1.0,1.0,1.0,1.9397345656444598,0.4669526622428724,3.5839248315045036,0.0,0.9293965251394756,-0.3702881168019994,2.562644665766706,0.204,-0.0003699593044765076,-0.0008367148923817967,0.0,0.6742034943473793
phase5,heat_pilot,precip,1,27,all,wet_spell,equal_mean,prev,False,6760,13,0.4457139748239548,4.081427728765804,7.186568475185513,4.998067190153179,8.929058262756724,4.081427728765804,3.0627181129080667,5.160124590558654,5.0,0.0,,0.0,0.0,0.0,0.0,0.0,0.0007396449704142012,-0.001965703616770842,-0.007814970447365255,1.0,0.0,,,,,,,,0.0,1.0,1.0,1.0,,,,,,,,,,,,
phase5,heat_pilot,precip,1,27,all,wet_spell,equal_mean,baseline,False,6760,13,0.4457139748239548,4.081427728765804,7.186568475185513,4.998067190153179,8.929058262756724,4.081427728765804,3.0627181129080667,5.160124590558654,5.0,0.0,,0.0,0.0,0.0,0.0,0.0,0.0007396449704142012,-0.001965703616770842,-0.007814970447365255,1.0,0.0,,,,,,,,0.0,1.0,1.0,1.0,,,,,,,,,,,,
phase5,heat_pilot,precip,1,27,all,wet_spell,superensemble,baseline,False,6760,13,-0.6088609555011172,3.771377830685305,7.00938011829805,4.819474102199216,8.82432812567718,3.771377830685305,2.717787109354974,4.872578540200665,5.0,0.0,,0.0,0.0,0.0,0.0,0.0,0.0007396449704142012,-0.001965703616770842,-0.007814970447365255,1.0,0.0,,,,,,,,0.0,1.0,1.0,1.0,-0.17718835688746282,-0.5618843199407421,0.16498095992693107,0.39,-0.31004989808049865,-0.5163728270175232,-0.09295188153089526,0.006,0.0,0.0,0.0,1.0
phase5,heat_pilot,precip,1,27,all,wet_spell,climatology,baseline,False,6760,13,-2.407421261936801,3.9210567213545318,8.402928713217113,5.256223960536812,10.854742635886762,3.9210567213545318,2.649572615577211,5.303870264323601,5.0,0.0,,0.0,0.0,0.0,0.0,0.0,0.0007396449704142012,-0.001965703616770842,-0.007814970447365255,1.0,0.0,,,,,,,,0.0,1.0,1.0,1.0,1.2163602380316005,0.145559696001923,1.9336505188377673,0.03,-0.16037100741127208,-0.5401863845780619,0.2756450655975009,0.476,0.0,0.0,0.0,1.0
phase5,heat_pilot,precip,2,51,all,all,trustcast,final,False,61178,73,0.3512185819996431,3.4854715959718696,9.44942544004727,7.228633952355733,11.678373700432866,3.4854715959718696,2.3928058101540777,4.785817841179311,363.0,0.25895316804407714,0.6618705035971223,0.17184643510054845,0.7658402203856749,0.16934152976736339,0.02004755481304355,0.3572113441124688,0.007404622576743273,-0.2782184943516002,-1.050553972007462,0.14955283707271694,59.0,0.13559322033898305,0.8333333333333334,0.08080808080808081,0.8135593220338984,0.08037807720452808,-0.0003954190122986024,0.156738725038103,0.0014874628134296643,-0.550307482871234,-2.239223423119453,0.002752947076549427,0.9202952772244988,0.28316062342445236,1.686181536040236,0.002,0.07805861023262439,-0.1799908519904257,0.38654862625358694,0.66,0.048931473987236546,0.01885082651317812,0.09128303114214496,0.012
phase5,heat_pilot,precip,2,51,all,all,equal_mean,prev,False,61178,73,0.6338957464166541,3.4074129857392452,8.52913016282277,6.429827050212539,10.343827570400503,3.4074129857392452,2.409064911076769,4.500991683803734,363.0,0.13774104683195593,0.4897959183673469,0.12165450121654502,0.2699724517906336,0.12041005578012684,-0.00015629748366525022,0.2738962117284865,0.005900814018111085,-0.018624451348626225,-0.3230181918548815,0.19663297891223064,59.0,0.0,1.0,0.0,0.03389830508474576,-3.162063809375787e-05,-9.245833172462816e-05,0.0,0.0009970904573539507,-0.039217103902695394,-0.18542685385625132,0.007973184469308494,,,,,,,,,,,,
phase5,heat_pilot,precip,2,51,all,all,equal_mean,baseline,False,61178,73,0.6338957464166541,3.4074129857392452,8.52913016282277,6.429827050212539,10.343827570400503,3.4074129857392452,2.409064911076769,4.500991683803734,363.0,0.13774104683195593,0.4897959183673469,0.12165450121654502,0.2699724517906336,0.12041005578012684,-0.00015629748366525022,0.2738962117284865,0.005900814018111085,-0.018624451348626225,-0.3230181918548815,0.19663297891223064,59.0,0.0,1.0,0.0,0.03389830508474576,-3.162063809375787e-05,-9.245833172462816e-05,0.0,0.0009970904573539507,-0.039217103902695394,-0.18542685385625132,0.007973184469308494,,,,,,,,,,,,
phase5,heat_pilot,precip,2,51,all,all,superensemble,baseline,False,61178,73,-0.17333155266316733,3.341607436455738,8.385694807244883,6.361050772609739,10.37353074004072,3.341607436455738,2.4246436874837385,4.320694363660435,363.0,0.06611570247933884,0.2,0.06504065040650407,0.08264462809917356,0.06458940943968992,0.0,0.1314704542995583,0.005639282094870705,0.026522338738847573,-0.04191206150906575,0.10125397674510322,59.0,0.0,,0.0,0.0,0.0,0.0,0.0,0.0009643989669489032,-0.005144411971459428,-0.009643421246587763,0.015235385820671516,-0.14343535557788734,-0.6239377091979892,0.3417326927099799,0.558,-0.06580554928350724,-0.2504490508885774,0.11137410886933218,0.486,-0.055820646340436916,-0.1411080836456853,0.006372798417220294,0.756
phase5,heat_pilot,precip,2,51,all,all,climatology,baseline,False,61178,73,-0.6891905668072049,3.967709337756685,10.143453670939843,7.422523924733987,12.851953794068608,3.967709337756685,2.9136824293132797,5.161131931284661,363.0,0.0,,0.0,0.0,0.0,0.0,0.0,0.005933505508516133,-0.024267800109560422,-0.03656295369386549,0.003203146605013374,59.0,0.0,,0.0,0.0,0.0,0.0,0.0,0.0009643989669489032,-0.005144411971459428,-0.009643421246587763,0.015235385820671516,1.6143235081170726,0.5325693125955514,2.9280193617544,0.002,0.5602963520174398,0.16948600792514157,1.0155360625982508,0.002,-0.12041005578012684,-0.2738962117284865,0.00015629748366525022,0.274
phase5,heat_pilot,precip,2,51,winter_JF,all,trustcast,final,False,9971,13,-0.0006489903108368976,0.0012295737887992625,0.03122449744272183,0.0,0.05501773410833747,0.0012295737887992625,0.0,0.0038026719251128415,0.0,,,,,,,,0.0,1.0,1.0,1.0,0.0,,,,,,,,0.0,1.0,1.0,1.0,-0.01235812011686787,-0.024590732418280296,-0.008795836028070604,0.0,-0.01006037204543167,-0.01669970973657278,-0.004584506965484782,0.0,,,,
phase5,heat_pilot,precip,2,51,winter_JF,all,equal_mean,prev,False,9971,13,0.010374257215412096,0.011289945834230933,0.0435826175595897,0.008795836028070603,0.0727707878806673,0.011289945834230933,0.004584506965484781,0.01994834253249409,0.0,,,,,,,,0.0,1.0,1.0,1.0,0.0,,,,,,,,0.0,1.0,1.0,1.0,,,,,,,,,,,,
phase5,heat_pilot,precip,2,51,winter_JF,all,equal_mean,baseline,False,9971,13,0.010374257215412096,0.011289945834230933,0.0435826175595897,0.008795836028070603,0.0727707878806673,0.011289945834230933,0.004584506965484781,0.01994834253249409,0.0,,,,,,,,0.0,1.0,1.0,1.0,0.0,,,,,,,,0.0,1.0,1.0,1.0,,,,,,,,,,,,
phase5,heat_pilot,precip,2,51,winter_JF,all,superensemble,baseline,False,9971,13,-0.00011399195967186036,0.02105568177395291,0.049746133169193664,0.01636119110431752,0.0807420473697443,0.02105568177395291,0.014396998557568387,0.02997257784482823,0.0,,,,,,,,0.0,1.0,1.0,1.0,0.0,,,,,,,,0.0,1.0,1.0,1.0,0.006163515609603966,0.004831603951386193,0.008937091868550037,0.0,0.009765735939721975,0.00755813736546227,0.01209972540823191,0.0,,,,
phase5,heat_pilot,precip,2,51,winter_JF,all,climatology,baseline,False,9971,13,0.30629605188907516,0.3072381350777355,0.3330898635079049,0.3066590213770848,0.35865158174272216,0.3072381350777355,0.2805571428982641,0.3341330692568553,0.0,,,,,,,,0.0,1.0,1.0,1.0,0.0,,,,,,,,0.0,1.0,1.0,1.0,0.28950724594831523,0.24225639554928458,0.3404761957367065,0.0,0.2959481892435046,0.264595027330441,0.32535879697863046,0.0,,,,
phase5,heat_pilot,precip,2,51,premonsoon_MAM,all,trustcast,final,False,15548,19,1.2741577792440972,2.423850003958919,6.475730989232327,3.257163515823636,9.11062031624083,2.423850003958919,0.8684352384093988,4.304268180853648,2.0,0.0,1.0,0.0,3.0,-9.648473933039592e-05,-0.00024222109443529952,-4.1967433271781096e-05,0.0005145356315924878,-2.995334330945256,-3.995147937475092,1.0,0.0,,,,,,,,0.0,1.0,1.0,1.0,2.0098107157324385,0.5365370660158354,3.2081994851271785,0.0,0.8966458357533273,0.2183487059374998,1.7175073111859613,0.0,-9.648473933039592e-05,-0.00024222109443529952,-4.1967433271781096e-05,0.0
phase5,heat_pilot,precip,2,51,premonsoon_MAM,all,equal_mean,prev,False,15548,19,-0.08503908470883342,1.5272041682055915,4.465920273499888,2.2942685303304966,6.1849379453573805,1.5272041682055915,0.6201701869812565,2.637190695038265,2.0,0.0,,0.0,0.0,0.0,0.0,0.0,0.00012863390789812196,0.0011664172636860481,-0.0025990898383251083,1.0,0.0,,,,,,,,0.0,1.0,1.0,1.0,,,,,,,,,,,,
phase5,heat_pilot,precip,2,51,premonsoon_MAM,all,equal_mean,baseline,False,15548,19,-0.08503908470883342,1.5272041682055915,4.465920273499888,2.2942685303304966,6.1849379453573805,1.5272041682055915,0.6201701869812565,2.637190695038265,2.0,0.0,,0.0,0.0,0.0,0.0,0.0,0.00012863390789812196,0.0011664172636860481,-0.0025990898383251083,1.0,0.0,,,,,,,,0.0,1.0,1.0,1.0,,,,,,,,,,,,
phase5,heat_pilot,precip,2,51,premonsoon_MAM,all,superensemble,baseline,False,15548,19,-0.3088602920074316,1.4358039919307648,4.390117295246839,2.1901896132343874,6.1209022235517,1.4358039919307648,0.5927325096161147,2.4357162083752026,2.0,0.0,,0.0,0.0,0.0,0.0,0.0,0.00012863390789812196,0.0011664172636860481,-0.0025990898383251083,1.0,0.0,,,,,,,,0.0,1.0,1.0,1.0,-0.0758029782530496,-0.29455495805661414,0.1790497420582395,0.562,-0.09140017627482666,-0.22348592046743349,0.002622657245372136,0.06,0.0,0.0,0.0,1.0
phase5,heat_pilot,precip,2,51,premonsoon_MAM,all,climatology,baseline,False,15548,19,-0.8912563152155538,1.4921885193281252,4.962511274919205,2.210227386913945,7.153372200893684,1.4921885193281252,0.7333824926478366,2.449568330357734,2.0,0.0,,0.0,0.0,0.0,0.0,0.0,0.00012863390789812196,0.0011664172636860481,-0.0025990898383251083,1.0,0.0,,,,,,,,0.0,1.0,1.0,1.0,0.49659100141931667,-0.27913578457780075,0.9771434443977287,0.216,-0.03501564887746622,-0.3298482723933147,0.18779653278223957,0.846,0.0,0.0,0.0,1.0
phase5,heat_pilot,precip,2,51,monsoon_JJAS,all,trustcast,final,False,20618,25,-0.09345061757217239,7.791884321296473,14.884224936230417,11.31676631440701,17.99785956388027,7.791884321296473,5.503332822015621,10.116865021912796,357.0,0.26330532212885155,0.6384615384615384,0.17973231357552583,0.7282913165266106,0.1726102891998181,0.024097074276277823,0.35344060198783694,0.02080706179066835,-0.231352291493357,-0.9539593608161716,0.17661760834869425,59.0,0.13559322033898305,0.8333333333333334,0.08080808080808081,0.8135593220338984,0.0795309932052886,-0.0011371250981504944,0.15101549403436426,0.004413619167717529,-0.5503874192324003,-2.2834479815348088,0.0025254148647491756,1.0697210664195111,0.08101806037998502,2.368208586702059,0.03,-0.2508793920689465,-0.7516263726723224,0.4390587699220801,0.4,0.05148926557413712,0.019043110698287943,0.09583153964141364,0.006
phase5,heat_pilot,precip,2,51,monsoon_JJAS,all,equal_mean,prev,False,20618,25,1.431172617858951,8.042763713365419,13.814503869810906,10.721489675796033,16.412545948086382,8.042763713365419,6.177591816004037,9.853138060059242,357.0,0.1400560224089636,0.46808510638297873,0.12468827930174564,0.26330532212885155,0.12112102362568099,-0.0001886571776014673,0.27008947145370543,0.017023959646910468,-0.007470056676383008,-0.30822256165949985,0.19928196209976684,59.0,0.0,1.0,0.0,0.03389830508474576,-9.3831008762862e-05,-0.0002718994145753572,0.0,0.0029585798816568047,-0.03927068761732322,-0.19890831273562082,0.013162945833197704,,,,,,,,,,,,
phase5,heat_pilot,precip,2,51,monsoon_JJAS,all,equal_mean,baseline,False,20618,25,1.431172617858951,8.042763713365419,13.814503869810906,10.721489675796033,16.412545948086382,8.042763713365419,6.177591816004037,9.853138060059242,357.0,0.1400560224089636,0.46808510638297873,0.12468827930174564,0.26330532212885155,0.12112102362568099,-0.0001886571776014673,0.27008947145370543,0.017023959646910468,-0.007470056676383008,-0.30822256165949985,0.19928196209976684,59.0,0.0,1.0,0.0,0.03389830508474576,-9.3831008762862e-05,-0.0002718994145753572,0.0,0.0029585798816568047,-0.03927068761732322,-0.19890831273562082,0.013162945833197704,,,,,,,,,,,,
phase5,heat_pilot,precip,2,51,monsoon_JJAS,all,superensemble,baseline,False,20618,25,0.011103770191058238,7.538576192320147,13.626756032217862,10.275137548256453,16.439133855695438,7.538576192320147,5.77093251829974,9.251018805144291,357.0,0.06722689075630252,0.2,0.06611570247933884,0.08403361344537816,0.06477740919264871,0.0,0.1293931954518299,0.016441943932486176,0.026973364064689975,-0.04228198318136262,0.0951747440550196,59.0,0.0,,0.0,0.0,0.0,0.0,0.0,0.0028615772625860897,-0.005196238842984702,-0.009679365660550332,0.017765974209257854,-0.1877478375930437,-1.062388054733229,0.6722032425186655,0.632,-0.5041875210452718,-0.9066374937850624,-0.1718086312741432,0.002,-0.05634361443303228,-0.13731971689121578,0.0078081394760336565,0.722
phase5,heat_pilot,precip,2,51,monsoon_JJAS,all,climatology,baseline,False,20618,25,-1.4937035972110653,9.451097113985085,16.52555295532367,12.192651508260537,20.707100911936923,9.451097113985085,7.744723418082373,11.176493252669651,357.0,0.0,,0.0,0.0,0.0,0.0,0.0,0.017314967504122612,-0.024691767046919333,-0.036348866672533044,0.011530447425632046,59.0,0.0,,0.0,0.0,0.0,0.0,0.0,0.0028615772625860897,-0.005196238842984702,-0.009679365660550332,0.017765974209257854,2.7110490855127622,0.8297804235545214,4.919649839013945,0.0,1.4083334006196662,0.3394133623589061,2.479082562416858,0.01,-0.12112102362568099,-0.2700894714537055,0.0001886571776014673,0.286
phase5,heat_pilot,precip,2,51,postmonsoon_OND,all,trustcast,final,False,15041,18,0.23997614343323892,0.9894841047852526,4.019041173764922,1.7796758260343473,5.857519974017178,0.9894841047852526,0.2802589322229678,1.8529614910159218,4.0,0.0,1.0,0.0,3.0,-0.00019949461364543157,-0.0004961603951240965,0.0,0.0010637590585732331,-3.0023895943908983,-11.954368269306286,1.0,0.0,,,,,,,,0.0,1.0,1.0,1.0,0.32189650663483915,-0.12990522398326362,0.7308073355420619,0.27,-0.25880171013487574,-0.490974064205835,-0.08566917781998351,0.0,-6.650704798282102e-05,-0.00019155883473337572,0.0,0.6
phase5,heat_pilot,precip,2,51,postmonsoon_OND,all,equal_mean,prev,False,15041,18,0.6975136566465184,1.2482858149201284,3.697144667130083,1.8181316517930786,5.202072719406417,1.2482858149201284,0.4050213200650307,2.1546761443341573,4.0,0.0,1.0,0.0,1.0,-0.00013298756566261055,-0.0003202580364751028,0.0,0.0005318795292866166,-1.0011947971954491,-3.9824493343485723,1.0,0.0,,,,,,,,0.0,1.0,1.0,1.0,,,,,,,,,,,,
phase5,heat_pilot,precip,2,51,postmonsoon_OND,all,equal_mean,baseline,False,15041,18,0.6975136566465184,1.2482858149201284,3.697144667130083,1.8181316517930786,5.202072719406417,1.2482858149201284,0.4050213200650307,2.1546761443341573,4.0,0.0,1.0,0.0,1.0,-0.00013298756566261055,-0.0003202580364751028,0.0,0.0005318795292866166,-1.0011947971954491,-3.9824493343485723,1.0,0.0,,,,,,,,0.0,1.0,1.0,1.0,,,,,,,,,,,,
phase5,heat_pilot,precip,2,51,postmonsoon_OND,all,superensemble,baseline,False,15041,18,-0.4008855015401274,1.7597679106924211,3.399482957903686,1.8359808174260754,4.673725875308318,1.7597679106924211,1.2434587411788052,2.3303143295839015,4.0,0.0,,0.0,0.0,0.0,0.0,0.0,0.0002659397646433083,-0.0005973985977245633,-0.007117962101222758,1.0,0.0,,,,,,,,0.0,1.0,1.0,1.0,-0.2976617092263969,-0.6794362242970434,0.21975118263108848,0.27,0.5114820957722928,0.1077533713330426,0.8884035744549799,0.008,0.00013298756566261055,0.0,0.0003202580364751028,0.6
phase5,heat_pilot,precip,2,51,postmonsoon_OND,all,climatology,baseline,False,15041,18,-0.03742733018070442,1.4367251529659069,4.314090642514936,1.4248664239945517,6.754260527890194,1.4367251529659069,0.6966270143009407,2.352764055932284,4.0,0.0,,0.0,0.0,0.0,0.0,0.0,0.0002659397646433083,-0.0005973985977245633,-0.007117962101222758,1.0,0.0,,,,,,,,0.0,1.0,1.0,1.0,0.6169459753848527,-0.8753715075371907,1.6811288075904984,0.526,0.1884393380457785,-0.17449674464620435,0.5133706117761525,0.316,0.00013298756566261055,0.0,0.0003202580364751028,0.6
phase5,heat_pilot,precip,2,51,all,dry,trustcast,final,False,33124,43,-0.10032588340678322,0.17323205381510606,1.2343727378121003,0.71645253440179,1.7428189710196316,0.17323205381510606,0.07095561356838145,0.3061741152120387,0.0,,,,,,,,0.0,1.0,1.0,1.0,0.0,,,,,,,,0.0,1.0,1.0,1.0,0.028430252290487568,0.001248671005215868,0.07268041496374132,0.028,-0.010847788510262246,-0.03195033833411849,0.010254127745764417,0.304,,,,
phase5,heat_pilot,precip,2,51,all,dry,equal_mean,prev,False,33124,43,-0.0860288169385843,0.1840798423253683,1.2059424855216128,0.6818416213305788,1.7304694699095047,0.1840798423253683,0.08569287017853552,0.31671750106992197,0.0,,,,,,,,0.0,1.0,1.0,1.0,0.0,,,,,,,,0.0,1.0,1.0,1.0,,,,,,,,,,,,
phase5,heat_pilot,precip,2,51,all,dry,equal_mean,baseline,False,33124,43,-0.0860288169385843,0.1840798423253683,1.2059424855216128,0.6818416213305788,1.7304694699095047,0.1840798423253683,0.08569287017853552,0.31671750106992197,0.0,,,,,,,,0.0,1.0,1.0,1.0,0.0,,,,,,,,0.0,1.0,1.0,1.0,,,,,,,,,,,,
phase5,heat_pilot,precip,2,51,all,dry,superensemble,baseline,False,33124,43,-0.4314355294831806,0.5120181733215973,1.3588234067654883,0.9254095415616868,1.8256972157938196,0.5120181733215973,0.3407217460348019,0.6931722880579004,0.0,,,,,,,,0.0,1.0,1.0,1.0,0.0,,,,,,,,0.0,1.0,1.0,1.0,0.15288092124387553,0.06925166640561511,0.3090446163030987,0.0,0.32793833099622893,0.17284582591970515,0.5043108944297346,0.0,,,,
phase5,heat_pilot,precip,2,51,all,dry,climatology,baseline,False,33124,43,0.2562873130651296,0.526609802328182,1.3361818071761251,0.8400569988607347,1.8357833094159601,0.526609802328182,0.40391837757517346,0.6725348594682131,0.0,,,,,,,,0.0,1.0,1.0,1.0,0.0,,,,,,,,0.0,1.0,1.0,1.0,0.13023932165451235,0.0676380172275015,0.23952246926816412,0.0,0.34252996000281366,0.2646261634737431,0.43872419129971546,0.0,,,,
phase5,heat_pilot,precip,2,51,all,heavy_rain_risk,trustcast,final,False,169,1,16.422219524722127,17.813085437526365,21.505387770314073,21.505387770314073,21.505387770314073,17.813085437526365,17.813085437526365,17.813085437526365,1.0,0.0,1.0,0.0,12.0,-0.005491990846681922,-0.005491990846681922,-0.005491990846681922,0.07692307692307693,-12.10590510442023,-12.10590510442023,-12.10590510442023,0.0,,,,,,,,0.0,1.0,1.0,1.0,4.824426209374618,4.824426209374618,4.824426209374618,0.0,4.168054781016513,4.168054781016513,4.168054781016513,0.0,-0.0007357482783109355,-0.0007357482783109355,-0.0007357482783109355,0.0
phase5,heat_pilot,precip,2,51,all,heavy_rain_risk,equal_mean,prev,False,169,1,10.494684397116215,13.645030656509851,16.680961560939455,16.680961560939455,16.680961560939455,13.645030656509851,13.645030656509851,13.645030656509851,1.0,0.0,1.0,0.0,4.0,-0.0047562425683709865,-0.0047562425683709865,-0.0047562425683709865,0.029585798816568046,-4.040732732469319,-4.040732732469319,-4.040732732469319,0.0,,,,,,,,0.0,1.0,1.0,1.0,,,,,,,,,,,,
phase5,heat_pilot,precip,2,51,all,heavy_rain_risk,equal_mean,baseline,False,169,1,10.494684397116215,13.645030656509851,16.680961560939455,16.680961560939455,16.680961560939455,13.645030656509851,13.645030656509851,13.645030656509851,1.0,0.0,1.0,0.0,4.0,-0.0047562425683709865,-0.0047562425683709865,-0.0047562425683709865,0.029585798816568046,-4.040732732469319,-4.040732732469319,-4.040732732469319,0.0,,,,,,,,0.0,1.0,1.0,1.0,,,,,,,,,,,,
phase5,heat_pilot,precip,2,51,all,heavy_rain_risk,superensemble,baseline,False,169,1,2.9966566294608032,10.02370942414865,12.5809444956435,12.5809444956435,12.5809444956435,10.02370942414865,10.02370942414865,10.02370942414865,1.0,0.0,,0.0,0.0,0.0,0.0,0.0,0.005917159763313609,-0.008146546493863926,-0.008146546493863926,-0.008146546493863926,0.0,,,,,,,,0.0,1.0,1.0,1.0,-4.100017065295955,-4.100017065295955,-4.100017065295955,0.0,-3.6213212323612005,-3.6213212323612005,-3.6213212323612005,0.0,0.0047562425683709865,0.0047562425683709865,0.0047562425683709865,0.0
phase5,heat_pilot,precip,2,51,all,heavy_rain_risk,climatology,baseline,False,169,1,-21.846766247551823,21.936132684261842,27.504732060861286,27.504732060861286,27.504732060861286,21.936132684261842,21.936132684261842,21.936132684261842,1.0,0.0,,0.0,0.0,0.0,0.0,0.0,0.005917159763313609,-0.008146546493863926,-0.008146546493863926,-0.008146546493863926,0.0,,,,,,,,0.0,1.0,1.0,1.0,10.823770499921832,10.823770499921832,10.823770499921832,0.0,8.291102027751991,8.291102027751991,8.291102027751991,0.0,0.0047562425683709865,0.0047562425683709865,0.0047562425683709865,0.0
phase5,heat_pilot,precip,2,51,all,monsoon_active,trustcast,final,False,6929,14,3.389200961124542,15.188159609395461,22.594274024338198,18.303012612521457,26.39952859307424,15.188159609395461,12.292739289843134,18.07729792496406,321.0,0.29283489096573206,0.6384615384615384,0.19301848049281314,0.8099688473520249,0.17255314022065882,0.025494490619598,0.35702160082517337,0.0567181411459085,-0.2709906540515812,-1.2116364037795586,0.1633916513712274,58.0,0.13793103448275862,0.8333333333333334,0.08163265306122448,0.8275862068965517,0.07785194408051366,-0.0030561193704687554,0.14696506702739753,0.012988887285322557,-0.5669645187163213,-2.2106361251547426,-0.007286584349408707,1.8618202936644472,-0.06103376523591261,4.5307161258979685,0.064,0.9483197160164085,-0.08043109390416173,2.5753568291796496,0.096,0.04598760827494325,0.014630969903827677,0.09109212454040365,0.004
phase5,heat_pilot,precip,2,51,all,monsoon_active,equal_mean,prev,False,6929,14,2.5448391081399433,14.239839893379052,20.73245373067375,17.284779315144203,23.77383737402845,14.239839893379052,12.153807692083697,16.194870290116565,321.0,0.1557632398753894,0.46808510638297873,0.136986301369863,0.29283489096573206,0.12656553194571557,-0.0005550282418771511,0.2670649169408022,0.04546110549862895,-0.018732966987908606,-0.40859468673300714,0.20125598480481116,58.0,0.0,1.0,0.0,0.034482758620689655,-0.0002790984158758878,-0.0008040741291455371,0.0,0.008659258190215038,-0.04464301247754765,-0.20487759494168314,-0.0049784685013807345,,,,,,,,,,,,
phase5,heat_pilot,precip,2,51,all,monsoon_active,equal_mean,baseline,False,6929,14,2.5448391081399433,14.239839893379052,20.73245373067375,17.284779315144203,23.77383737402845,14.239839893379052,12.153807692083697,16.194870290116565,321.0,0.1557632398753894,0.46808510638297873,0.136986301369863,0.29283489096573206,0.12656553194571557,-0.0005550282418771511,0.2670649169408022,0.04546110549862895,-0.018732966987908606,-0.40859468673300714,0.20125598480481116,58.0,0.0,1.0,0.0,0.034482758620689655,-0.0002790984158758878,-0.0008040741291455371,0.0,0.008659258190215038,-0.04464301247754765,-0.20487759494168314,-0.0049784685013807345,,,,,,,,,,,,
phase5,heat_pilot,precip,2,51,all,monsoon_active,superensemble,baseline,False,6929,14,-0.8849314417066917,13.296245812776199,20.625257530834077,16.454476815264083,24.862355699451463,13.296245812776199,11.220389128509257,15.539709328438567,321.0,0.07476635514018691,0.2,0.07339449541284404,0.09345794392523364,0.06943943961247309,0.0,0.13561393219083936,0.043729253860585945,0.020075907944964166,-0.06283063913904455,0.0940844883484616,58.0,0.0,,0.0,0.0,0.0,0.0,0.0,0.008370616250541203,-0.009821578728296032,-0.012455188269798956,-0.003976249271830779,-0.10719619983967377,-1.9079010830604919,1.5664013195290538,0.822,-0.9435940806028533,-2.0636276900961987,0.10755667762313736,0.076,-0.05712609233324248,-0.1403563555658738,0.015090759652118294,0.712
phase5,heat_pilot,precip,2,51,all,monsoon_active,climatology,baseline,False,6929,14,-10.709310231674696,14.400035667632768,25.280474453716447,19.206125887591874,32.59181063136542,14.400035667632768,11.352202845869114,18.420508047485015,321.0,0.0,,0.0,0.0,0.0,0.0,0.0,0.04632703131765045,-0.03813740445434477,-0.046023923861458496,-0.023580737847713525,58.0,0.0,,0.0,0.0,0.0,0.0,0.0,0.008370616250541203,-0.009821578728296032,-0.012455188269798956,-0.003976249271830779,4.548020723042697,0.8834230460767287,9.183655038044586,0.01,0.16019577425371523,-1.9932096312572922,3.0911311120585627,0.952,-0.12656553194571557,-0.26706491694080225,0.0005550282418771511,0.228
phase5,heat_pilot,precip,2,51,all,monsoon_break,trustcast,final,False,5070,10,-1.8366230282981428,2.126301704322404,5.417041293460523,3.516828204505336,6.946572656995521,2.126301704322404,1.1808320373386945,3.1325225837522686,1.0,0.0,,0.0,0.0,0.0,0.0,0.0,0.0001972386587771203,0.6239990299928178,0.24998556923014006,1.0,0.0,,,,,,,,0.0,1.0,1.0,1.0,0.32464526558621287,0.0864447683248335,0.617296165143978,0.018,-0.3367899580206939,-0.6567885010530008,-0.0501933267352721,0.014,0.0,0.0,0.0,1.0
phase5,heat_pilot,precip,2,51,all,monsoon_break,equal_mean,prev,False,5070,10,-0.34805618946684946,2.463091662343098,5.09239602787431,3.3133488907841855,6.627301301741474,2.463091662343098,1.583087741048806,3.370102891621965,1.0,0.0,,0.0,0.0,0.0,0.0,0.0,0.0001972386587771203,0.6239990299928178,0.24998556923014006,1.0,0.0,,,,,,,,0.0,1.0,1.0,1.0,,,,,,,,,,,,
phase5,heat_pilot,precip,2,51,all,monsoon_break,equal_mean,baseline,False,5070,10,-0.34805618946684946,2.463091662343098,5.09239602787431,3.3133488907841855,6.627301301741474,2.463091662343098,1.583087741048806,3.370102891621965,1.0,0.0,,0.0,0.0,0.0,0.0,0.0,0.0001972386587771203,0.6239990299928178,0.24998556923014006,1.0,0.0,,,,,,,,0.0,1.0,1.0,1.0,,,,,,,,,,,,
phase5,heat_pilot,precip,2,51,all,monsoon_break,superensemble,baseline,False,5070,10,-0.17720905236402848,2.5217874876254673,5.052983457616847,3.261652565376811,6.592145275362964,2.5217874876254673,1.6575568768526914,3.4685156707624976,1.0,0.0,,0.0,0.0,0.0,0.0,0.0,0.0001972386587771203,0.6239990299928178,0.24998556923014006,1.0,0.0,,,,,,,,0.0,1.0,1.0,1.0,-0.03941257025746303,-0.10599403824677252,0.03148322437972376,0.236,0.058695825282369274,-0.019702018009013868,0.1943208630741699,0.266,0.0,0.0,0.0,1.0
phase5,heat_pilot,precip,2,51,all,monsoon_break,climatology,baseline,False,5070,10,4.978278756870556,6.464770700545941,7.804444912101974,6.03810649604965,9.096394119105081,6.464770700545941,4.681191504327011,8.187137215700956,1.0,0.0,,0.0,0.0,0.0,0.0,0.0,0.0001972386587771203,0.6239990299928178,0.24998556923014006,1.0,0.0,,,,,,,,0.0,1.0,1.0,1.0,2.7120488842276638,0.7643722332394014,4.7795358735223505,0.004,4.001679038202843,2.3633953607406433,5.703265863595438,0.0,0.0,0.0,0.0,1.0
phase5,heat_pilot,precip,2,51,all,monsoon_normal,trustcast,final,False,8619,21,-1.8678338019797442,5.17855474673105,10.114073364131826,7.457048164594493,13.186648039618046,5.17855474673105,3.970116644705268,6.747599262834161,35.0,0.0,,0.0,0.0,0.0,0.0,0.0,0.004060795915999536,0.04189020005084998,-0.002263545664905725,0.2771229056823734,1.0,0.0,,0.0,0.0,0.0,0.0,0.0,0.00011602274045712959,0.13342057932076035,0.03641085197020017,1.0,0.3307862646617341,-0.1886623500290652,0.7809410995971482,0.238,-1.1644057931071288,-1.5006573555512912,-0.7648275658492503,0.0,0.0,0.0,0.0,1.0
phase5,heat_pilot,precip,2,51,all,monsoon_normal,equal_mean,prev,False,8619,21,1.5824772868443107,6.342960539838179,9.783287099470092,7.620215535342208,12.476687746675651,6.342960539838179,5.390623886299573,7.529255275997022,35.0,0.0,,0.0,0.0,0.0,0.0,0.0,0.004060795915999536,0.04189020005084998,-0.002263545664905725,0.2771229056823734,1.0,0.0,,0.0,0.0,0.0,0.0,0.0,0.00011602274045712959,0.13342057932076035,0.03641085197020017,1.0,,,,,,,,,,,,
phase5,heat_pilot,precip,2,51,all,monsoon_normal,equal_mean,baseline,False,8619,21,1.5824772868443107,6.342960539838179,9.783287099470092,7.620215535342208,12.476687746675651,6.342960539838179,5.390623886299573,7.529255275997022,35.0,0.0,,0.0,0.0,0.0,0.0,0.0,0.004060795915999536,0.04189020005084998,-0.002263545664905725,0.2771229056823734,1.0,0.0,,0.0,0.0,0.0,0.0,0.0,0.00011602274045712959,0.13342057932076035,0.03641085197020017,1.0,,,,,,,,,,,,
phase5,heat_pilot,precip,2,51,all,monsoon_normal,superensemble,baseline,False,8619,21,0.8422180518471435,5.860913578636662,9.33742640350308,7.133531866340091,11.91810475623772,5.860913578636662,4.918336692532575,7.104606412721762,35.0,0.0,,0.0,0.0,0.0,0.0,0.0,0.004060795915999536,0.04189020005084998,-0.002263545664905725,0.2771229056823734,1.0,0.0,,0.0,0.0,0.0,0.0,0.0,0.00011602274045712959,0.13342057932076035,0.03641085197020017,1.0,-0.4458606959670117,-0.6689311126137841,-0.20513557544448988,0.002,-0.482046961201517,-0.64284978719501,-0.32961943495006807,0.0,0.0,0.0,0.0,1.0
phase5,heat_pilot,precip,2,51,all,monsoon_normal,climatology,baseline,False,8619,21,2.107872900643057,7.229201265036444,10.181660862701833,8.048870238013071,12.608440077370398,7.229201265036444,6.244701022419769,8.380178971639626,35.0,0.0,,0.0,0.0,0.0,0.0,0.0,0.004060795915999536,0.04189020005084998,-0.002263545664905725,0.2771229056823734,1.0,0.0,,0.0,0.0,0.0,0.0,0.0,0.00011602274045712959,0.13342057932076035,0.03641085197020017,1.0,0.39837376323174034,-0.16774091047598602,1.0114694479801514,0.16,0.8862407251982649,0.2735454865160388,1.4092703394222916,0.012,0.0,0.0,0.0,1.0
phase5,heat_pilot,precip,2,51,all,wet_spell,trustcast,final,False,7267,15,3.297296643039145,6.031727036240931,10.269115297754357,7.165205492194264,13.363199947829399,6.031727036240931,3.7811003502521046,8.852734198682944,5.0,0.0,1.0,0.0,1.2,-0.00037543644486715813,-0.0006884156104473287,0.0,0.0015136920324755746,-1.2043914557893465,-3.9358189447163285,1.0,0.0,,,,,,,,0.0,1.0,1.0,1.0,2.6621503691719095,0.7354065510521262,4.445955010113747,0.0,1.321456151246898,-0.21096705981022246,3.2005863572480275,0.106,-0.00037543644486715813,-0.0006884156104473287,0.0,0.14522821576763487
phase5,heat_pilot,precip,2,51,all,wet_spell,equal_mean,prev,False,7267,15,1.4240503382996068,4.710270884994033,7.606964928582448,5.750817003776539,9.168043719261874,4.710270884994033,3.7181751726598584,5.828357250445216,5.0,0.0,,0.0,0.0,0.0,0.0,0.0,0.000688041832943443,-0.001996116267884762,-0.007820655368831992,1.0,0.0,,,,,,,,0.0,1.0,1.0,1.0,,,,,,,,,,,,
phase5,heat_pilot,precip,2,51,all,wet_spell,equal_mean,baseline,False,7267,15,1.4240503382996068,4.710270884994033,7.606964928582448,5.750817003776539,9.168043719261874,4.710270884994033,3.7181751726598584,5.828357250445216,5.0,0.0,,0.0,0.0,0.0,0.0,0.0,0.000688041832943443,-0.001996116267884762,-0.007820655368831992,1.0,0.0,,,,,,,,0.0,1.0,1.0,1.0,,,,,,,,,,,,
phase5,heat_pilot,precip,2,51,all,wet_spell,superensemble,baseline,False,7267,15,0.40614011911318415,4.176193607877613,7.284303438669414,5.127976579281666,9.022082988136763,4.176193607877613,3.2083646664410144,5.17876332358048,5.0,0.0,,0.0,0.0,0.0,0.0,0.0,0.000688041832943443,-0.001996116267884762,-0.007820655368831992,1.0,0.0,,,,,,,,0.0,1.0,1.0,1.0,-0.3226614899130338,-0.7338576999256063,0.06448674224932242,0.114,-0.5340772771164204,-0.7581073733953957,-0.29559982654812067,0.0,0.0,0.0,0.0,1.0
phase5,heat_pilot,precip,2,51,all,wet_spell,climatology,baseline,False,7267,15,-2.2242021729691115,3.67733205630591,8.1013251547218,4.881651334501296,10.493958670190398,3.67733205630591,2.4636562417408845,4.994388802973688,5.0,0.0,,0.0,0.0,0.0,0.0,0.0,0.000688041832943443,-0.001996116267884762,-0.007820655368831992,1.0,0.0,,,,,,,,0.0,1.0,1.0,1.0,0.49436022613935293,-0.8666695424444778,1.3556732178631814,0.392,-1.0329388286881231,-1.5202736236960266,-0.5639717630478149,0.0,0.0,0.0,0.0,1.0
phase5,heat_pilot,precip,3,75,all,all,trustcast,final,False,61347,73,0.6606965018208633,3.7369292931630214,10.092197809760822,7.898957037266638,12.191795482613236,3.7369292931630214,2.5714696361587035,4.970534646758227,363.0,0.23415977961432508,0.7301587301587301,0.1433389544688027,0.8677685950413223,0.1406378250685672,0.0050757194643502885,0.29078960208704513,0.008280763525518771,-0.4334104979348308,-1.188393410573274,-0.04680076095454448,59.0,0.05084745762711865,0.8695652173913043,0.0379746835443038,0.3898305084745763,0.037705240145831126,-0.0003259653118312806,0.07986345422474515,0.0012388543857075325,-0.2947622683165898,-1.4790406180694986,0.011485545170110587,1.3041818508235803,0.5566530905548817,2.0955479000747035,0.0,0.237662314213146,-0.07474385005639596,0.6026925975922889,0.142,0.11016373263660612,0.004930326171536933,0.2420394127888426,0.012
phase5,heat_pilot,precip,3,75,all,all,equal_mean,prev,False,61347,73,0.5789748066075064,3.4992669789498754,8.788015958937242,6.658549505070376,10.76514070624405,3.4992669789498754,2.4667950057177275,4.605827866207193,363.0,0.03305785123966942,0.6666666666666666,0.031007751937984496,0.09917355371900827,0.030474092431961083,-0.00022958166479784996,0.05363606664028823,0.006112768350530588,-0.058127828199924236,-0.1493155099999322,-0.004137702889015122,59.0,0.01694915254237288,0.0,0.01694915254237288,0.01694915254237288,0.016933127848872773,0.0,0.031218420660519434,0.0009454415048820643,0.011891953126813126,-0.0030477034916338965,0.024017346396017533,,,,,,,,,,,,
phase5,heat_pilot,precip,3,75,all,all,equal_mean,baseline,False,61347,73,0.5789748066075064,3.4992669789498754,8.788015958937242,6.658549505070376,10.76514070624405,3.4992669789498754,2.4667950057177275,4.605827866207193,363.0,0.03305785123966942,0.6666666666666666,0.031007751937984496,0.09917355371900827,0.030474092431961083,-0.00022958166479784996,0.05363606664028823,0.006112768350530588,-0.058127828199924236,-0.1493155099999322,-0.004137702889015122,59.0,0.01694915254237288,0.0,0.01694915254237288,0.01694915254237288,0.016933127848872773,0.0,0.031218420660519434,0.0009454415048820643,0.011891953126813126,-0.0030477034916338965,0.024017346396017533,,,,,,,,,,,,
phase5,heat_pilot,precip,3,75,all,all,superensemble,baseline,False,61347,73,-0.07297933601217985,3.5110474318433647,8.519239151979107,6.43584264151308,10.509724908434416,3.5110474318433647,2.552491267087317,4.527954534993221,363.0,0.049586776859504134,0.18181818181818182,0.04904632152588556,0.06060606060606061,0.048708891792067874,0.0,0.11050260951324367,0.005688949744893801,0.01523570122193707,-0.026956231441450106,0.0628963561433038,59.0,0.0,,0.0,0.0,0.0,0.0,0.0,0.0009617422204834793,-0.005144392508931395,-0.009643420968073118,0.015235459583020675,-0.2687768069581349,-0.42680059329208475,-0.1166240039376388,0.0,0.01178045289348928,-0.17246932200342063,0.18505474007290285,0.862,0.01823479936010679,-0.03239962645094285,0.06052817040374346,0.534
phase5,heat_pilot,precip,3,75,all,all,climatology,baseline,False,61347,73,-0.6866635418690541,3.9574074373379107,10.129480786593453,7.392242978228458,12.834340507493199,3.9574074373379107,2.897791360748558,5.15701106560897,363.0,0.0,,0.0,0.0,0.0,0.0,0.0,0.005917159763313609,-0.02426773769752666,-0.03656291522008952,0.00320329954121944,59.0,0.0,,0.0,0.0,0.0,0.0,0.0,0.0009617422204834793,-0.005144392508931395,-0.009643420968073118,0.015235459583020675,1.3414648276562104,0.39784977166812596,2.2862831806027923,0.0,0.4581404583880353,0.09431627873928215,0.8598502933529094,0.016,-0.030474092431961083,-0.05363606664028823,0.00022958166479784996,0.274
phase5,heat_pilot,precip,3,75,winter_JF,all,trustcast,final,False,9971,13,-0.0009549456620414234,0.0010152062392395605,0.0309117953470638,0.0,0.054472014255099045,0.0010152062392395605,0.0,0.0031524825323754773,0.0,,,,,,,,0.0,1.0,1.0,1.0,0.0,,,,,,,,0.0,1.0,1.0,1.0,-0.010481562880185251,-0.025140886624589676,-0.00690410135203967,0.0,-0.00901106659095742,-0.015579728076328481,-0.0037353208118333448,0.0,,,,
phase5,heat_pilot,precip,3,75,winter_JF,all,equal_mean,prev,False,9971,13,0.009084238128967654,0.01002627283019698,0.04139335822724905,0.006904101352039669,0.06912278866887862,0.01002627283019698,0.003735320811833344,0.01822123765109173,0.0,,,,,,,,0.0,1.0,1.0,1.0,0.0,,,,,,,,0.0,1.0,1.0,1.0,,,,,,,,,,,,
phase5,heat_pilot,precip,3,75,winter_JF,all,equal_mean,baseline,False,9971,13,0.009084238128967654,0.01002627283019698,0.04139335822724905,0.006904101352039669,0.06912278866887862,0.01002627283019698,0.003735320811833344,0.01822123765109173,0.0,,,,,,,,0.0,1.0,1.0,1.0,0.0,,,,,,,,0.0,1.0,1.0,1.0,,,,,,,,,,,,
phase5,heat_pilot,precip,3,75,winter_JF,all,superensemble,baseline,False,9971,13,0.00784461157280702,0.022652311248084592,0.057623708453143525,0.01608029636778261,0.09251960112979343,0.022652311248084592,0.012845927006037209,0.03527652658465655,0.0,,,,,,,,0.0,1.0,1.0,1.0,0.0,,,,,,,,0.0,1.0,1.0,1.0,0.016230350225894474,0.008718975184151623,0.02385290566906466,0.0,0.012626038417887613,0.008718857711410646,0.017541043053522547,0.0,,,,
phase5,heat_pilot,precip,3,75,winter_JF,all,climatology,baseline,False,9971,13,0.30629605188907516,0.3072381350777355,0.3330898635079049,0.3066590213770848,0.35865158174272216,0.3072381350777355,0.2805571428982641,0.3341330692568553,0.0,,,,,,,,0.0,1.0,1.0,1.0,0.0,,,,,,,,0.0,1.0,1.0,1.0,0.2916965052806559,0.24634148179233042,0.341743450991306,0.0,0.29721186224753854,0.26656854410882486,0.3265607305682844,0.0,,,,
phase5,heat_pilot,precip,3,75,premonsoon_MAM,all,trustcast,final,False,15548,19,1.620896048671349,2.6501914340823483,7.0304627884867115,2.98812392233663,9.867366090042806,2.6501914340823483,0.9166672496295556,4.757654639921418,2.0,0.0,1.0,0.0,9.0,-0.00011578392147277149,-0.00028351714695027275,0.0,0.0012863390789812194,-8.988335827363139,-202.0521067552184,1.0,0.0,,,,,,,,0.0,1.0,1.0,1.0,2.6311148799455344,0.6349044621777031,4.156243467875902,0.0,1.138365744287856,0.25212207217414534,2.167781020105415,0.0,-0.00011578392147277149,-0.0002839660425998449,-5.245984199095592e-05,0.0
phase5,heat_pilot,precip,3,75,premonsoon_MAM,all,equal_mean,prev,False,15548,19,-0.12118850776193585,1.5118256897944922,4.399347908541177,2.258083948479931,6.065168757646089,1.5118256897944922,0.6044175729247334,2.599907091822304,2.0,0.0,,0.0,0.0,0.0,0.0,0.0,0.00012863390789812196,0.0011664172636860481,-0.0025990898383251083,1.0,0.0,,,,,,,,0.0,1.0,1.0,1.0,,,,,,,,,,,,
phase5,heat_pilot,precip,3,75,premonsoon_MAM,all,equal_mean,baseline,False,15548,19,-0.12118850776193585,1.5118256897944922,4.399347908541177,2.258083948479931,6.065168757646089,1.5118256897944922,0.6044175729247334,2.599907091822304,2.0,0.0,,0.0,0.0,0.0,0.0,0.0,0.00012863390789812196,0.0011664172636860481,-0.0025990898383251083,1.0,0.0,,,,,,,,0.0,1.0,1.0,1.0,,,,,,,,,,,,
phase5,heat_pilot,precip,3,75,premonsoon_MAM,all,superensemble,baseline,False,15548,19,-0.24343464633037168,1.4942572824735778,4.455093228503999,2.202263270026194,6.166979018458948,1.4942572824735778,0.5972969348075433,2.5668249404587096,2.0,0.0,,0.0,0.0,0.0,0.0,0.0,0.00012863390789812196,0.0011664172636860481,-0.0025990898383251083,1.0,0.0,,,,,,,,0.0,1.0,1.0,1.0,0.055745319962821505,-0.09458369662809286,0.18205901833861218,0.5,-0.01756840732091436,-0.06565856550756113,0.02988084614462891,0.458,0.0,0.0,0.0,1.0
phase5,heat_pilot,precip,3,75,premonsoon_MAM,all,climatology,baseline,False,15548,19,-0.8912563152155538,1.4921885193281252,4.962511274919205,2.210227386913945,7.153372200893684,1.4921885193281252,0.7333824926478366,2.449568330357734,2.0,0.0,,0.0,0.0,0.0,0.0,0.0,0.00012863390789812196,0.0011664172636860481,-0.0025990898383251083,1.0,0.0,,,,,,,,0.0,1.0,1.0,1.0,0.5631633663780278,-0.39436700954775356,1.1058166052710778,0.198,-0.019637170466366927,-0.3147298408198555,0.18635851890600336,0.938,0.0,0.0,0.0,1.0
phase5,heat_pilot,precip,3,75,monsoon_JJAS,all,trustcast,final,False,20618,25,0.4632576579881862,8.293663548754907,15.865344425325953,12.280155255170712,18.700123065064503,8.293663548754907,5.973060864818958,10.461091588635968,357.0,0.23809523809523808,0.7128378378378378,0.14964788732394366,0.8291316526610645,0.14190504518949532,0.008454756744590952,0.2880074226109167,0.02342613250557765,-0.38634768482818505,-1.0443883907673819,-0.013983199679509967,59.0,0.05084745762711865,0.8695652173913043,0.0379746835443038,0.3898305084745763,0.037172535200449774,-0.0008959710533779402,0.07646001795867223,0.0036860995246871665,-0.29482905342486165,-1.4852077223824527,0.01070781653438625,1.545473409410068,0.3318949916008752,2.816509747188243,0.01,-0.0767546769211016,-0.6621496220483487,0.6084927224618057,0.782,0.11199610930772336,0.004942759556527293,0.23414100571663893,0.014
phase5,heat_pilot,precip,3,75,monsoon_JJAS,all,equal_mean,prev,False,20618,25,1.3888808861643696,8.370418225676008,14.319871015915885,11.001635277445537,17.15576092959584,8.370418225676008,6.453783800918781,10.185671219843158,357.0,0.03361344537815126,0.6666666666666666,0.031496062992125984,0.10084033613445378,0.02990893588177195,-0.0006869993096808046,0.05196101790014253,0.0178969832185469,-0.059135187787992205,-0.1441081076334974,-0.0031995860806808803,59.0,0.01694915254237288,0.0,0.01694915254237288,0.01694915254237288,0.01690147097631295,0.0,0.03026875972007655,0.0028130759530507325,0.011840985544184446,-0.0022925701969670033,0.02432883303889538,,,,,,,,,,,,
phase5,heat_pilot,precip,3,75,monsoon_JJAS,all,equal_mean,baseline,False,20618,25,1.3888808861643696,8.370418225676008,14.319871015915885,11.001635277445537,17.15576092959584,8.370418225676008,6.453783800918781,10.185671219843158,357.0,0.03361344537815126,0.6666666666666666,0.031496062992125984,0.10084033613445378,0.02990893588177195,-0.0006869993096808046,0.05196101790014253,0.0178969832185469,-0.059135187787992205,-0.1441081076334974,-0.0031995860806808803,59.0,0.01694915254237288,0.0,0.01694915254237288,0.01694915254237288,0.01690147097631295,0.0,0.03026875972007655,0.0028130759530507325,0.011840985544184446,-0.0022925701969670033,0.02432883303889538,,,,,,,,,,,,
phase5,heat_pilot,precip,3,75,monsoon_JJAS,all,superensemble,baseline,False,20618,25,0.4783767708319293,7.881640877667281,13.849061596915721,10.456912642263461,16.780059069297117,7.881640877667281,5.99895396002967,9.674080241424123,357.0,0.05042016806722689,0.18181818181818182,0.04986149584487535,0.06162464985994398,0.04885784514939927,0.0,0.10809499745919016,0.016635949170627606,0.015492223817665685,-0.02536913193327493,0.05940795863869088,59.0,0.0,,0.0,0.0,0.0,0.0,0.0,0.0028615772625860897,-0.005196238842984702,-0.009679365660550332,0.017765974209257854,-0.4708094190001635,-0.7264127390124302,-0.2290138677200598,0.0,-0.4887773480087274,-0.7496809751421087,-0.23302110678935145,0.0,0.018948909267627316,-0.03033909192673099,0.05883966223821156,0.486
phase5,heat_pilot,precip,3,75,monsoon_JJAS,all,climatology,baseline,False,20618,25,-1.4937035972110653,9.451097113985085,16.52555295532367,12.192651508260537,20.707100911936923,9.451097113985085,7.744723418082373,11.176493252669651,357.0,0.0,,0.0,0.0,0.0,0.0,0.0,0.017314967504122612,-0.024691767046919333,-0.036348866672533044,0.011530447425632046,59.0,0.0,,0.0,0.0,0.0,0.0,0.0,0.0028615772625860897,-0.005196238842984702,-0.009679365660550332,0.017765974209257854,2.205681939407784,0.5962143240221138,3.829369610615332,0.0,1.0806788883090768,0.11419386749252243,2.092629072027965,0.032,-0.02990893588177195,-0.05196101790014253,0.0006869993096808046,0.286
phase5,heat_pilot,precip,3,75,postmonsoon_OND,all,trustcast,final,False,15210,18,0.3805477911412329,1.1200096818487442,4.367235559542808,2.049706385206517,6.051253997289004,1.1200096818487442,0.2767368106737837,2.0557139633788797,4.0,0.0,1.0,0.0,0.25,-5.2599742261262914e-05,-0.00014795088030773783,0.0,0.0003287310979618672,-0.250739991862605,-0.9929786613147797,1.0,0.0,,,,,,,,0.0,1.0,1.0,1.0,0.6608549154167958,0.04525213838808925,1.073425716025103,0.022,-0.09513894335411144,-0.23893151530482787,0.05077048753478679,0.184,-5.2599742261262914e-05,-0.00014795088030773783,0.0,0.6
phase5,heat_pilot,precip,3,75,postmonsoon_OND,all,equal_mean,prev,False,15210,18,0.5704195483440084,1.2151486252028556,3.706380644126012,1.5990799220482317,5.060824822177525,1.2151486252028556,0.3994812684592416,2.1242867114277533,4.0,0.0,,0.0,0.0,0.0,0.0,0.0,0.00026298487836949375,-0.0005919934900839863,-0.00711782520447477,1.0,0.0,,,,,,,,0.0,1.0,1.0,1.0,,,,,,,,,,,,
phase5,heat_pilot,precip,3,75,postmonsoon_OND,all,equal_mean,baseline,False,15210,18,0.5704195483440084,1.2151486252028556,3.706380644126012,1.5990799220482317,5.060824822177525,1.2151486252028556,0.3994812684592416,2.1242867114277533,4.0,0.0,,0.0,0.0,0.0,0.0,0.0,0.00026298487836949375,-0.0005919934900839863,-0.00711782520447477,1.0,0.0,,,,,,,,0.0,1.0,1.0,1.0,,,,,,,,,,,,
phase5,heat_pilot,precip,3,75,postmonsoon_OND,all,superensemble,baseline,False,15210,18,-0.6991145514924231,1.934909714805855,3.5280411158363214,1.967722340890142,4.790120184852309,1.934909714805855,1.4884719909047983,2.432725602318779,4.0,0.0,,0.0,0.0,0.0,0.0,0.0,0.00026298487836949375,-0.0005919934900839863,-0.00711782520447477,1.0,0.0,,,,,,,,0.0,1.0,1.0,1.0,-0.17833952828969046,-0.7844824142236023,0.3959564178134791,0.64,0.7197610896029993,0.21822219319302616,1.1782302710200567,0.002,0.0,0.0,0.0,1.0
phase5,heat_pilot,precip,3,75,postmonsoon_OND,all,climatology,baseline,False,15210,18,-0.03447681000379063,1.4232962011078583,4.2901370011649895,1.4053393556030254,6.68489868429099,1.4232962011078583,0.6893424950615319,2.3479110251396667,4.0,0.0,,0.0,0.0,0.0,0.0,0.0,0.00026298487836949375,-0.0005919934900839863,-0.00711782520447477,1.0,0.0,,,,,,,,0.0,1.0,1.0,1.0,0.5837563570389777,-1.424873326407686,2.0890394173888103,0.648,0.20814757590500266,-0.3446799804140926,0.652426324924392,0.428,0.0,0.0,0.0,1.0
phase5,heat_pilot,precip,3,75,all,dry,trustcast,final,False,32786,42,-0.09300794598681912,0.15017397085127512,1.1674615808808062,0.6584878478031726,1.6838566276381013,0.15017397085127512,0.06420131493147113,0.27855272045024626,0.0,,,,,,,,0.0,1.0,1.0,1.0,0.0,,,,,,,,0.0,1.0,1.0,1.0,0.020853788573285348,0.002636682450611114,0.04450847327105603,0.028,-0.015530673170301018,-0.03993504720569504,0.005311218305902792,0.164,,,,
phase5,heat_pilot,precip,3,75,all,dry,equal_mean,prev,False,32786,42,-0.07330623835500302,0.16570464402157614,1.1466077923075209,0.6450533532364046,1.6614911466166384,0.16570464402157614,0.08305684840565976,0.2859105680395317,0.0,,,,,,,,0.0,1.0,1.0,1.0,0.0,,,,,,,,0.0,1.0,1.0,1.0,,,,,,,,,,,,
phase5,heat_pilot,precip,3,75,all,dry,equal_mean,baseline,False,32786,42,-0.07330623835500302,0.16570464402157614,1.1466077923075209,0.6450533532364046,1.6614911466166384,0.16570464402157614,0.08305684840565976,0.2859105680395317,0.0,,,,,,,,0.0,1.0,1.0,1.0,0.0,,,,,,,,0.0,1.0,1.0,1.0,,,,,,,,,,,,
phase5,heat_pilot,precip,3,75,all,dry,superensemble,baseline,False,32786,42,-0.5233874447477949,0.5986929772899682,1.4038357196108446,1.0103991481539047,1.8188218902711968,0.5986929772899682,0.37915411614002004,0.8034755870692364,0.0,,,,,,,,0.0,1.0,1.0,1.0,0.0,,,,,,,,0.0,1.0,1.0,1.0,0.2572279273033238,0.10246928469052147,0.4916748503714488,0.0,0.43298833326839203,0.22191922898529182,0.6461346197585061,0.0,,,,
phase5,heat_pilot,precip,3,75,all,dry,climatology,baseline,False,32786,42,0.27135258677758073,0.5061403515087443,1.2646111498829584,0.8077557554010008,1.7671510945597153,0.5061403515087443,0.3917182680111122,0.6436699914613379,0.0,,,,,,,,0.0,1.0,1.0,1.0,0.0,,,,,,,,0.0,1.0,1.0,1.0,0.11800335757543756,0.05016913205444937,0.23243782127046114,0.0,0.3404357074871681,0.26436455156677646,0.4359971913417633,0.0,,,,
phase5,heat_pilot,precip,3,75,all,monsoon_active,trustcast,final,False,7774,16,3.6802567381863796,14.826180285734697,22.665304485694953,19.243706531186714,26.074632629267636,14.826180285734697,12.21923794672788,17.47535200062231,309.0,0.2750809061488673,0.708904109589041,0.16472868217054262,0.9449838187702265,0.1455086204170403,0.00755817578513452,0.29538756795278615,0.05544121430409056,-0.44676180288944334,-1.3158873233035815,0.02399345599813541,56.0,0.05357142857142857,0.8695652173913043,0.039473684210526314,0.4107142857142857,0.03737515605493134,-0.002243281178985717,0.07754698626187827,0.009390275276562903,-0.3161984138309364,-1.8395104615744708,0.00051337486856833,2.508283726995135,0.07332083300361082,4.76419049010483,0.044,1.2239527990780967,-0.01914074028270675,2.492223460485802,0.058,0.11363267914102498,0.0008440003109337235,0.2461955337203423,0.038
phase5,heat_pilot,precip,3,75,all,monsoon_active,equal_mean,prev,False,7774,16,1.899562533828879,13.6022274866566,20.15702075869982,16.537777240906504,24.218745002644724,13.6022274866566,11.667875998202126,15.677840656065548,309.0,0.038834951456310676,0.6666666666666666,0.036036036036036036,0.11650485436893204,0.031875941276015306,-0.0018263058817615694,0.05365669036362272,0.04129148443529714,-0.07751865133993352,-0.1957233958019342,-0.01681082223537928,56.0,0.017857142857142856,0.0,0.017857142857142856,0.017857142857142856,0.017730789730017828,0.0,0.03098400506774962,0.007074864934396707,0.008343660812308196,-0.008117756833113832,0.01948680367066733,,,,,,,,,,,,
phase5,heat_pilot,precip,3,75,all,monsoon_active,equal_mean,baseline,False,7774,16,1.899562533828879,13.6022274866566,20.15702075869982,16.537777240906504,24.218745002644724,13.6022274866566,11.667875998202126,15.677840656065548,309.0,0.038834951456310676,0.6666666666666666,0.036036036036036036,0.11650485436893204,0.031875941276015306,-0.0018263058817615694,0.05365669036362272,0.04129148443529714,-0.07751865133993352,-0.1957233958019342,-0.01681082223537928,56.0,0.017857142857142856,0.0,0.017857142857142856,0.017857142857142856,0.017730789730017828,0.0,0.03098400506774962,0.007074864934396707,0.008343660812308196,-0.008117756833113832,0.01948680367066733,,,,,,,,,,,,
phase5,heat_pilot,precip,3,75,all,monsoon_active,superensemble,baseline,False,7774,16,-0.20837969428198116,12.668908019083645,19.52585602462825,15.576983116983262,23.918682426112035,12.668908019083645,10.567240356602232,15.100455571223565,309.0,0.05825242718446602,0.18181818181818182,0.05750798722044728,0.07119741100323625,0.05486749442810609,0.0,0.1124344059923828,0.037947002829945974,0.009757002662677983,-0.03950797514036064,0.05825046692265081,56.0,0.0,,0.0,0.0,0.0,0.0,0.0,0.0072034988422948285,-0.009686454445649861,-0.012374704979511176,-0.002886225393395731,-0.631164734071568,-1.1945879036893994,-0.12473438584820282,0.024,-0.9333194675729555,-1.4091715588134914,-0.38579237057719923,0.0,0.022991553152090782,-0.033714928000869476,0.06398464822858527,0.546
phase5,heat_pilot,precip,3,75,all,monsoon_active,climatology,baseline,False,7774,16,-9.402632428926891,13.274038707777562,23.641998394156428,17.47168313483915,30.47194937616113,13.274038707777562,10.217270297137224,17.008443701234185,309.0,0.0,,0.0,0.0,0.0,0.0,0.0,0.03974787754051968,-0.037237580261805014,-0.045217903262400695,-0.02222122284204995,56.0,0.0,,0.0,0.0,0.0,0.0,0.0,0.0072034988422948285,-0.009686454445649861,-0.012374704979511176,-0.002886225393395731,3.484977635456609,0.26154731865286596,6.796134773013515,0.026,-0.3281887788790385,-2.3488115488872277,1.9141538126463564,0.734,-0.031875941276015306,-0.05365669036362272,0.0018263058817615694,0.182
phase5,heat_pilot,precip,3,75,all,monsoon_break,trustcast,final,False,3887,8,-1.3163894573207404,1.7093632052450556,4.803449898458772,2.608467155499779,7.168737827558199,1.7093632052450556,0.8382472447034146,3.0372748525375743,1.0,0.0,,0.0,0.0,0.0,0.0,0.0,0.0002572678157962439,0.5457200353949527,0.1663396169812978,1.0,0.0,,,,,,,,0.0,1.0,1.0,1.0,0.11505316424121492,-0.09451545232131174,0.3181946028059702,0.286,-0.4999746919768391,-0.9148007618671157,-0.12617780403358775,0.006,0.0,0.0,0.0,1.0
phase5,heat_pilot,precip,3,75,all,monsoon_break,equal_mean,prev,False,3887,8,-0.09088286870484061,2.2093378972218947,4.688396734217557,2.568104235084429,6.908016459751712,2.2093378972218947,1.2840849522761313,3.493247800622051,1.0,0.0,,0.0,0.0,0.0,0.0,0.0,0.0002572678157962439,0.5457200353949527,0.1663396169812978,1.0,0.0,,,,,,,,0.0,1.0,1.0,1.0,,,,,,,,,,,,
phase5,heat_pilot,precip,3,75,all,monsoon_break,equal_mean,baseline,False,3887,8,-0.09088286870484061,2.2093378972218947,4.688396734217557,2.568104235084429,6.908016459751712,2.2093378972218947,1.2840849522761313,3.493247800622051,1.0,0.0,,0.0,0.0,0.0,0.0,0.0,0.0002572678157962439,0.5457200353949527,0.1663396169812978,1.0,0.0,,,,,,,,0.0,1.0,1.0,1.0,,,,,,,,,,,,
phase5,heat_pilot,precip,3,75,all,monsoon_break,superensemble,baseline,False,3887,8,-0.07637313118763699,2.172902837740212,4.598604188427481,2.4886728540358245,6.87430510303702,2.172902837740212,1.2507774294671419,3.4475305119166615,1.0,0.0,,0.0,0.0,0.0,0.0,0.0,0.0002572678157962439,0.5457200353949527,0.1663396169812978,1.0,0.0,,,,,,,,0.0,1.0,1.0,1.0,-0.08979254579007634,-0.18159265153257964,-0.021372927655228798,0.018,-0.036435059481682686,-0.0956530763075715,0.048780675623801686,0.37,0.0,0.0,0.0,1.0
phase5,heat_pilot,precip,3,75,all,monsoon_break,climatology,baseline,False,3887,8,5.106047717869235,6.421655637947428,7.757559461008311,5.463974499467607,9.349475212993056,6.421655637947428,4.2001456865967475,8.583416044303299,1.0,0.0,,0.0,0.0,0.0,0.0,0.0,0.0002572678157962439,0.5457200353949527,0.1663396169812978,1.0,0.0,,,,,,,,0.0,1.0,1.0,1.0,3.069162726790754,0.5543973361055152,5.872841933318486,0.01,4.212317740725533,2.13162936652548,6.634025122770254,0.0,0.0,0.0,0.0,1.0
phase5,heat_pilot,precip,3,75,all,monsoon_normal,trustcast,final,False,8957,20,-1.5565550596912776,5.4812699261069096,11.114241656293359,8.46827820880696,13.916024646574144,5.4812699261069096,4.109002835801741,7.105074567438965,47.0,0.0,1.0,0.0,0.0851063829787234,-0.00041172180745873473,-0.0012021968637289768,0.0,0.005693870715641398,-0.056130447842108744,-0.2954885674888178,0.1477123514152747,3.0,0.0,,0.0,0.0,0.0,0.0,0.0,0.0003349335715083175,0.04951937403450779,0.009363217165174968,1.0,0.6337608765121789,0.10115144417670932,1.190061919920538,0.018,-1.02200908351886,-1.3884033614739306,-0.6064190293154967,0.0,-0.00041172180745873473,-0.0012021968637289768,0.0,0.736
phase5,heat_pilot,precip,3,75,all,monsoon_normal,equal_mean,prev,False,8957,20,1.587809387474264,6.5032790096257695,10.48048077978118,8.166689059550201,13.067044111821671,6.5032790096257695,5.354307844875499,7.932236976403704,47.0,0.0,,0.0,0.0,0.0,0.0,0.0,0.005247292620296974,0.026703312772958565,-0.008849330273542084,0.18095294679557547,3.0,0.0,,0.0,0.0,0.0,0.0,0.0,0.0003349335715083175,0.04951937403450779,0.009363217165174968,1.0,,,,,,,,,,,,
phase5,heat_pilot,precip,3,75,all,monsoon_normal,equal_mean,baseline,False,8957,20,1.587809387474264,6.5032790096257695,10.48048077978118,8.166689059550201,13.067044111821671,6.5032790096257695,5.354307844875499,7.932236976403704,47.0,0.0,,0.0,0.0,0.0,0.0,0.0,0.005247292620296974,0.026703312772958565,-0.008849330273542084,0.18095294679557547,3.0,0.0,,0.0,0.0,0.0,0.0,0.0,0.0003349335715083175,0.04951937403450779,0.009363217165174968,1.0,,,,,,,,,,,,
phase5,heat_pilot,precip,3,75,all,monsoon_normal,superensemble,baseline,False,8957,20,1.3151700753921163,6.204031187349732,10.070386922004673,7.735698096640652,12.718287073945463,6.204031187349732,5.1363147682467885,7.470665523780065,47.0,0.0,,0.0,0.0,0.0,0.0,0.0,0.005247292620296974,0.026703312772958565,-0.008849330273542084,0.18095294679557547,3.0,0.0,,0.0,0.0,0.0,0.0,0.0,0.0003349335715083175,0.04951937403450779,0.009363217165174968,1.0,-0.4100938577765074,-0.6580104186996913,-0.19574975844242942,0.0,-0.29924782227603774,-0.5747109595261977,-0.00706325260920254,0.05,0.0,0.0,0.0,1.0
phase5,heat_pilot,precip,3,75,all,monsoon_normal,climatology,baseline,False,8957,20,2.506606704903671,7.447735616521164,10.834861663430493,8.444578371281608,13.528016724788607,7.447735616521164,6.361579793593433,8.7501862624342,47.0,0.0,,0.0,0.0,0.0,0.0,0.0,0.005247292620296974,0.026703312772958565,-0.008849330273542084,0.18095294679557547,3.0,0.0,,0.0,0.0,0.0,0.0,0.0,0.0003349335715083175,0.04951937403450779,0.009363217165174968,1.0,0.35438088364931275,-0.19052438185308856,0.7767192500103081,0.188,0.9444566068953941,0.5058786670266963,1.4021060031801416,0.0,0.0,0.0,0.0,1.0
phase5,heat_pilot,precip,3,75,all,wet_spell,trustcast,final,False,7943,16,4.28423271080548,6.713715534572995,11.298191808155783,7.985790800414207,14.042699415087448,6.713715534572995,4.279367636079161,9.326888850555434,6.0,0.0,1.0,0.0,3.1666666666666665,-0.0005744201631554814,-0.0011115260242562854,-9.862905611993294e-05,0.0031474254060178774,-3.178809985370245,-10.880048661594724,-0.2943664378026415,0.0,,,,,,,,0.0,1.0,1.0,1.0,3.632306145182562,1.6958576293978522,5.510358896684111,0.0,2.0989030050805235,0.5199881561430675,3.8737014790650477,0.002,-0.0005744201631554814,-0.0011116316478589402,-0.0001048047406053623,0.014084507042253521
phase5,heat_pilot,precip,3,75,all,wet_spell,equal_mean,prev,False,7943,16,1.1690595090923903,4.614812529492472,7.6658856629732215,5.897782193882498,9.121633952669164,4.614812529492472,3.4432598456195045,5.787835710911109,6.0,0.0,,0.0,0.0,0.0,0.0,0.0,0.0007553820974442906,-0.002914396488858717,-0.007856067505602277,0.02533014813692967,0.0,,,,,,,,0.0,1.0,1.0,1.0,,,,,,,,,,,,
phase5,heat_pilot,precip,3,75,all,wet_spell,equal_mean,baseline,False,7943,16,1.1690595090923903,4.614812529492472,7.6658856629732215,5.897782193882498,9.121633952669164,4.614812529492472,3.4432598456195045,5.787835710911109,6.0,0.0,,0.0,0.0,0.0,0.0,0.0,0.0007553820974442906,-0.002914396488858717,-0.007856067505602277,0.02533014813692967,0.0,,,,,,,,0.0,1.0,1.0,1.0,,,,,,,,,,,,
phase5,heat_pilot,precip,3,75,all,wet_spell,superensemble,baseline,False,7943,16,0.35497232483309676,4.187310491265516,7.386170061404457,5.363685954205634,9.056725286364701,4.187310491265516,2.994980537521817,5.388002632080847,6.0,0.0,,0.0,0.0,0.0,0.0,0.0,0.0007553820974442906,-0.002914396488858717,-0.007856067505602277,0.02533014813692967,0.0,,,,,,,,0.0,1.0,1.0,1.0,-0.27971560156876407,-1.053377858770194,0.15039728603129715,0.34,-0.4275020382269554,-0.8131133014780948,-0.14182874889665298,0.0,0.0,0.0,0.0,1.0
phase5,heat_pilot,precip,3,75,all,wet_spell,climatology,baseline,False,7943,16,-2.546158056884411,3.9428473118039316,8.774246191521495,5.501859797187574,11.418135399200942,3.9428473118039316,2.6260363480644693,5.493984473536109,6.0,0.0,,0.0,0.0,0.0,0.0,0.0,0.0007553820974442906,-0.002914396488858717,-0.007856067505602277,0.02533014813692967,0.0,,,,,,,,0.0,1.0,1.0,1.0,1.1083605285482738,-1.1823967154310284,2.721297193930983,0.242,-0.6719652176885402,-1.638219466636916,0.23073347141894635,0.13,0.0,0.0,0.0,1.0
phase5,heat_pilot,precip,4,99,all,all,trustcast,final,False,61516,74,0.2190910325466637,3.6198299397917286,10.080924025416016,7.7545759704244634,12.034017690436196,3.6198299397917286,2.467944567317989,4.735307653250646,363.0,0.18732782369146006,0.7224489795918367,0.1259259259259259,0.6749311294765841,0.12357951874307362,0.015981300436651975,0.2336363362867662,0.007672800572208856,-0.3318301452748107,-0.9234116324186998,-0.004538004920743351,59.0,0.15254237288135594,0.7954545454545454,0.09574468085106383,0.7457627118644068,0.09533854172073326,-0.00039300743746881325,0.2009255540147548,0.001381754340334222,-0.4480893509990571,-2.1687385772788708,-0.03110950692822312,1.0352449149153315,0.47796417132363855,1.619981689832136,0.0,0.06119419260097381,-0.15951280861172812,0.3149322650617037,0.66,0.05198345843303606,0.005864088800051308,0.09839684410726558,0.028
phase5,heat_pilot,precip,4,99,all,all,equal_mean,prev,False,61516,74,0.41804632720754736,3.558635747190755,9.045679110500684,6.888125361360314,10.975610216737051,3.558635747190755,2.4759390297877477,4.544490408245584,363.0,0.07988980716253444,0.5606060606060606,0.0725,0.18181818181818182,0.07159606031003755,-0.00011016387661453092,0.14205847148779438,0.006030951297223487,-0.04684106757829398,-0.24342040196573952,0.07675479156691249,59.0,0.01694915254237288,0.8,0.015873015873015872,0.0847457627118644,0.015798099356087007,-4.191879909999145e-05,0.02805077661682184,0.0010078678717731972,-0.05625340896401809,-0.11247743767507258,0.008308443827003393,,,,,,,,,,,,
phase5,heat_pilot,precip,4,99,all,all,equal_mean,baseline,False,61516,74,0.41804632720754736,3.558635747190755,9.045679110500684,6.888125361360314,10.975610216737051,3.558635747190755,2.4759390297877477,4.544490408245584,363.0,0.07988980716253444,0.5606060606060606,0.0725,0.18181818181818182,0.07159606031003755,-0.00011016387661453092,0.14205847148779438,0.006030951297223487,-0.04684106757829398,-0.24342040196573952,0.07675479156691249,59.0,0.01694915254237288,0.8,0.015873015873015872,0.0847457627118644,0.015798099356087007,-4.191879909999145e-05,0.02805077661682184,0.0010078678717731972,-0.05625340896401809,-0.11247743767507258,0.008308443827003393,,,,,,,,,,,,
phase5,heat_pilot,precip,4,99,all,all,superensemble,baseline,False,61516,74,-0.17098304599101427,3.6092540235130737,8.741925478200882,6.582661149156911,10.684345954115615,3.6092540235130737,2.5950257230036673,4.5570190312840655,363.0,0.04132231404958678,0.2857142857142857,0.04065040650406504,0.05785123966942149,0.040328125853144804,0.0,0.0895067924604546,0.005754600429156642,0.0011273910438919232,-0.027065064333052974,0.03052684380779218,59.0,0.0,,0.0,0.0,0.0,0.0,0.0,0.000959100071526107,-0.005144373046404249,-0.009810423516653271,0.014722651154393036,-0.30375363229980223,-0.5265645014521486,-0.09402581606994796,0.0,0.050618276322318856,-0.1130253508122497,0.22843026843259548,0.572,-0.03126793445689275,-0.05378178016069039,0.00011016387661453089,0.066
phase5,heat_pilot,precip,4,99,all,all,climatology,baseline,False,61516,74,-0.6841417418690985,3.947170800581803,10.115565706939918,7.503036109280277,12.539316296647115,3.947170800581803,2.8357244815552543,4.970030110724026,363.0,0.0,,0.0,0.0,0.0,0.0,0.0,0.005900903829897912,-0.024267675285500667,-0.036046451314653005,0.005113330811121147,59.0,0.0,,0.0,0.0,0.0,0.0,0.0,0.000959100071526107,-0.005144373046404249,-0.009810423516653271,0.014722651154393036,1.0698865964392343,0.19996589780798482,1.8240005885530692,0.006,0.3885350533910481,0.03338348981205818,0.7864461209104537,0.028,-0.07159606031003755,-0.1420584714877944,0.00011016387661453089,0.066
phase5,heat_pilot,precip,4,99,winter_JF,all,trustcast,final,False,9971,13,-0.0006612863123757636,0.0012273220067970637,0.031076034292197626,0.0,0.054736008660937904,0.0012273220067970637,0.0,0.003787267496825799,0.0,,,,,,,,0.0,1.0,1.0,1.0,0.0,,,,,,,,0.0,1.0,1.0,1.0,-0.008547192824211857,-0.02014157606611266,-0.006016675112664374,0.0,-0.008875968477454926,-0.01565772229453321,-0.0035798323064923994,0.0,,,,
phase5,heat_pilot,precip,4,99,winter_JF,all,equal_mean,prev,False,9971,13,0.00905222326923127,0.01010329048425199,0.03962322711640948,0.006686394231040089,0.06653461066353147,0.01010329048425199,0.003579832306492399,0.018713224653690106,0.0,,,,,,,,0.0,1.0,1.0,1.0,0.0,,,,,,,,0.0,1.0,1.0,1.0,,,,,,,,,,,,
phase5,heat_pilot,precip,4,99,winter_JF,all,equal_mean,baseline,False,9971,13,0.00905222326923127,0.01010329048425199,0.03962322711640948,0.006686394231040089,0.06653461066353147,0.01010329048425199,0.003579832306492399,0.018713224653690106,0.0,,,,,,,,0.0,1.0,1.0,1.0,0.0,,,,,,,,0.0,1.0,1.0,1.0,,,,,,,,,,,,
phase5,heat_pilot,precip,4,99,winter_JF,all,superensemble,baseline,False,9971,13,-0.07418905532995934,0.08383317445966326,0.09385622219739084,0.07934724046350025,0.11419992446175063,0.08383317445966326,0.07640721519536309,0.09179606883111567,0.0,,,,,,,,0.0,1.0,1.0,1.0,0.0,,,,,,,,0.0,1.0,1.0,1.0,0.05423299508098136,0.04461759781004595,0.0792309837662741,0.0,0.07372988397541128,0.06284567161549026,0.0823882494565389,0.0,,,,
phase5,heat_pilot,precip,4,99,winter_JF,all,climatology,baseline,False,9971,13,0.30629605188907516,0.3072381350777355,0.3330898635079049,0.3066590213770848,0.35865158174272216,0.3072381350777355,0.2805571428982641,0.3341330692568553,0.0,,,,,,,,0.0,1.0,1.0,1.0,0.0,,,,,,,,0.0,1.0,1.0,1.0,0.29346663639149545,0.24851302434350378,0.34264649778639605,0.0,0.2971348445934835,0.2662409223989669,0.32644111016648525,0.0,,,,
phase5,heat_pilot,precip,4,99,premonsoon_MAM,all,trustcast,final,False,15548,19,0.7487800414529625,2.060207513283978,5.735854663860135,2.5622132049408397,8.261836353725604,2.060207513283978,0.753736262530607,3.7234967505419236,2.0,0.0,1.0,0.0,2.5,-9.188980574495065e-05,-0.00018581661758011018,0.0,0.0004502186776434268,-2.495917539577099,-1014.260533776092,1.0,0.0,,,,,,,,0.0,1.0,1.0,1.0,1.1155166664559868,-0.008840417624924022,2.704752575807689,0.062,0.5810735744634401,0.1316290762397926,1.205444502630947,0.0,-9.188980574495065e-05,-0.00018581661758011018,0.0,0.7596371882086168
phase5,heat_pilot,precip,4,99,premonsoon_MAM,all,equal_mean,prev,False,15548,19,-0.3458582921647498,1.479133938820538,4.620337997404148,2.281951386075573,6.415747157521683,1.479133938820538,0.5822780814748305,2.574926896772502,2.0,0.0,,0.0,0.0,0.0,0.0,0.0,0.00012863390789812196,0.0011664172636860481,-0.0025990898383251083,1.0,0.0,,,,,,,,0.0,1.0,1.0,1.0,,,,,,,,,,,,
phase5,heat_pilot,precip,4,99,premonsoon_MAM,all,equal_mean,baseline,False,15548,19,-0.3458582921647498,1.479133938820538,4.620337997404148,2.281951386075573,6.415747157521683,1.479133938820538,0.5822780814748305,2.574926896772502,2.0,0.0,,0.0,0.0,0.0,0.0,0.0,0.00012863390789812196,0.0011664172636860481,-0.0025990898383251083,1.0,0.0,,,,,,,,0.0,1.0,1.0,1.0,,,,,,,,,,,,
phase5,heat_pilot,precip,4,99,premonsoon_MAM,all,superensemble,baseline,False,15548,19,-0.4273997647676192,1.5141579727952412,4.63112803202133,2.2289188633821286,6.461450251307032,1.5141579727952412,0.6285116251091465,2.60517395630742,2.0,0.0,,0.0,0.0,0.0,0.0,0.0,0.00012863390789812196,0.0011664172636860481,-0.0025990898383251083,1.0,0.0,,,,,,,,0.0,1.0,1.0,1.0,0.010790034617182087,-0.14649489751991593,0.2022564136727017,0.932,0.03502403397470322,0.010043829604394972,0.057810564900471685,0.008,0.0,0.0,0.0,1.0
phase5,heat_pilot,precip,4,99,premonsoon_MAM,all,climatology,baseline,False,15548,19,-0.8912563152155538,1.4921885193281252,4.962511274919205,2.210227386913945,7.153372200893684,1.4921885193281252,0.7333824926478366,2.449568330357734,2.0,0.0,,0.0,0.0,0.0,0.0,0.0,0.00012863390789812196,0.0011664172636860481,-0.0025990898383251083,1.0,0.0,,,,,,,,0.0,1.0,1.0,1.0,0.342173277515057,-0.5280243809137951,0.7862240274641215,0.328,0.013054580507587232,-0.3204189544895837,0.23944701603329593,0.834,0.0,0.0,0.0,1.0
phase5,heat_pilot,precip,4,99,monsoon_JJAS,all,trustcast,final,False,20618,25,-0.159597319914548,8.398577606880655,16.250575751390798,12.384801701589527,19.517747498203367,8.398577606880655,6.053654587784531,10.57087019792422,357.0,0.19047619047619047,0.7154811715481172,0.12878787878787878,0.6694677871148459,0.1219056861594331,0.009977978012037933,0.21956141442494304,0.02231060238626443,-0.3203311284077952,-0.90723170717369,0.0020779634327158275,59.0,0.15254237288135594,0.7954545454545454,0.09574468085106383,0.7457627118644068,0.09453184093379682,-0.001124427039460349,0.19107523204026644,0.0041226113105053835,-0.44816407290938476,-2.183879456096127,-0.021119039900753544,1.5405550794595815,0.6241136689582927,2.602233505255587,0.0,-0.0728428363482152,-0.592617109393904,0.5161364121351014,0.772,0.05099643138809558,0.0024110129656512063,0.09166410846056616,0.04
phase5,heat_pilot,precip,4,99,monsoon_JJAS,all,equal_mean,prev,False,20618,25,0.9590505770635044,8.47142044322887,14.710020671931217,11.215774937558432,17.71109729780116,8.47142044322887,6.511181732107236,10.29915159341489,357.0,0.08123249299719888,0.5606060606060606,0.07360406091370558,0.18487394957983194,0.07090925477133753,-0.00041420073533092043,0.13660146677849758,0.01770297798040547,-0.047654047540967914,-0.23333093478432174,0.0776887123189734,59.0,0.01694915254237288,0.8,0.015873015873015872,0.0847457627118644,0.01564946070463,-0.00012734941312046654,0.027163903162899076,0.0030070811911921624,-0.05630791200449248,-0.10647195279626817,0.013162945833197704,,,,,,,,,,,,
phase5,heat_pilot,precip,4,99,monsoon_JJAS,all,equal_mean,baseline,False,20618,25,0.9590505770635044,8.47142044322887,14.710020671931217,11.215774937558432,17.71109729780116,8.47142044322887,6.511181732107236,10.29915159341489,357.0,0.08123249299719888,0.5606060606060606,0.07360406091370558,0.18487394957983194,0.07090925477133753,-0.00041420073533092043,0.13660146677849758,0.01770297798040547,-0.047654047540967914,-0.23333093478432174,0.0776887123189734,59.0,0.01694915254237288,0.8,0.015873015873015872,0.0847457627118644,0.01564946070463,-0.00012734941312046654,0.027163903162899076,0.0030070811911921624,-0.05630791200449248,-0.10647195279626817,0.013162945833197704,,,,,,,,,,,,
phase5,heat_pilot,precip,4,99,monsoon_JJAS,all,superensemble,baseline,False,20618,25,0.2253720166257637,8.066230907952113,14.209875414410428,10.624954250417677,17.43872312264739,8.066230907952113,6.1658815192154695,9.978356124936917,357.0,0.04201680672268908,0.2857142857142857,0.04132231404958678,0.058823529411764705,0.04036105107012497,0.0,0.08845581506718121,0.016878455718304396,0.0011407985088852657,-0.02536913193327493,0.029663557720290796,59.0,0.0,,0.0,0.0,0.0,0.0,0.0,0.0028615772625860897,-0.005196238842984702,-0.009679365660550332,0.017765974209257854,-0.5001452575207885,-0.8996049582611609,-0.13355234007637598,0.008,-0.40518953527675805,-0.6518942558182853,-0.14840224311846703,0.002,-0.030548203701212556,-0.05266173136440339,0.00041420073533092016,0.098
phase5,heat_pilot,precip,4,99,monsoon_JJAS,all,climatology,baseline,False,20618,25,-1.4937035972110653,9.451097113985085,16.52555295532367,12.192651508260537,20.707100911936923,9.451097113985085,7.744723418082373,11.176493252669651,357.0,0.0,,0.0,0.0,0.0,0.0,0.0,0.017314967504122612,-0.024691767046919333,-0.036348866672533044,0.011530447425632046,59.0,0.0,,0.0,0.0,0.0,0.0,0.0,0.0028615772625860897,-0.005196238842984702,-0.009679365660550332,0.017765974209257854,1.8155322833924519,0.31999321586927126,3.27603601727778,0.008,0.9796766707562146,0.011264254728887483,1.9968074343566744,0.046,-0.07090925477133753,-0.13660146677849758,0.00041420073533092016,0.098
phase5,heat_pilot,precip,4,99,postmonsoon_OND,all,trustcast,final,False,15379,19,0.3337501203881105,1.136045349716728,4.381207516056694,1.7795736750454094,6.208701533399231,1.136045349716728,0.31128233697377633,2.1171244387142347,4.0,0.0,1.0,0.0,0.25,-5.2021693046000175e-05,-0.00014016290043761972,0.0,0.0003251186683139346,-0.2507332355510483,-0.9959356984827252,1.0,0.0,,,,,,,,0.0,1.0,1.0,1.0,0.4295075263201831,0.044744443663615865,0.7551755265128983,0.022,-0.23927005021131587,-0.43937731789397494,-0.032263646110131855,0.022,-5.2021693046000175e-05,-0.00014016290043761972,0.0,0.5247747747747747
phase5,heat_pilot,precip,4,99,postmonsoon_OND,all,equal_mean,prev,False,15379,19,0.7302151033854072,1.3753153999280439,3.951699989736511,1.6448649945785698,5.52637808902667,1.3753153999280439,0.4703518197426966,2.3864859770337543,4.0,0.0,,0.0,0.0,0.0,0.0,0.0,0.00026009493465114765,-0.0005865884408386979,-0.007116686436688357,1.0,0.0,,,,,,,,0.0,1.0,1.0,1.0,,,,,,,,,,,,
phase5,heat_pilot,precip,4,99,postmonsoon_OND,all,equal_mean,baseline,False,15379,19,0.7302151033854072,1.3753153999280439,3.951699989736511,1.6448649945785698,5.52637808902667,1.3753153999280439,0.4703518197426966,2.3864859770337543,4.0,0.0,,0.0,0.0,0.0,0.0,0.0,0.00026009493465114765,-0.0005865884408386979,-0.007116686436688357,1.0,0.0,,,,,,,,0.0,1.0,1.0,1.0,,,,,,,,,,,,
phase5,heat_pilot,precip,4,99,postmonsoon_OND,all,superensemble,baseline,False,15379,19,-0.5058822213844374,2.037797835146361,3.6454927068375844,1.89751382413627,4.994782115307341,2.037797835146361,1.449036307647662,2.718856599773681,4.0,0.0,,0.0,0.0,0.0,0.0,0.0,0.00026009493465114765,-0.0005865884408386979,-0.007116686436688357,1.0,0.0,,,,,,,,0.0,1.0,1.0,1.0,-0.3062072828989266,-0.7949924505048632,0.32798020941829675,0.342,0.662482435218317,0.15757366019173596,1.1361660292282814,0.006,0.0,0.0,0.0,1.0
phase5,heat_pilot,precip,4,99,postmonsoon_OND,all,climatology,baseline,False,15379,19,-0.03155649716732282,1.4101970303057365,4.266581374401783,1.416261099729008,6.545442965696637,1.4101970303057365,0.6596132232971333,2.320621059087433,4.0,0.0,,0.0,0.0,0.0,0.0,0.0,0.00026009493465114765,-0.0005865884408386979,-0.007116686436688357,1.0,0.0,,,,,,,,0.0,1.0,1.0,1.0,0.3148813846652718,-1.5148390838917931,1.513757128911876,0.67,0.03488163037769265,-0.540609550680352,0.49157486116889154,0.752,0.0,0.0,0.0,1.0
phase5,heat_pilot,precip,4,99,all,dry,trustcast,final,False,32955,43,-0.09110385009275979,0.15785868551227147,1.16400348350112,0.5863139709471421,1.6929099781996626,0.15785868551227147,0.05408072386810157,0.28127500389301985,0.0,,,,,,,,0.0,1.0,1.0,1.0,0.0,,,,,,,,0.0,1.0,1.0,1.0,0.012468913153862227,-0.005678448560079088,0.03543777127754181,0.204,-0.01736753483291323,-0.039643393995340316,-0.0003699788227134172,0.046,,,,
phase5,heat_pilot,precip,4,99,all,dry,equal_mean,prev,False,32955,43,-0.07600593940861856,0.1752262203451847,1.1515345703472577,0.5701769682025577,1.687440746039724,0.1752262203451847,0.07818035536507979,0.29846145805173924,0.0,,,,,,,,0.0,1.0,1.0,1.0,0.0,,,,,,,,0.0,1.0,1.0,1.0,,,,,,,,,,,,
phase5,heat_pilot,precip,4,99,all,dry,equal_mean,baseline,False,32955,43,-0.07600593940861856,0.1752262203451847,1.1515345703472577,0.5701769682025577,1.687440746039724,0.1752262203451847,0.07818035536507979,0.29846145805173924,0.0,,,,,,,,0.0,1.0,1.0,1.0,0.0,,,,,,,,0.0,1.0,1.0,1.0,,,,,,,,,,,,
phase5,heat_pilot,precip,4,99,all,dry,superensemble,baseline,False,32955,43,-0.5551585601616417,0.6337492319034392,1.4086120132617328,0.9796156466662199,1.8549949575945126,0.6337492319034392,0.43033789365740227,0.8488193199811916,0.0,,,,,,,,0.0,1.0,1.0,1.0,0.0,,,,,,,,0.0,1.0,1.0,1.0,0.2570774429144751,0.12347004327745217,0.5000579638224981,0.0,0.45852301155825453,0.2719029767157772,0.6728136941453438,0.0,,,,
phase5,heat_pilot,precip,4,99,all,dry,climatology,baseline,False,32955,43,0.24387497496611024,0.4979129519274009,1.2637123697478845,0.7497417723078151,1.7710763824317952,0.4979129519274009,0.3819873787764034,0.6398914646023769,0.0,,,,,,,,0.0,1.0,1.0,1.0,0.0,,,,,,,,0.0,1.0,1.0,1.0,0.11217779940062678,0.05353331355694928,0.23951122145924864,0.0,0.3226867315822162,0.2558607753721465,0.41652117706659186,0.0,,,,
phase5,heat_pilot,precip,4,99,all,monsoon_active,trustcast,final,False,6422,14,3.221689529073077,15.915092971939298,24.701249634574584,19.895571171669886,29.24834839379966,15.915092971939298,12.726495102192722,19.419288105431885,297.0,0.22895622895622897,0.7043478260869566,0.14814814814814814,0.7744107744107744,0.12793899259148123,0.009438387474627897,0.23531591816187494,0.060884459669884775,-0.3672236499578927,-1.2686033207609122,0.037148703197781,54.0,0.16666666666666666,0.7954545454545454,0.10112359550561797,0.8148148148148148,0.09737131532620498,-0.0031118130655736504,0.19282281937379345,0.012457178449081284,-0.4961555831385438,-2.6574559891226937,-0.043290505559787106,2.816064799520241,0.8609960545728557,5.343859148445926,0.0,1.557458416354903,0.4779495728204574,3.013823200887852,0.002,0.049534817459526245,0.003501201039414432,0.10036846849012862,0.036
phase5,heat_pilot,precip,4,99,all,monsoon_active,equal_mean,prev,False,6422,14,1.115505243751053,14.357634555584395,21.885184835054343,17.330142770750424,26.39328104430018,14.357634555584395,11.838186660849162,17.04445649887633,297.0,0.09764309764309764,0.5606060606060606,0.08682634730538923,0.2222222222222222,0.07840417513195498,-0.00039724791536622383,0.14334935426366496,0.04749299283712239,-0.06650438168070916,-0.3514617361924372,0.07316108482779336,54.0,0.018518518518518517,0.8,0.017241379310344827,0.09259259259259259,0.016528481539792483,-0.00038692598231244665,0.027564898253484484,0.008875739644970414,-0.06601085298621245,-0.12981602000651474,-0.0042683193464635805,,,,,,,,,,,,
phase5,heat_pilot,precip,4,99,all,monsoon_active,equal_mean,baseline,False,6422,14,1.115505243751053,14.357634555584395,21.885184835054343,17.330142770750424,26.39328104430018,14.357634555584395,11.838186660849162,17.04445649887633,297.0,0.09764309764309764,0.5606060606060606,0.08682634730538923,0.2222222222222222,0.07840417513195498,-0.00039724791536622383,0.14334935426366496,0.04749299283712239,-0.06650438168070916,-0.3514617361924372,0.07316108482779336,54.0,0.018518518518518517,0.8,0.017241379310344827,0.09259259259259259,0.016528481539792483,-0.00038692598231244665,0.027564898253484484,0.008875739644970414,-0.06601085298621245,-0.12981602000651474,-0.0042683193464635805,,,,,,,,,,,,
phase5,heat_pilot,precip,4,99,all,monsoon_active,superensemble,baseline,False,6422,14,-1.3429162867415994,13.489721044002385,21.27493766846226,16.302911240615725,26.452587010723075,13.489721044002385,10.867798215702571,16.589058346995706,297.0,0.050505050505050504,0.2857142857142857,0.04950495049504951,0.0707070707070707,0.046448573412750584,0.0,0.09103791800680129,0.04484584241669262,-0.007059875160800644,-0.04181174347871216,0.021887069730916798,54.0,0.0,,0.0,0.0,0.0,0.0,0.0,0.008408595453129867,-0.009905018618517225,-0.012466494691655765,-0.0034241841905142427,-0.6102471665920817,-1.6698983828440515,0.15949219410516713,0.126,-0.8679135115820102,-1.598267635350089,-0.14506295733240213,0.02,-0.0319556017192044,-0.056171652953205066,0.00039724791536621803,0.058
phase5,heat_pilot,precip,4,99,all,monsoon_active,climatology,baseline,False,6422,14,-10.47587856723675,14.08831372598145,25.075601487115858,18.25578451611396,32.30086859621592,14.08831372598145,10.769684692979695,17.903547003716604,297.0,0.0,,0.0,0.0,0.0,0.0,0.0,0.04624727499221426,-0.03853049625957583,-0.04644070917447839,-0.019232104093317954,54.0,0.0,,0.0,0.0,0.0,0.0,0.0,0.008408595453129867,-0.009905018618517225,-0.012466494691655765,-0.0034241841905142427,3.190416652061515,-0.4384494436199144,6.301104803641798,0.084,-0.269320829602945,-2.622722083400408,1.7244522214188909,0.762,-0.07840417513195498,-0.14334935426366496,0.00039724791536621803,0.058
phase5,heat_pilot,precip,4,99,all,monsoon_break,trustcast,final,False,4394,9,-2.1946333133595206,2.550308987442116,6.6227130814859745,3.9408621757405986,9.156675427945126,2.550308987442116,1.2774806725925107,4.244783042044908,3.0,0.0,,0.0,0.0,0.0,0.0,0.0,0.0006827492034592626,0.305055984510029,0.12329042333581189,0.7355062862552728,0.0,,,,,,,,0.0,1.0,1.0,1.0,0.6083697264437538,0.2185638707439165,1.0311354242471433,0.004,-0.09768701347328879,-0.5110364484444091,0.32911645143975865,0.63,0.0,0.0,0.0,1.0
phase5,heat_pilot,precip,4,99,all,monsoon_break,equal_mean,prev,False,4394,9,-0.8187851679402239,2.6479960009154047,6.014343355042221,3.600662482370229,8.244639827473879,2.6479960009154047,1.521083142102884,4.076569939386995,3.0,0.0,,0.0,0.0,0.0,0.0,0.0,0.0006827492034592626,0.305055984510029,0.12329042333581189,0.7355062862552728,0.0,,,,,,,,0.0,1.0,1.0,1.0,,,,,,,,,,,,
phase5,heat_pilot,precip,4,99,all,monsoon_break,equal_mean,baseline,False,4394,9,-0.8187851679402239,2.6479960009154047,6.014343355042221,3.600662482370229,8.244639827473879,2.6479960009154047,1.521083142102884,4.076569939386995,3.0,0.0,,0.0,0.0,0.0,0.0,0.0,0.0006827492034592626,0.305055984510029,0.12329042333581189,0.7355062862552728,0.0,,,,,,,,0.0,1.0,1.0,1.0,,,,,,,,,,,,
phase5,heat_pilot,precip,4,99,all,monsoon_break,superensemble,baseline,False,4394,9,-0.6762786793959402,2.6761787887746853,5.904874211863392,3.5752785046842996,8.016266510473127,2.6761787887746853,1.5808715058550094,4.073661353186299,3.0,0.0,,0.0,0.0,0.0,0.0,0.0,0.0006827492034592626,0.305055984510029,0.12329042333581189,0.7355062862552728,0.0,,,,,,,,0.0,1.0,1.0,1.0,-0.10946914317882861,-0.2527222761378634,0.026450341211958252,0.146,0.028182787859280634,-0.1015600566135793,0.1641735820059517,0.644,0.0,0.0,0.0,1.0
phase5,heat_pilot,precip,4,99,all,monsoon_break,climatology,baseline,False,4394,9,4.335858208540628,6.435892961787049,8.149042533304995,6.121157128507843,9.77276691137533,6.435892961787049,4.469876269048499,8.53066637582718,3.0,0.0,,0.0,0.0,0.0,0.0,0.0,0.0006827492034592626,0.305055984510029,0.12329042333581189,0.7355062862552728,0.0,,,,,,,,0.0,1.0,1.0,1.0,2.1346991782627738,0.2985109454831459,4.733655492382068,0.004,3.7878969608716444,2.063846127181579,6.1799849332038965,0.0,0.0,0.0,0.0,1.0
phase5,heat_pilot,precip,4,99,all,monsoon_normal,trustcast,final,False,9802,21,-1.4626656721897284,6.095601748831925,11.664692879761159,9.321009711932533,14.188847943837064,6.095601748831925,4.998883390429719,7.527727291738503,57.0,0.0,1.0,0.0,0.15789473684210525,-0.0007936029108055302,-0.0019222361597097176,0.0,0.0067333197306672105,-0.13598131806034952,-0.7620930992006973,0.04849766244334088,5.0,0.0,,0.0,0.0,0.0,0.0,0.0,0.0005100999795960009,0.027210008218079396,0.004320227404370772,1.0,0.478244843514922,0.01153765348194154,0.9929543402378492,0.046,-1.1298341983735005,-1.512488466393173,-0.7143433645930584,0.0,-0.0007936029108055302,-0.0019222361597097176,0.0,0.186
phase5,heat_pilot,precip,4,99,all,monsoon_normal,equal_mean,prev,False,9802,21,1.6535066466491957,7.225435947205425,11.186448036246237,9.131044713252116,13.461146415227251,7.225435947205425,6.330094171487529,8.447028949210745,57.0,0.0,,0.0,0.0,0.0,0.0,0.0,0.00581513976739441,0.018925225311516303,-0.010634399571123786,0.13286508290477594,5.0,0.0,,0.0,0.0,0.0,0.0,0.0,0.0005100999795960009,0.027210008218079396,0.004320227404370772,1.0,,,,,,,,,,,,
phase5,heat_pilot,precip,4,99,all,monsoon_normal,equal_mean,baseline,False,9802,21,1.6535066466491957,7.225435947205425,11.186448036246237,9.131044713252116,13.461146415227251,7.225435947205425,6.330094171487529,8.447028949210745,57.0,0.0,,0.0,0.0,0.0,0.0,0.0,0.00581513976739441,0.018925225311516303,-0.010634399571123786,0.13286508290477594,5.0,0.0,,0.0,0.0,0.0,0.0,0.0,0.0005100999795960009,0.027210008218079396,0.004320227404370772,1.0,,,,,,,,,,,,
phase5,heat_pilot,precip,4,99,all,monsoon_normal,superensemble,baseline,False,9802,21,1.6570594929106621,6.929140044653884,10.60910412672938,8.504466375562357,12.990486153941047,6.929140044653884,5.978334399514605,8.165503182761173,57.0,0.0,,0.0,0.0,0.0,0.0,0.0,0.00581513976739441,0.018925225311516303,-0.010634399571123786,0.13286508290477594,5.0,0.0,,0.0,0.0,0.0,0.0,0.0,0.0005100999795960009,0.027210008218079396,0.004320227404370772,1.0,-0.5773439095168573,-0.8032689631011426,-0.40361440061467857,0.0,-0.2962959025515417,-0.5208342446857965,-0.05497605364603772,0.02,0.0,0.0,0.0,1.0
phase5,heat_pilot,precip,4,99,all,monsoon_normal,climatology,baseline,False,9802,21,1.7779178150550026,7.7645639536624484,11.519860355407122,9.302390365201145,14.025257281826999,7.7645639536624484,6.869467429160559,8.941147578826191,57.0,0.0,,0.0,0.0,0.0,0.0,0.0,0.00581513976739441,0.018925225311516303,-0.010634399571123786,0.13286508290477594,5.0,0.0,,0.0,0.0,0.0,0.0,0.0,0.0005100999795960009,0.027210008218079396,0.004320227404370772,1.0,0.3334123191608853,-0.2551570364305614,0.7527849953062636,0.232,0.5391280064570232,0.02469985511553726,1.001588811777764,0.03,0.0,0.0,0.0,1.0
phase5,heat_pilot,precip,4,99,all,wet_spell,trustcast,final,False,7943,14,2.489048077545715,5.578918858933113,9.795131698941493,7.071964204547451,12.345875008818192,5.578918858933113,3.8528456173651793,7.4590038607895925,6.0,0.0,1.0,0.0,1.0,-0.00037783375314861455,-0.0006707461903408854,0.0,0.0015107641948885811,-1.004991816833467,-8.434669573532377,0.004429869306152886,0.0,,,,,,,,0.0,1.0,1.0,1.0,1.63902390151536,0.3630941131951606,3.8020580129458357,0.002,0.7350676900777655,-0.3033222964414057,2.0637711750423655,0.176,-0.00037783375314861455,-0.0006710861056295253,0.0,0.2436548223350254
phase5,heat_pilot,precip,4,99,all,wet_spell,equal_mean,prev,False,7943,14,1.0635287422655393,4.843851168855347,8.156107797426133,6.144550758202853,9.607470272099636,4.843851168855347,3.6372539153323213,5.8422442705211886,6.0,0.0,,0.0,0.0,0.0,0.0,0.0,0.0007553820974442906,-0.0024959084167335277,-0.006868177753329879,0.027145088856756747,0.0,,,,,,,,0.0,1.0,1.0,1.0,,,,,,,,,,,,
phase5,heat_pilot,precip,4,99,all,wet_spell,equal_mean,baseline,False,7943,14,1.0635287422655393,4.843851168855347,8.156107797426133,6.144550758202853,9.607470272099636,4.843851168855347,3.6372539153323213,5.8422442705211886,6.0,0.0,,0.0,0.0,0.0,0.0,0.0,0.0007553820974442906,-0.0024959084167335277,-0.006868177753329879,0.027145088856756747,0.0,,,,,,,,0.0,1.0,1.0,1.0,,,,,,,,,,,,
phase5,heat_pilot,precip,4,99,all,wet_spell,superensemble,baseline,False,7943,14,0.39410009494569703,4.385259437604905,7.713092175494182,5.448842612664619,9.261918904986425,4.385259437604905,3.16719144534754,5.450034428111811,6.0,0.0,,0.0,0.0,0.0,0.0,0.0,0.0007553820974442906,-0.0024959084167335277,-0.006868177753329879,0.027145088856756747,0.0,,,,,,,,0.0,1.0,1.0,1.0,-0.4430156219319503,-1.0699788447188516,0.04592198287736643,0.104,-0.4585917312504426,-0.809991312908627,-0.14110426329040704,0.002,0.0,0.0,0.0,1.0
phase5,heat_pilot,precip,4,99,all,wet_spell,climatology,baseline,False,7943,14,-2.4330079850849655,3.971133997441548,8.772921248121367,5.390811620512822,11.06894729227488,3.971133997441548,2.6071085724215823,5.301947539051245,6.0,0.0,,0.0,0.0,0.0,0.0,0.0,0.0007553820974442906,-0.0024959084167335277,-0.006868177753329879,0.027145088856756747,0.0,,,,,,,,0.0,1.0,1.0,1.0,0.6168134506952345,-1.217199740796697,1.898783259841048,0.498,-0.8727171714137993,-1.8946101255438421,-0.042532613805321494,0.032,0.0,0.0,0.0,1.0
phase5,heat_pilot,precip,5,123,all,all,trustcast,final,False,61685,74,0.14394514712070366,3.7216021044976317,10.34870749196368,7.842072630428758,12.584117609998952,3.7216021044976317,2.5377623218608245,4.870427629269766,363.0,0.05509641873278237,0.9130434782608695,0.034904013961605584,0.6336088154269972,0.032618952717251126,0.00536841177505688,0.07232264597743461,0.008964902326335414,-0.5603856471598778,-0.820470718435697,-0.3531154939943529,59.0,0.0,1.0,0.0,0.03389830508474576,-3.136073428767414e-05,-7.555882448197106e-05,0.0,0.0009888951933209047,-0.03921704353587363,-0.16378910780313316,0.003245286876810512,1.138338003664293,0.6357934856842641,1.750633643293094,0.0,0.11347951635446307,-0.1694697542812755,0.42337311417084605,0.456,0.03269891477602522,0.0054305240985513935,0.07237486885336045,0.008
phase5,heat_pilot,precip,5,123,all,all,equal_mean,prev,False,61685,74,0.3390490444159206,3.6081225881431687,9.210369488299387,6.830067782766754,11.483941168295447,3.6081225881431687,2.506472377060984,4.633981230005549,363.0,0.0,1.0,0.0,0.013774104683195593,-7.996205877409572e-05,-0.00020321105971021457,0.0,0.005965793953149064,-0.03837598219680838,-0.06491938911753073,-0.004923133761440908,59.0,0.0,,0.0,0.0,0.0,0.0,0.0,0.0009564724000972683,-0.00514435358387777,-0.009810423516653271,0.014722881678353091,,,,,,,,,,,,
phase5,heat_pilot,precip,5,123,all,all,equal_mean,baseline,False,61685,74,0.3390490444159206,3.6081225881431687,9.210369488299387,6.830067782766754,11.483941168295447,3.6081225881431687,2.506472377060984,4.633981230005549,363.0,0.0,1.0,0.0,0.013774104683195593,-7.996205877409572e-05,-0.00020321105971021457,0.0,0.005965793953149064,-0.03837598219680838,-0.06491938911753073,-0.004923133761440908,59.0,0.0,,0.0,0.0,0.0,0.0,0.0,0.0009564724000972683,-0.00514435358387777,-0.009810423516653271,0.014722881678353091,,,,,,,,,,,,
phase5,heat_pilot,precip,5,123,all,all,superensemble,baseline,False,61685,74,-0.2438148632657363,3.772634072727981,9.009810649089088,6.757915526806477,11.163104180470912,3.772634072727981,2.7484481200208504,4.7456580022540615,363.0,0.0,1.0,0.0,0.0027548209366391185,-1.6167121179521095e-05,-4.877436519546521e-05,0.0,0.005900948366701791,-0.027089286738147367,-0.0410668473093113,0.005113438800309047,59.0,0.0,,0.0,0.0,0.0,0.0,0.0,0.0009564724000972683,-0.00514435358387777,-0.009810423516653271,0.014722881678353091,-0.2005588392102986,-0.3942771449530518,0.02883877690089245,0.086,0.16451148458481235,-0.028371059750385785,0.36854321808585927,0.1,6.379493759457462e-05,-3.2058316734774595e-05,0.00018105511715149476,0.332
phase5,heat_pilot,precip,5,123,all,all,climatology,baseline,False,61685,74,-0.6816252883649621,3.9369987265723756,10.101707985460948,7.472089432552328,12.539306111351294,3.9369987265723756,2.823935182709756,4.957147306540775,363.0,0.0,,0.0,0.0,0.0,0.0,0.0,0.005884736970089973,-0.024267612873482225,-0.0360463866266157,0.005113438800309047,59.0,0.0,,0.0,0.0,0.0,0.0,0.0,0.0009564724000972683,-0.00514435358387777,-0.009810423516653271,0.014722881678353091,0.891338497161561,0.36689263167088443,1.3525986605364413,0.0,0.32887613842920693,-0.02561445178221637,0.7065316934405956,0.062,7.996205877409572e-05,0.0,0.00020321105971021455,0.248
phase5,heat_pilot,precip,5,123,winter_JF,all,trustcast,final,False,9971,13,0.0034465725660153953,0.004856740818744567,0.03948049851095903,0.0018118120283599586,0.06582156439619032,0.004856740818744567,3.662188991591545e-05,0.011700476245982897,0.0,,,,,,,,0.0,1.0,1.0,1.0,0.0,,,,,,,,0.0,1.0,1.0,1.0,-0.0012957793648463722,-0.006968439360432096,-9.298044356849603e-05,0.024,-0.005763141477493596,-0.00869138461555281,-0.0035126762303063,0.0,,,,
phase5,heat_pilot,precip,5,123,winter_JF,all,equal_mean,prev,False,9971,13,0.009280399292474059,0.010619882296238163,0.0407762778758054,0.007900677872321607,0.06607080291352095,0.010619882296238163,0.003791402149072415,0.01959310764481585,0.0,,,,,,,,0.0,1.0,1.0,1.0,0.0,,,,,,,,0.0,1.0,1.0,1.0,,,,,,,,,,,,
phase5,heat_pilot,precip,5,123,winter_JF,all,equal_mean,baseline,False,9971,13,0.009280399292474059,0.010619882296238163,0.0407762778758054,0.007900677872321607,0.06607080291352095,0.010619882296238163,0.003791402149072415,0.01959310764481585,0.0,,,,,,,,0.0,1.0,1.0,1.0,0.0,,,,,,,,0.0,1.0,1.0,1.0,,,,,,,,,,,,
phase5,heat_pilot,precip,5,123,winter_JF,all,superensemble,baseline,False,9971,13,-0.20266470841518053,0.2066617300261523,0.21121668310237596,0.20224089200227394,0.2210809781372969,0.2066617300261523,0.19711915225878043,0.21621717873742952,0.0,,,,,,,,0.0,1.0,1.0,1.0,0.0,,,,,,,,0.0,1.0,1.0,1.0,0.17044040522657056,0.14752888063089364,0.20606712256698825,0.0,0.19604184772991412,0.17968826593188225,0.21030179118468367,0.0,,,,
phase5,heat_pilot,precip,5,123,winter_JF,all,climatology,baseline,False,9971,13,0.30629605188907516,0.3072381350777355,0.3330898635079049,0.3066590213770848,0.35865158174272216,0.3072381350777355,0.2805571428982641,0.3341330692568553,0.0,,,,,,,,0.0,1.0,1.0,1.0,0.0,,,,,,,,0.0,1.0,1.0,1.0,0.2923135856320995,0.24870937098278614,0.34081812112048065,0.0,0.29661825278149734,0.26609484503892616,0.32615203771826523,0.0,,,,
phase5,heat_pilot,precip,5,123,premonsoon_MAM,all,trustcast,final,False,15548,19,1.2419170232163872,2.340542414656344,6.564355424001963,2.8608045041935495,9.644486744906185,2.340542414656344,0.8010391703072797,4.262846053529482,2.0,0.0,1.0,0.0,3.5,-0.00010005860575479924,-0.0002270525550980867,0.0,0.0005788525855415488,-3.4947511223134127,-608.1563202656552,1.0,0.0,,,,,,,,0.0,1.0,1.0,1.0,2.1322477905921353,0.3533952716095322,4.567290320538508,0.0,0.8985139886355138,0.15195110774869122,1.9379007828059645,0.0,-0.00010005860575479924,-0.00023434790405129355,-3.1475244720027696e-05,0.0
phase5,heat_pilot,precip,5,123,premonsoon_MAM,all,equal_mean,prev,False,15548,19,-0.2679219889649637,1.4420284260208303,4.432107633409828,2.2601551440781114,6.126905978341645,1.4420284260208303,0.5934065271999006,2.496776754584144,2.0,0.0,,0.0,0.0,0.0,0.0,0.0,0.00012863390789812196,0.0011664172636860481,-0.0025990898383251083,1.0,0.0,,,,,,,,0.0,1.0,1.0,1.0,,,,,,,,,,,,
phase5,heat_pilot,precip,5,123,premonsoon_MAM,all,equal_mean,baseline,False,15548,19,-0.2679219889649637,1.4420284260208303,4.432107633409828,2.2601551440781114,6.126905978341645,1.4420284260208303,0.5934065271999006,2.496776754584144,2.0,0.0,,0.0,0.0,0.0,0.0,0.0,0.00012863390789812196,0.0011664172636860481,-0.0025990898383251083,1.0,0.0,,,,,,,,0.0,1.0,1.0,1.0,,,,,,,,,,,,
phase5,heat_pilot,precip,5,123,premonsoon_MAM,all,superensemble,baseline,False,15548,19,-0.5029780354163156,1.574822644093702,4.716992414629315,2.3082959776314333,6.541881300967788,1.574822644093702,0.7096616753954152,2.681440071500099,2.0,0.0,,0.0,0.0,0.0,0.0,0.0,0.00012863390789812196,0.0011664172636860481,-0.0025990898383251083,1.0,0.0,,,,,,,,0.0,1.0,1.0,1.0,0.28488478121948724,-0.002221112337274843,0.49960623268509535,0.056,0.13279421807287184,0.05857772865047139,0.2049274159673467,0.0,0.0,0.0,0.0,1.0
phase5,heat_pilot,precip,5,123,premonsoon_MAM,all,climatology,baseline,False,15548,19,-0.8912563152155538,1.4921885193281252,4.962511274919205,2.210227386913945,7.153372200893684,1.4921885193281252,0.7333824926478366,2.449568330357734,2.0,0.0,,0.0,0.0,0.0,0.0,0.0,0.00012863390789812196,0.0011664172636860481,-0.0025990898383251083,1.0,0.0,,,,,,,,0.0,1.0,1.0,1.0,0.5304036415093769,-0.49954672713241605,1.0999480744122985,0.234,0.050160093307294984,-0.34443189850900957,0.2992760023223176,0.666,0.0,0.0,0.0,1.0
phase5,heat_pilot,precip,5,123,monsoon_JJAS,all,trustcast,final,False,20618,25,-0.9232441036290114,8.432226045524112,16.55598530778859,12.14394956009221,20.38977997684209,8.432226045524112,5.985185150394127,10.773632756355696,357.0,0.056022408963585436,0.9103139013452914,0.03571428571428571,0.6246498599439776,0.02901930838517071,0.0009786909544664607,0.07212095172590509,0.026190707149093027,-0.5499539333482815,-0.8067920125570155,-0.31870961468218545,59.0,0.0,1.0,0.0,0.03389830508474576,-9.3831008762862e-05,-0.00022628342688193784,0.0,0.0029585798816568047,-0.03927068761732322,-0.17446577623320664,0.0025254148647491756,1.494038991164878,0.8504495412654831,2.185986613105303,0.0,-0.13153691349793384,-0.6724570708465989,0.41382455876313523,0.628,0.029258522604653576,0.001081256139713655,0.07252564029073208,0.03
phase5,heat_pilot,precip,5,123,monsoon_JJAS,all,equal_mean,prev,False,20618,25,0.6152047725030118,8.563762959022046,15.061946316623711,11.055831419831188,18.873112956144542,8.563762959022046,6.525344708151,10.471306228428608,357.0,0.0,1.0,0.0,0.014005602240896359,-0.00023921421948286576,-0.0006080607341742853,0.0,0.017557474051799398,-0.03904319235569975,-0.06600118132352821,-0.0004979201098947258,59.0,0.0,,0.0,0.0,0.0,0.0,0.0,0.0028615772625860897,-0.005196238842984702,-0.009679365660550332,0.017765974209257854,,,,,,,,,,,,
phase5,heat_pilot,precip,5,123,monsoon_JJAS,all,equal_mean,baseline,False,20618,25,0.6152047725030118,8.563762959022046,15.061946316623711,11.055831419831188,18.873112956144542,8.563762959022046,6.525344708151,10.471306228428608,357.0,0.0,1.0,0.0,0.014005602240896359,-0.00023921421948286576,-0.0006080607341742853,0.0,0.017557474051799398,-0.03904319235569975,-0.06600118132352821,-0.0004979201098947258,59.0,0.0,,0.0,0.0,0.0,0.0,0.0,0.0028615772625860897,-0.005196238842984702,-0.009679365660550332,0.017765974209257854,,,,,,,,,,,,
phase5,heat_pilot,precip,5,123,monsoon_JJAS,all,superensemble,baseline,False,20618,25,0.13817311498830773,8.28905064023244,14.659710832100815,10.79009124143846,18.276532375971183,8.28905064023244,6.300040332918813,10.255816691432178,357.0,0.0,1.0,0.0,0.0028011204481792717,-4.8368170383857666e-05,-0.00014844378149407583,0.0,0.017363468813657967,-0.02756205210867546,-0.04137660846004107,0.011530447425632046,59.0,0.0,,0.0,0.0,0.0,0.0,0.0,0.0028615772625860897,-0.005196238842984702,-0.009679365660550332,0.017765974209257854,-0.4022354845228957,-0.7088921675386236,-0.027608646109998337,0.034,-0.27471231878960545,-0.6162723550598527,0.10040095240337582,0.154,0.0001908460490990081,-9.660818868749371e-05,0.0005749308495008487,0.376
phase5,heat_pilot,precip,5,123,monsoon_JJAS,all,climatology,baseline,False,20618,25,-1.4937035972110653,9.451097113985085,16.52555295532367,12.192651508260537,20.707100911936923,9.451097113985085,7.744723418082373,11.176493252669651,357.0,0.0,,0.0,0.0,0.0,0.0,0.0,0.017314967504122612,-0.024691767046919333,-0.036348866672533044,0.011530447425632046,59.0,0.0,,0.0,0.0,0.0,0.0,0.0,0.0028615772625860897,-0.005196238842984702,-0.009679365660550332,0.017765974209257854,1.4636066386999573,0.6101078339776457,2.2319873425674914,0.0,0.8873341549630389,0.008215834408928395,1.8219844932902487,0.046,0.00023921421948286576,0.0,0.0006080607341742853,0.268
phase5,heat_pilot,precip,5,123,postmonsoon_OND,all,trustcast,final,False,15548,19,0.5512613633097142,1.2395297905543947,4.279915486754454,2.048629287747287,5.888672405428213,1.2395297905543947,0.3850521347983251,2.206373238715423,4.0,0.0,,0.0,0.0,0.0,0.0,0.0,0.0002572678157962439,-0.0005811834499875879,-0.007113635656051526,1.0,0.0,,,,,,,,0.0,1.0,1.0,1.0,0.2707117099048899,-0.4418039387476197,0.8818212229502346,0.374,-0.27017102925182757,-0.6280102844350156,0.010958608703813608,0.074,0.0,0.0,0.0,1.0
phase5,heat_pilot,precip,5,123,postmonsoon_OND,all,equal_mean,prev,False,15548,19,0.7912956347061336,1.5097008198062223,4.0092037768495645,1.979095608759345,5.528942153461832,1.5097008198062223,0.532033158235575,2.5744344450470997,4.0,0.0,,0.0,0.0,0.0,0.0,0.0,0.0002572678157962439,-0.0005811834499875879,-0.007113635656051526,1.0,0.0,,,,,,,,0.0,1.0,1.0,1.0,,,,,,,,,,,,
phase5,heat_pilot,precip,5,123,postmonsoon_OND,all,equal_mean,baseline,False,15548,19,0.7912956347061336,1.5097008198062223,4.0092037768495645,1.979095608759345,5.528942153461832,1.5097008198062223,0.532033158235575,2.5744344450470997,4.0,0.0,,0.0,0.0,0.0,0.0,0.0,0.0002572678157962439,-0.0005811834499875879,-0.007113635656051526,1.0,0.0,,,,,,,,0.0,1.0,1.0,1.0,,,,,,,,,,,,
phase5,heat_pilot,precip,5,123,postmonsoon_OND,all,superensemble,baseline,False,15548,19,-0.5175907398453327,2.2681579685781714,3.846495453353078,2.1296656353668375,5.22916483030934,2.2681579685781714,1.6308769054063685,2.969504183229398,4.0,0.0,,0.0,0.0,0.0,0.0,0.0,0.0002572678157962439,-0.0005811834499875879,-0.007113635656051526,1.0,0.0,,,,,,,,0.0,1.0,1.0,1.0,-0.16270832349648634,-0.6561876240502653,0.383817780591985,0.638,0.7584571487719491,0.21626379830714332,1.266672174488635,0.002,0.0,0.0,0.0,1.0
phase5,heat_pilot,precip,5,123,postmonsoon_OND,all,climatology,baseline,False,15548,19,-0.028666059294409317,1.3974162341843777,4.243412452683237,1.3984822131014476,6.526272931796473,1.3974162341843777,0.6551089004625084,2.2974161182142105,4.0,0.0,,0.0,0.0,0.0,0.0,0.0,0.0002572678157962439,-0.0005811834499875879,-0.007113635656051526,1.0,0.0,,,,,,,,0.0,1.0,1.0,1.0,0.23420867583367233,-1.6661882935750958,1.4932178619737781,0.768,-0.11228458562184462,-0.7239836444337461,0.3874658567002301,0.852,0.0,0.0,0.0,1.0
phase5,heat_pilot,precip,5,123,all,dry,trustcast,final,False,32786,43,-0.08162788012373197,0.15885339313053823,1.1306574491193335,0.61549512124444,1.6652913690001858,0.15885339313053823,0.06811273248718938,0.2768453913881225,0.0,,,,,,,,0.0,1.0,1.0,1.0,0.0,,,,,,,,0.0,1.0,1.0,1.0,0.02372372993018801,-0.007825984787179968,0.09417636934690353,0.266,-0.010627779394653009,-0.034112061000704456,0.015899919372551637,0.358,,,,
phase5,heat_pilot,precip,5,123,all,dry,equal_mean,prev,False,32786,43,-0.06607637835997882,0.16948117252519124,1.1069337191891455,0.5735346691264303,1.6523056930355409,0.16948117252519124,0.07970283456470208,0.2931372888032277,0.0,,,,,,,,0.0,1.0,1.0,1.0,0.0,,,,,,,,0.0,1.0,1.0,1.0,,,,,,,,,,,,
phase5,heat_pilot,precip,5,123,all,dry,equal_mean,baseline,False,32786,43,-0.06607637835997882,0.16948117252519124,1.1069337191891455,0.5735346691264303,1.6523056930355409,0.16948117252519124,0.07970283456470208,0.2931372888032277,0.0,,,,,,,,0.0,1.0,1.0,1.0,0.0,,,,,,,,0.0,1.0,1.0,1.0,,,,,,,,,,,,
phase5,heat_pilot,precip,5,123,all,dry,superensemble,baseline,False,32786,43,-0.6787668661013457,0.7438628122398971,1.4428920277664594,1.0453265752971246,1.8847622024291553,0.7438628122398971,0.538015723563329,0.9685381598281625,0.0,,,,,,,,0.0,1.0,1.0,1.0,0.0,,,,,,,,0.0,1.0,1.0,1.0,0.3359583085773139,0.17537449917712894,0.6206193984677063,0.0,0.5743816397147059,0.3779238352159357,0.8016617298385507,0.0,,,,
phase5,heat_pilot,precip,5,123,all,dry,climatology,baseline,False,32786,43,0.23013518307861838,0.4649513626798059,1.1896748889444104,0.6958389335997398,1.7126953214282248,0.4649513626798059,0.36641794949123335,0.5920602588747113,0.0,,,,,,,,0.0,1.0,1.0,1.0,0.0,,,,,,,,0.0,1.0,1.0,1.0,0.08274116975526491,0.03812197070916692,0.18885138616167488,0.0,0.2954701901546147,0.23781378828572233,0.3704436827193047,0.0,,,,
phase5,heat_pilot,precip,5,123,all,monsoon_active,trustcast,final,False,7267,15,2.181251602911471,14.70336647637294,23.082415505630042,18.65072751357616,27.13990871356944,14.70336647637294,11.48857920021147,17.842237531841647,257.0,0.07782101167315175,0.9103139013452914,0.043478260869565216,0.867704280155642,0.026793108769447897,-0.006397092238958895,0.07182282016742839,0.06054768129902298,-0.7731179558164654,-1.0964003130515665,-0.48974113802964564,41.0,0.0,1.0,0.0,0.04878048780487805,-0.0002624848350987039,-0.0006007039691988208,0.0,0.005917159763313609,-0.05640832067103174,-0.22522958420576433,-0.0062204356510766785,2.811004030147462,1.7392322327486518,3.969369088953236,0.0,1.2784335446732769,0.22541783424224762,2.3257507728981643,0.014,0.027468475845907333,-0.005906799842942476,0.07252487124074468,0.128
phase5,heat_pilot,precip,5,123,all,monsoon_active,equal_mean,prev,False,7267,15,1.1161853654628708,13.424932931699663,20.27141147548258,16.248007863324872,24.44008089635479,13.424932931699663,11.186816515111799,15.767745606838844,257.0,0.0,1.0,0.0,0.019455252918287938,-0.0006753670764594367,-0.001643332062976631,0.0,0.036053392046236414,-0.055811146417986235,-0.10006960382107946,-0.028770141817637672,41.0,0.0,,0.0,0.0,0.0,0.0,0.0,0.005641943030136232,-0.007273049942146725,-0.009910161101634835,-0.0020228005509073956,,,,,,,,,,,,
phase5,heat_pilot,precip,5,123,all,monsoon_active,equal_mean,baseline,False,7267,15,1.1161853654628708,13.424932931699663,20.27141147548258,16.248007863324872,24.44008089635479,13.424932931699663,11.186816515111799,15.767745606838844,257.0,0.0,1.0,0.0,0.019455252918287938,-0.0006753670764594367,-0.001643332062976631,0.0,0.036053392046236414,-0.055811146417986235,-0.10006960382107946,-0.028770141817637672,41.0,0.0,,0.0,0.0,0.0,0.0,0.0,0.005641943030136232,-0.007273049942146725,-0.009910161101634835,-0.0020228005509073956,,,,,,,,,,,,
phase5,heat_pilot,precip,5,123,all,monsoon_active,superensemble,baseline,False,7267,15,-0.9516556183860737,12.583943897848267,19.85611448903496,15.82153138471008,23.832563435682424,12.583943897848267,10.378801525058716,14.989643530748872,257.0,0.0,1.0,0.0,0.0038910505836575876,-0.00013709379295850005,-0.00047611234225871296,0.0,0.03550295857988166,-0.039691892274200224,-0.05269850034901463,-0.020174129098268937,41.0,0.0,,0.0,0.0,0.0,0.0,0.0,0.005641943030136232,-0.007273049942146725,-0.009910161101634835,-0.0020228005509073956,-0.41529698644761837,-0.9575630414193285,0.29920573984635895,0.188,-0.8409890338513968,-1.4009583060071662,-0.12373447888356988,0.03,0.0005382732835009366,-0.0002913125370771333,0.0015595063210180513,0.33
phase5,heat_pilot,precip,5,123,all,monsoon_active,climatology,baseline,False,7267,15,-8.493550241067318,12.784616331967523,22.300142723960626,17.547926334244682,26.664749155789032,12.784616331967523,10.153124512611685,15.199262246508434,257.0,0.0,,0.0,0.0,0.0,0.0,0.0,0.03536535021329297,-0.035662078738253555,-0.04485426025515195,-0.020174129098268937,41.0,0.0,,0.0,0.0,0.0,0.0,0.0,0.005641943030136232,-0.007273049942146725,-0.009910161101634835,-0.0020228005509073956,2.0287312484780458,0.28223051126969445,3.3367495209216056,0.026,-0.6403165997321398,-2.3089972027676926,0.6524127159821094,0.35,0.0006753670764594367,0.0,0.0016433320629766306,0.224
phase5,heat_pilot,precip,5,123,all,monsoon_break,trustcast,final,False,4901,11,-2.0380140989812783,2.364696394481947,6.269820405538504,3.5523281331518777,8.690604992484806,2.364696394481947,1.2143190522828573,3.8587422348004843,3.0,0.0,,0.0,0.0,0.0,0.0,0.0,0.000612119975515201,0.3460082195164428,0.13849837217695418,1.0,0.0,,,,,,,,0.0,1.0,1.0,1.0,0.43369310228865565,0.0628266023125787,0.7874243991652582,0.034,-0.3833994780672958,-0.7503294215039675,-0.020222511245226775,0.038,0.0,0.0,0.0,1.0
phase5,heat_pilot,precip,5,123,all,monsoon_break,equal_mean,prev,False,4901,11,-0.3763553652880442,2.748095872549243,5.836127303249849,3.4948193598327983,7.979362690648966,2.748095872549243,1.6487282860707655,4.044843746127401,3.0,0.0,,0.0,0.0,0.0,0.0,0.0,0.000612119975515201,0.3460082195164428,0.13849837217695418,1.0,0.0,,,,,,,,0.0,1.0,1.0,1.0,,,,,,,,,,,,
phase5,heat_pilot,precip,5,123,all,monsoon_break,equal_mean,baseline,False,4901,11,-0.3763553652880442,2.748095872549243,5.836127303249849,3.4948193598327983,7.979362690648966,2.748095872549243,1.6487282860707655,4.044843746127401,3.0,0.0,,0.0,0.0,0.0,0.0,0.0,0.000612119975515201,0.3460082195164428,0.13849837217695418,1.0,0.0,,,,,,,,0.0,1.0,1.0,1.0,,,,,,,,,,,,
phase5,heat_pilot,precip,5,123,all,monsoon_break,superensemble,baseline,False,4901,11,-0.15096436186600962,2.9348890615881387,6.0033097470576715,3.871089805130721,8.105366928266399,2.9348890615881387,1.7826476168825776,4.292266828477232,3.0,0.0,,0.0,0.0,0.0,0.0,0.0,0.000612119975515201,0.3460082195164428,0.13849837217695418,1.0,0.0,,,,,,,,0.0,1.0,1.0,1.0,0.16718244380782288,0.01790005927226648,0.4914853893804845,0.01,0.18679318903889586,0.020290804072325263,0.45425808652173666,0.014,0.0,0.0,0.0,1.0
phase5,heat_pilot,precip,5,123,all,monsoon_break,climatology,baseline,False,4901,11,4.852152730586261,6.698760387557449,8.241099629002353,6.524013470081287,9.676051181714303,6.698760387557449,4.934860064344999,8.444928707539551,3.0,0.0,,0.0,0.0,0.0,0.0,0.0,0.000612119975515201,0.3460082195164428,0.13849837217695418,1.0,0.0,,,,,,,,0.0,1.0,1.0,1.0,2.404972325752504,0.6051997290200275,4.623780409240659,0.004,3.9506645150082065,2.3542036332749636,5.9580088650495195,0.0,0.0,0.0,0.0,1.0
phase5,heat_pilot,precip,5,123,all,monsoon_normal,trustcast,final,False,8450,19,-2.9465438139495115,6.5582124725985755,13.703985194905638,8.931725871704272,18.324399271695476,6.5582124725985755,4.725074057073957,8.788779102474955,97.0,0.0,,0.0,0.0,0.0,0.0,0.0,0.011479289940828403,-0.014010084028982961,-0.03393272826140586,0.11780010729725941,18.0,0.0,,0.0,0.0,0.0,0.0,0.0,0.0021301775147928993,-0.00620493859927751,-0.011986438498818891,1.0,0.2730914777907607,-0.24318452051510558,0.8705589533595804,0.338,-1.198031220074947,-1.7797779973151786,-0.5923389447904405,0.0,0.0,0.0,0.0,1.0
phase5,heat_pilot,precip,5,123,all,monsoon_normal,equal_mean,prev,False,8450,19,0.7594663424763454,7.7562436926735225,13.430893717114877,8.932436818274683,18.10541159484483,7.7562436926735225,6.351009376626265,9.63586634518112,97.0,0.0,,0.0,0.0,0.0,0.0,0.0,0.011479289940828403,-0.014010084028982961,-0.03393272826140586,0.11780010729725941,18.0,0.0,,0.0,0.0,0.0,0.0,0.0,0.0021301775147928993,-0.00620493859927751,-0.011986438498818891,1.0,,,,,,,,,,,,
phase5,heat_pilot,precip,5,123,all,monsoon_normal,equal_mean,baseline,False,8450,19,0.7594663424763454,7.7562436926735225,13.430893717114877,8.932436818274683,18.10541159484483,7.7562436926735225,6.351009376626265,9.63586634518112,97.0,0.0,,0.0,0.0,0.0,0.0,0.0,0.011479289940828403,-0.014010084028982961,-0.03393272826140586,0.11780010729725941,18.0,0.0,,0.0,0.0,0.0,0.0,0.0,0.0021301775147928993,-0.00620493859927751,-0.011986438498818891,1.0,,,,,,,,,,,,
phase5,heat_pilot,precip,5,123,all,monsoon_normal,superensemble,baseline,False,8450,19,1.2431255622657797,7.700856154296525,12.82194180577446,8.458452572720823,17.097095610769422,7.700856154296525,6.1329871218706,9.533381376689222,97.0,0.0,,0.0,0.0,0.0,0.0,0.0,0.011479289940828403,-0.014010084028982961,-0.03393272826140586,0.11780010729725941,18.0,0.0,,0.0,0.0,0.0,0.0,0.0,0.0021301775147928993,-0.00620493859927751,-0.011986438498818891,1.0,-0.6089519113404176,-1.183212780320725,-0.1004162942235903,0.004,-0.055387538376997725,-0.3676054801041461,0.3046332511239629,0.662,0.0,0.0,0.0,1.0
phase5,heat_pilot,precip,5,123,all,monsoon_normal,climatology,baseline,False,8450,19,0.8455678463828634,8.180625887848217,14.116767457046588,9.157376833897192,19.418778420804937,8.180625887848217,6.627279659104197,10.12117064758208,97.0,0.0,,0.0,0.0,0.0,0.0,0.0,0.011479289940828403,-0.014010084028982961,-0.03393272826140586,0.11780010729725941,18.0,0.0,,0.0,0.0,0.0,0.0,0.0,0.0021301775147928993,-0.00620493859927751,-0.011986438498818891,1.0,0.6858737399317114,-0.04919067919258849,1.291657273118049,0.082,0.42438219517469467,-0.09959788531475793,0.9133091312223384,0.104,0.0,0.0,0.0,1.0
phase5,heat_pilot,precip,5,123,all,wet_spell,trustcast,final,False,8281,15,3.6941136344040864,6.098686373885092,10.499427962082533,7.554202935106941,13.76115866682967,6.098686373885092,4.177589388616536,8.53210423183174,6.0,0.0,1.0,0.0,1.1666666666666667,-0.00039029467247772066,-0.0006329518660056584,0.0,0.0015698587127158557,-1.170761480582366,-6.839387648888362,-0.08996047292034419,0.0,,,,,,,,0.0,1.0,1.0,1.0,2.611979372699495,0.4620323452673303,5.824525574509016,0.002,1.214884002422238,-0.3184317694988137,3.2211125483373357,0.144,-0.00039029467247772066,-0.0006330211429239369,-7.298035617488109e-05,0.044399596367305755
phase5,heat_pilot,precip,5,123,all,wet_spell,equal_mean,prev,False,8281,15,1.2554435993526425,4.883802371462854,7.887448589383038,6.114971008507556,9.322012054688091,4.883802371462854,3.6668501205178226,5.94506821148995,6.0,0.0,,0.0,0.0,0.0,0.0,0.0,0.0007245501750996257,-0.0018899141149382181,-0.006499831161652414,0.026897556634812237,0.0,,,,,,,,0.0,1.0,1.0,1.0,,,,,,,,,,,,
phase5,heat_pilot,precip,5,123,all,wet_spell,equal_mean,baseline,False,8281,15,1.2554435993526425,4.883802371462854,7.887448589383038,6.114971008507556,9.322012054688091,4.883802371462854,3.6668501205178226,5.94506821148995,6.0,0.0,,0.0,0.0,0.0,0.0,0.0,0.0007245501750996257,-0.0018899141149382181,-0.006499831161652414,0.026897556634812237,0.0,,,,,,,,0.0,1.0,1.0,1.0,,,,,,,,,,,,
phase5,heat_pilot,precip,5,123,all,wet_spell,superensemble,baseline,False,8281,15,0.5271678959815059,4.5191402625064345,7.8336354762265,5.614298762610946,9.633540016202536,4.5191402625064345,3.3141223034050498,5.6944802135664245,6.0,0.0,,0.0,0.0,0.0,0.0,0.0,0.0007245501750996257,-0.0018899141149382181,-0.006499831161652414,0.026897556634812237,0.0,,,,,,,,0.0,1.0,1.0,1.0,-0.05381311315653825,-0.7541893777824252,0.4897160995076802,0.892,-0.36466210895641904,-0.8038438270095626,0.03882137329369885,0.086,0.0,0.0,0.0,1.0
phase5,heat_pilot,precip,5,123,all,wet_spell,climatology,baseline,False,8281,15,-2.269543202259452,3.954492304752129,8.635728905688794,5.468082746039903,11.114487859050266,3.954492304752129,2.655628404916141,5.38041263491361,6.0,0.0,,0.0,0.0,0.0,0.0,0.0,0.0007245501750996257,-0.0018899141149382181,-0.006499831161652414,0.026897556634812237,0.0,,,,,,,,0.0,1.0,1.0,1.0,0.7482803163057552,-1.3239879291867842,2.2579572225378386,0.388,-0.9293100667107246,-2.031469399496016,0.048354806612288116,0.064,0.0,0.0,0.0,1.0
