sample,region,variable,lead_day,lead_h,season,regime,forecast,kind,ensemble,n_cases,n_blocks,bias,mae,rmse,rmse_lo,rmse_hi,crps,crps_lo,crps_hi,n_obs_ev_64.5,pod_64.5,far_64.5,csi_64.5,fbias_64.5,ets_64.5,ets_64.5_lo,ets_64.5_hi,brier_64.5,bss_64.5,bss_64.5_lo,bss_64.5_hi,n_obs_ev_115.6,pod_115.6,far_115.6,csi_115.6,fbias_115.6,ets_115.6,ets_115.6_lo,ets_115.6_hi,brier_115.6,bss_115.6,bss_115.6_lo,bss_115.6_hi,d_rmse_vs_ref,d_rmse_lo,d_rmse_hi,d_rmse_p,d_crps_vs_ref,d_crps_lo,d_crps_hi,d_crps_p,d_ets_64.5_vs_ref,d_ets_64.5_lo,d_ets_64.5_hi,d_ets_64.5_p
phase5,rain_pilot,precip,1,27,all,all,trustcast,final,False,56316,73,-0.8996338045610829,4.25603442239596,10.90100747258457,8.71764905131846,13.087241116177655,4.25603442239596,3.221034979075763,5.351140941335522,870.0,0.45977011494252873,0.5337995337995338,0.30120481927710846,0.9862068965517241,0.2941597857668086,0.12758067597287756,0.40758173826974253,0.016478443071240856,-0.1460763875455735,-0.6434850620520823,0.15557669653852407,144.0,0.125,0.7721518987341772,0.08780487804878048,0.5486111111111112,0.08690513225757113,0.0,0.13009358025568432,0.00332054833439875,-0.312681026186864,-0.9296611675247611,0.031012249114238354,0.8599402726871759,0.09312143696088869,1.8324322125576642,0.016,-0.09115452042092276,-0.2905650037284973,0.17959831666899992,0.4,0.08320738254118565,0.027945323809140523,0.14465313845511887,0.0
phase5,rain_pilot,precip,1,27,all,all,blend_B,L3B,False,56316,73,-0.2824275075787127,4.347188942816882,10.041067199897395,8.264262856672676,11.793734000199375,4.347188942816882,3.4645358351002824,5.299776482116588,870.0,0.2517241379310345,0.4016393442622951,0.2153392330383481,0.4206896551724138,0.21095240322562298,0.05599953186849863,0.2951349008216864,0.01417004048582996,0.014473106399388369,-0.14892890951480378,0.1458788423904496,144.0,0.013888888888888888,0.7777777777777778,0.013245033112582781,0.0625,0.01309462482446174,0.0,0.020871327158532148,0.00264578450174018,-0.045933010170282174,-0.14684716502987846,0.023166530955188502,,,,,,,,,,,,
phase5,rain_pilot,precip,1,27,all,all,equal_mean,baseline,False,56316,73,0.517279549272663,4.732228225820377,10.31130144591052,8.445566825024063,12.026115402878213,4.732228225820377,3.8009783764676826,5.753802453941101,870.0,0.2896551724137931,0.4603854389721627,0.23225806451612904,0.5367816091954023,0.22711896240594814,0.052634336438029596,0.32878285601629653,0.014791533489594432,-0.028751757355024443,-0.26664819329451883,0.14566353902968518,144.0,0.006944444444444444,0.9230769230769231,0.00641025641025641,0.09027777777777778,0.006198493890309746,-0.00013699836786593982,0.016813119147337834,0.0027523261595283756,-0.08805111796237397,-0.1993733015925829,0.0018814277172135695,0.27023424601312485,0.058948291923711746,0.5362740295331624,0.006,0.3850392830034943,0.29307537561004937,0.49055138326773634,0.0,0.01616655918032517,-0.004678053547268013,0.03572478830978804,0.186
phase5,rain_pilot,precip,1,27,all,all,superensemble,baseline,False,56316,73,-0.6337272028319606,4.680711159411022,10.274473003927254,8.413056595115707,12.03331551996508,4.680711159411022,3.7617525936949865,5.677895251635628,870.0,0.2517241379310345,0.44556962025316454,0.20936902485659656,0.4540229885057471,0.20472956199597128,0.06301298900086565,0.2810924493003393,0.014684991831806236,-0.021341780711410907,-0.21650256004974194,0.12044972781495442,144.0,0.006944444444444444,0.875,0.006622516556291391,0.05555555555555555,0.006487925289359774,-6.974861364359972e-05,0.017998243325518425,0.0026635414447048794,-0.05295269480229736,-0.12020873498090003,0.005524708097485159,0.233405804029859,0.0510818254046979,0.4402715199057301,0.012,0.3335222165941394,0.20857954805690576,0.47094206240627606,0.0,-0.006222841229651693,-0.02148407463307669,0.016484874264459177,0.592
phase5,rain_pilot,precip,1,27,all,all,climatology,baseline,False,56316,73,-0.8944217758270911,6.001714744489709,13.246844633564082,10.191959896141064,16.24842190489879,6.001714744489709,4.877373502665522,7.282827626047324,870.0,0.0,,0.0,0.0,0.0,0.0,0.0,0.015448540379288302,-0.07444661332397517,-0.11708292156286207,-0.017249357457617923,144.0,0.0,,0.0,0.0,0.0,0.0,0.0,0.0025569997869166845,-0.010834587010205565,-0.025065432806039623,0.01597395499852914,3.2057774336666878,1.6260286836004998,5.083767605434976,0.0,1.6545258016728264,1.048648906961285,2.300979075109459,0.0,-0.21095240322562298,-0.2951349008216865,-0.05599953186849871,0.002
phase5,rain_pilot,precip,1,27,winter_JF,all,trustcast,final,False,9204,13,-0.010282442439043945,0.18948866333215472,1.3229548224335879,0.5439528262101693,1.873068384309156,0.18948866333215472,0.03616280796306346,0.3717923024440873,0.0,,,,,,,,0.0,1.0,1.0,1.0,0.0,,,,,,,,0.0,1.0,1.0,1.0,-0.26347243533592524,-0.568670053381726,5.2670624209915766e-05,0.052,-0.21830943187940136,-0.38106230233870675,-0.09935047954627407,0.0,,,,
phase5,rain_pilot,precip,1,27,winter_JF,all,blend_B,L3B,False,9204,13,0.299240074841233,0.4077980952115561,1.586427257769513,0.6369058051024872,2.2834786574231396,0.4077980952115561,0.14733596837629814,0.7313866507948071,0.0,,,,,,,,0.0,1.0,1.0,1.0,0.0,,,,,,,,0.0,1.0,1.0,1.0,,,,,,,,,,,,
phase5,rain_pilot,precip,1,27,winter_JF,all,equal_mean,baseline,False,9204,13,0.4749821483687851,0.5629693642531096,1.8635348814418369,0.8217316615283511,2.651732728305255,0.5629693642531096,0.22415048596525358,0.9831830090393467,0.0,,,,,,,,0.0,1.0,1.0,1.0,0.0,,,,,,,,0.0,1.0,1.0,1.0,0.2771076236723238,0.10299855911774501,0.409002724159799,0.0,0.15517126904155354,0.07665876816164222,0.2525423736921839,0.0,,,,
phase5,rain_pilot,precip,1,27,winter_JF,all,superensemble,baseline,False,9204,13,-1.017211087889687,1.4097322468194806,1.8519834337368197,1.3875966696225082,2.288778655353909,1.4097322468194806,1.2759755392933454,1.5844108525328287,0.0,,,,,,,,0.0,1.0,1.0,1.0,0.0,,,,,,,,0.0,1.0,1.0,1.0,0.26555617596730663,0.00677160858644208,0.7426543451765122,0.04,1.0019341516079245,0.8309715114302282,1.150671817674015,0.0,,,,
phase5,rain_pilot,precip,1,27,winter_JF,all,climatology,baseline,False,9204,13,0.1858050155611033,0.4651372275332022,1.3263419105702425,0.6529417220218272,1.998758054629059,0.4651372275332022,0.3679701290729745,0.6153422390991419,0.0,,,,,,,,0.0,1.0,1.0,1.0,0.0,,,,,,,,0.0,1.0,1.0,1.0,-0.26008534719927057,-0.9437897584648309,0.2470254849585709,0.68,0.057339132321646114,-0.23118520231750345,0.26504582715504893,0.63,,,,
phase5,rain_pilot,precip,1,27,premonsoon_MAM,all,trustcast,final,False,14352,19,-1.6967127978451282,4.306900476246667,11.115850916159443,7.226875890466388,14.798046792289462,4.306900476246667,2.6679221760144056,6.260517849453733,353.0,0.6175637393767706,0.3353658536585366,0.4708423326133909,0.9291784702549575,0.4614586307157149,-0.00011999214103312409,0.5507573632760815,0.017070791527313268,0.2674440438415928,-0.10032651726350728,0.41141101648386985,75.0,0.06666666666666667,0.2857142857142857,0.06493506493506493,0.09333333333333334,0.06449063398815297,0.0,0.08530517713571158,0.005016722408026756,0.028712043713716606,-0.013274089503477322,0.035800495406696074,0.03819508415513617,-0.2777263749448065,0.42428006747165314,0.73,-0.3300436141254277,-0.4420915498781295,-0.22430910100721047,0.0,0.1473078533205991,-0.00011999214103312409,0.15872706846534015,0.078
phase5,rain_pilot,precip,1,27,premonsoon_MAM,all,blend_B,L3B,False,14352,19,-0.9018381879653621,4.636944090372094,11.077655832004307,6.79458207307981,14.850067314829227,4.636944090372094,3.0840052619116554,6.541869078104712,353.0,0.37677053824362605,0.31088082901554404,0.3220338983050847,0.546742209631728,0.3141507773951158,0.0,0.39674508204456516,0.01950947603121516,0.16279319296182038,-0.024076195847812065,0.2859383799112456,75.0,0.013333333333333334,0.0,0.013333333333333334,0.013333333333333334,0.013264580865444917,0.0,0.022356382053968563,0.005156075808249721,0.0017318227057642188,-0.01463507777388361,0.012850735943763177,,,,,,,,,,,,
phase5,rain_pilot,precip,1,27,premonsoon_MAM,all,equal_mean,baseline,False,14352,19,-0.07007381667805208,4.9654911193321,11.066851747039678,6.970196952121194,14.78057792816898,4.9654911193321,3.3723351353394397,6.881409559252667,353.0,0.4447592067988669,0.33755274261603374,0.3625866050808314,0.6713881019830028,0.3538883873193432,-0.00025320094341386165,0.4609380972116862,0.019230769230769232,0.174753290205223,-0.25695831216409726,0.3402582652087208,75.0,0.0,1.0,0.0,0.02666666666666667,-0.00013575225756004322,-0.0004034678554207382,0.0,0.005365105908584169,-0.03873850880616425,-0.05562785864560583,0.004468095444562152,-0.010804084964629368,-0.1276868697946675,0.1624140142905948,0.93,0.3285470289600054,0.2498170596046287,0.4321608285040926,0.0,0.03973760992422737,-0.0020779484291318442,0.06758362394978334,0.15
phase5,rain_pilot,precip,1,27,premonsoon_MAM,all,superensemble,baseline,False,14352,19,-1.386477207008105,4.919476498634769,11.195768213784815,6.862015766652643,15.071752072056261,4.919476498634769,3.2754881070382993,7.003822881810944,353.0,0.35694050991501414,0.3076923076923077,0.3080684596577017,0.5155807365439093,0.30041155949251447,-0.00011999214103312409,0.36629364576962825,0.019718506131549608,0.15382312002926846,-0.09572493446895032,0.2648329789573872,75.0,0.0,1.0,0.0,0.013333333333333334,-6.876462967496336e-05,-0.00020531721509732537,0.0,0.005295429208472687,-0.025248398302188058,-0.0328287542025201,0.004468095444562152,0.11811238178050765,-0.11442450150946666,0.3021259257504888,0.336,0.282532408262675,0.09732021550352801,0.4994479239704942,0.0,-0.013739217902601353,-0.03128040437312829,0.018772753004423055,0.664
phase5,rain_pilot,precip,1,27,premonsoon_MAM,all,climatology,baseline,False,14352,19,-3.703702972193717,6.570556874256145,16.89916120802384,7.555582415561501,24.509081202695466,6.570556874256145,3.6807174180154325,10.588711796820368,353.0,0.0,,0.0,0.0,0.0,0.0,0.0,0.0245958751393534,-0.05547858173027631,-0.07967539180049202,0.0024043244649743136,75.0,0.0,,0.0,0.0,0.0,0.0,0.0,0.005225752508361204,-0.011758287798211864,-0.01463507777388361,0.004468095444562152,5.821505376019534,0.5760703191515878,10.021747148055011,0.0,1.9336127838840502,0.4582347485608798,4.10903861556957,0.0,-0.3141507773951158,-0.39674508204456516,0.0,0.078
phase5,rain_pilot,precip,1,27,monsoon_JJAS,all,trustcast,final,False,19032,25,-0.9640711597041928,6.789046932147857,14.157108544076504,10.049070897590115,17.877878116141808,6.789046932147857,4.768461823933456,8.869952319236754,458.0,0.3930131004366812,0.6484375,0.22784810126582278,1.1179039301310043,0.21561452420358274,0.05648807223624664,0.32794452492745146,0.03205128205128205,-0.46499292737653186,-1.1020562196892667,0.012703030058311724,66.0,0.19696969696969696,0.8194444444444444,0.104,1.0909090909090908,0.10220667765119736,-0.0007349029337845065,0.14595631183035268,0.0058848255569567045,-0.7154258740954595,-1.3288048131240715,0.03737074088321679,1.6052333520851878,-0.10902822552202567,3.1902431444305277,0.1,0.20276360327614906,-0.33837471979758127,0.8220713339677079,0.618,0.06429937516255507,0.0032050919265416093,0.16310472878244553,0.036
phase5,rain_pilot,precip,1,27,monsoon_JJAS,all,blend_B,L3B,False,19032,25,-0.3564268944396639,6.5862833288717075,12.551875191991316,9.671655675557746,15.198244488617819,6.5862833288717075,4.955329291813254,8.222422100978767,458.0,0.18777292576419213,0.5028901734104047,0.1577981651376147,0.3777292576419214,0.15131514904102766,0.014117848167347572,0.2550036975219331,0.024117276166456494,-0.1023471371570952,-0.25661151722440584,0.05532994921218992,66.0,0.015151515151515152,0.875,0.0136986301369863,0.12121212121212122,0.013323655969723677,0.0,0.02312563457551804,0.0037831021437578815,-0.10277377620422401,-0.19834775095248117,0.0816062897733602,,,,,,,,,,,,
phase5,rain_pilot,precip,1,27,monsoon_JJAS,all,equal_mean,baseline,False,19032,25,0.6790548104948396,7.110908169215955,13.095179037127311,10.046407286639681,15.679868183930092,7.110908169215955,5.32977299313015,8.930031549539438,458.0,0.2052401746724891,0.5765765765765766,0.16040955631399317,0.4847161572052402,0.15268486073211332,0.01295282047828925,0.2585544672387322,0.025851197982345524,-0.18160085290041583,-0.45550012302674187,0.012998175865619245,66.0,0.015151515151515152,0.9090909090909091,0.013157894736842105,0.16666666666666666,0.012662325535067295,-0.00023533875113942798,0.021916271318963985,0.003940731399747793,-0.14872268354606666,-0.2750286403001354,0.03737074088321679,0.5433038451359948,0.06561279230058932,1.037443878723874,0.014,0.5246248403442477,0.29548068199559846,0.7768942261187013,0.0,0.0013697116910856566,-0.01310490631601381,0.013103545048991912,0.942
phase5,rain_pilot,precip,1,27,monsoon_JJAS,all,superensemble,baseline,False,19032,25,-0.07093234479900976,6.924898424240314,12.955162883575333,9.919279150927254,15.524676631039963,6.924898424240314,5.145891201952154,8.75017391937817,458.0,0.20305676855895197,0.5633802816901409,0.16089965397923875,0.4650655021834061,0.1533918092933082,0.008825328122888844,0.25229650755115723,0.02548339638503573,-0.1647894586518326,-0.37891975562214303,0.033893444605053835,66.0,0.015151515151515152,0.8571428571428571,0.013888888888888888,0.10606060606060606,0.01355630795376401,-0.00013610554186995263,0.024165983067763762,0.003730559058427911,-0.08745747375694313,-0.16061742921055872,0.04106774014695382,0.40328769158401734,0.00977905171062288,0.7894741104993219,0.046,0.33861509536860623,0.1297106304465424,0.5511681104107556,0.0,0.0020766602522805377,-0.015057607105677011,0.032615912054589455,0.906
phase5,rain_pilot,precip,1,27,monsoon_JJAS,all,climatology,baseline,False,19032,25,-0.17384056665375985,8.742146002159256,15.315643011018315,12.15239234163763,18.461300334295082,8.742146002159256,7.537994335578829,10.087776793223055,458.0,0.0,,0.0,0.0,0.0,0.0,0.0,0.024064733081126524,-0.09994550940729763,-0.14776305397210882,0.018783259572529173,66.0,0.0,,0.0,0.0,0.0,0.0,0.0,0.0034678436317780582,-0.010875961520538713,-0.031168424875190615,0.0816062897733602,2.7637678190269988,1.2933820597787435,4.032134503904425,0.002,2.1558626732875483,1.1376230450850873,3.127470649758519,0.0,-0.15131514904102766,-0.2550036975219331,-0.014117848167347583,0.01
phase5,rain_pilot,precip,1,27,postmonsoon_OND,all,trustcast,final,False,13728,18,-0.5732600051930004,3.417613929677416,8.903309819614824,6.1170674037098305,11.411060047772086,3.417613929677416,1.8530613120632071,5.182196042758487,59.0,0.03389830508474576,0.8888888888888888,0.02666666666666667,0.3050847457627119,0.0256616673375218,-0.00071337776595017,0.06815296910104163,0.005317599067599068,-0.239742888882706,-0.6956781665665279,0.027442077058826574,3.0,0.0,,0.0,0.0,0.0,0.0,0.0,0.00021853146853146853,0.012510687117277985,0.004408891436972489,1.0,0.8284837346256992,0.29848240409675225,1.4922361916844185,0.0,-0.16363264194567417,-0.41529352703913525,0.17393654184857174,0.27,0.0256616673375218,-0.00071337776595017,0.06815296910104163,0.752
phase5,rain_pilot,precip,1,27,postmonsoon_OND,all,blend_B,L3B,False,13728,18,0.07774658821482135,3.5812465716230903,8.074826084989125,5.614056501007913,10.238795399021557,3.5812465716230903,2.1629402857816133,5.115791521235892,59.0,0.0,,0.0,0.0,0.0,0.0,0.0,0.004297785547785548,-0.001983978686022736,-0.01231144139511231,0.044298473113899936,3.0,0.0,,0.0,0.0,0.0,0.0,0.0,0.00021853146853146853,0.012510687117277985,0.004408891436972489,1.0,,,,,,,,,,,,
phase5,rain_pilot,precip,1,27,postmonsoon_OND,all,equal_mean,baseline,False,13728,18,0.9354099407691291,3.9859456523559436,8.24962482577508,5.78668990179633,10.389611409745086,3.9859456523559436,2.496405509425689,5.576446883828138,59.0,0.01694915254237288,0.875,0.015151515151515152,0.13559322033898305,0.014638197125365513,0.0,0.042959550454161895,0.004734848484848485,-0.10388065448460138,-0.3707544404407337,0.044298473113899936,3.0,0.0,,0.0,0.0,0.0,0.0,0.0,0.00021853146853146853,0.012510687117277985,0.004408891436972489,1.0,0.17479874078595437,-0.026206283360503502,0.3891308797893761,0.106,0.4046990807328532,0.29372953479187963,0.5121748143657905,0.0,0.014638197125365513,0.0,0.042959550454161895,0.752
phase5,rain_pilot,precip,1,27,postmonsoon_OND,all,superensemble,baseline,False,13728,18,-0.36989110143887916,3.5128759131058267,8.187259884661383,5.671501390747608,10.380645318645493,3.5128759131058267,2.1156803613528403,5.069492764570758,59.0,0.0,,0.0,0.0,0.0,0.0,0.0,0.004297785547785548,-0.001983978686022736,-0.01231144139511231,0.044298473113899936,3.0,0.0,,0.0,0.0,0.0,0.0,0.0,0.00021853146853146853,0.012510687117277985,0.004408891436972489,1.0,0.11243379967225842,-0.005954344839215615,0.21944708443221606,0.07,-0.06837065851726365,-0.14228188991017943,0.004136718277596431,0.07,0.0,0.0,0.0,1.0
phase5,rain_pilot,precip,1,27,postmonsoon_OND,all,climatology,baseline,False,13728,18,0.31932347252154136,5.31980547319695,9.742811098254721,7.137952601170466,12.229794759753998,5.31980547319695,3.9321173770303317,6.8107625216060095,59.0,0.0,,0.0,0.0,0.0,0.0,0.0,0.004297785547785548,-0.001983978686022736,-0.01231144139511231,0.044298473113899936,3.0,0.0,,0.0,0.0,0.0,0.0,0.0,0.00021853146853146853,0.012510687117277985,0.004408891436972489,1.0,1.6679850132655965,1.1352396209450912,2.2729291863091845,0.0,1.7385589015738594,1.076577027061217,2.442881785972847,0.0,0.0,0.0,0.0,1.0
phase5,rain_pilot,precip,1,27,all,dry,trustcast,final,False,14664,28,-0.054120952212284745,0.06150694203383172,0.9260989667444744,0.49534705562584636,1.368324082521187,0.06150694203383172,0.028151581217154522,0.10654811335886463,0.0,,,,,,,,0.0,1.0,1.0,1.0,0.0,,,,,,,,0.0,1.0,1.0,1.0,-0.032109691930981565,-0.09032887583147729,0.0037926657507963532,0.076,-0.12936507822424584,-0.16657002499444806,-0.09655413089935648,0.0,,,,
phase5,rain_pilot,precip,1,27,all,dry,blend_B,L3B,False,14664,28,0.09846289468057967,0.19087202025807756,0.958208658675456,0.5651256869863436,1.385005617854959,0.19087202025807756,0.1308672910909045,0.262039849424481,0.0,,,,,,,,0.0,1.0,1.0,1.0,0.0,,,,,,,,0.0,1.0,1.0,1.0,,,,,,,,,,,,
phase5,rain_pilot,precip,1,27,all,dry,equal_mean,baseline,False,14664,28,0.19247450025445995,0.27772387599845566,1.0244639827282367,0.6472565766259692,1.4310539397773543,0.27772387599845566,0.2001572378698294,0.36862569353363434,0.0,,,,,,,,0.0,1.0,1.0,1.0,0.0,,,,,,,,0.0,1.0,1.0,1.0,0.06625532405278067,0.038393063921443024,0.10384649647218334,0.0,0.0868518557403781,0.06568946824508164,0.10924502545166119,0.0,,,,
phase5,rain_pilot,precip,1,27,all,dry,superensemble,baseline,False,14664,28,-0.8928246198735161,0.9871371907136517,1.4118213739213739,1.1324522598555369,1.7586088382644487,0.9871371907136517,0.7917426041137466,1.1573499501931017,0.0,,,,,,,,0.0,1.0,1.0,1.0,0.0,,,,,,,,0.0,1.0,1.0,1.0,0.45361271524591784,0.32339591211033525,0.6438601795014407,0.0,0.7962651704555741,0.6101707909704962,0.9598794735329899,0.0,,,,
phase5,rain_pilot,precip,1,27,all,dry,climatology,baseline,False,14664,28,0.9495848707524619,1.0370327838863826,1.9921231134085586,1.1861901840960223,2.8084178930283556,1.0370327838863826,0.6513212589694751,1.5727000051017088,0.0,,,,,,,,0.0,1.0,1.0,1.0,0.0,,,,,,,,0.0,1.0,1.0,1.0,1.0339144547331025,0.37298247144779667,1.8545203004853816,0.0,0.8461607636283051,0.4715181252337947,1.3857666575124963,0.0,,,,
phase5,rain_pilot,precip,1,27,all,heavy_rain_risk,trustcast,final,False,1716,5,0.0596536726328286,14.486339392498708,24.642617672754564,14.445991940738892,29.360500825179955,14.486339392498708,7.767031451171407,17.472956206152837,319.0,0.6896551724137931,0.35294117647058826,0.5011389521640092,1.0658307210031348,0.4172352620087336,0.2762218742405286,0.49207588642308503,0.12762237762237763,0.27236261484436863,-0.8484265003981022,0.4166978802451501,70.0,0.07142857142857142,0.2857142857142857,0.06944444444444445,0.1,0.06573922088053177,0.0,0.0832089552238806,0.03904428904428905,0.03141087898021799,-0.015483322552031664,0.035742246403248745,-0.3472994397925824,-1.0329727479580484,2.0347667031286587,0.704,0.1212557308197546,-0.18878003741734872,0.8828576661082197,0.512,0.13418184971213565,0.008092784492500976,0.14576362879766375,0.016
phase5,rain_pilot,precip,1,27,all,heavy_rain_risk,blend_B,L3B,False,1716,5,-4.046553327754495,14.365083661678954,24.989917112547147,12.552817412654742,29.350788947501265,14.365083661678954,7.172782764520842,17.323760692658944,319.0,0.4169278996865204,0.31088082901554404,0.35092348284960423,0.6050156739811913,0.283053412296598,0.17313198226014706,0.36351414725652653,0.14335664335664336,0.18265389612655103,-0.026114265953590232,0.2948525485630259,70.0,0.014285714285714285,0.0,0.014285714285714285,0.014285714285714285,0.013710953769262806,0.0,0.02203071340633707,0.04020979020979021,0.0024977708900751905,-0.015483322552031664,0.012783728460468935,,,,,,,,,,,,
phase5,rain_pilot,precip,1,27,all,heavy_rain_risk,equal_mean,baseline,False,1716,5,-1.6936329141531101,15.049239829395104,25.080814484506153,14.18961754650937,29.37708610769942,15.049239829395104,8.124293739930726,18.343469635003554,319.0,0.4952978056426332,0.3551020408163265,0.3891625615763547,0.768025078369906,0.3119809357827533,0.16302949807598416,0.4028893112762262,0.1445221445221445,0.1760088058511572,-0.9016835595888735,0.34337119563744845,70.0,0.0,1.0,0.0,0.02857142857142857,-0.0011344115645156062,-0.002168769716088328,0.0,0.04195804195804196,-0.0408718912451389,-0.05611013165817624,-0.014848905314398086,0.09089737195900582,-0.1676532547774805,1.6840599913216003,0.588,0.6841561677161501,0.32605247431723544,1.1715179196929029,0.0,0.02892752348615535,-0.07192540310775199,0.05861069505276745,0.63
phase5,rain_pilot,precip,1,27,all,heavy_rain_risk,superensemble,baseline,False,1716,5,-3.1453480251287576,15.540244868688399,25.604004110446617,13.31595296548385,29.779203369901293,15.540244868688399,7.3599594846057395,18.790838837614043,319.0,0.39184952978056425,0.30939226519337015,0.3333333333333333,0.567398119122257,0.26761938742934405,0.1779596114313354,0.3273559261109919,0.1456876456876457,0.16936371557576324,-0.14684229516152447,0.2736039987232123,70.0,0.0,1.0,0.0,0.014285714285714285,-0.0005748731172905408,-0.001107308234346688,0.0,0.041375291375291376,-0.0264153372000675,-0.033151215752563745,-0.014848905314398086,0.6140869978994701,0.4203587944196059,0.7723174995420284,0.0,1.1751612070094453,0.18120022344176157,1.4924313602857602,0.0,-0.015434024867253926,-0.05532378330740409,0.007638514584195982,0.4
phase5,rain_pilot,precip,1,27,all,heavy_rain_risk,climatology,baseline,False,1716,5,-25.36898416711456,26.574860158430667,43.60414501284318,20.783511123757943,48.73350136511064,26.574860158430667,9.716215208058173,32.099693108694886,319.0,0.0,,0.0,0.0,0.0,0.0,0.0,0.1858974358974359,-0.05989189892532609,-0.08517214622770597,-0.03821490325789584,70.0,0.0,,0.0,0.0,0.0,0.0,0.0,0.04079254079254079,-0.0119587831549961,-0.015483322552031664,-0.010174789482310764,18.614227900296036,7.767301383506805,23.439699510684505,0.0,12.209776496751713,2.435169511089603,16.913447201016677,0.006,-0.283053412296598,-0.36351414725652653,-0.17313198226014706,0.004
phase5,rain_pilot,precip,1,27,all,monsoon_active,trustcast,final,False,3588,11,7.398710235954369,16.13919751944255,25.653270455867816,17.269164215660528,30.587839908366487,16.13919751944255,11.084228977253849,19.621944140494954,282.0,0.6205673758865248,0.6450304259634888,0.2916666666666667,1.74822695035461,0.24276507691528443,0.06866513391802385,0.354854511063096,0.11845039018952062,-0.717956679400682,-2.215637233624144,-0.024388061629006377,58.0,0.22413793103448276,0.8194444444444444,0.1111111111111111,1.2413793103448276,0.1021798758481305,-0.0034802716274247203,0.1402313864453826,0.028985507246376812,-0.8515854822620645,-1.8333033197165873,-0.006115489065055332,4.559146062662165,-0.6390515733661835,7.499529024711472,0.172,2.139016026387006,-0.27238882327865266,4.0000270838343654,0.166,0.03904420795969679,-0.03498254205549238,0.19526917726930063,0.376
phase5,rain_pilot,precip,1,27,all,monsoon_active,blend_B,L3B,False,3588,11,3.0496210730182987,14.000181493055544,21.09412439320565,17.10347734775552,23.807576284001613,14.000181493055544,11.19441188435129,15.817963181477834,282.0,0.3049645390070922,0.5028901734104047,0.23306233062330622,0.6134751773049646,0.20372086895558764,0.026065486417458268,0.2830445394457116,0.07887402452619843,-0.1439570359303366,-0.5405176761619833,0.07499060544117525,58.0,0.017241379310344827,0.875,0.015384615384615385,0.13793103448275862,0.013421780748938803,0.0,0.02272944331512558,0.017837235228539576,-0.13943721985357804,-0.23489765462486248,0.023621657200543118,,,,,,,,,,,,
phase5,rain_pilot,precip,1,27,all,monsoon_active,equal_mean,baseline,False,3588,11,5.708352050263281,15.717140095032246,22.849049765907537,18.617286793151973,25.350644679964226,15.717140095032246,12.526635959969722,17.77467832533255,282.0,0.3333333333333333,0.5765765765765766,0.22926829268292684,0.7872340425531915,0.19501077760643418,0.016020577761332616,0.2797178393469262,0.08807134894091416,-0.2773513192720365,-0.9483837257493559,-0.00731263097745076,58.0,0.017241379310344827,0.9090909090909091,0.014705882352941176,0.1896551724137931,0.01212265662883302,-0.0011319609347274803,0.02072247088755282,0.018673355629877368,-0.19284833953421465,-0.3983909936065487,-0.006115489065055332,1.7549253727018872,0.5980790143427286,2.936495288276606,0.0,1.7169586019767014,0.8949191907629862,2.450743705990313,0.0,-0.00871009134915346,-0.03644724805303418,0.010100937275934025,0.448
phase5,rain_pilot,precip,1,27,all,monsoon_active,superensemble,baseline,False,3588,11,5.045279830845266,15.383902515659011,22.370697934457873,17.982484656388092,25.115710920168063,15.383902515659011,12.003241221847375,17.598676021482472,282.0,0.32978723404255317,0.5633802816901409,0.23134328358208955,0.7553191489361702,0.1979425743863533,0.00993801937034724,0.289703027125389,0.08612040133779264,-0.24905556219955471,-0.7428794528816425,0.04053518082801577,58.0,0.017241379310344827,0.8571428571428571,0.015625,0.1206896551724138,0.013881496863357561,-0.0006168818632964169,0.0240274598574414,0.017558528428093644,-0.12163351329336591,-0.20868011067746192,-0.006115489065055332,1.2765735412522226,0.41886087075985545,1.9989888458688123,0.006,1.383721022603467,0.6710721057888165,1.8820396290561818,0.0,-0.0057782945692343435,-0.024549079446798537,0.03960896309336738,0.64
phase5,rain_pilot,precip,1,27,all,monsoon_active,climatology,baseline,False,3588,11,-10.465599226944954,13.968737802876278,25.616722231812506,17.926687252836995,30.932561430603684,13.968737802876278,10.214230720747864,17.39837976037078,282.0,0.0,,0.0,0.0,0.0,0.0,0.0,0.07859531772575251,-0.139914784919982,-0.17678058652089004,-0.042036497388466335,58.0,0.0,,0.0,0.0,0.0,0.0,0.0,0.016164994425863992,-0.03261498049230527,-0.04497285361526656,0.023621657200543118,4.522597838606856,-0.6038325690646503,7.771931189744529,0.084,-0.03144369017926607,-3.501380319250303,2.7942428110750677,0.98,-0.20372086895558764,-0.2830445394457116,-0.026065486417458286,0.004
phase5,rain_pilot,precip,1,27,all,monsoon_break,trustcast,final,False,6552,15,-2.302694650305283,2.537669557441462,5.870722232071307,4.090756837565665,7.463474842429569,2.537669557441462,1.5619471729969876,3.603962446663152,9.0,0.0,,0.0,0.0,0.0,0.0,0.0,0.0013736263736263737,0.5602586423949463,0.16236453445488672,1.0,0.0,,,,,,,,0.0,1.0,1.0,1.0,0.7754050977972327,0.24508931077372362,1.1853450720978087,0.004,0.005761612787063886,-0.4536012470951535,0.43199693932121613,0.958,0.0,0.0,0.0,1.0
phase5,rain_pilot,precip,1,27,all,monsoon_break,blend_B,L3B,False,6552,15,-0.4886453767469528,2.531907944654398,5.095317134274074,3.6215741097953127,6.589662127294288,2.531907944654398,1.9672562777787033,3.268333534541989,9.0,0.0,,0.0,0.0,0.0,0.0,0.0,0.0013736263736263737,0.5602586423949463,0.16236453445488672,1.0,0.0,,,,,,,,0.0,1.0,1.0,1.0,,,,,,,,,,,,
phase5,rain_pilot,precip,1,27,all,monsoon_break,equal_mean,baseline,False,6552,15,-0.036962034118359494,2.7500675385270634,5.126749429716047,3.762737669942372,6.537986448955373,2.7500675385270634,2.214467198466514,3.4007684893288004,9.0,0.0,,0.0,0.0,0.0,0.0,0.0,0.0013736263736263737,0.5602586423949463,0.16236453445488672,1.0,0.0,,,,,,,,0.0,1.0,1.0,1.0,0.03143229544197279,-0.0667793344174592,0.1689576758209387,0.52,0.21815959387266526,0.13291519011850123,0.31840770448298816,0.0,0.0,0.0,0.0,1.0
phase5,rain_pilot,precip,1,27,all,monsoon_break,superensemble,baseline,False,6552,15,-0.9497476512453489,2.6046948173801616,5.146331420283612,3.681378424681105,6.646425363220137,2.6046948173801616,1.9560765358760546,3.363568494788215,9.0,0.0,,0.0,0.0,0.0,0.0,0.0,0.0013736263736263737,0.5602586423949463,0.16236453445488672,1.0,0.0,,,,,,,,0.0,1.0,1.0,1.0,0.05101428600953817,-0.005812692924983918,0.10262786139880224,0.074,0.07278687272576345,-0.010920127803955813,0.15535104261775834,0.082,0.0,0.0,0.0,1.0
phase5,rain_pilot,precip,1,27,all,monsoon_break,climatology,baseline,False,6552,15,6.448248361083833,7.216504212000358,9.674250594767512,8.843836233561348,10.440328768035775,7.216504212000358,6.641495029619243,7.843461464769335,9.0,0.0,,0.0,0.0,0.0,0.0,0.0,0.0013736263736263737,0.5602586423949463,0.16236453445488672,1.0,0.0,,,,,,,,0.0,1.0,1.0,1.0,4.578933460493438,2.7636029454329316,6.416829969045557,0.0,4.68459626734596,3.5615026307994344,5.71483906792984,0.0,0.0,0.0,0.0,1.0
phase5,rain_pilot,precip,1,27,all,monsoon_normal,trustcast,final,False,8892,22,-3.3521726596147388,6.148773006356463,11.74888694028395,8.972416279996192,15.017185982910489,6.148773006356463,4.7446688039856,8.013603096433494,167.0,0.029940119760479042,0.7368421052631579,0.027624309392265192,0.11377245508982035,0.025703504808317863,-0.00022313608458042006,0.09250459051920196,0.01979307242465137,-0.18493963284264248,-0.3298281500760777,0.05039276275351223,8.0,0.0,,0.0,0.0,0.0,0.0,0.0,0.000899685110211426,0.05625506441328487,0.0016379825049132658,1.0,-0.02120967015768116,-0.35259949968803606,0.38340601903354316,0.97,-0.4333718727064495,-0.702802592825427,-0.15923356022769528,0.0,0.025703504808317863,-0.00022313608458042006,0.09250459051920196,0.216
phase5,rain_pilot,precip,1,27,all,monsoon_normal,blend_B,L3B,False,8892,22,-1.633372982064699,6.582144879062913,11.770096610441632,8.763832608270864,15.271756211035516,6.582144879062913,5.236689551051002,8.35985738050003,167.0,0.0,,0.0,0.0,0.0,0.0,0.0,0.018780926675663518,-0.12434612889046193,-0.1693138868421092,0.05047267399384289,8.0,0.0,,0.0,0.0,0.0,0.0,0.0,0.000899685110211426,0.05625506441328487,0.0016379825049132658,1.0,,,,,,,,,,,,
phase5,rain_pilot,precip,1,27,all,monsoon_normal,equal_mean,baseline,False,8892,22,-0.8227193832055075,6.851469084920495,11.704913402268131,8.875075961032993,15.049001366545346,6.851469084920495,5.612271169762038,8.512959677255827,167.0,0.0,,0.0,0.0,0.0,0.0,0.0,0.018780926675663518,-0.12434612889046193,-0.1693138868421092,0.05047267399384289,8.0,0.0,,0.0,0.0,0.0,0.0,0.0,0.000899685110211426,0.05625506441328487,0.0016379825049132658,1.0,-0.06518320817350087,-0.23070573787248314,0.142095034078351,0.6,0.26932420585758265,0.12374537289167382,0.4183513322810134,0.002,0.0,0.0,0.0,1.0
phase5,rain_pilot,precip,1,27,all,monsoon_normal,superensemble,baseline,False,8892,22,-1.4878207161862396,6.694923992406916,11.737895216211923,8.970433139089165,14.919834453912912,6.694923992406916,5.428134229252353,8.385217030732749,167.0,0.0,,0.0,0.0,0.0,0.0,0.0,0.018780926675663518,-0.12434612889046193,-0.1693138868421092,0.05047267399384289,8.0,0.0,,0.0,0.0,0.0,0.0,0.0,0.000899685110211426,0.05625506441328487,0.0016379825049132658,1.0,-0.032201394229709024,-0.3650819507507119,0.2641614204158058,0.908,0.11277911334400326,-0.06866681688156195,0.2637699174103143,0.204,0.0,0.0,0.0,1.0
phase5,rain_pilot,precip,1,27,all,monsoon_normal,climatology,baseline,False,8892,22,-0.9004596153955389,7.757327471811574,12.973388808390332,10.03088177519782,16.429931290458228,7.757327471811574,6.491787762351606,9.394250928335937,167.0,0.0,,0.0,0.0,0.0,0.0,0.0,0.018780926675663518,-0.12434612889046193,-0.1693138868421092,0.05047267399384289,8.0,0.0,,0.0,0.0,0.0,0.0,0.0,0.000899685110211426,0.05625506441328487,0.0016379825049132658,1.0,1.2032921979487003,0.6330127912573326,1.8164175297353946,0.0,1.1751825927486612,0.7122582674275449,1.6052168166075975,0.0,0.0,0.0,0.0,1.0
phase5,rain_pilot,precip,1,27,all,wet_spell,trustcast,final,False,20904,34,-1.5128353944301922,4.052487424583859,9.33864551717386,7.712376915347761,10.940427796251694,4.052487424583859,3.1318516744963576,5.113085261219579,93.0,0.0,1.0,0.0,0.06451612903225806,-0.0002697035870577079,-0.000652200752922345,0.0,0.00473593570608496,-0.07339939624057568,-0.2151097312978473,0.0020010379452374515,8.0,0.0,,0.0,0.0,0.0,0.0,0.0,0.0003827018752391887,-0.001508169957681993,-0.008478231208715315,0.029086726295466214,0.6053230558242468,0.24711463335202755,1.0320271012711417,0.0,-0.349383859384937,-0.53795858810747,-0.12496598282997208,0.004,-0.0002697035870577079,-0.000652200752922345,0.0,0.272
phase5,rain_pilot,precip,1,27,all,wet_spell,blend_B,L3B,False,20904,34,-0.1732513030518756,4.401871283968796,8.733322461349614,7.280644840191993,10.1689956221572,4.401871283968796,3.6314231061493856,5.285063533451865,93.0,0.0,,0.0,0.0,0.0,0.0,0.0,0.004448909299655569,-0.00834488737751049,-0.0183570356071605,0.019808137473335527,8.0,0.0,,0.0,0.0,0.0,0.0,0.0,0.0003827018752391887,-0.001508169957681993,-0.008478231208715315,0.029086726295466214,,,,,,,,,,,,
phase5,rain_pilot,precip,1,27,all,wet_spell,equal_mean,baseline,False,20904,34,0.7793327570061632,4.844447092609021,8.828123326644173,7.453490243124097,10.19799206208415,4.844447092609021,4.070211273075864,5.734859351377047,93.0,0.0,,0.0,0.0,0.0,0.0,0.0,0.004448909299655569,-0.00834488737751049,-0.0183570356071605,0.019808137473335527,8.0,0.0,,0.0,0.0,0.0,0.0,0.0,0.0003827018752391887,-0.001508169957681993,-0.008478231208715315,0.029086726295466214,0.09480086529455889,-0.05848244920316285,0.279864844931358,0.238,0.4425758086402247,0.36712466289719825,0.5148239210957682,0.0,0.0,0.0,0.0,1.0
phase5,rain_pilot,precip,1,27,all,wet_spell,superensemble,baseline,False,20904,34,-0.7581897881517293,4.337056203786606,8.739295983320394,7.272726572105835,10.19601257115682,4.337056203786606,3.571539073921802,5.223980866226095,93.0,0.010752688172043012,0.0,0.010752688172043012,0.010752688172043012,0.010705362557928866,0.0,0.026480363627689917,0.0044010715652506695,0.0024975307663338553,-0.008829992774382307,0.022809146053922993,8.0,0.0,,0.0,0.0,0.0,0.0,0.0,0.0003827018752391887,-0.001508169957681993,-0.008478231208715315,0.029086726295466214,0.005973521970780382,-0.1582497038457709,0.12096666948395617,0.916,-0.06481508018219007,-0.1259082069115092,-0.0053409097874027155,0.042,0.010705362557928866,0.0,0.026480363627689917,0.684
phase5,rain_pilot,precip,1,27,all,wet_spell,climatology,baseline,False,20904,34,-0.8349243578678542,5.300542291561929,10.01599159047288,8.232258403340476,11.811692489377112,5.300542291561929,4.458245628318592,6.236155662625657,93.0,0.0,,0.0,0.0,0.0,0.0,0.0,0.004448909299655569,-0.00834488737751049,-0.0183570356071605,0.019808137473335527,8.0,0.0,,0.0,0.0,0.0,0.0,0.0,0.0003827018752391887,-0.001508169957681993,-0.008478231208715315,0.029086726295466214,1.2826691291232653,0.796659631435365,1.7692240033566293,0.0,0.8986710075931335,0.5181667678378311,1.346333645208191,0.0,0.0,0.0,0.0,1.0
phase5,rain_pilot,precip,2,51,all,all,trustcast,final,False,56472,73,-0.8247977500212976,4.297549900899694,10.76819599367192,8.804072568450007,12.704318373903437,4.297549900899694,3.289684260591674,5.352363015523638,870.0,0.4586206896551724,0.5006257822277848,0.31417322834645667,0.9183908045977012,0.30746089613542177,0.12271950145373053,0.41191423318196035,0.015423572744014733,-0.07568104020516886,-0.41678107289975846,0.13717743096650387,144.0,0.14583333333333334,0.7123287671232876,0.10714285714285714,0.5069444444444444,0.10629408572978839,0.0,0.18609504451457679,0.0030988808613118006,-0.22844472239425384,-0.6683077342278527,0.015942901870299026,0.6067373125366036,-0.1272083989344531,1.5148551055394133,0.13,-0.04723694377994381,-0.2601068371783043,0.24086029763141098,0.632,0.12770839059829195,0.05838511234335671,0.18558015710088785,0.0
phase5,rain_pilot,precip,2,51,all,all,blend_B,L3B,False,56472,73,-0.7255221705365005,4.344786844679637,10.161458681135317,8.38276461497785,11.870575704140128,4.344786844679637,3.482665741557974,5.278520650596704,870.0,0.19885057471264367,0.3024193548387097,0.18306878306878308,0.2850574712643678,0.17975250553712982,0.004281329813693845,0.2645576219760431,0.013670491571044057,0.046583509714821725,-0.08613916167965666,0.14535457797818338,144.0,0.0,,0.0,0.0,0.0,0.0,0.0,0.0025499362515937103,-0.010834514427271902,-0.02506531439379831,0.015974137555141276,,,,,,,,,,,,
phase5,rain_pilot,precip,2,51,all,all,equal_mean,baseline,False,56472,73,0.07851932763993781,4.717501359582893,10.325859831607302,8.559879260192574,12.015721122754853,4.717501359582893,3.8229184609405817,5.700125302633108,870.0,0.2413793103448276,0.3333333333333333,0.2153846153846154,0.3620689655172414,0.21145983063237697,0.010990639670669333,0.3134262026274785,0.013546536336591586,0.05522847789098262,-0.11140940785878348,0.17793048997049218,144.0,0.006944444444444444,0.8,0.006756756756756757,0.034722222222222224,0.006671184960972275,-6.955543948192891e-05,0.01931540381272199,0.0026030599235019125,-0.03189356681117328,-0.051100702467005404,0.007470423263326776,0.1644011504719849,0.01089303589672204,0.34833877644559486,0.042,0.37271451490325536,0.2900013572924451,0.46458021959887835,0.0,0.03170732509524715,0.003283542656969911,0.05294878539684244,0.026
phase5,rain_pilot,precip,2,51,all,all,superensemble,baseline,False,56472,73,-0.6354306302620515,4.843952759499031,10.283289826773657,8.457574976445354,12.024547268445856,4.843952759499031,3.966753863940232,5.777343995378676,870.0,0.21149425287356322,0.3543859649122807,0.18949536560247168,0.3275862068965517,0.18581377524298104,0.008250950702467523,0.2732235647242137,0.01393610993058507,0.02805857790876254,-0.08912602733118916,0.14586631138336645,144.0,0.0,1.0,0.0,0.013888888888888888,-3.49318537752601e-05,-8.705949590865838e-05,0.0,0.002585352032865845,-0.024873882683206228,-0.04729195871492163,0.014990798285702498,0.12183114563834074,-0.13337940539590593,0.4384495562303149,0.398,0.4991659148193932,0.36442803077621794,0.6491692803311385,0.0,0.006061269705851219,-0.006183840058810382,0.017225967250319954,0.432
phase5,rain_pilot,precip,2,51,all,all,climatology,baseline,False,56472,73,-0.8902797091210932,5.986806710310854,13.228597956621849,10.135359193057697,16.225453929159016,5.986806710310854,4.861949586766489,7.2637407343047435,870.0,0.0,,0.0,0.0,0.0,0.0,0.0,0.015405864853378666,-0.07444604475143146,-0.11708289700834912,-0.017247870045298232,144.0,0.0,,0.0,0.0,0.0,0.0,0.0,0.0025499362515937103,-0.010834514427271902,-0.02506531439379831,0.015974137555141276,3.0671392754865323,1.388857304640667,4.953656389751813,0.0,1.6420198656312168,1.082675740732235,2.277348229971845,0.0,-0.17975250553712982,-0.2645576219760431,-0.004281329813693854,0.032
phase5,rain_pilot,precip,2,51,winter_JF,all,trustcast,final,False,9204,13,0.04290381841179791,0.2347588139410693,1.712467298209576,0.6556596239679647,2.4694831541682176,0.2347588139410693,0.05204880939286878,0.4663766120722275,0.0,,,,,,,,0.0,1.0,1.0,1.0,0.0,,,,,,,,0.0,1.0,1.0,1.0,0.4340929996282221,-0.01754294242652704,0.7863123325299904,0.102,-0.0764817622415978,-0.12243815944346122,-0.03897097252378378,0.0,,,,
phase5,rain_pilot,precip,2,51,winter_JF,all,blend_B,L3B,False,9204,13,0.1495344693604142,0.3112405761826671,1.278374298581354,0.6271691175056405,1.761789522356204,0.3112405761826671,0.12747269379404927,0.5234626900974292,0.0,,,,,,,,0.0,1.0,1.0,1.0,0.0,,,,,,,,0.0,1.0,1.0,1.0,,,,,,,,,,,,
phase5,rain_pilot,precip,2,51,winter_JF,all,equal_mean,baseline,False,9204,13,0.3098293993367087,0.4375878686235923,1.4592890482105052,0.7593117238375949,1.9867160455687656,0.4375878686235923,0.19890283294973832,0.7285081306066337,0.0,,,,,,,,0.0,1.0,1.0,1.0,0.0,,,,,,,,0.0,1.0,1.0,1.0,0.18091474962915122,0.08824543944242116,0.2842684172829968,0.0,0.12634729244092519,0.06661815116850366,0.20320524839414145,0.0,,,,
phase5,rain_pilot,precip,2,51,winter_JF,all,superensemble,baseline,False,9204,13,-0.9846536441764708,1.2523106324385955,1.6966361260824634,1.2741132788640779,2.0790493593258312,1.2523106324385955,1.1413051206968299,1.379694345164426,0.0,,,,,,,,0.0,1.0,1.0,1.0,0.0,,,,,,,,0.0,1.0,1.0,1.0,0.4182618275011094,0.3086405463287458,0.6557237895181167,0.0,0.9410700562559284,0.8313477412602113,1.0473502102366845,0.0,,,,
phase5,rain_pilot,precip,2,51,winter_JF,all,climatology,baseline,False,9204,13,0.1858050155611033,0.4651372275332022,1.3263419105702425,0.6529417220218272,1.998758054629059,0.4651372275332022,0.3679701290729745,0.6153422390991419,0.0,,,,,,,,0.0,1.0,1.0,1.0,0.0,,,,,,,,0.0,1.0,1.0,1.0,0.04796761198888855,-0.35779124941837814,0.35985918203210965,0.772,0.1538966513505351,-0.021103926453792003,0.2893931040967528,0.094,,,,
phase5,rain_pilot,precip,2,51,premonsoon_MAM,all,trustcast,final,False,14352,19,-1.0865286007824018,4.472596070480905,11.032398292511967,7.27332647864081,14.43942647023749,4.472596070480905,2.849017573859429,6.478503899498495,353.0,0.6628895184135978,0.36239782016348776,0.48148148148148145,1.0396600566572238,0.47166855524948353,-6.351673114671574e-05,0.5409784905317672,0.017558528428093644,0.24651387366563837,-0.034595319758689604,0.3439636732754773,75.0,0.04,0.5,0.038461538461538464,0.08,0.038074862869367995,0.0,0.062439116904164614,0.005225752508361204,-0.011758287798211864,-0.01463507777388361,0.004468095444562152,-0.06614071320633741,-0.44494377662080087,0.3979940786682125,0.888,-0.2353988999386436,-0.4009387286067015,-0.08704933944725968,0.002,0.1912509010752052,-6.351673114671574e-05,0.20958672026572356,0.078
phase5,rain_pilot,precip,2,51,premonsoon_MAM,all,blend_B,L3B,False,14352,19,-0.9089450895630162,4.7079949704195485,11.098539005718305,6.849684037674362,14.781824141701136,4.7079949704195485,3.170395212881693,6.6684588738787225,353.0,0.31728045325779036,0.2483221476510067,0.28717948717948716,0.42209631728045327,0.28041765417427833,0.0,0.3381500289869833,0.019370122630992196,0.1687732415835217,-0.027538921502111152,0.26043047698810895,75.0,0.0,,0.0,0.0,0.0,0.0,0.0,0.005225752508361204,-0.011758287798211864,-0.01463507777388361,0.004468095444562152,,,,,,,,,,,,
phase5,rain_pilot,precip,2,51,premonsoon_MAM,all,equal_mean,baseline,False,14352,19,0.045943207486244274,5.1170114020886555,11.21462796186592,7.087561754457354,14.884361436723522,5.1170114020886555,3.512523666058873,7.106970792919773,353.0,0.40509915014164305,0.25906735751295334,0.3548387096774194,0.546742209631728,0.3471486654278625,-0.00021603535102642212,0.41796542659797226,0.018115942028985508,0.22259367917883321,-0.18263983327456232,0.3273268142053179,75.0,0.0,1.0,0.0,0.02666666666666667,-0.00013575225756004322,-0.0003479807054047682,0.0,0.005365105908584169,-0.03873850880616425,-0.05834119900454497,0.004468095444562152,0.11608895614761572,-0.09253366431966392,0.42322076119813146,0.31,0.40901643166910695,0.30957125611405817,0.5308395478511452,0.0,0.06673101125358416,-0.00021603535102642212,0.0847972597281745,0.078
phase5,rain_pilot,precip,2,51,premonsoon_MAM,all,superensemble,baseline,False,14352,19,-0.8389741269821959,5.106645700341535,11.297434872285127,6.875049277435872,15.17793418666922,5.106645700341535,3.4474538748936028,7.205043874283307,353.0,0.34844192634560905,0.30113636363636365,0.30295566502463056,0.4985835694050991,0.29544350664309366,0.0,0.3642013122805525,0.019718506131549608,0.15382312002926846,-0.028420387882862087,0.2807659155733442,75.0,0.0,1.0,0.0,0.013333333333333334,-6.876462967496336e-05,-0.00020531721509732537,0.0,0.005295429208472687,-0.025248398302188058,-0.0328287542025201,0.004468095444562152,0.19889586656682212,-0.05194265846865753,0.543438006914093,0.25,0.3986507299219868,0.17423850272692865,0.6970304625667614,0.0,0.015025852468815326,-0.006422226694318727,0.04951174047947286,0.264
phase5,rain_pilot,precip,2,51,premonsoon_MAM,all,climatology,baseline,False,14352,19,-3.703702972193717,6.570556874256145,16.89916120802384,7.555582415561501,24.509081202695466,6.570556874256145,3.6807174180154325,10.588711796820368,353.0,0.0,,0.0,0.0,0.0,0.0,0.0,0.0245958751393534,-0.05547858173027631,-0.07967539180049202,0.0024043244649743136,75.0,0.0,,0.0,0.0,0.0,0.0,0.0,0.005225752508361204,-0.011758287798211864,-0.01463507777388361,0.004468095444562152,5.8006222023055365,0.5209562678213017,9.83389029683207,0.0,1.8625619038365961,0.3825201510185657,3.975376703402548,0.0,-0.28041765417427833,-0.3381500289869833,0.0,0.27
phase5,rain_pilot,precip,2,51,monsoon_JJAS,all,trustcast,final,False,19032,25,-1.6143087084189809,6.5890438800216895,13.679028987837931,10.326225847963048,16.81892140273364,6.5890438800216895,4.808676400287841,8.422640942297424,458.0,0.35152838427947597,0.6004962779156328,0.23,0.8799126637554585,0.21918222999756584,0.04534670462567571,0.3258412127769044,0.02832072299285414,-0.29447735714090273,-0.6778750225851727,0.028564315242037733,66.0,0.2727272727272727,0.7313432835820896,0.1565217391304348,1.0151515151515151,0.15481412910013378,0.0,0.21198674396463468,0.005096679277007146,-0.4856813373862461,-0.9387884673612895,0.0816062897733602,0.8909774117165021,-0.6159649438243879,2.4216751177404445,0.33,0.12095352225280198,-0.40038333651648617,0.7365745639284801,0.774,0.10043121211801252,0.023433248971061145,0.1999404436404433,0.014
phase5,rain_pilot,precip,2,51,monsoon_JJAS,all,blend_B,L3B,False,19032,25,-1.7098460817223793,6.4680903577688875,12.788051576121429,9.943185367704155,15.37166230915818,6.4680903577688875,4.938354963396746,8.030837676330414,458.0,0.1331877729257642,0.3838383838383838,0.12298387096774194,0.21615720524017468,0.11875101787955332,0.0,0.24924904031304942,0.0228562421185372,-0.04470807116195297,-0.14895817481413542,0.06405003395903813,66.0,0.0,,0.0,0.0,0.0,0.0,0.0,0.0034678436317780582,-0.010875961520538713,-0.031168424875190615,0.0816062897733602,,,,,,,,,,,,
phase5,rain_pilot,precip,2,51,monsoon_JJAS,all,equal_mean,baseline,False,19032,25,-0.7251723541371826,6.876758299631597,12.969730386827642,10.088906710260114,15.653345671553804,6.876758299631597,5.263178056238681,8.477298347771313,458.0,0.1462882096069869,0.4462809917355372,0.130859375,0.26419213973799127,0.1258881494681682,0.0,0.26337336236706504,0.023381672971836905,-0.06872434865992894,-0.20438310172800198,0.05097823148762269,66.0,0.015151515151515152,0.6666666666666666,0.014705882352941176,0.045454545454545456,0.014555116083890143,0.0,0.02691862475970251,0.0035203867171080287,-0.026192263967819596,-0.056466597331667354,0.0816062897733602,0.18167881070621306,-0.15362313006134673,0.5230798375223721,0.372,0.40866794186270905,0.2093480847254149,0.6212053835722977,0.0,0.007137131588614884,-0.009537051620472978,0.017821151229978904,0.786
phase5,rain_pilot,precip,2,51,monsoon_JJAS,all,superensemble,baseline,False,19032,25,-0.8684172623672942,6.8137012753282855,12.91381021129793,10.068918786024245,15.646479918459212,6.8137012753282855,5.174724907653198,8.46679186003347,458.0,0.1331877729257642,0.44036697247706424,0.12055335968379446,0.23799126637554585,0.11597063548313358,0.0,0.23676708442975952,0.023381672971836905,-0.06872434865992894,-0.13283986769225373,0.01654913641220382,66.0,0.0,1.0,0.0,0.015151515151515152,-5.176153929406672e-05,-0.00015705516112483368,0.0,0.0035203867171080287,-0.026192263967819596,-0.056466597331667354,0.0816062897733602,0.125758635176501,-0.45993361283247314,0.7389824123744074,0.804,0.345610917559398,0.05719527954208716,0.6457205279982486,0.02,-0.002780382396419742,-0.012270174285479812,0.0,0.244
phase5,rain_pilot,precip,2,51,monsoon_JJAS,all,climatology,baseline,False,19032,25,-0.17384056665375985,8.742146002159256,15.315643011018315,12.15239234163763,18.461300334295082,8.742146002159256,7.537994335578829,10.087776793223055,458.0,0.0,,0.0,0.0,0.0,0.0,0.0,0.024064733081126524,-0.09994550940729763,-0.14776305397210882,0.018783259572529173,66.0,0.0,,0.0,0.0,0.0,0.0,0.0,0.0034678436317780582,-0.010875961520538713,-0.031168424875190615,0.0816062897733602,2.5275914348968858,0.9816301604227051,4.079298819219257,0.0,2.2740556443903683,1.4901451777313646,3.091070360374504,0.0,-0.11875101787955332,-0.24924904031304942,0.0,0.244
phase5,rain_pilot,precip,2,51,postmonsoon_OND,all,trustcast,final,False,13884,18,-0.04721142803268741,3.668765193890748,9.347559735841648,6.080442795778726,12.390746058856783,3.668765193890748,1.870858860649392,5.833103515301359,59.0,0.06779661016949153,0.8620689655172413,0.047619047619047616,0.4915254237288136,0.04621976823566285,0.0,0.09247465640244079,0.005762028233938346,-0.35861245753861715,-1.352626806733236,0.027460099020682915,3.0,0.0,,0.0,0.0,0.0,0.0,0.0,0.000216076058772688,0.012514012020014786,0.004410919250350742,1.0,1.1379044010069101,0.20909483540205748,2.575272924970895,0.002,-0.06389865838844822,-0.49280005330212046,0.6008854194641613,0.754,0.04621976823566285,0.0,0.09247465640244079,0.248
phase5,rain_pilot,precip,2,51,postmonsoon_OND,all,blend_B,L3B,False,13884,18,0.23328776161179893,3.732663852279196,8.209655334834737,5.708260296289251,10.437704842427813,3.732663852279196,2.170914782931196,5.381981836405447,59.0,0.0,,0.0,0.0,0.0,0.0,0.0,0.00424949582252953,-0.0019766874347300067,-0.012305131200148828,0.04431896375305765,3.0,0.0,,0.0,0.0,0.0,0.0,0.0,0.000216076058772688,0.012514012020014786,0.004410919250350742,1.0,,,,,,,,,,,,
phase5,rain_pilot,precip,2,51,postmonsoon_OND,all,equal_mean,baseline,False,13884,18,1.0605428557392524,4.18189040868544,8.466245278049843,5.973649003428708,10.668376758944795,4.18189040868544,2.5636812145228847,5.916784961371681,59.0,0.0,1.0,0.0,0.01694915254237288,-7.082994690154998e-05,-0.00026389343320404654,0.0,0.00432152117545376,-0.01895934315396275,-0.06347233261719328,0.03227850802908359,3.0,0.0,,0.0,0.0,0.0,0.0,0.0,0.000216076058772688,0.012514012020014786,0.004410919250350742,1.0,0.256589943215106,0.0807938628252098,0.441973241316014,0.0,0.4492265564062441,0.3094314548935336,0.5860508410422187,0.0,-7.082994690154998e-05,-0.00026389343320404654,0.0,0.72
phase5,rain_pilot,precip,2,51,postmonsoon_OND,all,superensemble,baseline,False,13884,18,0.12585620834518038,4.253276534868539,8.226139907321265,5.800795410983868,10.384842565397427,4.253276534868539,2.828982707690656,5.8310274528979775,59.0,0.0,,0.0,0.0,0.0,0.0,0.0,0.00424949582252953,-0.0019766874347300067,-0.012305131200148828,0.04431896375305765,3.0,0.0,,0.0,0.0,0.0,0.0,0.0,0.000216076058772688,0.012514012020014786,0.004410919250350742,1.0,0.016484572486527682,-0.13166527463077285,0.17339672866402198,0.794,0.5206126825893431,0.31781019845196634,0.729761888182828,0.0,0.0,0.0,0.0,1.0
phase5,rain_pilot,precip,2,51,postmonsoon_OND,all,climatology,baseline,False,13884,18,0.32253339273752596,5.266830202394109,9.688269938840516,7.056529107549986,12.1789900393068,5.266830202394109,3.869089142386012,6.787792854830755,59.0,0.0,,0.0,0.0,0.0,0.0,0.0,0.00424949582252953,-0.0019766874347300067,-0.012305131200148828,0.04431896375305765,3.0,0.0,,0.0,0.0,0.0,0.0,0.0,0.000216076058772688,0.012514012020014786,0.004410919250350742,1.0,1.478614604005779,0.9897627573463942,2.015455604435411,0.0,1.534166350114913,0.8550328073545941,2.2645341532310224,0.0,0.0,0.0,0.0,1.0
phase5,rain_pilot,precip,2,51,all,dry,trustcast,final,False,14820,27,-0.04927906509823142,0.06528298805069364,0.9125856842700633,0.422051357259362,1.3597830220412372,0.06528298805069364,0.025991484537544848,0.11552799915117433,0.0,,,,,,,,0.0,1.0,1.0,1.0,0.0,,,,,,,,0.0,1.0,1.0,1.0,-0.003331964958935729,-0.05877004018049623,0.04829672642061803,0.796,-0.1066575571699991,-0.1354004333461132,-0.0799548112625372,0.0,,,,
phase5,rain_pilot,precip,2,51,all,dry,blend_B,L3B,False,14820,27,0.0756122107018198,0.17194054522069274,0.915917649228999,0.4727395575220609,1.3430721854836385,0.17194054522069274,0.11346331117623769,0.2389033764094228,0.0,,,,,,,,0.0,1.0,1.0,1.0,0.0,,,,,,,,0.0,1.0,1.0,1.0,,,,,,,,,,,,
phase5,rain_pilot,precip,2,51,all,dry,equal_mean,baseline,False,14820,27,0.16413888445679445,0.2509078353004929,0.9734152634007459,0.5570213019750865,1.383890651423777,0.2509078353004929,0.17589387889912897,0.3341784014847738,0.0,,,,,,,,0.0,1.0,1.0,1.0,0.0,,,,,,,,0.0,1.0,1.0,1.0,0.057497614171746925,0.020801005746415475,0.1086091361337282,0.0,0.07896729007980013,0.05972578873145033,0.09868451561098295,0.0,,,,
phase5,rain_pilot,precip,2,51,all,dry,superensemble,baseline,False,14820,27,-1.0885527875804495,1.1549655905388378,1.4547750576580216,1.2374522185446046,1.7445002234122795,1.1549655905388378,1.1053744409802457,1.2044493146317954,0.0,,,,,,,,0.0,1.0,1.0,1.0,0.0,,,,,,,,0.0,1.0,1.0,1.0,0.5388574084290226,0.4016957870668261,0.7769084877081739,0.0,0.983025045318145,0.898774004789872,1.0700021465757714,0.0,,,,
phase5,rain_pilot,precip,2,51,all,dry,climatology,baseline,False,14820,27,0.943534871222396,1.0298833032282555,1.9813282175552929,1.130056521818401,2.864623151524354,1.0298833032282555,0.6417721245544555,1.6278879992773656,0.0,,,,,,,,0.0,1.0,1.0,1.0,0.0,,,,,,,,0.0,1.0,1.0,1.0,1.065410568326294,0.43099210776882685,1.9154520705165121,0.0,0.8579427580075627,0.4933926880129649,1.4328729370782425,0.0,,,,
phase5,rain_pilot,precip,2,51,all,heavy_rain_risk,trustcast,final,False,1716,5,5.086339690537997,16.53640368238682,24.585660225201313,20.470870048882873,28.426236380601594,16.53640368238682,13.186658477649475,21.427311569340844,308.0,0.7597402597402597,0.36239782016348776,0.5306122448979592,1.1915584415584415,0.44818865345181136,0.13144947800149143,0.4746954540952758,0.12062937062937062,0.2902091545750817,-0.3504283474008691,0.34965626784277515,65.0,0.046153846153846156,0.5,0.04411764705882353,0.09230769230769231,0.040912139503688806,0.0,0.06006938104801898,0.03787878787878788,-0.011683011586467895,-0.014882539410836948,-0.010174574963985217,0.8554587686018245,-1.3825283770694519,7.776286733550268,0.7,1.6383638142710275,0.0789886021483639,6.910722184694292,0.0,0.18030273659715462,0.10978260869565216,0.2202119586950347,0.0
phase5,rain_pilot,precip,2,51,all,heavy_rain_risk,blend_B,L3B,False,1716,5,-2.749118347049624,14.898039868115792,23.730201456599488,18.042925742532006,25.940658899918084,14.898039868115792,12.01528621641403,16.36297192409677,308.0,0.36363636363636365,0.2483221476510067,0.32463768115942027,0.4837662337662338,0.26788591685465674,0.0,0.3159633960345704,0.1357808857808858,0.20105668123668607,-0.04665092812523497,0.2702437510039193,65.0,0.0,,0.0,0.0,0.0,0.0,0.0,0.03787878787878788,-0.011683011586467895,-0.014882539410836948,-0.010174574963985217,,,,,,,,,,,,
phase5,rain_pilot,precip,2,51,all,heavy_rain_risk,equal_mean,baseline,False,1716,5,-0.11421280730250324,15.896241748188965,24.250670999157165,20.31951396387563,25.85389277479288,15.896241748188965,13.737035155542376,17.73761757889874,308.0,0.4642857142857143,0.26288659793814434,0.3983286908077994,0.6298701298701299,0.33370244404018035,0.07996702390766695,0.37630012625503517,0.1258741258741259,0.2593486830348678,-0.20826129204150057,0.33447976627913856,65.0,0.0,1.0,0.0,0.03076923076923077,-0.0011319900384876614,-0.0020459627920255035,0.0,0.03904428904428905,-0.042811719635282186,-0.08725420367930181,-0.01484582568078845,0.5204695425576773,-0.2134170407734243,2.6104307346910716,0.222,0.9982018800731733,0.45820407039368116,2.1603130430488235,0.0,0.06581652718552361,0.01473273326101554,0.0898876404494382,0.004008016032064128
phase5,rain_pilot,precip,2,51,all,heavy_rain_risk,superensemble,baseline,False,1716,5,-0.3266947883667559,16.421672057975865,24.53760301688375,19.203249778770775,26.710058758981948,16.421672057975865,12.893985738517246,19.151816942912138,308.0,0.39935064935064934,0.28901734104046245,0.3435754189944134,0.5616883116883117,0.2812328444827857,0.06506849315068493,0.34098360655737703,0.13694638694638694,0.19419879867219414,-0.04665092812523497,0.29139610604728394,65.0,0.0,1.0,0.0,0.015384615384615385,-0.0005742506029631331,-0.001047962215937639,0.0,0.038461538461538464,-0.02724736561087515,-0.033151160902217924,-0.014714549440295377,0.8074015602842621,0.09394254129037449,2.3584797818811545,0.006,1.5236321898600735,0.7662338198332925,2.8833403562560154,0.0,0.013346927628128946,-0.01307189542483661,0.06506849315068493,0.30861723446893785
phase5,rain_pilot,precip,2,51,all,heavy_rain_risk,climatology,baseline,False,1716,5,-24.38156635411483,25.820042326577475,42.51394028048769,24.73351955732745,49.07189790328023,25.820042326577475,11.93017111126429,32.49034889531039,308.0,0.0,,0.0,0.0,0.0,0.0,0.0,0.1794871794871795,-0.056113914931762654,-0.08053430680375517,-0.04614193145769926,65.0,0.0,,0.0,0.0,0.0,0.0,0.0,0.03787878787878788,-0.011683011586467895,-0.014882539410836948,-0.010174574963985217,18.7837388238882,5.373286106169964,23.105315356016508,0.004,10.922002458461684,-0.5697836811447158,16.32388761646456,0.082,-0.26788591685465674,-0.3159633960345704,0.0,0.13827655310621242
phase5,rain_pilot,precip,2,51,all,monsoon_active,trustcast,final,False,2964,9,5.097762242154383,14.274372144365952,23.90320313555295,16.912601167423365,28.557298282430043,14.274372144365952,9.98635177516753,18.015405588973586,262.0,0.5763358778625954,0.6036745406824147,0.30691056910569103,1.4541984732824427,0.25598137899660356,0.07239598367722962,0.35048348381259514,0.1150472334682861,-0.50062814261258,-1.7305977676611124,0.04930137130863854,57.0,0.3157894736842105,0.7313432835820896,0.16981132075471697,1.1754385964912282,0.15959595959595957,0.0,0.21303797727652074,0.029689608636977057,-0.5974065894560765,-1.0789149332200023,0.02745874781732875,2.951263181415932,-3.2697270630896598,7.002353863790353,0.332,1.442850890612121,-1.601660817741167,3.9704276768975477,0.342,0.07658508911010328,-0.02377150559757537,0.2769003750271647,0.168
phase5,rain_pilot,precip,2,51,all,monsoon_active,blend_B,L3B,False,2964,9,-1.0191896292387272,12.83152125375383,20.951939954137018,16.299699560685937,24.24701324303107,12.83152125375383,10.228092649161464,14.779717311635236,262.0,0.23282442748091603,0.3838383838383838,0.20333333333333334,0.37786259541984735,0.17939628988650028,0.0,0.3037480714407174,0.08063427800269905,-0.051759900540781834,-0.3359349367001797,0.07194806957737847,57.0,0.0,,0.0,0.0,0.0,0.0,0.0,0.019230769230769232,-0.03468381362495854,-0.04683375297319271,0.02745874781732875,,,,,,,,,,,,
phase5,rain_pilot,precip,2,51,all,monsoon_active,equal_mean,baseline,False,2964,9,1.2021338451809567,14.123617937328362,21.935734360252393,16.84273632432175,25.219610152684048,14.123617937328362,11.082328523308723,16.513023468609276,262.0,0.25572519083969464,0.4462809917355372,0.2120253164556962,0.4618320610687023,0.1844203146790552,-0.003932842064724488,0.3130515458998805,0.0840080971659919,-0.09576659093997786,-0.5304774130037775,0.049564344793095474,57.0,0.017543859649122806,0.6666666666666666,0.01694915254237288,0.05263157894736842,0.01598694942903752,0.0,0.02877734355174339,0.019568151147098516,-0.05283616123241397,-0.07493395005186224,0.02745874781732875,0.9837944061153756,0.1709904697940741,1.6462635276877258,0.004,1.2920966835745311,0.6362512555857359,1.8875020371379145,0.0,0.005024024792554926,-0.02555921402650921,0.017430622300730194,0.898
phase5,rain_pilot,precip,2,51,all,monsoon_active,superensemble,baseline,False,2964,9,1.4665076807823143,14.283808393681964,22.09341503600111,16.64135951364349,25.430111303396128,14.283808393681964,10.75556209570967,17.028619342847517,262.0,0.23282442748091603,0.44036697247706424,0.1967741935483871,0.41603053435114506,0.17100873655763008,0.0,0.2784438929691819,0.0840080971659919,-0.09576659093997786,-0.23362012841346294,-0.0328234672796026,57.0,0.0,1.0,0.0,0.017543859649122806,-0.0003316749585406302,-0.0007499156813810232,0.0,0.019568151147098516,-0.05283616123241397,-0.07493395005186224,0.02745874781732875,1.141475081864094,-0.4132885160866547,2.3740143215403293,0.24,1.4522871399281332,0.43792678336647334,2.431541645015995,0.0,-0.008387553328870201,-0.025433406428912533,0.0,0.226
phase5,rain_pilot,precip,2,51,all,monsoon_active,climatology,baseline,False,2964,9,-11.06418960919546,14.521731680874963,26.817595895448317,18.161118381740163,32.09283274374294,14.521731680874963,10.04350567998476,17.96775675756059,262.0,0.0,,0.0,0.0,0.0,0.0,0.0,0.0883940620782726,-0.15297528845893238,-0.18427121862094642,-0.06514838559534092,57.0,0.0,,0.0,0.0,0.0,0.0,0.0,0.019230769230769232,-0.03468381362495854,-0.04683375297319271,0.02745874781732875,5.865655941311299,1.2902469218145822,8.511042586988626,0.012,1.6902104271211318,-1.0164921464164087,3.5607733220313227,0.206,-0.17939628988650028,-0.30374807144071747,0.0,0.226
phase5,rain_pilot,precip,2,51,all,monsoon_break,trustcast,final,False,5772,13,-2.3759293230403764,2.6394217515776384,6.0218945835040705,4.394256413642643,7.6208208182632715,2.6394217515776384,1.6633447732740732,3.7480530266498127,5.0,0.0,,0.0,0.0,0.0,0.0,0.0,0.0008662508662508662,0.6842290162302552,0.4047564124650986,1.0,0.0,,,,,,,,0.0,1.0,1.0,1.0,0.7839999063165379,0.3447472459860287,1.0912266137336915,0.002,0.11236613873638923,-0.2200021249755375,0.4625411470842423,0.502,0.0,0.0,0.0,1.0
phase5,rain_pilot,precip,2,51,all,monsoon_break,blend_B,L3B,False,5772,13,-0.890214818328579,2.527055612841249,5.2378946771875325,3.8232846726306624,6.676768032212449,2.527055612841249,1.8568554938297364,3.344067635275263,5.0,0.0,,0.0,0.0,0.0,0.0,0.0,0.0008662508662508662,0.6842290162302552,0.4047564124650986,1.0,0.0,,,,,,,,0.0,1.0,1.0,1.0,,,,,,,,,,,,
phase5,rain_pilot,precip,2,51,all,monsoon_break,equal_mean,baseline,False,5772,13,-0.42067622611789585,2.704799375940058,5.183486716279848,3.871929082503728,6.541156344015809,2.704799375940058,2.0923706634430066,3.4525567846747744,5.0,0.0,,0.0,0.0,0.0,0.0,0.0,0.0008662508662508662,0.6842290162302552,0.4047564124650986,1.0,0.0,,,,,,,,0.0,1.0,1.0,1.0,-0.054407960907684405,-0.16063503593272913,0.07680481351205254,0.424,0.17774376309880902,0.10484773284002602,0.24140230905699606,0.0,0.0,0.0,0.0,1.0
phase5,rain_pilot,precip,2,51,all,monsoon_break,superensemble,baseline,False,5772,13,-1.047501800585524,2.6208694017276346,5.187781258397631,3.8394146740617026,6.564362083633406,2.6208694017276346,1.9512782233202128,3.4240924561606727,5.0,0.0,,0.0,0.0,0.0,0.0,0.0,0.0008662508662508662,0.6842290162302552,0.4047564124650986,1.0,0.0,,,,,,,,0.0,1.0,1.0,1.0,-0.05011341878990194,-0.1507572656535886,0.04398205486242521,0.332,0.09381378888638547,0.02160894390876723,0.16244660627465396,0.016,0.0,0.0,0.0,1.0
phase5,rain_pilot,precip,2,51,all,monsoon_break,climatology,baseline,False,5772,13,6.257224411113099,7.070089911545058,9.451954916930221,8.532280202762047,10.309850215235366,7.070089911545058,6.4636684440216134,7.690785716977594,5.0,0.0,,0.0,0.0,0.0,0.0,0.0,0.0008662508662508662,0.6842290162302552,0.4047564124650986,1.0,0.0,,,,,,,,0.0,1.0,1.0,1.0,4.214060239742689,2.3014473979744934,5.948571093092455,0.0,4.543034298703809,3.291823867329735,5.5367991978848545,0.0,0.0,0.0,0.0,1.0
phase5,rain_pilot,precip,2,51,all,monsoon_normal,trustcast,final,False,10296,22,-3.1196024253871975,6.590782997141218,12.691260139688287,9.620716827342605,16.052634386298337,6.590782997141218,4.976416857720904,8.509215022895368,191.0,0.05235602094240838,0.5454545454545454,0.04926108374384237,0.11518324607329843,0.04734582810374105,-0.00044216247679652036,0.13939573119290885,0.018745143745143744,-0.11359970436583033,-0.1781208942751593,0.06774931574387277,9.0,0.0,,0.0,0.0,0.0,0.0,0.0,0.0008741258741258741,0.06856144263903652,0.006877464534525821,1.0,0.020981671273158753,-0.3806947790630897,0.606364083633164,0.956,-0.2547785506065887,-0.5778365933684767,0.11183884542425894,0.172,0.04734582810374105,-0.00044216247679652036,0.13939573119290885,0.216
phase5,rain_pilot,precip,2,51,all,monsoon_normal,blend_B,L3B,False,10296,22,-2.368161677824803,6.845561547747807,12.670278468415129,9.48128101037197,16.231910610122792,6.845561547747807,5.412643357491214,8.62643724863723,191.0,0.0,,0.0,0.0,0.0,0.0,0.0,0.018550893550893552,-0.10205981105633977,-0.16208744727952462,0.07019757459339616,9.0,0.0,,0.0,0.0,0.0,0.0,0.0,0.0008741258741258741,0.06856144263903652,0.006877464534525821,1.0,,,,,,,,,,,,
phase5,rain_pilot,precip,2,51,all,monsoon_normal,equal_mean,baseline,False,10296,22,-1.4507053014668532,7.1293665884247535,12.544229866940276,9.552694133879054,15.894291433616486,7.1293665884247535,5.813027391316841,8.77380973803048,191.0,0.0,,0.0,0.0,0.0,0.0,0.0,0.018550893550893552,-0.10205981105633977,-0.16208744727952462,0.07019757459339616,9.0,0.0,,0.0,0.0,0.0,0.0,0.0,0.0008741258741258741,0.06856144263903652,0.006877464534525821,1.0,-0.12604860147485297,-0.3593859301208549,0.145475213279338,0.41,0.28380504067694634,0.09234163425234801,0.4549622106243897,0.006,0.0,0.0,0.0,1.0
phase5,rain_pilot,precip,2,51,all,monsoon_normal,superensemble,baseline,False,10296,22,-1.4401967473031738,7.013742852214712,12.355508994461369,9.564778288408215,15.469568129754292,7.013742852214712,5.7014719037050074,8.660175777370029,191.0,0.0,,0.0,0.0,0.0,0.0,0.0,0.018550893550893552,-0.10205981105633977,-0.16208744727952462,0.07019757459339616,9.0,0.0,,0.0,0.0,0.0,0.0,0.0,0.0008741258741258741,0.06856144263903652,0.006877464534525821,1.0,-0.31476947395375987,-0.7975425327637633,0.1610864336236798,0.308,0.1681813044669047,-0.12364255037707175,0.41579983876571147,0.218,0.0,0.0,0.0,1.0
phase5,rain_pilot,precip,2,51,all,monsoon_normal,climatology,baseline,False,10296,22,-0.6440340873974186,8.015690660600571,13.284396796997115,10.638622889156766,16.2914117175867,8.015690660600571,6.803968429283719,9.451716790650016,191.0,0.0,,0.0,0.0,0.0,0.0,0.0,0.018550893550893552,-0.10205981105633977,-0.16208744727952462,0.07019757459339616,9.0,0.0,,0.0,0.0,0.0,0.0,0.0,0.0008741258741258741,0.06856144263903652,0.006877464534525821,1.0,0.614118328581986,-0.25286749510153034,1.6782119595262661,0.2,1.1701291128527638,0.5177040091044062,1.8153895454580211,0.0,0.0,0.0,0.0,1.0
phase5,rain_pilot,precip,2,51,all,wet_spell,trustcast,final,False,20904,35,-1.1410399141207466,4.207070047701284,9.627042812862843,7.903781317170513,11.413812306112955,4.207070047701284,3.2749142153649102,5.330782241013574,104.0,0.038461538461538464,0.8620689655172413,0.031007751937984496,0.27884615384615385,0.029922779922779922,-0.0008799468654181343,0.07516401747878934,0.005979716800612323,-0.2306968794645703,-0.4394327193650011,0.004664685077958797,13.0,0.0,,0.0,0.0,0.0,0.0,0.0,0.0006218905472636816,-0.006859485477063165,-0.01234012498902467,0.030911937696480034,0.5038500315944248,0.2593368031293991,0.7637176251005137,0.0,-0.2966092342463629,-0.4782823248392223,-0.0671342678868247,0.006,0.029922779922779922,-0.0008799468654181343,0.07516401747878934,0.256
phase5,rain_pilot,precip,2,51,all,wet_spell,blend_B,L3B,False,20904,35,-0.23119896987470126,4.5036792819476466,9.123192781268418,7.404192458236145,10.865583190658267,4.5036792819476466,3.6863165889589555,5.421881248979687,104.0,0.0,,0.0,0.0,0.0,0.0,0.0,0.004975124378109453,-0.023939803714522423,-0.0561876667385011,0.015471919805748486,13.0,0.0,,0.0,0.0,0.0,0.0,0.0,0.0006218905472636816,-0.006859485477063165,-0.01234012498902467,0.030911937696480034,,,,,,,,,,,,
phase5,rain_pilot,precip,2,51,all,wet_spell,equal_mean,baseline,False,20904,35,0.7653594825919837,5.000567731569604,9.270602680202717,7.581628864465785,10.961944983094755,5.000567731569604,4.165257077867355,5.939725685155673,104.0,0.0,,0.0,0.0,0.0,0.0,0.0,0.004975124378109453,-0.023939803714522423,-0.0561876667385011,0.015471919805748486,13.0,0.0,,0.0,0.0,0.0,0.0,0.0,0.0006218905472636816,-0.006859485477063165,-0.01234012498902467,0.030911937696480034,0.14740989893429912,0.05032235139755483,0.2684884262310617,0.002,0.49688844962195766,0.41692534446051116,0.5814945377063613,0.0,0.0,0.0,0.0,1.0
phase5,rain_pilot,precip,2,51,all,wet_spell,superensemble,baseline,False,20904,35,-0.12740913920802785,4.715516564251301,9.105709588939645,7.416989108861175,10.823723025052953,4.715516564251301,3.905827173371885,5.655829924376931,104.0,0.0,1.0,0.0,0.028846153846153848,-0.00013950892857142856,-0.0004472089244715575,0.0,0.005118637581324148,-0.05347652882167209,-0.13088544826412432,0.015471919805748486,13.0,0.0,,0.0,0.0,0.0,0.0,0.0,0.0006218905472636816,-0.006859485477063165,-0.01234012498902467,0.030911937696480034,-0.01748319232877371,-0.12563522721294212,0.09334197390377601,0.736,0.21183728230365428,0.11244070611668251,0.32540505302993444,0.0,-0.00013950892857142856,-0.0004472089244715575,0.0,0.742
phase5,rain_pilot,precip,2,51,all,wet_spell,climatology,baseline,False,20904,35,-0.9142633465741905,5.364349533358683,10.39386606046849,8.370901043618623,12.397278949477284,5.364349533358683,4.489124928652187,6.350297679328665,104.0,0.0,,0.0,0.0,0.0,0.0,0.0,0.004975124378109453,-0.023939803714522423,-0.0561876667385011,0.015471919805748486,13.0,0.0,,0.0,0.0,0.0,0.0,0.0,0.0006218905472636816,-0.006859485477063165,-0.01234012498902467,0.030911937696480034,1.2706732792000714,0.7542880887859578,1.7651198350998776,0.0,0.8606702514110367,0.46035216339233903,1.29362537234339,0.0,0.0,0.0,0.0,1.0
phase5,rain_pilot,precip,3,75,all,all,trustcast,final,False,56628,73,-1.1517039276027703,4.287361317867026,10.668268215951727,8.92293185441318,12.347086392035953,4.287361317867026,3.317207938911284,5.2813229759298,870.0,0.39425287356321836,0.48343373493975905,0.2879932829554996,0.7632183908045977,0.2818420193572041,0.06023104389357959,0.38862638936717836,0.014974924065833157,-0.0472755905749509,-0.3504014924534846,0.1643221586039,144.0,0.09027777777777778,0.7045454545454546,0.07428571428571429,0.3055555555555556,0.07369347035067375,0.0,0.10263100494998934,0.002860775588048315,-0.13718874707489204,-0.45898457550021926,0.048482070368061396,0.4638434208337081,-0.005360966673066685,1.0263326504190626,0.052,-0.1405768595390242,-0.3010674929866954,0.05586076936296633,0.146,0.10728949058412365,0.05039927041423908,0.135417754476199,0.0
phase5,rain_pilot,precip,3,75,all,all,blend_B,L3B,False,56628,73,-0.6481116270367294,4.42793817740605,10.204424795118019,8.45773331780996,11.91018809460187,4.42793817740605,3.56156152335363,5.359582832664346,870.0,0.1896551724137931,0.26339285714285715,0.17761033369214208,0.2574712643678161,0.17455252877308045,0.0030744980087743143,0.2628952569312831,0.0134915589461044,0.056463972642379234,-0.06931526980969846,0.16919992155218852,144.0,0.0,1.0,0.0,0.006944444444444444,-1.7537629175599897e-05,-5.2509937510772365e-05,0.0,0.002560570742388924,-0.01785412546826759,-0.029727840326906285,0.01582435596387695,,,,,,,,,,,,
phase5,rain_pilot,precip,3,75,all,all,equal_mean,baseline,False,56628,73,0.24425988358690084,4.844797133853342,10.363579533073567,8.653509685795347,12.120143955614639,4.844797133853342,3.927737266693912,5.838666020173387,870.0,0.24482758620689654,0.334375,0.218014329580348,0.367816091954023,0.2140594511367672,0.015053815388288795,0.3145749680511577,0.0134915589461044,0.056463972642379234,-0.07348715227618369,0.18176252045393415,144.0,0.0,1.0,0.0,0.034722222222222224,-8.533988743668848e-05,-0.00018665512331205426,0.0,0.002631207176661722,-0.04593285996394392,-0.07364720459430286,0.007470441576947532,0.15915473795554824,0.0014807379296715168,0.3408028932457463,0.048,0.41685895644729243,0.3237041400655658,0.5265366962057163,0.0,0.03950692236368675,0.010629773126137297,0.05447194531758322,0.022
phase5,rain_pilot,precip,3,75,all,all,superensemble,baseline,False,56628,73,-0.607026245650634,4.9281846489682835,10.509077503278077,8.653574060548499,12.336012847240296,4.9281846489682835,4.006684553169997,5.926534701242412,870.0,0.12873563218390804,0.34502923976608185,0.12055974165769645,0.19655172413793104,0.1180656944951034,0.0022692068090656345,0.19628306250841845,0.014427491700218974,-0.008990751768555238,-0.11521423964941506,0.11225944665099236,144.0,0.0,1.0,0.0,0.013888888888888888,-3.483561942085783e-05,-8.670435372685665e-05,0.0,0.002578229850957124,-0.024873809092186727,-0.047291888141034376,0.014990995636457505,0.30465270816005763,-0.0013615949908472923,0.6182271387686656,0.052,0.5002464715622335,0.3484061820198612,0.6586309435660203,0.0,-0.056486834277977044,-0.09039270680209123,-0.0018728081092890916,0.028
phase5,rain_pilot,precip,3,75,all,all,climatology,baseline,False,56628,73,-0.8862510293376878,5.971890248442932,13.210420006833406,10.098124347521042,16.191373049522117,5.971890248442932,4.844941396262894,7.245364418821701,870.0,0.0,,0.0,0.0,0.0,0.0,0.0,0.015363424454333545,-0.07444547617948971,-0.11708287245387934,-0.017246382637415167,144.0,0.0,,0.0,0.0,0.0,0.0,0.0,0.0025429116338207248,-0.010834441844348452,-0.025065195981584926,0.015974320111683083,3.005995211715387,1.3493627013133567,4.875957149709113,0.0,1.5439520710368821,1.0006535408349908,2.1265110190832437,0.0,-0.17455252877308045,-0.26289525693128313,-0.0030744980087743174,0.022
phase5,rain_pilot,precip,3,75,winter_JF,all,trustcast,final,False,9204,13,0.0625330451351272,0.27918314200228783,1.804570491108595,0.8976527984396557,2.4723719658129837,0.27918314200228783,0.07176596087633862,0.5168018264600517,0.0,,,,,,,,0.0,1.0,1.0,1.0,0.0,,,,,,,,0.0,1.0,1.0,1.0,0.4489316299849584,0.05966492796520529,0.8316321621818431,0.018,-0.05451336281339292,-0.09251308460826435,-0.01474941819573101,0.008,,,,
phase5,rain_pilot,precip,3,75,winter_JF,all,blend_B,L3B,False,9204,13,0.14390882159807702,0.33369650481568075,1.3556388611236365,0.7222036435412337,1.8494485509218686,0.33369650481568075,0.1450420418685354,0.5441483900107185,0.0,,,,,,,,0.0,1.0,1.0,1.0,0.0,,,,,,,,0.0,1.0,1.0,1.0,,,,,,,,,,,,
phase5,rain_pilot,precip,3,75,winter_JF,all,equal_mean,baseline,False,9204,13,0.3312030470588991,0.4885135222992315,1.6714479555894888,0.951814594224816,2.2346225642829647,0.4885135222992315,0.22253259351970447,0.7907549399501929,0.0,,,,,,,,0.0,1.0,1.0,1.0,0.0,,,,,,,,0.0,1.0,1.0,1.0,0.31580909446585226,0.046777369100075614,0.6311300093635012,0.0,0.15481701748355076,0.07283928376541317,0.2605139121066865,0.0,,,,
phase5,rain_pilot,precip,3,75,winter_JF,all,superensemble,baseline,False,9204,13,-0.6078756111846977,0.9689025747876593,1.6055307279161688,1.035503485431721,2.079257961769674,0.9689025747876593,0.8237113463459484,1.1490909653918298,0.0,,,,,,,,0.0,1.0,1.0,1.0,0.0,,,,,,,,0.0,1.0,1.0,1.0,0.24989186679253228,0.09278849153507454,0.45267046751370354,0.0,0.6352060699719786,0.5453057537501735,0.717708011261426,0.0,,,,
phase5,rain_pilot,precip,3,75,winter_JF,all,climatology,baseline,False,9204,13,0.1858050155611033,0.4651372275332022,1.3263419105702425,0.6529417220218272,1.998758054629059,0.4651372275332022,0.3679701290729745,0.6153422390991419,0.0,,,,,,,,0.0,1.0,1.0,1.0,0.0,,,,,,,,0.0,1.0,1.0,1.0,-0.029296950553393986,-0.4004229305534825,0.2287939201054885,0.842,0.13144072271752144,-0.04718188684399353,0.2729645651942246,0.134,,,,
phase5,rain_pilot,precip,3,75,premonsoon_MAM,all,trustcast,final,False,14352,19,-1.146358115588907,4.583904539449127,11.16198099363035,7.351521625547206,14.639884071504403,4.583904539449127,2.8414848287145342,6.732259659329068,353.0,0.6062322946175638,0.3395061728395062,0.46220302375809935,0.9178470254957507,0.4527844591403797,0.0,0.5364057889560208,0.017349498327759196,0.2554839465981903,0.007828634066025544,0.41854982364201426,75.0,0.08,0.3333333333333333,0.07692307692307693,0.12,0.0763661520887466,0.0,0.10671072274177142,0.005016722408026756,0.028712043713716606,-0.01463507777388361,0.05875762646844147,0.08685120862994822,-0.43571689333777786,0.4824927923221318,0.6,-0.29311505305040253,-0.5041296483206014,-0.07235830607511598,0.012,0.15275669675637343,0.0,0.1727108345975618,0.078
phase5,rain_pilot,precip,3,75,premonsoon_MAM,all,blend_B,L3B,False,14352,19,-0.6986527649853308,4.877019592499529,11.075129785000401,6.948551600644146,14.72731697074474,4.877019592499529,3.23054829026296,6.970310521784506,353.0,0.34277620396600567,0.25308641975308643,0.30710659898477155,0.45892351274787535,0.30002776238400625,0.0,0.3648850118953212,0.019021739130434784,0.18372336313777493,-0.0009516903315369529,0.29103462781201833,75.0,0.0,1.0,0.0,0.013333333333333334,-6.876462967496336e-05,-0.00020531721509732537,0.0,0.005295429208472687,-0.025248398302188058,-0.0328287542025201,0.004468095444562152,,,,,,,,,,,,
phase5,rain_pilot,precip,3,75,premonsoon_MAM,all,equal_mean,baseline,False,14352,19,0.414552118045229,5.377687513541233,11.285168474776787,7.098258680462801,14.955665416380429,5.377687513541233,3.617077100425832,7.554814763607447,353.0,0.4447592067988669,0.3173913043478261,0.3685446009389671,0.6515580736543909,0.3600463601912358,0.0,0.43512033766144853,0.018743032329988852,0.19568346038117745,-0.027538921502111152,0.3265163082505145,75.0,0.0,1.0,0.0,0.04,-0.00020103088638538424,-0.000496320707080515,0.0,0.005434782608695652,-0.052228619310140445,-0.05834119900454497,0.004468095444562152,0.21003868977638618,-0.040329650472351375,0.4984485724297667,0.124,0.5006679210417042,0.34934081775276354,0.6944791116332497,0.0,0.06001859780722957,0.0,0.08903494538856098,0.078
phase5,rain_pilot,precip,3,75,premonsoon_MAM,all,superensemble,baseline,False,14352,19,-1.0466490807300415,5.16331562673501,11.571632030969813,6.965557624374979,15.569574203582155,5.16331562673501,3.379741890673432,7.485644017260893,353.0,0.24079320113314448,0.2975206611570248,0.2185089974293059,0.34277620396600567,0.21248399204724003,0.0,0.2977769440621026,0.021181716833890748,0.09103260950140502,-0.1353994728672068,0.23493027056460813,75.0,0.0,1.0,0.0,0.013333333333333334,-6.876462967496336e-05,-0.00020531721509732537,0.0,0.005295429208472687,-0.025248398302188058,-0.0328287542025201,0.004468095444562152,0.4965022459694115,-0.03179773544406728,0.9145376913818036,0.088,0.2862960342354812,0.04250112599040747,0.5931694678198864,0.014,-0.08754377033676622,-0.1285512424070953,0.0,0.078
phase5,rain_pilot,precip,3,75,premonsoon_MAM,all,climatology,baseline,False,14352,19,-3.703702972193717,6.570556874256145,16.89916120802384,7.555582415561501,24.509081202695466,6.570556874256145,3.6807174180154325,10.588711796820368,353.0,0.0,,0.0,0.0,0.0,0.0,0.0,0.0245958751393534,-0.05547858173027631,-0.07967539180049202,0.0024043244649743136,75.0,0.0,,0.0,0.0,0.0,0.0,0.0,0.005225752508361204,-0.011758287798211864,-0.01463507777388361,0.004468095444562152,5.82403142302344,0.5060444520938768,9.951312977974558,0.0,1.6935372817566154,0.34756464572515167,3.723814669564195,0.0,-0.30002776238400625,-0.3648850118953212,0.0,0.078
phase5,rain_pilot,precip,3,75,monsoon_JJAS,all,trustcast,final,False,19032,25,-2.0744209011719916,6.613943678096325,13.551953785769708,10.547607800988496,16.199884220984167,6.613943678096325,4.881485269739484,8.366479774794499,458.0,0.2816593886462882,0.6149253731343284,0.19427710843373494,0.7314410480349345,0.18437452388363879,0.016087189328412462,0.30615830966034036,0.02811055065153426,-0.28487084614171243,-0.6187798963396752,-0.04494975925309983,66.0,0.10606060606060606,0.8,0.07446808510638298,0.5303030303030303,0.07327147620918588,0.0,0.10929694287775006,0.00457124842370744,-0.33251831291343725,-0.6427666126793609,0.0816062897733602,0.680330399093906,-0.2763973803892828,1.7363766494695616,0.212,0.04299098401994961,-0.351075006650375,0.4769985832176643,0.92,0.09479123392022896,0.016087189328412462,0.13073876564414597,0.006
phase5,rain_pilot,precip,3,75,monsoon_JJAS,all,blend_B,L3B,False,19032,25,-1.536140516865249,6.570952694076375,12.871623386675802,10.07988908122718,15.427183590566786,6.570952694076375,5.066668264950927,8.101402454826951,458.0,0.09606986899563319,0.2903225806451613,0.09243697478991597,0.13537117903930132,0.08958328996340982,0.0,0.19431411348826005,0.02269861286254729,-0.03750318791256024,-0.12244134566066639,0.05576419144828838,66.0,0.0,,0.0,0.0,0.0,0.0,0.0,0.0034678436317780582,-0.010875961520538713,-0.031168424875190615,0.0816062897733602,,,,,,,,,,,,
phase5,rain_pilot,precip,3,75,monsoon_JJAS,all,equal_mean,baseline,False,19032,25,-0.3934167264003791,7.04102456341595,13.035334261092832,10.237483487138698,15.619121153553442,7.04102456341595,5.4439379091143545,8.651994338136209,458.0,0.1222707423580786,0.37777777777777777,0.11382113821138211,0.1965065502183406,0.10990285463464615,0.0,0.22912607919517664,0.02290878520386717,-0.04710969891175054,-0.12244134566066639,0.045022642372075025,66.0,0.0,1.0,0.0,0.030303030303030304,-0.00010200580505763328,-0.00030551239104233694,0.0,0.003572929802437999,-0.04150856641510048,-0.08302713284519816,0.0816062897733602,0.16371087441702947,-0.1607308442554188,0.5084962226152537,0.436,0.47007186933957446,0.2549975288103596,0.7116168729231875,0.0,0.02031956467123633,0.0,0.03547360917142738,0.744
phase5,rain_pilot,precip,3,75,monsoon_JJAS,all,superensemble,baseline,False,19032,25,-0.7428184148612189,7.065265209020032,13.187138311991538,10.285045019294829,15.836054084823783,7.065265209020032,5.368775809973642,8.808321981426324,458.0,0.05895196506550218,0.46,0.056133056133056136,0.1091703056768559,0.053766022025754395,0.0,0.11161841488346338,0.02385456073980664,-0.09033899840810733,-0.1362597743144888,0.018783259572529173,66.0,0.0,1.0,0.0,0.015151515151515152,-5.176153929406672e-05,-0.00015705516112483368,0.0,0.0035203867171080287,-0.026192263967819596,-0.056466597331667354,0.0816062897733602,0.31551492531573544,-0.34838279134266104,0.8928987002091199,0.382,0.49431251494365647,0.14906466201229024,0.8459539111109787,0.002,-0.035817267937655425,-0.08210523330042704,0.009154369379683664,0.744
phase5,rain_pilot,precip,3,75,monsoon_JJAS,all,climatology,baseline,False,19032,25,-0.17384056665375985,8.742146002159256,15.315643011018315,12.15239234163763,18.461300334295082,8.742146002159256,7.537994335578829,10.087776793223055,458.0,0.0,,0.0,0.0,0.0,0.0,0.0,0.024064733081126524,-0.09994550940729763,-0.14776305397210882,0.018783259572529173,66.0,0.0,,0.0,0.0,0.0,0.0,0.0,0.0034678436317780582,-0.010875961520538713,-0.031168424875190615,0.0816062897733602,2.4440196243425127,1.100051554726647,3.909305586710366,0.0,2.1711933080828807,1.3983494213476722,3.013385951109193,0.0,-0.08958328996340982,-0.19431411348826008,0.0,0.744
phase5,rain_pilot,precip,3,75,postmonsoon_OND,all,trustcast,final,False,14040,18,-0.702374208951286,3.458000073894713,8.977364233617374,6.4974131640886625,11.196108409455091,3.458000073894713,1.918000567365603,5.141104511113734,59.0,0.0,1.0,0.0,0.0847457627118644,-0.0003284108809761039,-0.0007894225418516406,0.0,0.004558404558404558,-0.0868820569920552,-0.4211323425555981,0.00985914077131958,3.0,0.0,,0.0,0.0,0.0,0.0,0.0,0.00021367521367521368,0.012517336900361609,0.004412947055468461,1.0,0.6817938187778498,0.2867006051991563,1.110832230294636,0.0,-0.2899047419608003,-0.5284850193817816,-0.051882101307754974,0.022,-0.0003284108809761039,-0.0007894225418516406,0.0,0.226
phase5,rain_pilot,precip,3,75,postmonsoon_OND,all,blend_B,L3B,False,14040,18,0.08811173719546146,3.7479048158555135,8.295570414839524,5.860991760364166,10.415185919031988,3.7479048158555135,2.263285081590819,5.277264809284139,59.0,0.0,,0.0,0.0,0.0,0.0,0.0,0.004202279202279203,-0.00196939628955084,-0.012298821084074263,0.04433945351263057,3.0,0.0,,0.0,0.0,0.0,0.0,0.0,0.00021367521367521368,0.012517336900361609,0.004412947055468461,1.0,,,,,,,,,,,,
phase5,rain_pilot,precip,3,75,postmonsoon_OND,all,equal_mean,baseline,False,14040,18,0.8775933747361682,4.178742375450772,8.416813018798452,6.100951359109786,10.506742557683648,4.178742375450772,2.6418413070289017,5.751950780285185,59.0,0.0,,0.0,0.0,0.0,0.0,0.0,0.004202279202279203,-0.00196939628955084,-0.012298821084074263,0.04433945351263057,3.0,0.0,,0.0,0.0,0.0,0.0,0.0,0.00021367521367521368,0.012517336900361609,0.004412947055468461,1.0,0.12124260395892783,-0.0022881691731335215,0.28379468061796687,0.062,0.43083755959525893,0.30300122283163045,0.5601401916278784,0.0,0.0,0.0,0.0,1.0
phase5,rain_pilot,precip,3,75,postmonsoon_OND,all,superensemble,baseline,False,14040,18,0.026996621432772372,4.386426472255004,8.434697526613268,6.196865245144911,10.45102323117312,4.386426472255004,3.058987224462749,5.768171281615406,59.0,0.0,,0.0,0.0,0.0,0.0,0.0,0.004202279202279203,-0.00196939628955084,-0.012298821084074263,0.04433945351263057,3.0,0.0,,0.0,0.0,0.0,0.0,0.0,0.00021367521367521368,0.012517336900361609,0.004412947055468461,1.0,0.13912711177374426,-0.1326245154125656,0.5621757731528049,0.414,0.6385216563994907,0.36645804652515973,0.9516763919520048,0.0,0.0,0.0,0.0,1.0
phase5,rain_pilot,precip,3,75,postmonsoon_OND,all,climatology,baseline,False,14040,18,0.3253067000654985,5.214666878503675,9.63460460701392,7.003759373309212,12.075152304514265,5.214666878503675,3.790117428837559,6.769574251414098,59.0,0.0,,0.0,0.0,0.0,0.0,0.0,0.004202279202279203,-0.00196939628955084,-0.012298821084074263,0.04433945351263057,3.0,0.0,,0.0,0.0,0.0,0.0,0.0,0.00021367521367521368,0.012517336900361609,0.004412947055468461,1.0,1.3390341921743953,0.8345180031703554,1.8511460029450084,0.0,1.466762062648162,0.8339293580416585,2.1794342415713004,0.0,0.0,0.0,0.0,1.0
phase5,rain_pilot,precip,3,75,all,dry,trustcast,final,False,14820,26,-0.06451492699406106,0.09139306377430978,1.1284472809071644,0.6282134911674111,1.610819845476729,0.09139306377430978,0.04029636511956081,0.16843953870910766,0.0,,,,,,,,0.0,1.0,1.0,1.0,0.0,,,,,,,,0.0,1.0,1.0,1.0,0.05001503391198936,-0.03793755278863153,0.1441943208161943,0.338,-0.10545601285897205,-0.1376043831513249,-0.07949536533070746,0.0,,,,
phase5,rain_pilot,precip,3,75,all,dry,blend_B,L3B,False,14820,26,0.0673301158373975,0.19684907663328183,1.078432246995175,0.6181143894046396,1.5241444044502939,0.19684907663328183,0.12672158604721606,0.28705182363136733,0.0,,,,,,,,0.0,1.0,1.0,1.0,0.0,,,,,,,,0.0,1.0,1.0,1.0,,,,,,,,,,,,
phase5,rain_pilot,precip,3,75,all,dry,equal_mean,baseline,False,14820,26,0.16892871980984656,0.28931792092687497,1.1522547906890837,0.7230810660053923,1.5799216795893036,0.28931792092687497,0.1960314641168831,0.39865138565020564,0.0,,,,,,,,0.0,1.0,1.0,1.0,0.0,,,,,,,,0.0,1.0,1.0,1.0,0.07382254369390862,0.033317700286929715,0.1455683421726773,0.0,0.09246884429359314,0.06761262463481829,0.12113044862348112,0.0,,,,
phase5,rain_pilot,precip,3,75,all,dry,superensemble,baseline,False,14820,26,-0.8234440641659947,0.9506711789661269,1.4486696558384728,1.1261893703556656,1.8112383794277824,0.9506711789661269,0.858289848370097,1.0558017416733234,0.0,,,,,,,,0.0,1.0,1.0,1.0,0.0,,,,,,,,0.0,1.0,1.0,1.0,0.3702374088432978,0.2470769904223424,0.5707559244900591,0.0,0.7538221023328451,0.6320100980211685,0.8837264918403028,0.0,,,,
phase5,rain_pilot,precip,3,75,all,dry,climatology,baseline,False,14820,26,0.8746413796781292,0.9913508782274493,1.9414482512308155,1.1041579872307783,2.81192677394845,0.9913508782274493,0.6177604536840966,1.563374281983413,0.0,,,,,,,,0.0,1.0,1.0,1.0,0.0,,,,,,,,0.0,1.0,1.0,1.0,0.8630160042356405,0.23788646541107536,1.7205334365266811,0.0,0.7945018015941674,0.44107493723046326,1.3636670193236764,0.0,,,,
phase5,rain_pilot,precip,3,75,all,heavy_rain_risk,trustcast,final,False,1404,3,3.753723570530401,18.021585492624176,26.589337705974724,21.928924101224542,30.802561374849848,18.021585492624176,16.07041548526822,21.488119055636417,309.0,0.6925566343042071,0.33746130030959753,0.5119617224880383,1.0453074433656957,0.4119552831757568,0.20916905444126074,0.5139078887368901,0.1452991452991453,0.300091404822461,0.013558025328701095,0.5068476965179622,74.0,0.08108108108108109,0.3333333333333333,0.07792207792207792,0.12162162162162163,0.07220639973194841,0.0,0.09902803211719961,0.05056980056980057,0.028903459821386535,-0.014920478659463221,0.05863274614241776,-0.5236293913127383,-1.9542354394274106,0.6800625077805798,0.622,0.4460931562757544,-0.7357407462042858,1.5871307547084808,0.566,0.14045155137592813,0.09171508651915031,0.1765699145218394,0.0
phase5,rain_pilot,precip,3,75,all,heavy_rain_risk,blend_B,L3B,False,1404,3,-3.008267067967147,17.57549233634842,27.112967097287463,21.549387673144683,30.122498867069268,17.57549233634842,14.48328473055974,20.226939095009087,309.0,0.39158576051779936,0.25308641975308643,0.3457142857142857,0.5242718446601942,0.2715037317998287,0.03536977491961415,0.33789200660221647,0.1631054131054131,0.21431829266835078,-0.006899039021183828,0.35048233199926737,74.0,0.0,1.0,0.0,0.013513513513513514,-0.0007032482466310608,-0.0015694107575973746,0.0,0.053418803418803416,-0.025806204414028366,-0.033207961551004805,-0.014894157529449892,,,,,,,,,,,,
phase5,rain_pilot,precip,3,75,all,heavy_rain_risk,equal_mean,baseline,False,1404,3,1.0103416795659268,18.96156134866072,27.726443190335317,22.15367873876003,31.688278423161794,18.96156134866072,16.234535871981045,22.341906435978718,309.0,0.5080906148867314,0.3173913043478261,0.4109947643979058,0.7443365695792881,0.32102188463175274,0.13812154696132597,0.3996685146025033,0.16025641025641027,0.22804199061300845,-0.04717500058203128,0.3925806993696852,74.0,0.0,1.0,0.0,0.04054054054054054,-0.0020577276013569877,-0.0030752026838132517,0.0,0.054843304843304845,-0.05316103653173565,-0.05901999046551287,-0.014920478659463221,0.6134760930478542,-0.18602759454077145,1.5657795560925258,0.314,1.3860690123122978,0.6568042012647943,2.1149673409696312,0.0,0.04951815283192407,0.02497362695446123,0.10275177204171182,0.0
phase5,rain_pilot,precip,3,75,all,heavy_rain_risk,superensemble,baseline,False,1404,3,-4.236950330032922,19.34736470368683,29.066374103868615,22.31309045722754,32.53163349044696,19.34736470368683,14.493819448619316,23.337570186608875,309.0,0.2750809061488673,0.2975206611570248,0.2463768115942029,0.39158576051779936,0.18333926186433283,0.0,0.2722996413241606,0.18518518518518517,0.10795963359725413,-0.14586694027474123,0.2843277547028964,74.0,0.0,1.0,0.0,0.013513513513513514,-0.0007032482466310608,-0.0015694107575973746,0.0,0.053418803418803416,-0.025806204414028366,-0.033207961551004805,-0.014894157529449892,1.953407006581152,0.7637027840828559,2.409134623377689,0.0,1.771872367338407,0.010534718059576065,3.110631091599789,0.0,-0.08816446993549584,-0.12114665622424312,-0.03536977491961415,0.0
phase5,rain_pilot,precip,3,75,all,heavy_rain_risk,climatology,baseline,False,1404,3,-28.799965427981483,30.064068077126798,47.54370081592582,31.396855910314653,54.362257401521255,30.064068077126798,17.01137958619839,37.03925812187103,309.0,0.0,,0.0,0.0,0.0,0.0,0.0,0.22008547008547008,-0.06015566622480173,-0.08608257817345022,-0.04644513177895826,74.0,0.0,,0.0,0.0,0.0,0.0,0.0,0.05270655270655271,-0.012128788355174613,-0.014920478659463221,-0.010247784627649192,20.430733718638354,9.84746823716997,27.135570900945186,0.0,12.488575740778376,2.528094855638651,19.90624705162377,0.0,-0.2715037317998287,-0.33789200660221647,-0.03536977491961415,0.0
phase5,rain_pilot,precip,3,75,all,monsoon_active,trustcast,final,False,3120,9,3.026412870540345,14.102160258210326,23.172895707361402,18.04429975254507,26.269073366197627,14.102160258210326,10.788374617545019,16.426096589675826,263.0,0.44866920152091255,0.6253968253968254,0.2565217391304348,1.1977186311787071,0.21097640782191068,0.007136646472746545,0.3222190313292079,0.10961538461538461,-0.49745992215164714,-1.566161308111163,-0.1374288453800275,57.0,0.12280701754385964,0.8,0.08235294117647059,0.6140350877192983,0.07539750384681143,0.0,0.10909653650695395,0.025,-0.4142798659047109,-0.7392433610261768,0.036425050759856914,1.92333638660876,-2.0723980785762155,4.68242575205655,0.338,1.1195269100905705,-1.0566376522518994,2.6234288891005786,0.308,0.0703766500308938,0.0033574476307809903,0.11216786864450874,0.036
phase5,rain_pilot,precip,3,75,all,monsoon_active,blend_B,L3B,False,3120,9,-1.0847791904392532,12.982633348119755,21.249559320752642,16.190024003881224,25.858197249107526,12.982633348119755,10.379987277087839,15.033128098406996,263.0,0.16730038022813687,0.2903225806451613,0.15658362989323843,0.23574144486692014,0.14059975779101688,0.0,0.24541583265561293,0.07596153846153846,-0.03771345482438693,-0.17069841723088724,0.05402204591146853,57.0,0.0,,0.0,0.0,0.0,0.0,0.0,0.01826923076923077,-0.03351220969959634,-0.046086248493096955,0.036425050759856914,,,,,,,,,,,,
phase5,rain_pilot,precip,3,75,all,monsoon_active,equal_mean,baseline,False,3120,9,1.4937029112703526,14.38711318382277,22.04812638916352,16.76661966613898,26.416299069949115,14.38711318382277,11.51723831631714,16.705370575216453,263.0,0.21292775665399238,0.37777777777777777,0.18855218855218855,0.34220532319391633,0.16728130502674507,0.0,0.28051835834088445,0.07724358974358975,-0.05522760596066356,-0.17069841723088724,0.02258425897660725,57.0,0.0,1.0,0.0,0.03508771929824561,-0.000619679723427155,-0.0014646340710164974,0.0,0.01891025641025641,-0.06977579600484529,-0.1054796224376392,0.036425050759856914,0.798567068410879,-0.006851175730375479,1.5121493490160445,0.054,1.4044798357030146,0.6078352977473952,2.105710715401228,0.0,0.026681547235728187,0.0,0.03637909554513589,0.694
phase5,rain_pilot,precip,3,75,all,monsoon_active,superensemble,baseline,False,3120,9,1.0293810495378402,14.75559219238587,22.437045562661634,17.293643585169868,25.852771638943114,14.75559219238587,11.77519049666175,16.966671393188047,263.0,0.10266159695817491,0.46,0.0944055944055944,0.19011406844106463,0.08086035692755666,0.0,0.1363808895828508,0.08301282051282051,-0.1340412860739082,-0.1727971936243065,-0.05029518687820327,57.0,0.0,1.0,0.0,0.017543859649122806,-0.000315085985307043,-0.0007503199942269934,0.0,0.01858974358974359,-0.05164400285222093,-0.07420590628536314,0.036425050759856914,1.1874862419089922,-0.8014582283247957,2.3862008439245193,0.21,1.7729588442661157,0.44295395498480283,2.5304778020773777,0.014,-0.05973940086346022,-0.11077937898820499,0.022356443735458982,0.694
phase5,rain_pilot,precip,3,75,all,monsoon_active,climatology,baseline,False,3120,9,-10.603856897487855,14.131196459955895,26.18079314340426,17.452002291674063,32.060922802997204,14.131196459955895,9.502414163079235,17.916713575685087,263.0,0.0,,0.0,0.0,0.0,0.0,0.0,0.0842948717948718,-0.15155543721018483,-0.18595689431855691,-0.05029518687820327,57.0,0.0,,0.0,0.0,0.0,0.0,0.0,0.01826923076923077,-0.03351220969959634,-0.046086248493096955,0.036425050759856914,4.931233822651617,0.6243182631885558,7.958228728229801,0.026,1.1485631118361397,-1.2889825391626126,3.0780890442748987,0.34,-0.14059975779101688,-0.24541583265561293,0.0,0.694
phase5,rain_pilot,precip,3,75,all,monsoon_break,trustcast,final,False,5772,14,-2.2528624813264715,2.5387547139729594,5.874243539885706,4.37755665628017,7.358293148708253,2.5387547139729594,1.6445401434672915,3.6010791439301806,3.0,0.0,,0.0,0.0,0.0,0.0,0.0,0.0005197505197505198,0.7741030108327657,0.5854358858153802,1.0,0.0,,,,,,,,0.0,1.0,1.0,1.0,0.7959055952017167,0.4717672086382429,1.0615276435355685,0.0,0.029195724298923142,-0.2929993736021324,0.3864504405809806,0.894,0.0,0.0,0.0,1.0
phase5,rain_pilot,precip,3,75,all,monsoon_break,blend_B,L3B,False,5772,14,-0.6702418509692454,2.5095589896740362,5.078337944683989,3.850944827998558,6.362287407264525,2.5095589896740362,1.898161437359811,3.215944251182841,3.0,0.0,,0.0,0.0,0.0,0.0,0.0,0.0005197505197505198,0.7741030108327657,0.5854358858153802,1.0,0.0,,,,,,,,0.0,1.0,1.0,1.0,,,,,,,,,,,,
phase5,rain_pilot,precip,3,75,all,monsoon_break,equal_mean,baseline,False,5772,14,-0.12925912680616505,2.747579248272975,5.072406126249229,3.9914229140442217,6.234108578545809,2.747579248272975,2.1832721874436842,3.364412296689996,3.0,0.0,,0.0,0.0,0.0,0.0,0.0,0.0005197505197505198,0.7741030108327657,0.5854358858153802,1.0,0.0,,,,,,,,0.0,1.0,1.0,1.0,-0.0059318184347603164,-0.13488989208601496,0.16119144838760827,0.976,0.23802025859893883,0.14077585751499425,0.31150554545242787,0.0,0.0,0.0,0.0,1.0
phase5,rain_pilot,precip,3,75,all,monsoon_break,superensemble,baseline,False,5772,14,-0.7178654639087606,2.6454896794273464,5.1283771248878764,3.9184378381257097,6.404872968163483,2.6454896794273464,2.012783530767201,3.386120482460108,3.0,0.0,,0.0,0.0,0.0,0.0,0.0,0.0005197505197505198,0.7741030108327657,0.5854358858153802,1.0,0.0,,,,,,,,0.0,1.0,1.0,1.0,0.05003918020388731,-0.059470783468797084,0.15277753009191444,0.398,0.13593068975331013,0.06490647397458611,0.21154177041561276,0.0,0.0,0.0,0.0,1.0
phase5,rain_pilot,precip,3,75,all,monsoon_break,climatology,baseline,False,5772,14,6.192227208089762,7.09543276235864,9.466555511927748,8.672133661877648,10.353112816588167,7.09543276235864,6.53681536918651,7.747911076946751,3.0,0.0,,0.0,0.0,0.0,0.0,0.0,0.0005197505197505198,0.7741030108327657,0.5854358858153802,1.0,0.0,,,,,,,,0.0,1.0,1.0,1.0,4.388217567243759,2.8071541169276664,6.1135244399233954,0.0,4.585873772684604,3.543449325200616,5.590273380402849,0.0,0.0,0.0,0.0,1.0
phase5,rain_pilot,precip,3,75,all,monsoon_normal,trustcast,final,False,10140,22,-3.5423337776109296,6.629599986869933,12.642756447131763,9.704156925869217,15.865445511693595,6.629599986869933,5.200069096246503,8.304408917462936,192.0,0.057291666666666664,0.45,0.05472636815920398,0.10416666666666667,0.0529420439463206,-0.0005552626629300383,0.16826067894363272,0.01873767258382643,-0.08747209724096372,-0.14948668065391543,0.07492997514385794,9.0,0.0,,0.0,0.0,0.0,0.0,0.0,0.0008875739644970414,0.06872068477502913,0.006415901849436028,1.0,0.09885662332649048,-0.1413813949605091,0.41297105424262576,0.434,-0.2803981530836568,-0.5558281586331915,0.017112667583377386,0.068,0.0529420439463206,-0.0005552626629300383,0.16826067894363272,0.216
phase5,rain_pilot,precip,3,75,all,monsoon_normal,blend_B,L3B,False,10140,22,-2.167917088660204,6.90999813995359,12.543899823805273,9.592389719429812,15.906207404086777,6.90999813995359,5.597959073624192,8.601950935058731,192.0,0.0,,0.0,0.0,0.0,0.0,0.0,0.01893491124260355,-0.09891917194876321,-0.15401617232254278,0.05940482624260207,9.0,0.0,,0.0,0.0,0.0,0.0,0.0,0.0008875739644970414,0.06872068477502913,0.006415901849436028,1.0,,,,,,,,,,,,
phase5,rain_pilot,precip,3,75,all,monsoon_normal,equal_mean,baseline,False,10140,22,-1.124435556221926,7.224650782679852,12.438062429062185,9.674266743945488,15.54831899904641,7.224650782679852,6.0342699025158755,8.788829985490617,192.0,0.0,,0.0,0.0,0.0,0.0,0.0,0.01893491124260355,-0.09891917194876321,-0.15401617232254278,0.05940482624260207,9.0,0.0,,0.0,0.0,0.0,0.0,0.0,0.0008875739644970414,0.06872068477502913,0.006415901849436028,1.0,-0.10583739474308729,-0.3442302435757671,0.1757339525394192,0.49,0.31465264272626214,0.13404995749538853,0.49453536389010394,0.002,0.0,0.0,0.0,1.0
phase5,rain_pilot,precip,3,75,all,monsoon_normal,superensemble,baseline,False,10140,22,-1.3023145452184826,7.2148829771371465,12.511130837196255,9.846908717575165,15.271754851078834,7.2148829771371465,5.91182180847787,8.699329722599018,192.0,0.0,,0.0,0.0,0.0,0.0,0.0,0.01893491124260355,-0.09891917194876321,-0.15401617232254278,0.05940482624260207,9.0,0.0,,0.0,0.0,0.0,0.0,0.0,0.0008875739644970414,0.06872068477502913,0.006415901849436028,1.0,-0.0327689866090175,-0.6741734227204655,0.7011450205428884,0.986,0.30488483718355663,-0.06292175340630952,0.7479069262735717,0.1,0.0,0.0,0.0,1.0
phase5,rain_pilot,precip,3,75,all,monsoon_normal,climatology,baseline,False,10140,22,-0.588366428943428,8.021336474723718,13.35488953363108,10.788701958584507,16.3887961066209,8.021336474723718,6.8528032713001314,9.43413250513269,192.0,0.0,,0.0,0.0,0.0,0.0,0.0,0.01893491124260355,-0.09891917194876321,-0.15401617232254278,0.05940482624260207,9.0,0.0,,0.0,0.0,0.0,0.0,0.0,0.0008875739644970414,0.06872068477502913,0.006415901849436028,1.0,0.8109897098258081,0.05931127733216224,1.7012939996772556,0.034,1.111338334770128,0.6039554542103004,1.6313658827480022,0.0,0.0,0.0,0.0,1.0
phase5,rain_pilot,precip,3,75,all,wet_spell,trustcast,final,False,21372,36,-1.4061589039938722,4.222878972013151,9.522874233668436,8.035856098923656,10.972800067893418,4.222878972013151,3.315493599541489,5.195985373680126,103.0,0.0,1.0,0.0,0.05825242718446602,-0.00026535791114374414,-0.0006132833805227038,0.0,0.005100131012539771,-0.07120621228662682,-0.19833043746606607,-0.004735755512542551,4.0,0.0,,0.0,0.0,0.0,0.0,0.0,0.00018716077110237696,0.011931101200012728,0.005208257154596385,0.05877887335121935,0.6195040049976512,0.3378650566970328,0.8701334926351569,0.0,-0.366940271883057,-0.5451718378578572,-0.17898844698904617,0.0,-0.00026535791114374414,-0.0006132833805227038,0.0,0.068
phase5,rain_pilot,precip,3,75,all,wet_spell,blend_B,L3B,False,21372,36,-0.19837470766146562,4.589819243896208,8.903370228670784,7.563554903765954,10.246056933557714,4.589819243896208,3.7987751584877962,5.453770415576981,103.0,0.0,,0.0,0.0,0.0,0.0,0.0,0.004819389855886206,-0.012240732711216173,-0.027896314023546503,0.015407019063522234,4.0,0.0,,0.0,0.0,0.0,0.0,0.0,0.00018716077110237696,0.011931101200012728,0.005208257154596385,0.05877887335121935,,,,,,,,,,,,
phase5,rain_pilot,precip,3,75,all,wet_spell,equal_mean,baseline,False,21372,36,0.8140282836851277,5.120562833766555,9.04667874330084,7.7477231382389915,10.341954343976637,5.120562833766555,4.303974131046828,5.992622280421517,103.0,0.0,,0.0,0.0,0.0,0.0,0.0,0.004819389855886206,-0.012240732711216173,-0.027896314023546503,0.015407019063522234,4.0,0.0,,0.0,0.0,0.0,0.0,0.0,0.00018716077110237696,0.011931101200012728,0.005208257154596385,0.05877887335121935,0.14330851463005523,0.03321641532219251,0.2693744766731257,0.012,0.5307435898703465,0.44672471389524676,0.6218423396531546,0.0,0.0,0.0,0.0,1.0
phase5,rain_pilot,precip,3,75,all,wet_spell,superensemble,baseline,False,21372,36,-0.09756891600033338,4.835975384964085,8.989468441522506,7.644688119347008,10.33247268881718,4.835975384964085,4.007429618428928,5.690894366163368,103.0,0.0,,0.0,0.0,0.0,0.0,0.0,0.004819389855886206,-0.012240732711216173,-0.027896314023546503,0.015407019063522234,4.0,0.0,,0.0,0.0,0.0,0.0,0.0,0.00018716077110237696,0.011931101200012728,0.005208257154596385,0.05877887335121935,0.08609821285172181,-0.0761053327096225,0.30563966588068703,0.424,0.24615614106787653,0.09515611882184279,0.42085951654619985,0.0,0.0,0.0,0.0,1.0
phase5,rain_pilot,precip,3,75,all,wet_spell,climatology,baseline,False,21372,36,-0.9079694652219775,5.375908042303695,10.119685473764944,8.333954184126602,11.829569768452322,5.375908042303695,4.4656308993448715,6.279927934453436,103.0,0.0,,0.0,0.0,0.0,0.0,0.0,0.004819389855886206,-0.012240732711216173,-0.027896314023546503,0.015407019063522234,4.0,0.0,,0.0,0.0,0.0,0.0,0.0,0.00018716077110237696,0.011931101200012728,0.005208257154596385,0.05877887335121935,1.21631524509416,0.6580644252500056,1.8709018569411058,0.0,0.7860887984074862,0.3828249525942452,1.2428254590519168,0.0,0.0,0.0,0.0,1.0
phase5,rain_pilot,precip,4,99,all,all,trustcast,final,False,56784,74,-1.2113600326348277,4.393880483120936,10.976145294511609,9.10132044121965,12.588207985368305,4.393880483120936,3.4191599359052494,5.403941745273325,870.0,0.3632183908045977,0.5386861313868613,0.255044390637611,0.7873563218390804,0.24868028587276508,0.03737242172830235,0.3510774993706585,0.016254578754578756,-0.13989960058202255,-0.5020596451906326,0.1165671190567725,144.0,0.04861111111111111,0.78125,0.04142011834319527,0.2222222222222222,0.04095961087118615,0.0,0.07408978986291462,0.002852916314454776,-0.13718866541911523,-0.3358866430353742,0.012852594072019443,0.5306348841874495,0.018381264364502634,1.1272695990891621,0.044,-0.11399025786750272,-0.29185407162149657,0.08481283307522688,0.206,0.11431168275524814,0.03740666561410874,0.16309428646122195,0.0
phase5,rain_pilot,precip,4,99,all,all,blend_B,L3B,False,56784,74,-0.7520243553966887,4.507870740988439,10.44551041032416,8.585399541189163,12.126523842070364,4.507870740988439,3.585564133733165,5.459609380382,870.0,0.14597701149425288,0.30978260869565216,0.13700107874865156,0.21149425287356322,0.13436860311751694,-1.7486895308641154e-05,0.19656716784628844,0.014088475626937165,0.012004679885570968,-0.07846530102047543,0.09194422257210057,144.0,0.0,,0.0,0.0,0.0,0.0,0.0,0.00253592561284869,-0.010834369261435661,-0.02588506179842919,0.016889868867588403,,,,,,,,,,,,
phase5,rain_pilot,precip,4,99,all,all,equal_mean,baseline,False,56784,74,0.20378519176032586,4.953358052026159,10.592276484404293,8.756241958000247,12.2712615426156,4.953358052026159,3.99199753824357,5.96294212099473,870.0,0.20229885057471264,0.39100346020761245,0.1790437436419125,0.332183908045977,0.1753290904738443,0.012600085203033835,0.2565379418619613,0.014211749788672866,0.0033597208345697016,-0.1266371586401152,0.1307426940847097,144.0,0.0,1.0,0.0,0.006944444444444444,-1.748944803302008e-05,-5.2420187296179715e-05,0.0,0.002553536207382361,-0.017854052381306884,-0.029222003266430662,0.016356832359790133,0.14676607408013354,-0.07135430593061746,0.41364024902684904,0.202,0.44548731103772,0.33757486218495886,0.5736208583618763,0.0,0.040960487356327346,0.010739642662546822,0.07049264281941083,0.012
phase5,rain_pilot,precip,4,99,all,all,superensemble,baseline,False,56784,74,-0.5828144419635584,4.971916029048831,10.716911194913884,8.820019413736029,12.472562342899142,4.971916029048831,4.031835993266054,5.954108504258327,870.0,0.09195402298850575,0.42857142857142855,0.08602150537634409,0.16091954022988506,0.08390861406501603,0.001970985013143636,0.12740082733368321,0.014969005353620739,-0.04974502762158095,-0.12704399390275536,0.037814426856683334,144.0,0.0,,0.0,0.0,0.0,0.0,0.0,0.00253592561284869,-0.010834369261435661,-0.02588506179842919,0.016889868867588403,0.2714007845897246,0.0067402803670207284,0.5223648383494159,0.048,0.464045288060392,0.3376694259840135,0.6054948580682474,0.0,-0.05045998905250092,-0.07951595780935997,0.0019898652449408805,0.102
phase5,rain_pilot,precip,4,99,all,all,climatology,baseline,False,56784,74,-0.8823648475542832,5.956935382759906,13.192310957365033,10.1535735900461,16.153445820854873,5.956935382759906,4.790407041573725,7.17892195413993,870.0,0.0,,0.0,0.0,0.0,0.0,0.0,0.015321217244294168,-0.07444491062444158,-0.1174439098210941,-0.016511179971189945,144.0,0.0,,0.0,0.0,0.0,0.0,0.0,0.00253592561284869,-0.010834369261435661,-0.02588506179842919,0.016889868867588403,2.7468005470408734,1.214948932919552,4.3992991103151935,0.0,1.449064641771467,0.961154075794642,2.0051536725584853,0.0,-0.13436860311751694,-0.19656716784628844,1.7486895308641154e-05,0.102
phase5,rain_pilot,precip,4,99,winter_JF,all,trustcast,final,False,9204,13,0.2721429060535282,0.4417516506668655,2.677112611796955,1.2911430706241156,3.8294626531613005,0.4417516506668655,0.12339719511522355,0.8387437569301929,0.0,,,,,,,,0.0,1.0,1.0,1.0,0.0,,,,,,,,0.0,1.0,1.0,1.0,1.2464454337860391,0.4387004198681676,2.0396567140796398,0.004,0.06571419973309806,-0.057639794849638694,0.23634687109960117,0.534,,,,
phase5,rain_pilot,precip,4,99,winter_JF,all,blend_B,L3B,False,9204,13,0.20431975638728894,0.37603745093376745,1.430667178010916,0.8113056945948639,1.9085722657489186,0.37603745093376745,0.1662159865928429,0.5947166108633644,0.0,,,,,,,,0.0,1.0,1.0,1.0,0.0,,,,,,,,0.0,1.0,1.0,1.0,,,,,,,,,,,,
phase5,rain_pilot,precip,4,99,winter_JF,all,equal_mean,baseline,False,9204,13,0.45385820056338244,0.5903373358892482,1.8283437069005775,1.0814397943925675,2.454809377211112,0.5903373358892482,0.2646904652047524,0.9658150492430319,0.0,,,,,,,,0.0,1.0,1.0,1.0,0.0,,,,,,,,0.0,1.0,1.0,1.0,0.39767652888966154,0.15563437517361672,0.6577124562511361,0.0,0.21429988495548075,0.0971572991444833,0.36168581704562375,0.0,,,,
phase5,rain_pilot,precip,4,99,winter_JF,all,superensemble,baseline,False,9204,13,-0.5546715916589567,0.9916493387644543,1.6355507622749474,1.1245042169390356,2.0813478101132215,0.9916493387644543,0.8587025710280475,1.1496750161535294,0.0,,,,,,,,0.0,1.0,1.0,1.0,0.0,,,,,,,,0.0,1.0,1.0,1.0,0.20488358426403153,0.15117622469444342,0.33633073470826347,0.0,0.6156118878306869,0.523351989415205,0.7033880262472428,0.0,,,,
phase5,rain_pilot,precip,4,99,winter_JF,all,climatology,baseline,False,9204,13,0.1858050155611033,0.4651372275332022,1.3263419105702425,0.6529417220218272,1.998758054629059,0.4651372275332022,0.3679701290729745,0.6153422390991419,0.0,,,,,,,,0.0,1.0,1.0,1.0,0.0,,,,,,,,0.0,1.0,1.0,1.0,-0.10432526744067339,-0.5406919058131849,0.23951142611743667,0.624,0.08909977659943474,-0.11275186199391989,0.25247730407649127,0.386,,,,
phase5,rain_pilot,precip,4,99,premonsoon_MAM,all,trustcast,final,False,14352,19,-1.6517236320302182,4.543936987798071,11.375112239449182,7.434250443035558,14.914044570948874,4.543936987798071,2.817995088601159,6.636334104071549,353.0,0.5722379603399433,0.3525641025641026,0.43628509719222464,0.8838526912181303,0.42678443542611605,0.0,0.49521709245045253,0.018185618729096988,0.2196036548679826,-0.01477571847317537,0.3777463024940854,75.0,0.02666666666666667,0.7142857142857143,0.025,0.09333333333333334,0.024553974042269538,0.0,0.0396181714424058,0.005434782608695652,-0.052228619310140445,-0.05834119900454497,0.004468095444562152,-0.14367756803877008,-0.9083492013665546,0.5459930208041619,0.808,-0.4023919466296597,-0.6522273864331195,-0.1660334549343052,0.0,0.20480377232359348,0.0,0.24093477264929222,0.078
phase5,rain_pilot,precip,4,99,premonsoon_MAM,all,blend_B,L3B,False,14352,19,-1.1655725688813747,4.946328934427731,11.518789807487952,7.0453085741278425,15.509840974902122,4.946328934427731,3.2714559511764647,7.124278879099757,353.0,0.24929178470254956,0.2727272727272727,0.22797927461139897,0.34277620396600567,0.22198066310252257,0.0,0.25377612850752784,0.020763656633221852,0.10897275536650886,-0.027538921502111152,0.17882913689793242,75.0,0.0,,0.0,0.0,0.0,0.0,0.0,0.005225752508361204,-0.011758287798211864,-0.01463507777388361,0.004468095444562152,,,,,,,,,,,,
phase5,rain_pilot,precip,4,99,premonsoon_MAM,all,equal_mean,baseline,False,14352,19,0.00739771700161156,5.402500926920971,11.510279013827017,7.1378025627184565,15.364343900795939,5.402500926920971,3.680644601216531,7.6005052958604,353.0,0.3654390934844193,0.31746031746031744,0.31234866828087166,0.5354107648725213,0.30452053258857065,0.0,0.35744822194052356,0.019788182831661092,0.15083309571841785,-0.024076195847812065,0.2604381607311556,75.0,0.0,1.0,0.0,0.013333333333333334,-6.876462967496336e-05,-0.00020531721509732537,0.0,0.005295429208472687,-0.025248398302188058,-0.0328287542025201,0.004468095444562152,-0.008510793660935434,-0.35362375011062613,0.3504384737379784,0.946,0.4561719924932399,0.28923136768652846,0.6490653048568098,0.0,0.08253986948604808,0.0,0.12421560299158253,0.078
phase5,rain_pilot,precip,4,99,premonsoon_MAM,all,superensemble,baseline,False,14352,19,-1.445038680707361,5.275836841945553,12.15310659769958,7.152050504660823,16.51830180148157,5.275836841945553,3.413483930824838,7.791116260061821,353.0,0.1388101983002833,0.379746835443038,0.1279373368146214,0.2237960339943343,0.12349054083532626,0.0,0.16433088635292253,0.023272017837235228,0.0013318801758858134,-0.17248916726582053,0.10232253474556591,75.0,0.0,,0.0,0.0,0.0,0.0,0.0,0.005225752508361204,-0.011758287798211864,-0.01463507777388361,0.004468095444562152,0.6343167902116278,-0.0035887439322383795,1.078042785259997,0.052,0.3295079075178222,0.07662833164885448,0.643521196095042,0.006,-0.0984901222671963,-0.13335625455175154,0.0,0.27
phase5,rain_pilot,precip,4,99,premonsoon_MAM,all,climatology,baseline,False,14352,19,-3.703702972193717,6.570556874256145,16.89916120802384,7.555582415561501,24.509081202695466,6.570556874256145,3.6807174180154325,10.588711796820368,353.0,0.0,,0.0,0.0,0.0,0.0,0.0,0.0245958751393534,-0.05547858173027631,-0.07967539180049202,0.0024043244649743136,75.0,0.0,,0.0,0.0,0.0,0.0,0.0,0.005225752508361204,-0.011758287798211864,-0.01463507777388361,0.004468095444562152,5.380371400535889,0.3840860612533231,9.0977757308209,0.004,1.6242279398284136,0.3417756082212701,3.4926764211429053,0.0,-0.22198066310252257,-0.25377612850752784,0.0,0.27
phase5,rain_pilot,precip,4,99,monsoon_JJAS,all,trustcast,final,False,19032,25,-1.9690590287914636,6.843981390759523,14.012580115644868,10.95398675382203,16.758660691516987,6.843981390759523,5.028454460766605,8.645107240103764,458.0,0.2445414847161572,0.6827195467422096,0.16022889842632332,0.7707423580786026,0.14989772247017774,0.008555718531789288,0.257611282597438,0.030842791088692728,-0.4097554891311872,-0.84318549744467,-0.08048929748182265,66.0,0.07575757575757576,0.8,0.05813953488372093,0.3787878787878788,0.0571890927905415,0.0,0.08939455199801465,0.004255989911727617,-0.24062049822975196,-0.4623157658329013,0.0816062897733602,0.8338405674078722,-0.10728747956188668,1.8617075319613452,0.116,0.07378004891903878,-0.3215628189459745,0.5114094308387168,0.782,0.07188486894070616,0.008557027220530759,0.10495229084056805,0.01
phase5,rain_pilot,precip,4,99,monsoon_JJAS,all,blend_B,L3B,False,19032,25,-1.4093000425050948,6.770201341840484,13.178739548236996,10.39330033379134,15.674929425693918,6.770201341840484,5.199030525344324,8.330602228779455,458.0,0.0851528384279476,0.38095238095238093,0.08091286307053942,0.13755458515283842,0.07801285352947158,-0.0001523578957101543,0.16694306067810574,0.023276586801176963,-0.06392109316033379,-0.12550646931444914,0.028614033276517802,66.0,0.0,,0.0,0.0,0.0,0.0,0.0,0.0034678436317780582,-0.010875961520538713,-0.031168424875190615,0.0816062897733602,,,,,,,,,,,,
phase5,rain_pilot,precip,4,99,monsoon_JJAS,all,equal_mean,baseline,False,19032,25,-0.2501246381472536,7.281532417887003,13.432908667992379,10.574686088145254,16.12754578560733,7.281532417887003,5.603128664013704,9.066711029173515,458.0,0.10262008733624454,0.53,0.09197651663405088,0.2183406113537118,0.08768009097941723,0.0,0.1760122597163805,0.02437999159310635,-0.1143552759060833,-0.1737675614143259,0.018261197351083974,66.0,0.0,,0.0,0.0,0.0,0.0,0.0,0.0034678436317780582,-0.010875961520538713,-0.031168424875190615,0.0816062897733602,0.2541691197553835,-0.14103606670632277,0.7390750500866982,0.382,0.5113310760465186,0.27818817932176904,0.8078145517400511,0.0,0.009667237449945645,0.0,0.011545830617106179,0.244
phase5,rain_pilot,precip,4,99,monsoon_JJAS,all,superensemble,baseline,False,19032,25,-0.5194408153323107,7.1979483476748305,13.315905889882117,10.44159348176996,15.917374683494677,7.1979483476748305,5.4524850459799525,8.952008341746561,458.0,0.06768558951965066,0.4918032786885246,0.06352459016393443,0.1331877729257642,0.06069908694449202,0.0,0.12516697133480106,0.024012189995796553,-0.09754388165750005,-0.14210942692324474,0.00946834686556955,66.0,0.0,,0.0,0.0,0.0,0.0,0.0,0.0034678436317780582,-0.010875961520538713,-0.031168424875190615,0.0816062897733602,0.13716634164512165,-0.3592237280445239,0.5480452838934162,0.61,0.42774700583434644,0.13460069302171268,0.723507356059237,0.002,-0.017313766584979566,-0.04143097894452475,0.0090713315361971,0.744
phase5,rain_pilot,precip,4,99,monsoon_JJAS,all,climatology,baseline,False,19032,25,-0.17384056665375985,8.742146002159256,15.315643011018315,12.15239234163763,18.461300334295082,8.742146002159256,7.537994335578829,10.087776793223055,458.0,0.0,,0.0,0.0,0.0,0.0,0.0,0.024064733081126524,-0.09994550940729763,-0.14776305397210882,0.018783259572529173,66.0,0.0,,0.0,0.0,0.0,0.0,0.0,0.0034678436317780582,-0.010875961520538713,-0.031168424875190615,0.0816062897733602,2.1369034627813193,0.900831743693016,3.38153185918779,0.0,1.9719446603187718,1.2241584772614442,2.8223863411873276,0.0,-0.07801285352947158,-0.16694306067810577,0.0001523578957101543,0.744
phase5,rain_pilot,precip,4,99,postmonsoon_OND,all,trustcast,final,False,14196,19,-0.712172611834031,3.5197935815010046,9.12138187568235,6.5991873150064615,11.244885653236558,3.5197935815010046,1.9840451827090941,5.14191509248747,59.0,0.03389830508474576,0.9,0.025974025974025976,0.3389830508474576,0.024921422239154806,-0.0014945667755990088,0.0973561369382065,0.005283178360101437,-0.27368069143574925,-1.264291225869818,-0.004227388914226205,3.0,0.0,,0.0,0.0,0.0,0.0,0.0,0.00021132713440405747,0.012520661758318563,0.004759666668104459,1.0,0.8677450263041049,0.3898811964882172,1.487606563093482,0.0,-0.19066701677162579,-0.4648191381859088,0.10749247339395854,0.186,0.024921422239154806,-0.0014945667755990088,0.0973561369382065,0.746
phase5,rain_pilot,precip,4,99,postmonsoon_OND,all,blend_B,L3B,False,14196,19,-0.07279614800589736,3.7104605982726304,8.253636849378244,5.8790594309787,10.207721598091984,3.7104605982726304,2.268688222026673,5.1488322012517,59.0,0.0,,0.0,0.0,0.0,0.0,0.0,0.004156100309946464,-0.0019621439294561505,-0.01268398294189384,0.04899662637097866,3.0,0.0,,0.0,0.0,0.0,0.0,0.0,0.00021132713440405747,0.012520661758318563,0.004759666668104459,1.0,,,,,,,,,,,,
phase5,rain_pilot,precip,4,99,postmonsoon_OND,all,equal_mean,baseline,False,14196,19,0.8487339764542388,4.206762503968271,8.412068037158573,6.192447204803995,10.30795424711349,4.206762503968271,2.7129019944529214,5.671162953515809,59.0,0.0,,0.0,0.0,0.0,0.0,0.0,0.004156100309946464,-0.0019621439294561505,-0.01268398294189384,0.04899662637097866,3.0,0.0,,0.0,0.0,0.0,0.0,0.0,0.00021132713440405747,0.012520661758318563,0.004759666668104459,1.0,0.1584311877803284,-0.039480420513111715,0.4554198780068218,0.126,0.4963019056956406,0.33632659768426654,0.6954745759816932,0.0,0.0,0.0,0.0,1.0
phase5,rain_pilot,precip,4,99,postmonsoon_OND,all,superensemble,baseline,False,14196,19,0.1856758805358495,4.2609168759489195,8.404554191282624,6.1753014781484685,10.354587271982142,4.2609168759489195,2.892521329824273,5.657349717116581,59.0,0.0,,0.0,0.0,0.0,0.0,0.0,0.004156100309946464,-0.0019621439294561505,-0.01268398294189384,0.04899662637097866,3.0,0.0,,0.0,0.0,0.0,0.0,0.0,0.00021132713440405747,0.012520661758318563,0.004759666668104459,1.0,0.1509173419043801,-0.04811110814538346,0.4809215859746967,0.226,0.5504562776762891,0.34587223093603364,0.8068149888822194,0.0,0.0,0.0,0.0,1.0
phase5,rain_pilot,precip,4,99,postmonsoon_OND,all,climatology,baseline,False,14196,19,0.3275376059968842,5.163168551704971,9.581794210909418,6.977618642221833,11.86313257944571,5.163168551704971,3.724651641214293,6.5335778238950235,59.0,0.0,,0.0,0.0,0.0,0.0,0.0,0.004156100309946464,-0.0019621439294561505,-0.01268398294189384,0.04899662637097866,3.0,0.0,,0.0,0.0,0.0,0.0,0.0,0.00021132713440405747,0.012520661758318563,0.004759666668104459,1.0,1.328157361531174,0.7245755080307728,1.862970166029545,0.0,1.4527079534323408,0.8222872716988084,2.109792101999328,0.0,0.0,0.0,0.0,1.0
phase5,rain_pilot,precip,4,99,all,dry,trustcast,final,False,14352,27,-0.07172809910419041,0.08299836478496662,1.0631702879277656,0.5883744543574911,1.5081449783122747,0.08299836478496662,0.03881836226771951,0.14006286627631623,0.0,,,,,,,,0.0,1.0,1.0,1.0,0.0,,,,,,,,0.0,1.0,1.0,1.0,0.024390083336996993,-0.040285667870915566,0.08504150075774884,0.57,-0.10823480207014215,-0.14236582148128776,-0.07813352798283885,0.0,,,,
phase5,rain_pilot,precip,4,99,all,dry,blend_B,L3B,False,14352,27,0.062362283701135085,0.19123316685510877,1.0387802045907686,0.6293007350094176,1.4568338804608498,0.19123316685510877,0.1292141679892281,0.2652536671566132,0.0,,,,,,,,0.0,1.0,1.0,1.0,0.0,,,,,,,,0.0,1.0,1.0,1.0,,,,,,,,,,,,
phase5,rain_pilot,precip,4,99,all,dry,equal_mean,baseline,False,14352,27,0.17566047802245496,0.2922238761455913,1.0954744558761045,0.7224804135486496,1.4863754908235889,0.2922238761455913,0.20513055016832238,0.3920124264291374,0.0,,,,,,,,0.0,1.0,1.0,1.0,0.0,,,,,,,,0.0,1.0,1.0,1.0,0.056694251285335895,0.02129134065219007,0.11291665762771705,0.0,0.10099070929048254,0.07472494302206532,0.13163308912078264,0.0,,,,
phase5,rain_pilot,precip,4,99,all,dry,superensemble,baseline,False,14352,27,-0.7353717080378934,0.8535838541755235,1.309683986922647,1.0143631104385622,1.6463242324741088,0.8535838541755235,0.8103888854836556,0.8995316784546499,0.0,,,,,,,,0.0,1.0,1.0,1.0,0.0,,,,,,,,0.0,1.0,1.0,1.0,0.2709037823318785,0.190076402607665,0.40398076453463033,0.0,0.6623506873204148,0.5829168445597719,0.7368982286589527,0.0,,,,
phase5,rain_pilot,precip,4,99,all,dry,climatology,baseline,False,14352,27,0.9381351028913616,1.0516653960845703,2.080424501758117,1.1736623947066902,3.0485727311209843,1.0516653960845703,0.6181751097872937,1.7316007250357381,0.0,,,,,,,,0.0,1.0,1.0,1.0,0.0,,,,,,,,0.0,1.0,1.0,1.0,1.0416442971673485,0.28735050591365646,1.9959139800077779,0.0,0.8604322292294615,0.4631390273621841,1.5450833945189972,0.0,,,,
phase5,rain_pilot,precip,4,99,all,heavy_rain_risk,trustcast,final,False,1404,3,0.47176789713922646,17.297440694382367,27.197300686873813,21.148956779911344,31.07210789407791,17.297440694382367,12.755315975680087,20.66994149489408,309.0,0.6472491909385113,0.35064935064935066,0.47961630695443647,0.9967637540453075,0.37860394537177544,0.07096774193548387,0.4600947002110788,0.15455840455840456,0.25548938650232367,-0.0163341557219443,0.45272122418456784,74.0,0.02702702702702703,0.7142857142857143,0.02531645569620253,0.0945945945945946,0.0207431294045182,0.0,0.034304874903275724,0.054843304843304845,-0.05316103653173565,-0.05901999046551287,-0.014920478659463221,-1.5790032478267904,-3.5082019221947007,0.7451564268115476,0.286,-0.7011266805979801,-2.075306512654212,1.1476991935991343,0.546,0.18400799569936552,0.07096774193548387,0.23630322013299862,0.0
phase5,rain_pilot,precip,4,99,all,heavy_rain_risk,blend_B,L3B,False,1404,3,-6.462125245534796,17.998567374980347,28.776303934700604,22.657723990728755,30.326951467266362,17.998567374980347,13.481321803461283,19.522242301294945,309.0,0.284789644012945,0.2727272727272727,0.2573099415204678,0.39158576051779936,0.19459594967240992,0.0,0.22379148007808017,0.18091168091168092,0.12854518051424058,-0.04717500058203128,0.21817317740652553,74.0,0.0,,0.0,0.0,0.0,0.0,0.0,0.05270655270655271,-0.012128788355174613,-0.014920478659463221,-0.010247784627649192,,,,,,,,,,,,
phase5,rain_pilot,precip,4,99,all,heavy_rain_risk,equal_mean,baseline,False,1404,3,-2.489601852547409,18.756082051499956,28.62619216417705,22.254573394450436,31.577685490776815,18.756082051499956,14.325365384037678,21.55476003121107,309.0,0.4174757281553398,0.31746031746031744,0.34959349593495936,0.6116504854368932,0.26696035242290755,0.16109422492401215,0.32260508824679346,0.17094017094017094,0.17657812332054235,-0.02629821607215943,0.31439801711033777,74.0,0.0,1.0,0.0,0.013513513513513514,-0.0007032482466310608,-0.0015694107575973746,0.0,0.053418803418803416,-0.025806204414028366,-0.033207961551004805,-0.014894157529449892,-0.15011177052355507,-1.1515426259385002,1.2507340235104536,0.744,0.7575146765196088,-0.24200206555617143,2.032517729916126,0.314,0.07236440275049763,0.01774773785856329,0.16109422492401215,0.0
phase5,rain_pilot,precip,4,99,all,heavy_rain_risk,superensemble,baseline,False,1404,3,-8.728975073946508,19.765846138963333,31.064358492270415,24.385683839449538,33.09750844283843,19.765846138963333,13.543839167899046,22.7304820986385,309.0,0.15857605177993528,0.379746835443038,0.14454277286135694,0.255663430420712,0.09829585091186925,0.0,0.14206064743699154,0.20655270655270655,0.005031899012321928,-0.18572318167560176,0.12796239018420152,74.0,0.0,,0.0,0.0,0.0,0.0,0.0,0.05270655270655271,-0.012128788355174613,-0.014920478659463221,-0.010247784627649192,2.2880545575698115,1.7279598487207828,2.7705569755720703,0.0,1.7672787639829863,0.06251736443776323,3.2082397973435555,0.0,-0.09630009876054067,-0.1259275370053509,0.0,0.076
phase5,rain_pilot,precip,4,99,all,heavy_rain_risk,climatology,baseline,False,1404,3,-28.799965427981483,30.064068077126798,47.54370081592582,31.396855910314653,54.362257401521255,30.064068077126798,17.01137958619839,37.03925812187103,309.0,0.0,,0.0,0.0,0.0,0.0,0.0,0.22008547008547008,-0.06015566622480173,-0.08608257817345022,-0.04644513177895826,74.0,0.0,,0.0,0.0,0.0,0.0,0.0,0.05270655270655271,-0.012128788355174613,-0.014920478659463221,-0.010247784627649192,18.767396881225213,8.739131919585898,24.085351414835174,0.0,12.065500702146451,3.5300577827371082,17.924824155867096,0.0,-0.19459594967240992,-0.22379148007808017,0.0,0.076
phase5,rain_pilot,precip,4,99,all,monsoon_active,trustcast,final,False,2964,8,3.342660689315012,14.51888324676585,23.7823803700074,18.1517686446356,26.976424064273033,14.51888324676585,10.308827107715675,17.02951286544012,249.0,0.42168674698795183,0.6779141104294478,0.22340425531914893,1.3092369477911647,0.17535250238965291,-0.010128976328276761,0.2756036172876693,0.12314439946018893,-0.6907488860487403,-2.637379465738257,-0.16783958693586812,44.0,0.11363636363636363,0.8,0.078125,0.5681818181818182,0.07274809646015823,0.0,0.09314308363059849,0.0199055330634278,-0.3769670217211185,-0.5682614746638057,0.08362906270616771,2.643497420963101,-1.2342777947426569,6.22721990162544,0.208,1.1982579204951715,-1.1036680084898973,3.274929149680753,0.314,0.04944085944744228,-0.013881139444745283,0.08945946975956139,0.218
phase5,rain_pilot,precip,4,99,all,monsoon_active,blend_B,L3B,False,2964,8,-0.6370980555591313,13.320625326270678,21.138882949044298,16.243363951243964,24.173439872990773,13.320625326270678,10.698606539761652,15.216712126877594,249.0,0.1566265060240964,0.38095238095238093,0.14285714285714285,0.25301204819277107,0.12591164294221063,-0.0009024091580558182,0.22428232684046145,0.07894736842105263,-0.08393216256275404,-0.1802392296152401,-0.006274179861288094,44.0,0.0,,0.0,0.0,0.0,0.0,0.0,0.014844804318488529,-0.02689066026659681,-0.04238431574519812,0.08362906270616771,,,,,,,,,,,,
phase5,rain_pilot,precip,4,99,all,monsoon_active,equal_mean,baseline,False,2964,8,1.8323015153166735,14.858280428829785,22.231437519426052,16.5820062433853,25.997511702022507,14.858280428829785,11.81312442493177,17.544431557316802,249.0,0.18875502008032127,0.53,0.15562913907284767,0.40160642570281124,0.13146899433251977,0.0,0.21941395629845936,0.0860323886639676,-0.18120812586966784,-0.22987864903201438,0.02013196673070176,44.0,0.0,,0.0,0.0,0.0,0.0,0.0,0.014844804318488529,-0.02689066026659681,-0.04238431574519812,0.08362906270616771,1.092554570381754,-0.10914500432309636,2.255111181180182,0.122,1.537655102559107,0.6317560605438691,2.5337272641731974,0.0,0.005557351390309134,-0.009315940097530367,0.007349544546966631,0.654
phase5,rain_pilot,precip,4,99,all,monsoon_active,superensemble,baseline,False,2964,8,1.4061202201967136,14.94841419248848,22.091691398345557,17.278537650509005,25.018292932379026,14.94841419248848,11.885946321796565,17.022293973653163,249.0,0.12449799196787148,0.4918032786885246,0.1111111111111111,0.24497991967871485,0.09447908081998899,0.0,0.16627934982565942,0.08367071524966262,-0.14878280476736316,-0.18650500931282998,-0.01338402551119966,44.0,0.0,,0.0,0.0,0.0,0.0,0.0,0.014844804318488529,-0.02689066026659681,-0.04238431574519812,0.08362906270616771,0.9528084493012585,-0.5755088695364283,1.61756408146777,0.174,1.6277888662178022,0.7027076500374152,2.061664473482718,0.0,-0.03143256212222165,-0.06190316619178611,0.03348738978588286,0.698
phase5,rain_pilot,precip,4,99,all,monsoon_active,climatology,baseline,False,2964,8,-10.450786318051831,13.98332471262749,25.376405089033288,15.449807037465316,31.145981777338665,13.98332471262749,8.862192858490882,17.503950235370198,249.0,0.0,,0.0,0.0,0.0,0.0,0.0,0.0840080971659919,-0.15341499349626386,-0.19120833912038976,0.02013196673070176,44.0,0.0,,0.0,0.0,0.0,0.0,0.0,0.014844804318488529,-0.02689066026659681,-0.04238431574519812,0.08362906270616771,4.2375221399889895,-0.8923243982790817,7.26055829434815,0.112,0.6626993863568131,-2.437529620494522,2.5420596357848915,0.63,-0.12591164294221063,-0.22428232684046145,0.0009024091580558175,0.698
phase5,rain_pilot,precip,4,99,all,monsoon_break,trustcast,final,False,5772,14,-2.022379435075586,2.416921931369119,5.494493191122584,4.271202108479326,6.69976233345145,2.416921931369119,1.6428666592281271,3.3291298744890936,1.0,0.0,,0.0,0.0,0.0,0.0,0.0,0.00017325017325017325,0.912708259835131,0.7319499187069723,1.0,0.0,,,,,,,,0.0,1.0,1.0,1.0,0.7439584115716853,0.42134789469697703,1.0464635133143376,0.0,-0.04571140683660291,-0.31311743503952655,0.2778149760250424,0.77,0.0,0.0,0.0,1.0
phase5,rain_pilot,precip,4,99,all,monsoon_break,blend_B,L3B,False,5772,14,-0.4578298470043714,2.462633338205722,4.7505347795508985,3.798463335955135,5.725183981742434,2.462633338205722,1.9513300353058538,3.0570433683185745,1.0,0.0,,0.0,0.0,0.0,0.0,0.0,0.00017325017325017325,0.912708259835131,0.7319499187069723,1.0,0.0,,,,,,,,0.0,1.0,1.0,1.0,,,,,,,,,,,,
phase5,rain_pilot,precip,4,99,all,monsoon_break,equal_mean,baseline,False,5772,14,0.10916586841436585,2.737503132106167,4.798913831569219,3.948583328026297,5.676708696989366,2.737503132106167,2.2648692145915255,3.2682129469857735,1.0,0.0,,0.0,0.0,0.0,0.0,0.0,0.00017325017325017325,0.912708259835131,0.7319499187069723,1.0,0.0,,,,,,,,0.0,1.0,1.0,1.0,0.048379052018320046,-0.07660450743376206,0.2177196040240671,0.494,0.2748697939004452,0.19759065991179642,0.3515482027561707,0.0,0.0,0.0,0.0,1.0
phase5,rain_pilot,precip,4,99,all,monsoon_break,superensemble,baseline,False,5772,14,-0.4006327978151686,2.570162873856,4.701071325994101,3.813692995510213,5.569553863852936,2.570162873856,2.0540021756768843,3.1451488864305808,1.0,0.0,,0.0,0.0,0.0,0.0,0.0,0.00017325017325017325,0.912708259835131,0.7319499187069723,1.0,0.0,,,,,,,,0.0,1.0,1.0,1.0,-0.04946345355679771,-0.14636386190291573,0.04798995663587542,0.382,0.1075295356502779,0.06476504857367402,0.15935897966163406,0.0,0.0,0.0,0.0,1.0
phase5,rain_pilot,precip,4,99,all,monsoon_break,climatology,baseline,False,5772,14,6.2221891722659315,7.032092265717618,9.389306607580313,8.510286953553235,10.277587589902145,7.032092265717618,6.409519263912439,7.69926994244462,1.0,0.0,,0.0,0.0,0.0,0.0,0.0,0.00017325017325017325,0.912708259835131,0.7319499187069723,1.0,0.0,,,,,,,,0.0,1.0,1.0,1.0,4.638771828029414,3.3108428247668944,6.1160677884412635,0.0,4.569458927511896,3.6081839979747157,5.514761089351247,0.0,0.0,0.0,0.0,1.0
phase5,rain_pilot,precip,4,99,all,monsoon_normal,trustcast,final,False,10296,22,-3.468298719874956,7.116376310961412,13.535336707960118,10.552911182672856,16.264976699806052,7.116376310961412,5.633283033107947,8.665283246880396,208.0,0.03365384615384615,0.7407407407407407,0.03070175438596491,0.12980769230769232,0.028377298161470825,-0.00020697293563027699,0.071482881529894,0.021464646464646464,-0.16901678218975613,-0.29494294895215356,0.024165285931604816,22.0,0.0,,0.0,0.0,0.0,0.0,0.0,0.002136752136752137,-0.0002538398953102483,-0.029282731636320763,1.0,0.12815640542786966,-0.17084279097703828,0.5102652806322658,0.45,-0.18294564345956488,-0.4788330977070637,0.11048139759478004,0.274,0.028377298161470825,-0.00020697293563027699,0.071482881529894,0.21
phase5,rain_pilot,precip,4,99,all,monsoon_normal,blend_B,L3B,False,10296,22,-2.165000572588429,7.299321954420977,13.407180302532248,10.262612588676218,16.353937803091693,7.299321954420977,5.915916271967797,8.736152106274403,208.0,0.0,,0.0,0.0,0.0,0.0,0.0,0.020202020202020204,-0.10025108911977032,-0.14902261313993578,0.07632663583962773,22.0,0.0,,0.0,0.0,0.0,0.0,0.0,0.002136752136752137,-0.0002538398953102483,-0.029282731636320763,1.0,,,,,,,,,,,,
phase5,rain_pilot,precip,4,99,all,monsoon_normal,equal_mean,baseline,False,10296,22,-1.0510313905502011,7.647757741613943,13.354976713066899,10.200194397735997,16.156917447276953,7.647757741613943,6.305890534668687,9.027636418094696,208.0,0.0,,0.0,0.0,0.0,0.0,0.0,0.020202020202020204,-0.10025108911977032,-0.14902261313993578,0.07632663583962773,22.0,0.0,,0.0,0.0,0.0,0.0,0.0,0.002136752136752137,-0.0002538398953102483,-0.029282731636320763,1.0,-0.052203589465349864,-0.30134513420164744,0.23850033969039813,0.674,0.3484357871929662,0.14524965777086032,0.568076971212844,0.002,0.0,0.0,0.0,1.0
phase5,rain_pilot,precip,4,99,all,monsoon_normal,superensemble,baseline,False,10296,22,-1.1403734868957307,7.5611182185814565,13.224009536100567,10.302938341377786,15.935493630667215,7.5611182185814565,6.159339072249471,9.005107205108011,208.0,0.0,,0.0,0.0,0.0,0.0,0.0,0.020202020202020204,-0.10025108911977032,-0.14902261313993578,0.07632663583962773,22.0,0.0,,0.0,0.0,0.0,0.0,0.0,0.002136752136752137,-0.0002538398953102483,-0.029282731636320763,1.0,-0.1831707664316813,-0.6049049349557007,0.2048917235984632,0.48,0.26179626416047963,-0.03541844387711765,0.5867365417507437,0.098,0.0,0.0,0.0,1.0
phase5,rain_pilot,precip,4,99,all,monsoon_normal,climatology,baseline,False,10296,22,-0.8009789161002024,8.191988316544773,14.099347538016115,10.955808269992058,17.056028034723457,8.191988316544773,6.9332898793238344,9.552693849427408,208.0,0.0,,0.0,0.0,0.0,0.0,0.0,0.020202020202020204,-0.10025108911977032,-0.14902261313993578,0.07632663583962773,22.0,0.0,,0.0,0.0,0.0,0.0,0.0,0.002136752136752137,-0.0002538398953102483,-0.029282731636320763,1.0,0.6921672354838666,0.03769847823724245,1.3391925486285672,0.04,0.892666362123796,0.4093711579001043,1.3606960221401403,0.0,0.0,0.0,0.0,1.0
phase5,rain_pilot,precip,4,99,all,wet_spell,trustcast,final,False,21996,36,-1.406785647682172,4.263077662224829,9.652455950797671,8.26293504088968,11.021462728716436,4.263077662224829,3.3999160191892845,5.2559593071874895,103.0,0.038834951456310676,0.8333333333333334,0.032520325203252036,0.23300970873786409,0.03163553870536685,-0.0007718696491499817,0.07106167988518172,0.005410074559010729,-0.16967707421171818,-0.5993080313530893,-0.011628607097528294,4.0,0.0,,0.0,0.0,0.0,0.0,0.0,0.0001818512456810329,0.011826931686248932,0.004974347116955708,0.057546859345579314,0.8300361211990044,0.46293424025112934,1.297234313034066,0.0,-0.2427367228089281,-0.45622477604639194,0.0041605730432606545,0.052,0.03163553870536685,-0.0007718696491499817,0.07106167988518172,0.266
phase5,rain_pilot,precip,4,99,all,wet_spell,blend_B,L3B,False,21996,36,-0.3502160501380449,4.505814385033757,8.822419829598667,7.499168710499847,10.132962988471242,4.505814385033757,3.72109241502967,5.389907813660547,103.0,0.0,,0.0,0.0,0.0,0.0,0.0,0.004682669576286598,-0.01240956843535268,-0.02805489868872037,0.0162457545965064,4.0,0.0,,0.0,0.0,0.0,0.0,0.0,0.0001818512456810329,0.011826931686248932,0.004974347116955708,0.057546859345579314,,,,,,,,,,,,
phase5,rain_pilot,precip,4,99,all,wet_spell,equal_mean,baseline,False,21996,36,0.7867990663091091,5.099191779336267,8.967978799887524,7.746131726226477,10.183942483539148,5.099191779336267,4.339232733179887,5.950045329281343,103.0,0.0,,0.0,0.0,0.0,0.0,0.0,0.004682669576286598,-0.01240956843535268,-0.02805489868872037,0.0162457545965064,4.0,0.0,,0.0,0.0,0.0,0.0,0.0,0.0001818512456810329,0.011826931686248932,0.004974347116955708,0.057546859345579314,0.14555897028885667,-0.009070321049202289,0.3271693335981571,0.068,0.59337739430251,0.48951955607081743,0.7080548611762578,0.0,0.0,0.0,0.0,1.0
phase5,rain_pilot,precip,4,99,all,wet_spell,superensemble,baseline,False,21996,36,-0.018139748930415478,4.7886908249831714,8.964552941026573,7.645723938449328,10.273659693081253,4.7886908249831714,3.9974702534945488,5.685497776526744,103.0,0.0,,0.0,0.0,0.0,0.0,0.0,0.004682669576286598,-0.01240956843535268,-0.02805489868872037,0.0162457545965064,4.0,0.0,,0.0,0.0,0.0,0.0,0.0,0.0001818512456810329,0.011826931686248932,0.004974347116955708,0.057546859345579314,0.1421331114279063,-0.029706768048587226,0.35317487557910693,0.118,0.2828764399494146,0.1431095375867503,0.46673300544969754,0.0,0.0,0.0,0.0,1.0
phase5,rain_pilot,precip,4,99,all,wet_spell,climatology,baseline,False,21996,36,-0.9012836595189526,5.208885375370603,9.961009763291889,8.12412227241279,11.657272496864323,5.208885375370603,4.285730425012584,6.162654957030779,103.0,0.0,,0.0,0.0,0.0,0.0,0.0,0.004682669576286598,-0.01240956843535268,-0.02805489868872037,0.0162457545965064,4.0,0.0,,0.0,0.0,0.0,0.0,0.0,0.0001818512456810329,0.011826931686248932,0.004974347116955708,0.057546859345579314,1.138589933693222,0.5300964207163347,1.7514091043706819,0.0,0.7030709903368457,0.3401639279350302,1.1010398366552807,0.0,0.0,0.0,0.0,1.0
phase5,rain_pilot,precip,5,123,all,all,trustcast,final,False,56940,74,-1.0204954837524012,4.568227285945661,11.412131199260509,9.398617715905072,13.243247312219905,4.568227285945661,3.5189361244963853,5.641748374102251,870.0,0.36091954022988504,0.5862977602108037,0.23878326996197718,0.8724137931034482,0.2320103934783672,0.07916995643450081,0.308818619549589,0.017579908675799085,-0.2362284987862262,-0.6868255161182578,0.03178380585216604,144.0,0.034722222222222224,0.8571428571428571,0.028735632183908046,0.24305555555555555,0.028241296154918143,-6.953717699064537e-05,0.06383421600631489,0.0029680365296803654,-0.18632636207411202,-0.5015898132398058,0.012852948661619627,0.7670671869215706,0.038241687103974936,1.5829186785401317,0.038,-0.01189724677149151,-0.24458452188182284,0.25754567166359443,0.872,0.12138454829108676,0.04244678164588589,0.17928357761448638,0.002
phase5,rain_pilot,precip,5,123,all,all,blend_B,L3B,False,56940,74,-0.8428720072202157,4.580124532717153,10.645064012338938,8.737456781892545,12.475321661673,4.580124532717153,3.622615201613548,5.505495136498381,870.0,0.1206896551724138,0.3597560975609756,0.11302475780409042,0.18850574712643678,0.11062584518728043,0.006119516662841264,0.1720684499216971,0.014471373375482965,-0.01763464835149886,-0.08040275985039624,0.04433731063757957,144.0,0.0,,0.0,0.0,0.0,0.0,0.0,0.0025289778714436247,-0.010834296678533306,-0.02588496738112206,0.016889873905277072,,,,,,,,,,,,
phase5,rain_pilot,precip,5,123,all,all,equal_mean,baseline,False,56940,74,0.1794466738157151,5.055047540809789,10.786935014160413,8.89673513130455,12.509244490336112,5.055047540809789,4.085708581392053,6.054870705253123,870.0,0.16551724137931034,0.4122448979591837,0.14830072090628219,0.28160919540229884,0.14500452922973678,0.0019715396619169588,0.20820529548456596,0.014524060414471374,-0.021339628867341753,-0.12877239274098415,0.07814716682290669,144.0,0.006944444444444444,0.8,0.006756756756756757,0.034722222222222224,0.00667188835089718,0.0,0.018539666956838934,0.0025816649104320336,-0.03189334452600279,-0.08515084211343898,0.016889873905277072,0.1418710018214746,-0.09642768652942939,0.43223829330262376,0.242,0.4749230080926363,0.3566004215925543,0.625200236273588,0.0,0.03437868404245635,-0.004016963600415844,0.06115888416216611,0.104
phase5,rain_pilot,precip,5,123,all,all,superensemble,baseline,False,56940,74,-0.3404620688633542,5.060014601691663,10.749306706675432,8.853403703856937,12.506489236409083,5.060014601691663,4.094667869779378,6.043010051282068,870.0,0.08850574712643679,0.4866666666666667,0.0816542948038176,0.1724137931034483,0.07941689107145257,0.005553904373061799,0.12844843557064986,0.015208991921320688,-0.06950437557329847,-0.147474488761016,0.0019421373235609762,144.0,0.0,,0.0,0.0,0.0,0.0,0.0,0.0025289778714436247,-0.010834296678533306,-0.02588496738112206,0.016889873905277072,0.10424269433649336,-0.160896308245227,0.3729744858590589,0.446,0.4798900689745107,0.35029194967885724,0.612882515377793,0.0,-0.03120895411582786,-0.05630374449969838,-0.0004618142527851976,0.038
phase5,rain_pilot,precip,5,123,all,all,climatology,baseline,False,56940,74,-0.8785843114563093,5.941978110007704,13.174272061530008,10.13979074449895,16.10920134979953,5.941978110007704,4.789592412777595,7.159341724927387,870.0,0.0,,0.0,0.0,0.0,0.0,0.0,0.015279241306638568,-0.07444434959442225,-0.11744271551555528,-0.016510555389679018,144.0,0.0,,0.0,0.0,0.0,0.0,0.0,0.0025289778714436247,-0.010834296678533306,-0.02588496738112206,0.016889873905277072,2.5292080491910696,1.1320262063286088,3.97096044633274,0.0,1.3618535772905513,0.8835459282714002,1.876068639829931,0.0,-0.11062584518728043,-0.17206844992169712,-0.006119516662841267,0.01
phase5,rain_pilot,precip,5,123,winter_JF,all,trustcast,final,False,9204,13,0.24875588472462312,0.41671952277474616,2.375415234325718,1.211934745649527,3.273637444191552,0.41671952277474616,0.12332270227553856,0.7511180109735782,0.0,,,,,,,,0.0,1.0,1.0,1.0,0.0,,,,,,,,0.0,1.0,1.0,1.0,0.8813737851411398,0.2648687355310002,1.2847305241921887,0.0,-0.0012831055094325028,-0.08298731566037239,0.0932593705917686,0.922,,,,
phase5,rain_pilot,precip,5,123,winter_JF,all,blend_B,L3B,False,9204,13,0.25823899926978816,0.41800262828417867,1.4940414491845784,0.8075631095767563,2.0147858169609343,0.41800262828417867,0.18054038877139997,0.6806452515499999,0.0,,,,,,,,0.0,1.0,1.0,1.0,0.0,,,,,,,,0.0,1.0,1.0,1.0,,,,,,,,,,,,
phase5,rain_pilot,precip,5,123,winter_JF,all,equal_mean,baseline,False,9204,13,0.5507186978146895,0.6681173072992422,1.919923099592628,1.1302108749211075,2.520924315759387,0.6681173072992422,0.3007775243698682,1.0809651308962498,0.0,,,,,,,,0.0,1.0,1.0,1.0,0.0,,,,,,,,0.0,1.0,1.0,1.0,0.4258816504080496,0.23549667397371685,0.6347063148238361,0.0,0.25011467901506357,0.11358899741736612,0.41339232697073997,0.0,,,,
phase5,rain_pilot,precip,5,123,winter_JF,all,superensemble,baseline,False,9204,13,-0.39486626619156984,1.064215085046784,1.7758202168818233,1.1833032303760906,2.2821021425140238,1.064215085046784,0.8860735086465853,1.2791744799871438,0.0,,,,,,,,0.0,1.0,1.0,1.0,0.0,,,,,,,,0.0,1.0,1.0,1.0,0.28177876769724497,0.2103893092958819,0.40727611070355296,0.0,0.6462124567626053,0.5561815099841417,0.7296220304380313,0.0,,,,
phase5,rain_pilot,precip,5,123,winter_JF,all,climatology,baseline,False,9204,13,0.1858050155611033,0.4651372275332022,1.3263419105702425,0.6529417220218272,1.998758054629059,0.4651372275332022,0.3679701290729745,0.6153422390991419,0.0,,,,,,,,0.0,1.0,1.0,1.0,0.0,,,,,,,,0.0,1.0,1.0,1.0,-0.16769953861433584,-0.5846638462656043,0.12913565168938906,0.378,0.04713459924902352,-0.20486547256897827,0.24359630141922242,0.684,,,,
phase5,rain_pilot,precip,5,123,premonsoon_MAM,all,trustcast,final,False,14352,19,-2.0404722117918985,4.624790559495667,11.710957741177168,7.448049715644625,15.568053829693808,4.624790559495667,2.8527046094768953,6.943667798028804,353.0,0.45325779036827196,0.36254980079681276,0.36036036036036034,0.7110481586402266,0.35134113183585747,0.0,0.40072968386942237,0.019788182831661092,0.15083309571841785,-0.027538921502111152,0.1941299402870068,75.0,0.0,1.0,0.0,0.02666666666666667,-0.00013575225756004322,-0.0003479807054047682,0.0,0.005365105908584169,-0.03873850880616425,-0.05834119900454497,0.004468095444562152,-0.34863208510681787,-1.1570448520828265,0.5067659489109082,0.682,-0.43918237075479194,-0.6879865253150158,-0.22280366634672635,0.0,0.20638213872618041,0.0,0.23393873819101527,0.27
phase5,rain_pilot,precip,5,123,premonsoon_MAM,all,blend_B,L3B,False,14352,19,-1.4563694180757338,5.063972930250459,12.059589826283986,7.068524635676673,16.556753842515917,5.063972930250459,3.287912087814345,7.395186309349342,353.0,0.15864022662889518,0.28205128205128205,0.14933333333333335,0.22096317280453256,0.14495899310967705,0.0,0.2020001706364674,0.022226867335562988,0.046182244838645414,-0.027538921502111152,0.08192007051876621,75.0,0.0,,0.0,0.0,0.0,0.0,0.0,0.005225752508361204,-0.011758287798211864,-0.01463507777388361,0.004468095444562152,,,,,,,,,,,,
phase5,rain_pilot,precip,5,123,premonsoon_MAM,all,equal_mean,baseline,False,14352,19,-0.24743339023177857,5.569826081908946,12.01371012580899,7.262063821077266,16.291892731224834,5.569826081908946,3.7566240638204897,7.979108013669383,353.0,0.24079320113314448,0.2975206611570248,0.2185089974293059,0.34277620396600567,0.21248399204724003,-0.00013211314100184938,0.23578547100144415,0.021181716833890748,0.09103260950140502,-0.053867452413397486,0.1635278164674591,75.0,0.0,,0.0,0.0,0.0,0.0,0.0,0.005225752508361204,-0.011758287798211864,-0.01463507777388361,0.004468095444562152,-0.045879700474996454,-0.4074367341779836,0.29676386615205697,0.914,0.5058531516584877,0.2806222653699072,0.7175135399225466,0.0,0.06752499893756297,-0.00013211314100184938,0.10309842981632134,0.27
phase5,rain_pilot,precip,5,123,premonsoon_MAM,all,superensemble,baseline,False,14352,19,-1.3073065835181812,5.38415065696496,12.210912881175433,7.067673715170273,16.765552967493665,5.38415065696496,3.5020417604693495,7.903790119681393,353.0,0.11048158640226628,0.44285714285714284,0.1015625,0.19830028328611898,0.09751610237424581,0.0,0.10987632192149131,0.02403846153846154,-0.031558387243471264,-0.17248916726582053,0.046379722473029385,75.0,0.0,,0.0,0.0,0.0,0.0,0.0,0.005225752508361204,-0.011758287798211864,-0.01463507777388361,0.004468095444562152,0.15132305489144748,-0.12245395797117982,0.5995707288468769,0.604,0.3201777267145012,0.12992479997496015,0.6404160346988215,0.0,-0.047442890735431245,-0.10064869753923529,0.0,0.27
phase5,rain_pilot,precip,5,123,premonsoon_MAM,all,climatology,baseline,False,14352,19,-3.703702972193717,6.570556874256145,16.89916120802384,7.555582415561501,24.509081202695466,6.570556874256145,3.6807174180154325,10.588711796820368,353.0,0.0,,0.0,0.0,0.0,0.0,0.0,0.0245958751393534,-0.05547858173027631,-0.07967539180049202,0.0024043244649743136,75.0,0.0,,0.0,0.0,0.0,0.0,0.0,0.005225752508361204,-0.011758287798211864,-0.01463507777388361,0.004468095444562152,4.839571381739855,0.4258068375426508,7.9710604446041025,0.0,1.506583944005686,0.3158780670717228,3.150777337904061,0.0,-0.14495899310967705,-0.20200017063646744,0.0,0.27
phase5,rain_pilot,precip,5,123,monsoon_JJAS,all,trustcast,final,False,19032,25,-1.360906085767519,7.090559208103247,14.352834116339123,11.143117864306683,17.13277187274168,7.090559208103247,5.249259434241413,8.985249700454359,458.0,0.3318777292576419,0.6637168141592921,0.20052770448548812,0.9868995633187773,0.1888882950143608,0.01794379377615194,0.2894399015110188,0.03184110970996217,-0.45538641637734134,-1.0647255059433498,-0.032607716447679104,66.0,0.07575757575757576,0.8484848484848485,0.05319148936170213,0.5,0.05203740702808885,0.0,0.07750585908534914,0.004676334594367382,-0.363150917807999,-0.7020154728097805,0.0816062897733602,1.1379539849257938,-0.1760244741204081,2.532497569989534,0.13,0.2366583138456102,-0.2423697315100333,0.8093004412360358,0.436,0.09368128441514864,0.00521470611429999,0.18541513173979626,0.034
phase5,rain_pilot,precip,5,123,monsoon_JJAS,all,blend_B,L3B,False,19032,25,-1.4332379936391333,6.853900894257637,13.214880131413329,10.538917967374564,15.685108058072023,6.853900894257637,5.3157674904472705,8.411050544418744,458.0,0.10698689956331878,0.43023255813953487,0.09898989898989899,0.18777292576419213,0.09520701059921216,0.0,0.18944037199664282,0.023434216057166876,-0.07112597640972651,-0.12131208012340688,0.028064114579266698,66.0,0.0,,0.0,0.0,0.0,0.0,0.0,0.0034678436317780582,-0.010875961520538713,-0.031168424875190615,0.0816062897733602,,,,,,,,,,,,
phase5,rain_pilot,precip,5,123,monsoon_JJAS,all,equal_mean,baseline,False,19032,25,-0.2018605019417566,7.354958065806265,13.46265555261966,10.797842197190018,16.128771261567774,7.354958065806265,5.7058379778861,9.066162854704725,458.0,0.12882096069868995,0.5203252032520326,0.11302681992337164,0.2685589519650655,0.1079686223536879,0.0,0.20955859174397662,0.024327448507776378,-0.11195364815628572,-0.1694499843900843,0.018261197351083974,66.0,0.015151515151515152,0.8,0.014285714285714285,0.07575757575757576,0.014041489289816881,0.0,0.025230437151148234,0.0036254728877679696,-0.05682486886238136,-0.11191216099693199,0.0816062897733602,0.247775421206331,-0.20269804972397948,0.7841561450731078,0.428,0.501057171548628,0.22510454888968384,0.8205539573452847,0.0,0.012761611754475738,-0.012555575990969844,0.021607973231908207,0.744
phase5,rain_pilot,precip,5,123,monsoon_JJAS,all,superensemble,baseline,False,19032,25,-0.05403989529880792,7.330243279842059,13.277047413717982,10.532104759051105,15.771610893050275,7.330243279842059,5.583504433241915,9.08801285120817,458.0,0.08296943231441048,0.525,0.076,0.17467248908296942,0.07242851838098774,0.0,0.1484823507119612,0.024274905422446407,-0.10955202040648793,-0.19879060066670007,-0.015460467673385266,66.0,0.0,,0.0,0.0,0.0,0.0,0.0,0.0034678436317780582,-0.010875961520538713,-0.031168424875190615,0.0816062897733602,0.06216728230465307,-0.5322365192221149,0.5868616298360366,0.896,0.476342385584422,0.15232891513690414,0.8048109181423214,0.002,-0.022778492218224422,-0.044977689459666695,0.0,0.244
phase5,rain_pilot,precip,5,123,monsoon_JJAS,all,climatology,baseline,False,19032,25,-0.17384056665375985,8.742146002159256,15.315643011018315,12.15239234163763,18.461300334295082,8.742146002159256,7.537994335578829,10.087776793223055,458.0,0.0,,0.0,0.0,0.0,0.0,0.0,0.024064733081126524,-0.09994550940729763,-0.14776305397210882,0.018783259572529173,66.0,0.0,,0.0,0.0,0.0,0.0,0.0,0.0034678436317780582,-0.010875961520538713,-0.031168424875190615,0.0816062897733602,2.1007628796049858,0.8258437864615698,3.424148816334766,0.002,1.8882451079016187,1.1232469870018953,2.7083752595874477,0.0,-0.09520701059921216,-0.18944037199664285,0.0,0.09
phase5,rain_pilot,precip,5,123,postmonsoon_OND,all,trustcast,final,False,14352,19,-0.3630811176074692,3.8292125289593333,10.136860243321987,6.614529229633025,13.294814557374306,3.8292125289593333,1.983573978697601,5.904837369146519,59.0,0.03389830508474576,0.9642857142857143,0.017699115044247787,0.9491525423728814,0.01569381490689984,-0.00243299977766451,0.04536027963443223,0.007734113712374582,-0.8850338884035425,-2.1123065845242377,0.011375934921708245,3.0,0.0,,0.0,0.0,0.0,0.0,0.0,0.00020903010033444816,0.012523986593886094,0.004761363766040655,1.0,1.7029643711304772,0.48824136485488384,2.7677266755605157,0.0,0.07897469536671808,-0.4173292704938892,0.7066194096829778,0.906,0.01569381490689984,-0.00243299977766451,0.04536027963443223,0.746
phase5,rain_pilot,precip,5,123,postmonsoon_OND,all,blend_B,L3B,False,14352,19,-0.1526452381016791,3.750237833592615,8.43389587219151,5.936519481861109,10.590414353248386,3.750237833592615,2.2614004430283736,5.2851808733604315,59.0,0.0,,0.0,0.0,0.0,0.0,0.0,0.00411092530657748,-0.0019549496919730736,-0.012678261551915865,0.048997309133986144,3.0,0.0,,0.0,0.0,0.0,0.0,0.0,0.00020903010033444816,0.012523986593886094,0.004761363766040655,1.0,,,,,,,,,,,,
phase5,rain_pilot,precip,5,123,postmonsoon_OND,all,equal_mean,baseline,False,14352,19,0.8738748468466008,4.303745083705766,8.637148655051202,6.255206537757595,10.72853399641048,4.303745083705766,2.7361100502274667,5.868642972338742,59.0,0.0,1.0,0.0,0.01694915254237288,-6.852011646097082e-05,-0.00020207863992145392,0.0,0.004180602006688963,-0.018937236974887695,-0.08688732086797611,0.02769169618036878,3.0,0.0,,0.0,0.0,0.0,0.0,0.0,0.00020903010033444816,0.012523986593886094,0.004761363766040655,1.0,0.20325278285969262,0.019239652552274,0.5287974152132946,0.02,0.5535072501131508,0.37662936415719556,0.7799837099624404,0.0,-6.852011646097082e-05,-0.00020207863992145392,0.0,0.7
phase5,rain_pilot,precip,5,123,postmonsoon_OND,all,superensemble,baseline,False,14352,19,0.28145138565549555,4.287881511067275,8.575031129198054,6.107282681838223,10.714258027737982,4.287881511067275,2.787533871030434,5.8386129163452525,59.0,0.0,,0.0,0.0,0.0,0.0,0.0,0.00411092530657748,-0.0019549496919730736,-0.012678261551915865,0.048997309133986144,3.0,0.0,,0.0,0.0,0.0,0.0,0.0,0.00020903010033444816,0.012523986593886094,0.004761363766040655,1.0,0.14113525700654428,0.02933346711163163,0.2871317451207254,0.012,0.53764367747466,0.4063657402528098,0.6719605922035626,0.0,0.0,0.0,0.0,1.0
phase5,rain_pilot,precip,5,123,postmonsoon_OND,all,climatology,baseline,False,14352,19,0.3293853584122029,5.112455098188681,9.529824636506078,6.9002649011498045,11.852186148339582,5.112455098188681,3.6728382781537827,6.480666723187908,59.0,0.0,,0.0,0.0,0.0,0.0,0.0,0.00411092530657748,-0.0019549496919730736,-0.012678261551915865,0.048997309133986144,3.0,0.0,,0.0,0.0,0.0,0.0,0.0,0.00020903010033444816,0.012523986593886094,0.004761363766040655,1.0,1.0959287643145679,0.6822411843798407,1.4718325188187464,0.0,1.3622172645960657,0.7219116388393022,2.0224128335898244,0.0,0.0,0.0,0.0,1.0
phase5,rain_pilot,precip,5,123,all,dry,trustcast,final,False,14040,25,-0.0818018469648725,0.09074788641670793,1.059611146325453,0.4898664615750731,1.5757707782115888,0.09074788641670793,0.02915758898867511,0.17794381688017757,0.0,,,,,,,,0.0,1.0,1.0,1.0,0.0,,,,,,,,0.0,1.0,1.0,1.0,0.035162935159534836,-0.06623798270721167,0.10788990147632367,0.638,-0.10863946724856753,-0.14548342947528262,-0.07732231221705552,0.0,,,,
phase5,rain_pilot,precip,5,123,all,dry,blend_B,L3B,False,14040,25,0.05804953277983252,0.19938735366527546,1.024448211165918,0.5480052247670228,1.4664723668984816,0.19938735366527546,0.12520494905035623,0.2923467181076361,0.0,,,,,,,,0.0,1.0,1.0,1.0,0.0,,,,,,,,0.0,1.0,1.0,1.0,,,,,,,,,,,,
phase5,rain_pilot,precip,5,123,all,dry,equal_mean,baseline,False,14040,25,0.17383187758384386,0.3027547028660871,1.1064858200292103,0.6682243430365039,1.5010247397480678,0.3027547028660871,0.2042133652546886,0.42120442050021173,0.0,,,,,,,,0.0,1.0,1.0,1.0,0.0,,,,,,,,0.0,1.0,1.0,1.0,0.08203760886329214,0.029005365494076847,0.16688531979400495,0.0,0.10336734920081161,0.0730973595526857,0.1389667890474837,0.0,,,,
phase5,rain_pilot,precip,5,123,all,dry,superensemble,baseline,False,14040,25,-0.7225487121960134,0.8549007213965514,1.298177823380289,0.9642747042013725,1.6737825559283575,0.8549007213965514,0.8081022193616467,0.9160572053622245,0.0,,,,,,,,0.0,1.0,1.0,1.0,0.0,,,,,,,,0.0,1.0,1.0,1.0,0.27372961221437087,0.1995953870859078,0.41970194838727587,0.0,0.6555133677312759,0.5910788811857393,0.7136419496016169,0.0,,,,
phase5,rain_pilot,precip,5,123,all,dry,climatology,baseline,False,14040,25,0.8000452553533002,0.9267258892152219,1.8544540018755509,1.0198497739197567,2.7597065581464935,0.9267258892152219,0.5896620999194085,1.4742875074846091,0.0,,,,,,,,0.0,1.0,1.0,1.0,0.0,,,,,,,,0.0,1.0,1.0,1.0,0.8300057907096328,0.16148991774713228,1.8466383884292694,0.0,0.7273385355499464,0.40360668033794395,1.2769863145106857,0.0,,,,
phase5,rain_pilot,precip,5,123,all,heavy_rain_risk,trustcast,final,False,1560,4,-2.3457419486501467,15.71266197807466,26.199779213859593,8.005443040971686,29.017473339320496,15.71266197807466,4.207127554461551,18.58904558397794,307.0,0.5211726384364821,0.36254980079681276,0.4020100502512563,0.8175895765472313,0.31727786430511395,0.2876308418104084,0.37599999999999995,0.15256410256410258,0.1777688638978725,0.1331670443680727,1.0,67.0,0.0,1.0,0.0,0.029850746268656716,-0.001246442059047867,-0.0018463514489845067,-0.0007840900990804761,0.04423076923076923,-0.04197637150744171,-0.05900480838529765,1.0,-2.1427726392675552,-3.583760359484131,1.657138123562686,0.156,-0.8773331716856667,-2.0176327778032075,0.6522893841282862,0.534,0.18767480356862423,0.17338324718626608,0.20610267414665606,0.0
phase5,rain_pilot,precip,5,123,all,heavy_rain_risk,blend_B,L3B,False,1560,4,-7.903432110497931,16.589995149760327,28.342551853127148,6.348304917409,31.5285594834731,16.589995149760327,4.286886373527336,19.665772343818578,307.0,0.18241042345276873,0.28205128205128205,0.1702127659574468,0.254071661237785,0.12960306073648972,0.10650924305064124,0.18385141910450367,0.175,0.056852520353441904,0.003640280882842184,1.0,67.0,0.0,,0.0,0.0,0.0,0.0,0.0,0.04294871794871795,-0.01177415784055924,-0.014879608035910152,1.0,,,,,,,,,,,,
phase5,rain_pilot,precip,5,123,all,heavy_rain_risk,equal_mean,baseline,False,1560,4,-4.648380104299539,17.43416249700464,28.131708724942662,12.465395658268339,30.82847340531112,17.43416249700464,7.950468515833983,19.8050859922973,307.0,0.2768729641693811,0.30327868852459017,0.24709302325581395,0.3973941368078176,0.19060230054528773,0.0,0.2060689918412138,0.16602564102564102,0.1052190577712141,-48.21614939235986,0.1677974862490862,67.0,0.0,,0.0,0.0,0.0,0.0,0.0,0.04294871794871795,-0.01177415784055924,-0.014879608035910152,1.0,-0.2108431281844858,-1.3159919944087974,6.1170907408593385,0.646,0.8441673472443121,-0.5202233252189821,3.6635821423066472,0.334,0.06099923980879801,0.017778313579586535,0.08835414569679796,0.0
phase5,rain_pilot,precip,5,123,all,heavy_rain_risk,superensemble,baseline,False,1560,4,-7.074214674126676,17.902341912752718,29.030630197298702,7.361199473244351,32.247868885310325,17.902341912752718,4.416344015400496,21.273841387090776,307.0,0.1270358306188925,0.44285714285714284,0.11538461538461539,0.2280130293159609,0.07779908657743333,0.05266380894060012,0.09656869842189082,0.19166666666666668,-0.032971049136706565,-0.18566806574941785,1.0,67.0,0.0,,0.0,0.0,0.0,0.0,0.0,0.04294871794871795,-0.01177415784055924,-0.014879608035910152,1.0,0.6880783441715543,-0.4176168354921721,2.3490703402133377,0.552,1.3123467629923908,-0.5278316882046425,3.470427289425853,0.194,-0.051803974159056396,-0.10389371078493717,-0.02086194288213071,0.0
phase5,rain_pilot,precip,5,123,all,heavy_rain_risk,climatology,baseline,False,1560,4,-24.891101378737353,26.792605400009034,44.32344964499049,4.4708462983253705,49.50467774750379,26.792605400009034,3.327833401851165,32.67175658878226,307.0,0.0,,0.0,0.0,0.0,0.0,0.0,0.1967948717948718,-0.060609070518290675,-0.08603209383770194,1.0,67.0,0.0,,0.0,0.0,0.0,0.0,0.0,0.04294871794871795,-0.01177415784055924,-0.014879608035910152,1.0,15.980897791863342,-1.8774586190836295,18.374870029135888,0.128,10.202610250248707,-0.9590529716761713,13.497894229135479,0.12,-0.12960306073648972,-0.18385141910450367,-0.10650924305064124,0.0
phase5,rain_pilot,precip,5,123,all,monsoon_active,trustcast,final,False,3276,9,4.802281974865151,15.242880659590968,24.890244994633996,19.46915569190965,28.6518264984514,15.242880659590968,11.539065031231706,18.213420513195647,294.0,0.46938775510204084,0.6706443914081146,0.24,1.4251700680272108,0.18682157597156285,0.012680428390459433,0.28213983633785367,0.1333943833943834,-0.7286135826632303,-2.4864202874571144,-0.09375782899406322,56.0,0.08928571428571429,0.8484848484848485,0.05952380952380952,0.5892857142857143,0.053165334972341736,0.0,0.07790863364551999,0.024114774114774116,-0.4568345146174191,-0.8229987073015005,0.06701560631881297,3.102570194989429,-2.407750692413086,6.897203692360663,0.202,1.780314392294514,-1.0558627762882087,4.029563799899764,0.196,0.05912487546394862,-0.050233525621441844,0.169753554959189,0.26
phase5,rain_pilot,precip,5,123,all,monsoon_active,blend_B,L3B,False,3276,9,-1.2339801716803596,13.462566267296454,21.787674799644567,17.119219857238424,25.8733742370567,13.462566267296454,10.922773181523423,15.705944297721421,294.0,0.16666666666666666,0.43023255813953487,0.14803625377643503,0.2925170068027211,0.12769670050761422,0.0,0.22694686822115012,0.08608058608058608,-0.11548977187878928,-0.1732579852409475,-0.05425141371515384,56.0,0.0,,0.0,0.0,0.0,0.0,0.0,0.017094017094017096,-0.032692820488297025,-0.0463173173700621,0.06701560631881297,,,,,,,,,,,,
phase5,rain_pilot,precip,5,123,all,monsoon_active,equal_mean,baseline,False,3276,9,1.1952124630989136,14.769544553987327,22.717292552985867,17.409565591320842,26.9785197183593,14.769544553987327,11.653384202170527,17.657303470016913,294.0,0.20068027210884354,0.5203252032520326,0.164804469273743,0.41836734693877553,0.13823301186121273,0.0,0.2377415105619846,0.09126984126984126,-0.18273560919063137,-0.221614863155923,-0.07512792716896555,56.0,0.017857142857142856,0.8,0.016666666666666666,0.08928571428571429,0.015263908701854493,0.0,0.026712640878317564,0.018009768009768008,-0.08801565015731305,-0.14109330793987154,0.06701560631881297,0.9296177533413008,-0.25120013648689793,2.0837832409654586,0.254,1.3069782866908728,0.3224780478729004,2.2889603141953594,0.004,0.010536311353598504,-0.023825190951418145,0.014787788538989835,0.694
phase5,rain_pilot,precip,5,123,all,monsoon_active,superensemble,baseline,False,3276,9,1.436187562111126,14.99461798568345,22.52680731740487,18.522553113518857,25.656664830549605,14.99461798568345,12.224973920345754,17.15843878015581,294.0,0.1292517006802721,0.525,0.1130952380952381,0.272108843537415,0.0937305053025577,0.0,0.16998457245553122,0.09096459096459096,-0.17877997170169935,-0.48154778734112574,-0.09495149740223847,56.0,0.0,,0.0,0.0,0.0,0.0,0.0,0.017094017094017096,-0.032692820488297025,-0.0463173173700621,0.06701560631881297,0.7391325177603036,-1.5608020416059476,1.9794028354662703,0.386,1.5320517183869953,-0.13076654681377237,2.2710000557056245,0.056,-0.03396619520505652,-0.06531787193662315,0.0,0.192
phase5,rain_pilot,precip,5,123,all,monsoon_active,climatology,baseline,False,3276,9,-11.136406201810118,14.365388640435697,26.103325160645387,17.40096899831814,32.16562183785453,14.365388640435697,9.967307054706001,18.06732582179637,294.0,0.0,,0.0,0.0,0.0,0.0,0.0,0.08974358974358974,-0.16295742174597194,-0.19436404610679486,-0.07512792716896555,56.0,0.0,,0.0,0.0,0.0,0.0,0.0,0.017094017094017096,-0.032692820488297025,-0.0463173173700621,0.06701560631881297,4.31565036100082,-0.16680572789252687,7.255664205919945,0.068,0.9028223731392426,-1.9158795944713582,2.8565219160825768,0.51,-0.12769670050761422,-0.22694686822115015,0.0,0.056
phase5,rain_pilot,precip,5,123,all,monsoon_break,trustcast,final,False,5304,12,-2.171737234115086,2.5995606276633176,6.099790551756518,4.544378797553952,7.3100165403416275,2.5995606276633176,1.62628387672166,3.660035475411844,4.0,0.0,,0.0,0.0,0.0,0.0,0.0,0.0007541478129713424,0.7137672881629293,0.5100890278251554,1.0,0.0,,,,,,,,0.0,1.0,1.0,1.0,0.694470139076425,0.39002821402126,1.0116023150134685,0.0,-0.044107586204662486,-0.38825903431186926,0.3377400115701137,0.782,0.0,0.0,0.0,1.0
phase5,rain_pilot,precip,5,123,all,monsoon_break,blend_B,L3B,False,5304,12,-0.7491641859316758,2.64366821386798,5.405320412680093,4.0693711758224556,6.467916249549396,2.64366821386798,1.9483810722001875,3.340979706698319,4.0,0.0,,0.0,0.0,0.0,0.0,0.0,0.0007541478129713424,0.7137672881629293,0.5100890278251554,1.0,0.0,,,,,,,,0.0,1.0,1.0,1.0,,,,,,,,,,,,
phase5,rain_pilot,precip,5,123,all,monsoon_break,equal_mean,baseline,False,5304,12,-0.14175760080362915,2.8918471474849814,5.365412036962399,4.114608183221292,6.34955060109602,2.8918471474849814,2.2597615532212556,3.5377553274343176,4.0,0.0,,0.0,0.0,0.0,0.0,0.0,0.0007541478129713424,0.7137672881629293,0.5100890278251554,1.0,0.0,,,,,,,,0.0,1.0,1.0,1.0,-0.0399083757176939,-0.15403976901120234,0.12115722393398262,0.582,0.24817893361700127,0.13655405527695869,0.36541694741179254,0.0,0.0,0.0,0.0,1.0
phase5,rain_pilot,precip,5,123,all,monsoon_break,superensemble,baseline,False,5304,12,-0.4698296939968645,2.800280148943662,5.3347257170916444,4.057187671341509,6.363190327733725,2.800280148943662,2.0874687946964374,3.5481972225782363,4.0,0.0,,0.0,0.0,0.0,0.0,0.0,0.0007541478129713424,0.7137672881629293,0.5100890278251554,1.0,0.0,,,,,,,,0.0,1.0,1.0,1.0,-0.07059469558844889,-0.26779645611139513,0.18397468485143095,0.538,0.15661193507568205,0.040529573911463314,0.3118692313252888,0.008,0.0,0.0,0.0,1.0
phase5,rain_pilot,precip,5,123,all,monsoon_break,climatology,baseline,False,5304,12,6.267008480971305,7.1657174333345655,9.607797540891902,8.888849759560753,10.293498723223015,7.1657174333345655,6.527733552783218,7.755889280182001,4.0,0.0,,0.0,0.0,0.0,0.0,0.0,0.0007541478129713424,0.7137672881629293,0.5100890278251554,1.0,0.0,,,,,,,,0.0,1.0,1.0,1.0,4.202477128211808,2.691162959903968,5.93019175920313,0.0,4.522049219466585,3.3100225875771834,5.679518694591039,0.0,0.0,0.0,0.0,1.0
phase5,rain_pilot,precip,5,123,all,monsoon_normal,trustcast,final,False,10452,21,-2.881185044416307,6.8143681820393,12.729918935367568,10.63969655654622,14.94779237170733,6.8143681820393,5.68990264133503,8.134602054563366,160.0,0.0875,0.5757575757575758,0.0782122905027933,0.20625,0.07560349651699053,0.0,0.19619447606080256,0.01578645235361653,-0.10289792086276828,-0.1911300746378309,0.034838027083156246,10.0,0.0,,0.0,0.0,0.0,0.0,0.0,0.0009567546880979717,0.05775435315749522,0.0030576079769253084,1.0,0.30517227249691103,-0.2730652783306609,0.937174979690215,0.316,-0.10469597041883283,-0.43396474020071146,0.23243570789656373,0.532,0.07560349651699053,0.0,0.19619447606080256,0.08
phase5,rain_pilot,precip,5,123,all,monsoon_normal,blend_B,L3B,False,10452,21,-1.8428338701046227,6.919064152458133,12.424746662870657,10.178758823751632,15.050793774799475,6.919064152458133,5.883550694125152,8.185262098493482,160.0,0.0,,0.0,0.0,0.0,0.0,0.0,0.015308075009567547,-0.06947677174571454,-0.136729454805772,0.07888468078598837,10.0,0.0,,0.0,0.0,0.0,0.0,0.0,0.0009567546880979717,0.05775435315749522,0.0030576079769253084,1.0,,,,,,,,,,,,
phase5,rain_pilot,precip,5,123,all,monsoon_normal,equal_mean,baseline,False,10452,21,-0.6702490229051955,7.295845453434941,12.396011971646626,10.316087951580734,14.772429154877457,7.295845453434941,6.317481927125265,8.454199368406403,160.0,0.0,,0.0,0.0,0.0,0.0,0.0,0.015308075009567547,-0.06947677174571454,-0.136729454805772,0.07888468078598837,10.0,0.0,,0.0,0.0,0.0,0.0,0.0,0.0009567546880979717,0.05775435315749522,0.0030576079769253084,1.0,-0.02873469122403094,-0.36827079551307385,0.4516679445333343,0.858,0.3767813009768082,0.11531718030342067,0.7091976116364264,0.0,0.0,0.0,0.0,1.0
phase5,rain_pilot,precip,5,123,all,monsoon_normal,superensemble,baseline,False,10452,21,-0.31012830499843014,7.226763841452154,12.144616388967245,10.15353746755167,14.311833754866147,7.226763841452154,6.243378372294538,8.372773601327578,160.0,0.0,,0.0,0.0,0.0,0.0,0.0,0.015308075009567547,-0.06947677174571454,-0.136729454805772,0.07888468078598837,10.0,0.0,,0.0,0.0,0.0,0.0,0.0,0.0009567546880979717,0.05775435315749522,0.0030576079769253084,1.0,-0.2801302739034117,-0.8619444455324766,0.3903788108981001,0.39,0.30769968899402134,-0.04797214940852461,0.7373819798915722,0.106,0.0,0.0,0.0,1.0
phase5,rain_pilot,precip,5,123,all,monsoon_normal,climatology,baseline,False,10452,21,-0.006303093235382302,7.779615792252303,12.911767609291994,10.835505887949363,15.200683822531008,7.779615792252303,6.844070324150455,8.832518333165824,160.0,0.0,,0.0,0.0,0.0,0.0,0.0,0.015308075009567547,-0.06947677174571454,-0.136729454805772,0.07888468078598837,10.0,0.0,,0.0,0.0,0.0,0.0,0.0,0.0009567546880979717,0.05775435315749522,0.0030576079769253084,1.0,0.4870209464213371,-0.09589240884469263,1.226763761051452,0.138,0.8605516397941697,0.375679226671247,1.3563242185023456,0.0,0.0,0.0,0.0,1.0
phase5,rain_pilot,precip,5,123,all,wet_spell,trustcast,final,False,22308,36,-1.228186876871672,4.454970674288949,10.39048989337429,8.250293198804107,12.328889713976695,4.454970674288949,3.352475614009972,5.650733473083691,105.0,0.01904761904761905,0.9642857142857143,0.012578616352201259,0.5333333333333333,0.010938998478435465,-0.0017475622394296155,0.03310900805125053,0.007037833960910884,-0.5127584306432067,-1.2213029996663667,-0.015067473873376815,11.0,0.0,,0.0,0.0,0.0,0.0,0.0,0.0004930966469428008,-0.005274406622654659,-0.011209253539784709,0.03523367548321833,1.2573807219338882,0.45176016268216096,2.0581554001060693,0.0,-0.10254493420651478,-0.4504450766037973,0.31480940411003916,0.57,0.010938998478435465,-0.0017475622394296155,0.03310900805125053,0.728
phase5,rain_pilot,precip,5,123,all,wet_spell,blend_B,L3B,False,22308,36,-0.41247121857769303,4.557515608495464,9.133109171440402,7.410165469326547,10.68685898086319,4.557515608495464,3.6890218573354665,5.444368542376333,105.0,0.0,,0.0,0.0,0.0,0.0,0.0,0.004706831629908553,-0.011717421767749814,-0.02259698556759287,0.01514820465288252,11.0,0.0,,0.0,0.0,0.0,0.0,0.0,0.0004930966469428008,-0.005274406622654659,-0.011209253539784709,0.03523367548321833,,,,,,,,,,,,
phase5,rain_pilot,precip,5,123,all,wet_spell,equal_mean,baseline,False,22308,36,0.8459017429376208,5.218167273700802,9.287514020838413,7.633233462906551,10.770197358107481,5.218167273700802,4.326133214826816,6.131549622868421,105.0,0.0,,0.0,0.0,0.0,0.0,0.0,0.004706831629908553,-0.011717421767749814,-0.02259698556759287,0.01514820465288252,11.0,0.0,,0.0,0.0,0.0,0.0,0.0,0.0004930966469428008,-0.005274406622654659,-0.011209253539784709,0.03523367548321833,0.15440484939801102,0.031616131618682264,0.29153441701384425,0.01,0.6606516652053376,0.559516012222079,0.7568444988975055,0.0,0.0,0.0,0.0,1.0
phase5,rain_pilot,precip,5,123,all,wet_spell,superensemble,baseline,False,22308,36,0.12654365685481297,4.87168647149307,9.194580613785075,7.5078488061546915,10.740097729497299,4.87168647149307,3.9770736839540612,5.8679489593035825,105.0,0.0,,0.0,0.0,0.0,0.0,0.0,0.004706831629908553,-0.011717421767749814,-0.02259698556759287,0.01514820465288252,11.0,0.0,,0.0,0.0,0.0,0.0,0.0,0.0004930966469428008,-0.005274406622654659,-0.011209253539784709,0.03523367548321833,0.061471442344672056,-0.02290852301360311,0.15103642158278852,0.144,0.31417086299760566,0.20143455775109884,0.42791928556298475,0.0,0.0,0.0,0.0,1.0
phase5,rain_pilot,precip,5,123,all,wet_spell,climatology,baseline,False,22308,36,-0.8571173688406831,5.251390306712746,10.1655275810717,8.047389293102162,12.176131183602623,5.251390306712746,4.291991394100256,6.212302646487567,105.0,0.0,,0.0,0.0,0.0,0.0,0.0,0.004706831629908553,-0.011717421767749814,-0.02259698556759287,0.01514820465288252,11.0,0.0,,0.0,0.0,0.0,0.0,0.0,0.0004930966469428008,-0.005274406622654659,-0.011209253539784709,0.03523367548321833,1.0324184096312976,0.5472578055468399,1.5483765697755747,0.0,0.6938746982172814,0.31179338129480805,1.0901787202813933,0.0,0.0,0.0,0.0,1.0
