sample,region,variable,lead_day,lead_h,season,regime,forecast,kind,ensemble,n_cases,n_blocks,bias,mae,rmse,rmse_lo,rmse_hi,crps,crps_lo,crps_hi,n_obs_ev_40.0,pod_40.0,far_40.0,csi_40.0,fbias_40.0,ets_40.0,ets_40.0_lo,ets_40.0_hi,brier_40.0,bss_40.0,bss_40.0_lo,bss_40.0_hi,d_rmse_vs_ref,d_rmse_lo,d_rmse_hi,d_rmse_p,d_crps_vs_ref,d_crps_lo,d_crps_hi,d_crps_p,d_ets_40.0_vs_ref,d_ets_40.0_lo,d_ets_40.0_hi,d_ets_40.0_p
phase5,heat_pilot,tmax,1,27,all,all,trustcast,final,False,61009,73,0.039425747261184294,0.6839254222924209,0.8797413169409575,0.8147505470826641,0.9523673685408756,0.6839254222924209,0.6363345772834113,0.7409569783320626,4471.0,0.781480653097741,0.18554778554778556,0.6633757357129295,0.9595168866025497,0.6420069767578939,0.43027165399227807,0.7656916358956678,0.029061286039764624,0.6155498676812097,0.28094741061784284,0.8051908558186053,0.0,0.0,0.0,1.0,0.0,0.0,0.0,1.0,0.0,0.0,0.0,1.0
phase5,heat_pilot,tmax,1,27,all,all,blend_A,L3A,False,61009,73,0.039425747261184294,0.6839254222924209,0.8797413169409575,0.8147505470826641,0.9523673685408756,0.6839254222924209,0.6363345772834113,0.7409569783320626,4471.0,0.781480653097741,0.18554778554778556,0.6633757357129295,0.9595168866025497,0.6420069767578939,0.43027165399227807,0.7656916358956678,0.029061286039764624,0.6155498676812097,0.28094741061784284,0.8051908558186053,,,,,,,,,,,,
phase5,heat_pilot,tmax,1,27,all,all,equal_mean,baseline,False,61009,73,-1.182363134971063,1.4092540768478587,1.7295665427184597,1.6361227828500342,1.8338807173896383,1.4092540768478587,1.3188152267742328,1.5176761108573291,4471.0,0.47193021695370163,0.1059322033898305,0.4469392077949587,0.5278461194363677,0.4259076960538231,0.23754841230304538,0.5649700556598105,0.04279696438230425,0.43384134490447746,-0.06647221179178947,0.7730032413024127,0.8498252257775022,0.7261216477940311,0.9827655759968013,0.0,0.7253286545554378,0.6134180022429174,0.8461281055342518,0.0,-0.21609928070407075,-0.28074345814554025,-0.09963840511823005,0.004
phase5,heat_pilot,tmax,1,27,all,all,superensemble,baseline,False,61009,73,0.11605479170965842,1.0041523236408822,1.2469226764116026,1.1821618157337943,1.317789691098071,1.0041523236408822,0.9530890959528404,1.059551855041751,4471.0,0.6179825542384254,0.23758278145695363,0.518192048012003,0.8105569223887273,0.492935620835556,0.32598868102441164,0.5992027411353886,0.04210854136274976,0.44294845463791754,0.033737361415566575,0.7090802155095887,0.3671813594706451,0.30792596584582743,0.42312268992122026,0.0,0.3202269013484613,0.27133853103425554,0.36669448780571096,0.0,-0.1490713559223379,-0.1848678888902197,-0.09725087289370157,0.0
phase5,heat_pilot,tmax,1,27,all,all,climatology,baseline,False,61009,73,0.6449155170190755,1.828966928397113,2.440692333767547,2.0341969690100967,2.873799939545812,1.828966928397113,1.558107780292108,2.1317704633489902,4471.0,0.6327443524938493,0.6486587183308494,0.29182999793686815,1.8009393871617088,0.24592881705677133,0.06903235665461528,0.44551691273318544,0.11252438164860921,-0.48857876952537804,-0.6500253844438731,-0.285590581139677,1.5609510168265892,1.1774997456522789,1.9628953175036623,0.0,1.1450415061046921,0.890027662104308,1.4201742975118854,0.0,-0.39607815970112253,-0.5136791690298808,-0.2258092102302603,0.0
phase5,heat_pilot,tmax,1,27,winter_JF,all,trustcast,final,False,9971,13,0.3963027032468255,0.7260763839570178,0.9415550448519204,0.7416471848685386,1.1441147999142973,0.7260763839570178,0.5823574257264977,0.8905504714227235,0.0,,,,,,,,0.0,1.0,1.0,1.0,0.0,0.0,0.0,1.0,0.0,0.0,0.0,1.0,,,,
phase5,heat_pilot,tmax,1,27,winter_JF,all,blend_A,L3A,False,9971,13,0.3963027032468255,0.7260763839570178,0.9415550448519204,0.7416471848685386,1.1441147999142973,0.7260763839570178,0.5823574257264977,0.8905504714227235,0.0,,,,,,,,0.0,1.0,1.0,1.0,,,,,,,,,,,,
phase5,heat_pilot,tmax,1,27,winter_JF,all,equal_mean,baseline,False,9971,13,-1.1233186915960705,1.3392794332369413,1.625564281381399,1.4553383172773544,1.7941404182589429,1.3392794332369413,1.1744615889192864,1.5160914807570425,0.0,,,,,,,,0.0,1.0,1.0,1.0,0.6840092365294786,0.35635088606937537,1.0111381672204185,0.0,0.6132030492799235,0.3239264161652067,0.8962650874288439,0.0,,,,
phase5,heat_pilot,tmax,1,27,winter_JF,all,superensemble,baseline,False,9971,13,0.35230905320314165,0.8910334553334553,1.143034731060319,0.9733269845787914,1.3458969395705198,0.8910334553334553,0.7739747520228928,1.052625932711719,0.0,,,,,,,,0.0,1.0,1.0,1.0,0.20147968620839862,0.13701964065944208,0.26770998102122173,0.0,0.16495707137643756,0.10002709379962986,0.22705335368439586,0.0,,,,
phase5,heat_pilot,tmax,1,27,winter_JF,all,climatology,baseline,False,9971,13,-1.1578034339822914,1.6506148739930393,1.95863194609274,1.5753577259236144,2.309686702970562,1.6506148739930393,1.2649307667192962,2.039561273902305,0.0,,,,,,,,0.0,1.0,1.0,1.0,1.0170769012408196,0.579195339665169,1.4104122386561366,0.0,0.9245384900360215,0.4972293614791229,1.3444096992932628,0.0,,,,
phase5,heat_pilot,tmax,1,27,premonsoon_MAM,all,trustcast,final,False,15548,19,0.16945514882595336,0.7631073224995355,0.9676623814317162,0.8311713245313789,1.1056025331576762,0.7631073224995355,0.6608679401315284,0.8764325204317499,4234.0,0.7822390174775626,0.17324013979031452,0.672077922077922,0.9461502125649504,0.5788479686431953,0.4031734119612164,0.7094413313559369,0.10393619758168253,0.5852010472888904,0.12542693256423565,0.7696458967368397,0.0,0.0,0.0,1.0,0.0,0.0,0.0,1.0,0.0,0.0,0.0,1.0
phase5,heat_pilot,tmax,1,27,premonsoon_MAM,all,blend_A,L3A,False,15548,19,0.16945514882595336,0.7631073224995355,0.9676623814317162,0.8311713245313789,1.1056025331576762,0.7631073224995355,0.6608679401315284,0.8764325204317499,4234.0,0.7822390174775626,0.17324013979031452,0.672077922077922,0.9461502125649504,0.5788479686431953,0.4031734119612164,0.7094413313559369,0.10393619758168253,0.5852010472888904,0.12542693256423565,0.7696458967368397,,,,,,,,,,,,
phase5,heat_pilot,tmax,1,27,premonsoon_MAM,all,equal_mean,baseline,False,15548,19,-0.8900759907715848,1.2728588319174392,1.6223750052120658,1.4733428906720345,1.7693983000899678,1.2728588319174392,1.1435448965408026,1.4099874508832044,4234.0,0.4728389230042513,0.07699400645458737,0.45489661440581686,0.5122815304676429,0.37039777154516396,0.21084117704222596,0.5038962585657084,0.15429637252379727,0.38421863393938616,-0.28754081291794625,0.7177626949746522,0.6547126237803496,0.42775685648929035,0.8754465746654785,0.0,0.5097515094179037,0.32228885897010595,0.7048361672871151,0.0,-0.20845019709803136,-0.28707439082176084,-0.10203847669487434,0.002
phase5,heat_pilot,tmax,1,27,premonsoon_MAM,all,superensemble,baseline,False,15548,19,-0.10225218575872368,1.093874417450485,1.3724232654316668,1.2600042409211332,1.4926819462364074,1.093874417450485,1.0101939699305358,1.1901904242711856,4234.0,0.6140765233821446,0.20489296636085627,0.5301794453507341,0.7723193197921587,0.42594034967863,0.28643011152612,0.5367054741266857,0.14818626189863648,0.40860347336237834,-0.17566212477648138,0.6640728243326013,0.4047608839999506,0.27960051747707726,0.5467609788591017,0.0,0.3307670949509496,0.23988535769809355,0.43186600910750966,0.0,-0.15290761896456534,-0.2048996893980182,-0.0967550757362524,0.0
phase5,heat_pilot,tmax,1,27,premonsoon_MAM,all,climatology,baseline,False,15548,19,0.8718866692246893,2.453908042917529,3.2905084938847424,2.13458785854777,4.254387101576595,2.453908042917529,1.6952422658976123,3.2870747770007425,4234.0,0.6681624940954181,0.6211329851345923,0.318868349864743,1.7635805384978744,0.11633981110536631,-0.014940917144001012,0.33790251596282966,0.38866735271417546,-0.5511324698225466,-0.6870653744908053,-0.4177443746403981,2.322846112453026,1.2408452887264128,3.245546940383705,0.0,1.6908007204179933,0.9465788734660074,2.486772949803468,0.0,-0.46250815753782903,-0.6016125884925599,-0.23672037133286083,0.0
phase5,heat_pilot,tmax,1,27,monsoon_JJAS,all,trustcast,final,False,20618,25,0.04431893173574488,0.6555125976304955,0.8566634965768186,0.7442483340849051,0.9715511826024797,0.6555125976304955,0.5762273178234538,0.7391479704751435,237.0,0.7679324894514767,0.3591549295774648,0.5368731563421829,1.1983122362869199,0.5323699393573771,0.0,0.5340881232976297,0.007614705597051121,0.7807009937528242,0.30859901491735536,1.0,0.0,0.0,0.0,1.0,0.0,0.0,0.0,1.0,0.0,0.0,0.0,1.0
phase5,heat_pilot,tmax,1,27,monsoon_JJAS,all,blend_A,L3A,False,20618,25,0.04431893173574488,0.6555125976304955,0.8566634965768186,0.7442483340849051,0.9715511826024797,0.6555125976304955,0.5762273178234538,0.7391479704751435,237.0,0.7679324894514767,0.3591549295774648,0.5368731563421829,1.1983122362869199,0.5323699393573771,0.0,0.5340881232976297,0.007614705597051121,0.7807009937528242,0.30859901491735536,1.0,,,,,,,,,,,,
phase5,heat_pilot,tmax,1,27,monsoon_JJAS,all,equal_mean,baseline,False,20618,25,-0.9285439627167557,1.1787575104613808,1.474524452175401,1.3712199650530994,1.5754589382983142,1.1787575104613808,1.0823042605079856,1.275501917123753,237.0,0.45569620253164556,0.43455497382198954,0.3375,0.8059071729957806,0.33292320953261606,0.0,0.3341038474564294,0.01028227762149578,0.7038765011184631,0.06483584709975619,1.0,0.6178609555985825,0.47479836765440125,0.7560611940087819,0.0,0.5232449128308853,0.39461465425894376,0.642452283994686,0.0,-0.19944672982476103,-0.20007613916920575,0.0,0.5368663594470046
phase5,heat_pilot,tmax,1,27,monsoon_JJAS,all,superensemble,baseline,False,20618,25,0.7100793896966605,1.0316327588381737,1.2662131266533172,1.1560016464634681,1.3812959785849972,1.0316327588381737,0.9362007374757846,1.1341784553062388,237.0,0.6877637130801688,0.53954802259887,0.3808411214953271,1.4936708860759493,0.37489803338578587,-9.70217355189037e-05,0.41686739347697055,0.012852847026869726,0.629845626398079,0.011488753857901914,1.0,0.4095496300764986,0.3171845356300469,0.5063534069622314,0.0,0.3761201612076782,0.2878548746779328,0.46823924303573783,0.0,-0.15747190597159122,-0.2169001917467347,-3.233525189161224e-05,0.0
phase5,heat_pilot,tmax,1,27,monsoon_JJAS,all,climatology,baseline,False,20618,25,1.079887744815866,1.9301400489448195,2.446991395228255,1.992760545256793,2.8740052155677143,1.9301400489448195,1.5483184608457623,2.3426288557702737,237.0,0.0,1.0,0.0,2.4683544303797467,-0.008248087626940504,-0.017674527821878932,0.0,0.03986807643806383,-0.14817696264444935,-0.7152092817922371,0.9894659054394205,1.5903278986514366,1.1813835637504337,1.9855716844522835,0.0,1.2746274513143239,0.929291215544092,1.654840526831269,0.0,-0.5406180269843176,-0.5453932034055359,0.0,0.052995391705069124
phase5,heat_pilot,tmax,1,27,postmonsoon_OND,all,trustcast,final,False,14872,18,-0.34256759197754266,0.6122745478775246,0.7643366718393982,0.6924557214134666,0.8420371011021073,0.6122745478775246,0.545139939348404,0.6906642210922453,0.0,,,,,,,,0.0,,,,0.0,0.0,0.0,1.0,0.0,0.0,0.0,1.0,,,,
phase5,heat_pilot,tmax,1,27,postmonsoon_OND,all,blend_A,L3A,False,14872,18,-0.34256759197754266,0.6122745478775246,0.7643366718393982,0.6924557214134666,0.8420371011021073,0.6122745478775246,0.545139939348404,0.6906642210922453,0.0,,,,,,,,0.0,,,,,,,,,,,,,,,
phase5,heat_pilot,tmax,1,27,postmonsoon_OND,all,equal_mean,baseline,False,14872,18,-1.8794083445222227,1.918315981459143,2.17574979372866,1.9988145174593324,2.3528669876208546,1.918315981459143,1.729787261214945,2.127056488699013,0.0,,,,,,,,0.0,,,,1.4114131218892616,1.2604036181655844,1.5672067823430693,0.0,1.3060414335816186,1.1491351520286275,1.482090400807045,0.0,,,,
phase5,heat_pilot,tmax,1,27,postmonsoon_OND,all,superensemble,baseline,False,14872,18,-0.6376470316475986,0.9480951362043507,1.144726984637388,1.0690494052586887,1.2235762464200877,0.9480951362043507,0.8818621548734128,1.024296367963155,0.0,,,,,,,,0.0,,,,0.38039031279798974,0.28982369043271067,0.46575828344464415,0.0,0.33582058832682615,0.25747948935281123,0.4083514744368973,0.0,,,,
phase5,heat_pilot,tmax,1,27,postmonsoon_OND,all,climatology,baseline,False,14872,18,1.0132389296890267,1.1549336098419074,1.4981000491984833,1.1280756527160813,1.845603788607866,1.1549336098419074,0.872481210638703,1.4785603789182062,0.0,,,,,,,,0.0,,,,0.733763377359085,0.388183007956037,1.0692745260037322,0.0,0.5426590619643828,0.2754764566305993,0.8526895160798598,0.0,,,,
phase5,heat_pilot,tmax,1,27,all,heat,trustcast,final,False,1521,4,-0.44407024295764247,0.5991125865487343,0.7294935556194622,0.6088818501478841,0.8158678407974163,0.5991125865487343,0.47908780701767056,0.6927794304119764,1507.0,0.9747843397478434,0.0013596193065941536,0.9734923790589795,0.9761114797611148,0.22390039799979455,0.0,0.5272727272727259,0.026298487836949377,0.7925614002670697,-0.1212941136636585,0.9553619635332825,0.0,0.0,0.0,1.0,0.0,0.0,0.0,1.0,0.0,0.0,0.0,1.0
phase5,heat_pilot,tmax,1,27,all,heat,blend_A,L3A,False,1521,4,-0.44407024295764247,0.5991125865487343,0.7294935556194622,0.6088818501478841,0.8158678407974163,0.5991125865487343,0.47908780701767056,0.6927794304119764,1507.0,0.9747843397478434,0.0013596193065941536,0.9734923790589795,0.9761114797611148,0.22390039799979455,0.0,0.5272727272727259,0.026298487836949377,0.7925614002670697,-0.1212941136636585,0.9553619635332825,,,,,,,,,,,,
phase5,heat_pilot,tmax,1,27,all,heat,equal_mean,baseline,False,1521,4,-1.5157822352502786,1.615388013750687,2.002457875163081,1.8430806145390262,2.1493286762223254,1.615388013750687,1.4477166944102322,1.7689199391201402,1507.0,0.7710683477106834,0.0008598452278589854,0.7705570291777188,0.7717319177173192,0.027283296397407373,0.0,0.0697308192466603,0.2274819197896121,-0.7943438876898472,-3.485176454654634,-0.3973268779373438,1.2729643195436187,1.2220870214929442,1.3334608354249091,0.0,1.0162754272019527,0.9621182729506633,1.083971870016064,0.0,-0.19661710160238718,-0.47136285343072576,0.0,0.10040160642570281
phase5,heat_pilot,tmax,1,27,all,heat,superensemble,baseline,False,1521,4,-1.2785938671746588,1.37619608440813,1.730927991694691,1.4975649836867413,1.939571341026807,1.37619608440813,1.19636843754695,1.6058882786677433,1507.0,0.8301260783012607,0.0007987220447284345,0.8295755968169761,0.8307896483078965,0.03933851719324441,0.0,0.1131125452095595,0.16896778435239973,-0.33279300328407735,-2.0731764596707682,-0.08445200873851433,1.0014344360752288,0.8431876594775183,1.128709182091936,0.0,0.7770834978593957,0.6727524932319595,0.9131088482557669,0.0,-0.18456188080655014,-0.46059891155732957,0.0,0.10040160642570281
phase5,heat_pilot,tmax,1,27,all,heat,climatology,baseline,False,1521,4,-1.778410939775275,1.8024044927212064,1.9615766800368932,0.7717059670520163,2.3254815459817215,1.8024044927212064,0.6524183510323248,2.2562073363354926,1507.0,0.8380889183808892,0.01096319498825372,0.8303747534516766,0.847378898473789,-0.008781445853748853,-0.021907365683803855,0.0,0.16962524654832348,-0.3379789682774006,-0.4904999767021081,0.4185882373595844,1.232083124417431,0.14161064948273727,1.5214514387980116,0.032,1.203291906172472,0.17333054401465425,1.5857630848179203,0.008,-0.2326818438535434,-0.5405971776391488,0.0,0.10040160642570281
phase5,heat_pilot,tmax,1,27,all,monsoon_JJAS,trustcast,final,False,20618,25,0.04431893173574488,0.6555125976304955,0.8566634965768186,0.7442483340849051,0.9715511826024797,0.6555125976304955,0.5762273178234538,0.7391479704751435,237.0,0.7679324894514767,0.3591549295774648,0.5368731563421829,1.1983122362869199,0.5323699393573771,0.0,0.5340881232976297,0.007614705597051121,0.7807009937528242,0.30859901491735536,1.0,0.0,0.0,0.0,1.0,0.0,0.0,0.0,1.0,0.0,0.0,0.0,1.0
phase5,heat_pilot,tmax,1,27,all,monsoon_JJAS,blend_A,L3A,False,20618,25,0.04431893173574488,0.6555125976304955,0.8566634965768186,0.7442483340849051,0.9715511826024797,0.6555125976304955,0.5762273178234538,0.7391479704751435,237.0,0.7679324894514767,0.3591549295774648,0.5368731563421829,1.1983122362869199,0.5323699393573771,0.0,0.5340881232976297,0.007614705597051121,0.7807009937528242,0.30859901491735536,1.0,,,,,,,,,,,,
phase5,heat_pilot,tmax,1,27,all,monsoon_JJAS,equal_mean,baseline,False,20618,25,-0.9285439627167557,1.1787575104613808,1.474524452175401,1.3712199650530994,1.5754589382983142,1.1787575104613808,1.0823042605079856,1.275501917123753,237.0,0.45569620253164556,0.43455497382198954,0.3375,0.8059071729957806,0.33292320953261606,0.0,0.3341038474564294,0.01028227762149578,0.7038765011184631,0.06483584709975619,1.0,0.6178609555985825,0.47479836765440125,0.7560611940087819,0.0,0.5232449128308853,0.39461465425894376,0.642452283994686,0.0,-0.19944672982476103,-0.20007613916920575,0.0,0.5368663594470046
phase5,heat_pilot,tmax,1,27,all,monsoon_JJAS,superensemble,baseline,False,20618,25,0.7100793896966605,1.0316327588381737,1.2662131266533172,1.1560016464634681,1.3812959785849972,1.0316327588381737,0.9362007374757846,1.1341784553062388,237.0,0.6877637130801688,0.53954802259887,0.3808411214953271,1.4936708860759493,0.37489803338578587,-9.70217355189037e-05,0.41686739347697055,0.012852847026869726,0.629845626398079,0.011488753857901914,1.0,0.4095496300764986,0.3171845356300469,0.5063534069622314,0.0,0.3761201612076782,0.2878548746779328,0.46823924303573783,0.0,-0.15747190597159122,-0.2169001917467347,-3.233525189161224e-05,0.0
phase5,heat_pilot,tmax,1,27,all,monsoon_JJAS,climatology,baseline,False,20618,25,1.079887744815866,1.9301400489448195,2.446991395228255,1.992760545256793,2.8740052155677143,1.9301400489448195,1.5483184608457623,2.3426288557702737,237.0,0.0,1.0,0.0,2.4683544303797467,-0.008248087626940504,-0.017674527821878932,0.0,0.03986807643806383,-0.14817696264444935,-0.7152092817922371,0.9894659054394205,1.5903278986514366,1.1813835637504337,1.9855716844522835,0.0,1.2746274513143239,0.929291215544092,1.654840526831269,0.0,-0.5406180269843176,-0.5453932034055359,0.0,0.052995391705069124
phase5,heat_pilot,tmax,1,27,all,postmonsoon_OND,trustcast,final,False,14872,18,-0.34256759197754266,0.6122745478775246,0.7643366718393982,0.6924557214134666,0.8420371011021073,0.6122745478775246,0.545139939348404,0.6906642210922453,0.0,,,,,,,,0.0,,,,0.0,0.0,0.0,1.0,0.0,0.0,0.0,1.0,,,,
phase5,heat_pilot,tmax,1,27,all,postmonsoon_OND,blend_A,L3A,False,14872,18,-0.34256759197754266,0.6122745478775246,0.7643366718393982,0.6924557214134666,0.8420371011021073,0.6122745478775246,0.545139939348404,0.6906642210922453,0.0,,,,,,,,0.0,,,,,,,,,,,,,,,
phase5,heat_pilot,tmax,1,27,all,postmonsoon_OND,equal_mean,baseline,False,14872,18,-1.8794083445222227,1.918315981459143,2.17574979372866,1.9988145174593324,2.3528669876208546,1.918315981459143,1.729787261214945,2.127056488699013,0.0,,,,,,,,0.0,,,,1.4114131218892616,1.2604036181655844,1.5672067823430693,0.0,1.3060414335816186,1.1491351520286275,1.482090400807045,0.0,,,,
phase5,heat_pilot,tmax,1,27,all,postmonsoon_OND,superensemble,baseline,False,14872,18,-0.6376470316475986,0.9480951362043507,1.144726984637388,1.0690494052586887,1.2235762464200877,0.9480951362043507,0.8818621548734128,1.024296367963155,0.0,,,,,,,,0.0,,,,0.38039031279798974,0.28982369043271067,0.46575828344464415,0.0,0.33582058832682615,0.25747948935281123,0.4083514744368973,0.0,,,,
phase5,heat_pilot,tmax,1,27,all,postmonsoon_OND,climatology,baseline,False,14872,18,1.0132389296890267,1.1549336098419074,1.4981000491984833,1.1280756527160813,1.845603788607866,1.1549336098419074,0.872481210638703,1.4785603789182062,0.0,,,,,,,,0.0,,,,0.733763377359085,0.388183007956037,1.0692745260037322,0.0,0.5426590619643828,0.2754764566305993,0.8526895160798598,0.0,,,,
phase5,heat_pilot,tmax,1,27,all,premonsoon_MAM,trustcast,final,False,14027,19,0.2359819985374276,0.7808898842291405,0.9900507285231928,0.8402105161667586,1.1333336799618912,0.7808898842291405,0.6683949597095952,0.9005219637286427,2727.0,0.6758342500916759,0.2729783037475345,0.5390465048259725,0.9295929592959296,0.4614117724562733,0.32105056127494747,0.5895430057086786,0.11235474442147288,0.5744031718797654,0.08748897511738565,0.7691543323550991,0.0,0.0,0.0,1.0,0.0,0.0,0.0,1.0,0.0,0.0,0.0,1.0
phase5,heat_pilot,tmax,1,27,all,premonsoon_MAM,blend_A,L3A,False,14027,19,0.2359819985374276,0.7808898842291405,0.9900507285231928,0.8402105161667586,1.1333336799618912,0.7808898842291405,0.6683949597095952,0.9005219637286427,2727.0,0.6758342500916759,0.2729783037475345,0.5390465048259725,0.9295929592959296,0.4614117724562733,0.32105056127494747,0.5895430057086786,0.11235474442147288,0.5744031718797654,0.08748897511738565,0.7691543323550991,,,,,,,,,,,,
phase5,heat_pilot,tmax,1,27,all,premonsoon_MAM,equal_mean,baseline,False,14027,19,-0.8222283257076302,1.2357171134054001,1.5756609728655602,1.4346887639168044,1.7220262698207385,1.2357171134054001,1.1123410708789687,1.373231223450168,2727.0,0.30803080308030806,0.16500994035785288,0.2903560318008987,0.3689035570223689,0.23890313620760598,0.15193997376042204,0.3350865002564571,0.1463605902901547,0.44558991869870457,-0.24775596590246915,0.7606060111937342,0.5856102443423674,0.3681860012395416,0.810796987888076,0.0,0.4548272291762596,0.2682525240787516,0.6488536899185406,0.0,-0.22250863624866732,-0.3034155193046479,-0.12401361131013601,0.0
phase5,heat_pilot,tmax,1,27,all,premonsoon_MAM,superensemble,baseline,False,14027,19,0.025302936322522316,1.0632612246478488,1.327744675257235,1.2301215585490701,1.4410239234367201,1.0632612246478488,0.9871516323951146,1.1483948849220953,2727.0,0.4946828016134947,0.3315163528245788,0.39723203769140164,0.74000733406674,0.31850242066678713,0.21461174172476397,0.4135374086386006,0.14593284380124047,0.44721021119154813,-0.1609973665920085,0.693136730426943,0.3376939467340423,0.23818968785431155,0.451143381623911,0.0,0.28237134041870826,0.21135614915012882,0.3638538229485094,0.0,-0.14290935178948616,-0.19823473684165085,-0.09020496627067655,0.0
phase5,heat_pilot,tmax,1,27,all,premonsoon_MAM,climatology,baseline,False,14027,19,1.1592683376704684,2.524553006191829,3.403568287011639,2.1626978666546446,4.423533836159871,2.524553006191829,1.6756555620391986,3.4596845858841716,2727.0,0.5742574257425742,0.7470113085621971,0.21303224051149502,2.26989365603227,0.05898195024194342,-0.043339437743709956,0.26513467739274493,0.41241890639481,-0.5622320118499728,-0.7066822047008925,-0.4193890342050031,2.4135175584884463,1.2394572630846201,3.35391821125219,0.0,1.7436631219626884,0.9232448299241536,2.6135667781872116,0.0,-0.4024298222143299,-0.5199875176229324,-0.20722259577771404,0.0
phase5,heat_pilot,tmax,1,27,all,winter_JF,trustcast,final,False,9971,13,0.3963027032468255,0.7260763839570178,0.9415550448519204,0.7416471848685386,1.1441147999142973,0.7260763839570178,0.5823574257264977,0.8905504714227235,0.0,,,,,,,,0.0,1.0,1.0,1.0,0.0,0.0,0.0,1.0,0.0,0.0,0.0,1.0,,,,
phase5,heat_pilot,tmax,1,27,all,winter_JF,blend_A,L3A,False,9971,13,0.3963027032468255,0.7260763839570178,0.9415550448519204,0.7416471848685386,1.1441147999142973,0.7260763839570178,0.5823574257264977,0.8905504714227235,0.0,,,,,,,,0.0,1.0,1.0,1.0,,,,,,,,,,,,
phase5,heat_pilot,tmax,1,27,all,winter_JF,equal_mean,baseline,False,9971,13,-1.1233186915960705,1.3392794332369413,1.625564281381399,1.4553383172773544,1.7941404182589429,1.3392794332369413,1.1744615889192864,1.5160914807570425,0.0,,,,,,,,0.0,1.0,1.0,1.0,0.6840092365294786,0.35635088606937537,1.0111381672204185,0.0,0.6132030492799235,0.3239264161652067,0.8962650874288439,0.0,,,,
phase5,heat_pilot,tmax,1,27,all,winter_JF,superensemble,baseline,False,9971,13,0.35230905320314165,0.8910334553334553,1.143034731060319,0.9733269845787914,1.3458969395705198,0.8910334553334553,0.7739747520228928,1.052625932711719,0.0,,,,,,,,0.0,1.0,1.0,1.0,0.20147968620839862,0.13701964065944208,0.26770998102122173,0.0,0.16495707137643756,0.10002709379962986,0.22705335368439586,0.0,,,,
phase5,heat_pilot,tmax,1,27,all,winter_JF,climatology,baseline,False,9971,13,-1.1578034339822914,1.6506148739930393,1.95863194609274,1.5753577259236144,2.309686702970562,1.6506148739930393,1.2649307667192962,2.039561273902305,0.0,,,,,,,,0.0,1.0,1.0,1.0,1.0170769012408196,0.579195339665169,1.4104122386561366,0.0,0.9245384900360215,0.4972293614791229,1.3444096992932628,0.0,,,,
phase5,heat_pilot,tmax,2,51,all,all,trustcast,final,False,61178,73,0.06376221350734367,0.7386485570908653,0.9556250448365949,0.8647206487700576,1.060146081604021,0.7386485570908653,0.6788179073557054,0.8094795227423874,4471.0,0.7752180720196824,0.22926395374694242,0.6299527444565612,1.0058152538581973,0.6064446448329058,0.38270710200591396,0.7438920676023811,0.03327993723233842,0.5585220138741923,0.20361963686747198,0.7590971142588511,0.0,0.0,0.0,1.0,0.0,0.0,0.0,1.0,0.0,0.0,0.0,1.0
phase5,heat_pilot,tmax,2,51,all,all,blend_A,L3A,False,61178,73,0.06376221350734367,0.7386485570908653,0.9556250448365949,0.8647206487700576,1.060146081604021,0.7386485570908653,0.6788179073557054,0.8094795227423874,4471.0,0.7752180720196824,0.22926395374694242,0.6299527444565612,1.0058152538581973,0.6064446448329058,0.38270710200591396,0.7438920676023811,0.03327993723233842,0.5585220138741923,0.20361963686747198,0.7590971142588511,,,,,,,,,,,,
phase5,heat_pilot,tmax,2,51,all,all,equal_mean,baseline,False,61178,73,-1.078498842077945,1.4005647994330173,1.7165851938089505,1.6280391268107253,1.8098226385537257,1.4005647994330173,1.3149644472201019,1.4941321949884512,4471.0,0.5280697830462984,0.1736086804340217,0.47533722568955106,0.6390069335719079,0.45231450115031746,0.2719678411041233,0.5780353467000692,0.042597011997776976,0.43492552463464895,-0.02131116251611853,0.7433279913294148,0.7609601489723555,0.626164743307993,0.9073649585592878,0.0,0.661916242342152,0.5439735683154021,0.7870359129669658,0.0,-0.15413014368258837,-0.21779152375224248,-0.058900611001628515,0.014
phase5,heat_pilot,tmax,2,51,all,all,superensemble,baseline,False,61178,73,0.21083557214081908,1.0259254512246256,1.2864875696817042,1.2038930490504964,1.378734800525896,1.0259254512246256,0.9632291732533522,1.0973274744332848,4471.0,0.5721315142026392,0.2626117036609974,0.4752879970271275,0.7758890628494743,0.44934942283061663,0.2739164900585579,0.5775381043757281,0.04616038445192716,0.3876552883991744,-0.09870581367143769,0.6982090988068493,0.33086252484510925,0.26789098113155935,0.38730171374485456,0.0,0.28727689413376034,0.23655522834114592,0.33318248416169166,0.0,-0.1570952220022892,-0.21804625842576875,-0.06596067962145513,0.008
phase5,heat_pilot,tmax,2,51,all,all,climatology,baseline,False,61178,73,0.6453800902587528,1.8261606413843647,2.437707557379901,2.0318400177491767,2.8667336138187047,1.8261606413843647,1.557450085375176,2.129238271776121,4471.0,0.6327443524938493,0.6486587183308494,0.29182999793686815,1.8009393871617088,0.246063810399702,0.06910556731864126,0.4455318577609845,0.11221354081532577,-0.48857876952537804,-0.6500253844438731,-0.285590581139677,1.4820825125433061,1.0811778671902617,1.893591738514309,0.0,1.0875120842934995,0.828960414366705,1.3684576571553035,0.0,-0.36038083443320384,-0.4806347733186437,-0.19678074203164253,0.002
phase5,heat_pilot,tmax,2,51,winter_JF,all,trustcast,final,False,9971,13,0.4690032511749283,0.7844425448562183,1.032196853320954,0.778883196975055,1.2942976402416173,0.7844425448562183,0.6102302362685309,0.9918955995166049,0.0,,,,,,,,0.0,1.0,1.0,1.0,0.0,0.0,0.0,1.0,0.0,0.0,0.0,1.0,,,,
phase5,heat_pilot,tmax,2,51,winter_JF,all,blend_A,L3A,False,9971,13,0.4690032511749283,0.7844425448562183,1.032196853320954,0.778883196975055,1.2942976402416173,0.7844425448562183,0.6102302362685309,0.9918955995166049,0.0,,,,,,,,0.0,1.0,1.0,1.0,,,,,,,,,,,,
phase5,heat_pilot,tmax,2,51,winter_JF,all,equal_mean,baseline,False,9971,13,-0.9363543218050854,1.2447432094394546,1.5214492689043546,1.371168506116117,1.672979143848056,1.2447432094394546,1.1001852923668376,1.4081972976911143,0.0,,,,,,,,0.0,1.0,1.0,1.0,0.4892524155834006,0.14698708043216238,0.8499601176415204,0.01,0.46030066458323626,0.16518029244994292,0.7504009331594793,0.008,,,,
phase5,heat_pilot,tmax,2,51,winter_JF,all,superensemble,baseline,False,9971,13,0.5140471735326759,0.9248799436992156,1.2022773285037693,0.9733904556748736,1.4696171358499244,0.9248799436992156,0.773424131810172,1.1318674569669858,0.0,,,,,,,,0.0,1.0,1.0,1.0,0.17008047518281533,0.0874860972452772,0.24883885224519073,0.0,0.14043739884299722,0.06338590381497218,0.20999849455546252,0.0,,,,
phase5,heat_pilot,tmax,2,51,winter_JF,all,climatology,baseline,False,9971,13,-1.1578034339822914,1.6506148739930393,1.95863194609274,1.5753577259236144,2.309686702970562,1.6506148739930393,1.2649307667192962,2.039561273902305,0.0,,,,,,,,0.0,1.0,1.0,1.0,0.9264350927717859,0.4504093855802367,1.3590035695437157,0.0,0.866172329136821,0.41953190464390183,1.302463224311284,0.0,,,,
phase5,heat_pilot,tmax,2,51,premonsoon_MAM,all,trustcast,final,False,15548,19,0.28492817143900767,0.8299480965243595,1.0505426187963751,0.8923478428106726,1.2155157000649186,0.8299480965243595,0.7096523974521758,0.9686256984430968,4234.0,0.7921587151629664,0.2021883920076118,0.6597167584579071,0.992914501653283,0.5608217678992375,0.3846245014843375,0.6897169663198771,0.11126833033187548,0.5559392399812997,0.12830823759808602,0.7407693340776091,0.0,0.0,0.0,1.0,0.0,0.0,0.0,1.0,0.0,0.0,0.0,1.0
phase5,heat_pilot,tmax,2,51,premonsoon_MAM,all,blend_A,L3A,False,15548,19,0.28492817143900767,0.8299480965243595,1.0505426187963751,0.8923478428106726,1.2155157000649186,0.8299480965243595,0.7096523974521758,0.9686256984430968,4234.0,0.7921587151629664,0.2021883920076118,0.6597167584579071,0.992914501653283,0.5608217678992375,0.3846245014843375,0.6897169663198771,0.11126833033187548,0.5559392399812997,0.12830823759808602,0.7407693340776091,,,,,,,,,,,,
phase5,heat_pilot,tmax,2,51,premonsoon_MAM,all,equal_mean,baseline,False,15548,19,-0.5839136826338791,1.1803649748264133,1.5139823814131388,1.3898931701895239,1.648607487829299,1.1803649748264133,1.0759620928200038,1.294625255859753,4234.0,0.5342465753424658,0.13266871165644173,0.4938864628820961,0.6159659896079358,0.401001815463108,0.2529787668295234,0.5198397687055716,0.14908669925392334,0.40500991807899,-0.19063338129056923,0.6945521471339314,0.4634397626167637,0.27539812908764744,0.6760195756696276,0.0,0.3504168783020538,0.20268379186013996,0.5206157465951786,0.0,-0.15981995243612956,-0.23744366796365363,-0.07382960085131618,0.004
phase5,heat_pilot,tmax,2,51,premonsoon_MAM,all,superensemble,baseline,False,15548,19,-0.04131121999781329,1.1724151846127795,1.4666775060315083,1.34697569326175,1.5880412904046337,1.1724151846127795,1.0848893088772156,1.2729363548855508,4234.0,0.5708549834671706,0.23098950047725103,0.4872983870967742,0.7423240434577232,0.38037641321699783,0.23021268146314414,0.49896767044403456,0.16355801389246205,0.3472563510245348,-0.315757671352537,0.6405364187854811,0.41613488723513314,0.2779891309285807,0.5644099087082192,0.0,0.34246708808841997,0.2427880807899119,0.45135231205704784,0.0,-0.1804453546822397,-0.24123741512783295,-0.11112251087000706,0.0
phase5,heat_pilot,tmax,2,51,premonsoon_MAM,all,climatology,baseline,False,15548,19,0.8718866692246893,2.453908042917529,3.2905084938847424,2.13458785854777,4.254387101576595,2.453908042917529,1.6952422658976123,3.2870747770007425,4234.0,0.6681624940954181,0.6211329851345923,0.318868349864743,1.7635805384978744,0.11633981110536631,-0.014940917144001012,0.33790251596282966,0.38866735271417546,-0.5511324698225466,-0.6870653744908053,-0.4177443746403981,2.2399658750883673,1.180269246890376,3.1588205483092433,0.0,1.6239599463931693,0.8836928026694888,2.4148151094330164,0.0,-0.44448195679387126,-0.5773053855780014,-0.22643847371430972,0.0
phase5,heat_pilot,tmax,2,51,monsoon_JJAS,all,trustcast,final,False,20618,25,-0.06448253839181783,0.7578450072596845,0.9868359844385649,0.8317955073951201,1.181856003703609,0.7578450072596845,0.6664043526547284,0.8673296398433707,237.0,0.47257383966244726,0.6177474402730375,0.2679425837320574,1.2362869198312236,0.2619962163477966,0.2458464993661058,1.0,0.014841400717819381,0.5725764591615554,-0.3562096245851877,1.0,0.0,0.0,0.0,1.0,0.0,0.0,0.0,1.0,0.0,0.0,0.0,1.0
phase5,heat_pilot,tmax,2,51,monsoon_JJAS,all,blend_A,L3A,False,20618,25,-0.06448253839181783,0.7578450072596845,0.9868359844385649,0.8317955073951201,1.181856003703609,0.7578450072596845,0.6664043526547284,0.8673296398433707,237.0,0.47257383966244726,0.6177474402730375,0.2679425837320574,1.2362869198312236,0.2619962163477966,0.2458464993661058,1.0,0.014841400717819381,0.5725764591615554,-0.3562096245851877,1.0,,,,,,,,,,,,
phase5,heat_pilot,tmax,2,51,monsoon_JJAS,all,equal_mean,baseline,False,20618,25,-0.9650024443110297,1.2974266066492466,1.6093036881085845,1.4919668028997237,1.730735407866018,1.2974266066492466,1.1845902680205949,1.4139839603811684,237.0,0.4177215189873418,0.6024096385542169,0.2558139534883721,1.0506329113924051,0.25026902889376,0.0,0.251079552234418,0.013968377146182947,0.5977190203873461,-0.27200053024819887,1.0,0.6224677036700196,0.4665474772419844,0.7689057662818313,0.0,0.5395815993895621,0.40234182313772343,0.6630472698332301,0.0,-0.011727187454036558,-1.0,-0.008473832522770786,0.0
phase5,heat_pilot,tmax,2,51,monsoon_JJAS,all,superensemble,baseline,False,20618,25,0.6487343462793149,1.063446562786733,1.3216303488071786,1.1872813486418827,1.4794369365587108,1.063446562786733,0.9614439779299748,1.1851093619510267,237.0,0.5949367088607594,0.5674846625766872,0.3341232227488152,1.3755274261603376,0.32815734245380146,-7.976370874440916e-05,0.3322272960580466,0.013628867979435445,0.6074966830862649,-0.22324789668467895,1.0,0.33479436436861365,0.2374863755138411,0.4437608178597757,0.0,0.3056015555270486,0.22036752077491928,0.39449992570390346,0.0,0.06616112610600489,-1.0000818048437659,0.07198734226276099,0.5368663594470046
phase5,heat_pilot,tmax,2,51,monsoon_JJAS,all,climatology,baseline,False,20618,25,1.079887744815866,1.9301400489448195,2.446991395228255,1.992760545256793,2.8740052155677143,1.9301400489448195,1.5483184608457623,2.3426288557702737,237.0,0.0,1.0,0.0,2.4683544303797467,-0.008248087626940504,-0.017674527821878932,0.0,0.03986807643806383,-0.14817696264444935,-0.7152092817922371,0.9894659054394205,1.4601554107896901,1.009745210389313,1.8951901857107647,0.0,1.172295041685135,0.8105147128449944,1.568570603660996,0.0,-0.2702443039747371,-1.00014085542149,-0.25358402363049265,0.0
phase5,heat_pilot,tmax,2,51,postmonsoon_OND,all,trustcast,final,False,15041,18,-0.25770553503650895,0.5875994579152108,0.7296373337189086,0.6472352916265199,0.8132931617342091,0.5875994579152108,0.5206713608575804,0.6620421350672003,0.0,,,,,,,,0.0,,,,0.0,0.0,0.0,1.0,0.0,0.0,0.0,1.0,,,,
phase5,heat_pilot,tmax,2,51,postmonsoon_OND,all,blend_A,L3A,False,15041,18,-0.25770553503650895,0.5875994579152108,0.7296373337189086,0.6472352916265199,0.8132931617342091,0.5875994579152108,0.5206713608575804,0.6620421350672003,0.0,,,,,,,,0.0,,,,,,,,,,,,,,,
phase5,heat_pilot,tmax,2,51,postmonsoon_OND,all,equal_mean,baseline,False,15041,18,-1.8395653801961083,1.8728649926133298,2.128667681375379,1.980570795226389,2.2785143001554244,1.8728649926133298,1.7085271411977283,2.04471107865712,0.0,,,,,,,,0.0,,,,1.3990303476564703,1.2595433149427884,1.5332834817192709,0.0,1.285265534698119,1.1401221831312052,1.4371662129367353,0.0,,,,
phase5,heat_pilot,tmax,2,51,postmonsoon_OND,all,superensemble,baseline,False,15041,18,-0.32978948460369617,0.8900496519180175,1.0749551675533593,1.010711769961657,1.1343824139773433,0.8900496519180175,0.8368449277650803,0.9436199115072234,0.0,,,,,,,,0.0,,,,0.3453178338344507,0.2642951421717214,0.42869213380160404,0.0,0.3024501940028067,0.22975925031092218,0.37129051366557664,0.0,,,,
phase5,heat_pilot,tmax,2,51,postmonsoon_OND,all,climatology,baseline,False,15041,18,1.0109900768810856,1.1510926819760687,1.4922445654784522,1.1258336796983222,1.8453557512815,1.1510926819760687,0.8717799898759782,1.467126819956026,0.0,,,,,,,,0.0,,,,0.7626072317595436,0.4296285969283787,1.0829699621356919,0.0,0.5634932240608579,0.3013345822936842,0.8722505027155206,0.0,,,,
phase5,heat_pilot,tmax,2,51,all,heat,trustcast,final,False,2535,6,-0.14721693381285056,0.7639793967824481,1.1723019881836605,0.6759076763495142,1.988321594823107,0.7639793967824481,0.5306373718726061,1.2821345785794043,2304.0,0.9505208333333334,0.05399568034557235,0.901605599011939,1.0047743055555556,0.2645082579164919,0.09195301967858643,0.492119741132358,0.09428007889546351,0.30467735640651006,-0.5881004760643205,0.7741346095289994,0.0,0.0,0.0,1.0,0.0,0.0,0.0,1.0,0.0,0.0,0.0,1.0
phase5,heat_pilot,tmax,2,51,all,heat,blend_A,L3A,False,2535,6,-0.14721693381285056,0.7639793967824481,1.1723019881836605,0.6759076763495142,1.988321594823107,0.7639793967824481,0.5306373718726061,1.2821345785794043,2304.0,0.9505208333333334,0.05399568034557235,0.901605599011939,1.0047743055555556,0.2645082579164919,0.09195301967858643,0.492119741132358,0.09428007889546351,0.30467735640651006,-0.5881004760643205,0.7741346095289994,,,,,,,,,,,,
phase5,heat_pilot,tmax,2,51,all,heat,equal_mean,baseline,False,2535,6,-1.0416431705392089,1.5450184658434265,1.9637573404959037,1.6915218291907281,2.3933639142034933,1.5450184658434265,1.339436724811381,1.9235838320128311,2304.0,0.7248263888888888,0.057029926595143984,0.6943866943866944,0.7686631944444444,0.07591463732169612,0.017644456504002752,0.11827609083355424,0.28994082840236685,-1.1383353265322809,-2.547515767724988,-0.4794578990799374,0.7914553523122432,0.3718547447656589,1.1241885448241113,0.0,0.7810390690609784,0.5957037150930371,0.8814828353520681,0.0,-0.18859362059479579,-0.3863375243619839,-0.05702270756932167,0.0
phase5,heat_pilot,tmax,2,51,all,heat,superensemble,baseline,False,2535,6,-0.9264537743562777,1.4307729446441229,1.8449651903003155,1.571769180973801,2.368451629184043,1.4307729446441229,1.214217599872109,1.8866663764021998,2304.0,0.74609375,0.05704882062534284,0.7138704318936877,0.7912326388888888,0.08270258517463472,0.019489599720328654,0.1321991405781319,0.2717948717948718,-1.004507537388764,-2.4986519141750567,-0.3286371537271109,0.672663202116655,0.31050161931295134,1.010620558450299,0.0,0.6667935478616748,0.5132269661807449,0.8077599546008459,0.0,-0.1818056727418572,-0.3655923240232163,-0.057994759024062814,0.0
phase5,heat_pilot,tmax,2,51,all,heat,climatology,baseline,False,2535,6,-1.2391837712575697,1.4751210876705614,1.7141246760506903,0.9860769219017079,2.167774276495502,1.4751210876705614,0.7650123674159455,2.0134026050970704,2304.0,0.8355034722222222,0.038941587618572145,0.808144416456759,0.8693576388888888,0.18614037084339688,-0.02267242333665481,0.4185666802703614,0.18027613412228796,-0.3295499921432006,-0.47961574812889457,-0.076635661672255,0.5418226878670298,-0.4717624278389183,1.2089342970846466,0.22,0.7111416908881133,-0.08761005288750456,1.2059175914105247,0.074,-0.07836788707309503,-0.36947836780057974,0.27698941984656267,0.676
phase5,heat_pilot,tmax,2,51,all,monsoon_JJAS,trustcast,final,False,20449,25,-0.0893417894534187,0.7390887553175712,0.9355361411229605,0.8297836180699538,1.0463163539649463,0.7390887553175712,0.6614971218944301,0.8240782448263139,186.0,0.3279569892473118,0.5642857142857143,0.23018867924528302,0.7526881720430108,0.22647162172059976,0.21485504167702732,1.0,0.00997603794806592,0.6980566982900207,-0.10071622584883291,1.0,0.0,0.0,0.0,1.0,0.0,0.0,0.0,1.0,0.0,0.0,0.0,1.0
phase5,heat_pilot,tmax,2,51,all,monsoon_JJAS,blend_A,L3A,False,20449,25,-0.0893417894534187,0.7390887553175712,0.9355361411229605,0.8297836180699538,1.0463163539649463,0.7390887553175712,0.6614971218944301,0.8240782448263139,186.0,0.3279569892473118,0.5642857142857143,0.23018867924528302,0.7526881720430108,0.22647162172059976,0.21485504167702732,1.0,0.00997603794806592,0.6980566982900207,-0.10071622584883291,1.0,,,,,,,,,,,,
phase5,heat_pilot,tmax,2,51,all,monsoon_JJAS,equal_mean,baseline,False,20449,25,-0.9932631525680181,1.2830036094680823,1.585837972642702,1.4807036770116677,1.6875099701190222,1.2830036094680823,1.1768211686375665,1.3923094303621169,186.0,0.3763440860215054,0.5035460992907801,0.2723735408560311,0.7580645161290323,0.2687242537865017,0.0,0.2698874678266101,0.00914470145239376,0.7232186400991857,-0.003594205920994603,1.0,0.6503018315197416,0.5096630128921117,0.7849186349482308,0.0,0.5439148541505111,0.40293639578669266,0.6740843253878529,0.0,0.04225263206590196,-1.0,0.04634409446563498,0.5368663594470046
phase5,heat_pilot,tmax,2,51,all,monsoon_JJAS,superensemble,baseline,False,20449,25,0.6310412764951497,1.0466542939544219,1.2886553703152128,1.1762071596164752,1.4099498468994387,1.0466542939544219,0.9502305409669145,1.161017389477587,186.0,0.532258064516129,0.505,0.34494773519163763,1.075268817204301,0.3407691768197168,-7.976370874440916e-05,0.3469575548333979,0.009193603599198005,0.7217385258751172,0.01259279740031171,1.0,0.35311922919225236,0.261298121100797,0.4519459653760921,0.0,0.30756553863685065,0.22210198386671398,0.39605540521314714,0.0,0.11429755509911704,-1.0000818048437659,0.12338319789874475,0.5368663594470046
phase5,heat_pilot,tmax,2,51,all,monsoon_JJAS,climatology,baseline,False,20449,25,1.0891858056632864,1.9293803171608068,2.4482841645121796,1.9877371453309414,2.8740889148869924,1.9293803171608068,1.54247425015934,2.3426288557702737,186.0,0.0,1.0,0.0,3.1451612903225805,-0.006949443421816271,-0.015190391106355288,0.0,0.03770355518607267,-0.14116806675683335,-0.7550236645874242,0.9894659054394205,1.5127480233892192,1.0733874544333641,1.9147429642978009,0.0,1.1902915618432357,0.8370687325347993,1.5835651587982313,0.0,-0.23342106514241603,-1.00014085542149,-0.21996240851838128,0.0
phase5,heat_pilot,tmax,2,51,all,postmonsoon_OND,trustcast,final,False,15041,18,-0.25770553503650895,0.5875994579152108,0.7296373337189086,0.6472352916265199,0.8132931617342091,0.5875994579152108,0.5206713608575804,0.6620421350672003,0.0,,,,,,,,0.0,,,,0.0,0.0,0.0,1.0,0.0,0.0,0.0,1.0,,,,
phase5,heat_pilot,tmax,2,51,all,postmonsoon_OND,blend_A,L3A,False,15041,18,-0.25770553503650895,0.5875994579152108,0.7296373337189086,0.6472352916265199,0.8132931617342091,0.5875994579152108,0.5206713608575804,0.6620421350672003,0.0,,,,,,,,0.0,,,,,,,,,,,,,,,
phase5,heat_pilot,tmax,2,51,all,postmonsoon_OND,equal_mean,baseline,False,15041,18,-1.8395653801961083,1.8728649926133298,2.128667681375379,1.980570795226389,2.2785143001554244,1.8728649926133298,1.7085271411977283,2.04471107865712,0.0,,,,,,,,0.0,,,,1.3990303476564703,1.2595433149427884,1.5332834817192709,0.0,1.285265534698119,1.1401221831312052,1.4371662129367353,0.0,,,,
phase5,heat_pilot,tmax,2,51,all,postmonsoon_OND,superensemble,baseline,False,15041,18,-0.32978948460369617,0.8900496519180175,1.0749551675533593,1.010711769961657,1.1343824139773433,0.8900496519180175,0.8368449277650803,0.9436199115072234,0.0,,,,,,,,0.0,,,,0.3453178338344507,0.2642951421717214,0.42869213380160404,0.0,0.3024501940028067,0.22975925031092218,0.37129051366557664,0.0,,,,
phase5,heat_pilot,tmax,2,51,all,postmonsoon_OND,climatology,baseline,False,15041,18,1.0109900768810856,1.1510926819760687,1.4922445654784522,1.1258336796983222,1.8453557512815,1.1510926819760687,0.8717799898759782,1.467126819956026,0.0,,,,,,,,0.0,,,,0.7626072317595436,0.4296285969283787,1.0829699621356919,0.0,0.5634932240608579,0.3013345822936842,0.8722505027155206,0.0,,,,
phase5,heat_pilot,tmax,2,51,all,premonsoon_MAM,trustcast,final,False,13182,18,0.4021170848672225,0.8708062233430738,1.0967728364726543,0.9271287319105924,1.2687192194998915,0.8708062233430738,0.7410558745082937,1.0154150698282063,1981.0,0.613326602725896,0.4049951028403526,0.4326923076923077,1.0307925290257445,0.3630870794878255,0.2346674392677283,0.4723887115289777,0.12084660901228948,0.5565677973291094,0.12816459349116727,0.7632304055033384,0.0,0.0,0.0,1.0,0.0,0.0,0.0,1.0,0.0,0.0,0.0,1.0
phase5,heat_pilot,tmax,2,51,all,premonsoon_MAM,blend_A,L3A,False,13182,18,0.4021170848672225,0.8708062233430738,1.0967728364726543,0.9271287319105924,1.2687192194998915,0.8708062233430738,0.7410558745082937,1.0154150698282063,1981.0,0.613326602725896,0.4049951028403526,0.4326923076923077,1.0307925290257445,0.3630870794878255,0.2346674392677283,0.4723887115289777,0.12084660901228948,0.5565677973291094,0.12816459349116727,0.7632304055033384,,,,,,,,,,,,
phase5,heat_pilot,tmax,2,51,all,premonsoon_MAM,equal_mean,baseline,False,13182,18,-0.45693420499287396,1.134114230281394,1.4530867647678862,1.3276068773104295,1.590111725937777,1.134114230281394,1.0340135442437066,1.257563822330084,1981.0,0.31347804139323576,0.34285714285714286,0.26941431670281996,0.47703180212014135,0.2214461990571492,0.1402482486389995,0.3000124493036258,0.1277499620694887,0.5312367675469053,-0.0214918526005738,0.7929327445198157,0.3563139282952319,0.18200487822296124,0.542079332447496,0.0,0.26330800693832024,0.12494837168583282,0.41756239701451076,0.0,-0.14164088043067627,-0.21009625820790576,-0.05714758513093724,0.004
phase5,heat_pilot,tmax,2,51,all,premonsoon_MAM,superensemble,baseline,False,13182,18,0.16520218161164926,1.1473835116180804,1.4277846110942047,1.3103033283570982,1.5556878187450462,1.1473835116180804,1.053820570300216,1.2546990525115735,1981.0,0.3735487127713276,0.48824343015214383,0.27540007443245257,0.7299343765774862,0.21164326478947892,0.11978041880596725,0.3241550942467385,0.1477014110150205,0.4580273078466892,-0.15907387090096325,0.7454928334881878,0.3310117746215504,0.22256529878297432,0.44916784146242844,0.0,0.2765772882750066,0.19625128979594517,0.3626112002704197,0.0,-0.15144381469834656,-0.21224784162336552,-0.0667333012154857,0.0
phase5,heat_pilot,tmax,2,51,all,premonsoon_MAM,climatology,baseline,False,13182,18,1.2661045194847813,2.6365998875405716,3.5032470607798696,2.2778716362374434,4.543623036559992,2.6365998875405716,1.7778490330001093,3.5805450196472783,1981.0,0.4563351842503786,0.8345534407027818,0.13820516740559546,2.758202927814235,0.014487459680979971,-0.06800773067627948,0.17691023546153103,0.42762858443331814,-0.5691320316734529,-0.7365925635939387,-0.42767741877813464,2.4064742243072152,1.268737166510402,3.4366244364837413,0.0,1.7657936641974978,0.9526128187652605,2.6935592217916144,0.0,-0.3485996198068455,-0.4606694407328612,-0.17858380904407703,0.0
phase5,heat_pilot,tmax,2,51,all,winter_JF,trustcast,final,False,9971,13,0.4690032511749283,0.7844425448562183,1.032196853320954,0.778883196975055,1.2942976402416173,0.7844425448562183,0.6102302362685309,0.9918955995166049,0.0,,,,,,,,0.0,1.0,1.0,1.0,0.0,0.0,0.0,1.0,0.0,0.0,0.0,1.0,,,,
phase5,heat_pilot,tmax,2,51,all,winter_JF,blend_A,L3A,False,9971,13,0.4690032511749283,0.7844425448562183,1.032196853320954,0.778883196975055,1.2942976402416173,0.7844425448562183,0.6102302362685309,0.9918955995166049,0.0,,,,,,,,0.0,1.0,1.0,1.0,,,,,,,,,,,,
phase5,heat_pilot,tmax,2,51,all,winter_JF,equal_mean,baseline,False,9971,13,-0.9363543218050854,1.2447432094394546,1.5214492689043546,1.371168506116117,1.672979143848056,1.2447432094394546,1.1001852923668376,1.4081972976911143,0.0,,,,,,,,0.0,1.0,1.0,1.0,0.4892524155834006,0.14698708043216238,0.8499601176415204,0.01,0.46030066458323626,0.16518029244994292,0.7504009331594793,0.008,,,,
phase5,heat_pilot,tmax,2,51,all,winter_JF,superensemble,baseline,False,9971,13,0.5140471735326759,0.9248799436992156,1.2022773285037693,0.9733904556748736,1.4696171358499244,0.9248799436992156,0.773424131810172,1.1318674569669858,0.0,,,,,,,,0.0,1.0,1.0,1.0,0.17008047518281533,0.0874860972452772,0.24883885224519073,0.0,0.14043739884299722,0.06338590381497218,0.20999849455546252,0.0,,,,
phase5,heat_pilot,tmax,2,51,all,winter_JF,climatology,baseline,False,9971,13,-1.1578034339822914,1.6506148739930393,1.95863194609274,1.5753577259236144,2.309686702970562,1.6506148739930393,1.2649307667192962,2.039561273902305,0.0,,,,,,,,0.0,1.0,1.0,1.0,0.9264350927717859,0.4504093855802367,1.3590035695437157,0.0,0.866172329136821,0.41953190464390183,1.302463224311284,0.0,,,,
phase5,heat_pilot,tmax,3,75,all,all,trustcast,final,False,61347,73,0.08773897584439498,0.7888417386432703,1.0305417027969084,0.9208155870597506,1.1435851060631552,0.7888417386432703,0.7180767116397508,0.8681215643753257,4471.0,0.7682845001118318,0.22964790311729089,0.6251137397634213,0.997316036680832,0.6015493812607204,0.36598984743372653,0.7561153306220673,0.0335794741389147,0.5533179511693694,0.14673704925545078,0.7769740724807267,0.0,0.0,0.0,1.0,0.0,0.0,0.0,1.0,0.0,0.0,0.0,1.0
phase5,heat_pilot,tmax,3,75,all,all,blend_A,L3A,False,61347,73,0.08773897584439498,0.7888417386432703,1.0305417027969084,0.9208155870597506,1.1435851060631552,0.7888417386432703,0.7180767116397508,0.8681215643753257,4471.0,0.7682845001118318,0.22964790311729089,0.6251137397634213,0.997316036680832,0.6015493812607204,0.36598984743372653,0.7561153306220673,0.0335794741389147,0.5533179511693694,0.14673704925545078,0.7769740724807267,,,,,,,,,,,,
phase5,heat_pilot,tmax,3,75,all,all,equal_mean,baseline,False,61347,73,-1.017832208822737,1.4327272519036658,1.7498585331490366,1.6614751714249651,1.837898628896092,1.4327272519036658,1.3466305185953413,1.523394262225537,4471.0,0.5795124133303512,0.19708707778122095,0.5073428627374192,0.7217624692462536,0.48355998904303965,0.2763207754966222,0.6260001908198847,0.041012600453159895,0.4544407597777347,0.023063212807830472,0.7459958871189183,0.7193168303521282,0.5846998253511301,0.8685582379408101,0.0,0.6438855132603954,0.5268673571220068,0.7777484046233573,0.0,-0.11798939221768079,-0.1780877223952105,-0.03504826171154249,0.024
phase5,heat_pilot,tmax,3,75,all,all,superensemble,baseline,False,61347,73,0.18383583298175962,1.0210256553686092,1.2963855055604452,1.1991579838937325,1.3900336815417955,1.0210256553686092,0.9522102927390625,1.0960605860045969,4471.0,0.5468575262804741,0.24350247524752475,0.46500570559147963,0.722880787295907,0.43991480780248354,0.2441610258407586,0.5899652717915137,0.04585391298678012,0.39004048380555156,-0.10672214889863828,0.7151991785589892,0.2658438027635368,0.19595398554363516,0.3314956178042796,0.0,0.2321839167253389,0.18110369485568859,0.28187924704523415,0.0,-0.1616345734582369,-0.22688599691757913,-0.06649382770752034,0.01
phase5,heat_pilot,tmax,3,75,all,all,climatology,baseline,False,61347,73,0.6453376145833651,1.8228653267251602,2.4345977025933547,2.0292757139658613,2.8594967982729504,1.8228653267251602,1.5554980389971653,2.1292013849058544,4471.0,0.6327443524938493,0.6486587183308494,0.29182999793686815,1.8009393871617088,0.24619801205205696,0.06937724140460134,0.4455437933710226,0.1119044126037133,-0.48857876952537804,-0.6500253844438731,-0.285590581139677,1.4040559997964464,1.0169933600510874,1.7957748227365542,0.0,1.0340235880818898,0.7832059073577501,1.3026942660085623,0.0,-0.3553513692086635,-0.49641664336300273,-0.1672098691702848,0.002
phase5,heat_pilot,tmax,3,75,winter_JF,all,trustcast,final,False,9971,13,0.5074533371279273,0.8054827706479772,1.0764695337999326,0.7866504491481886,1.3704445951354698,0.8054827706479772,0.6133597330552955,1.044035394913712,0.0,,,,,,,,0.0,1.0,1.0,1.0,0.0,0.0,0.0,1.0,0.0,0.0,0.0,1.0,,,,
phase5,heat_pilot,tmax,3,75,winter_JF,all,blend_A,L3A,False,9971,13,0.5074533371279273,0.8054827706479772,1.0764695337999326,0.7866504491481886,1.3704445951354698,0.8054827706479772,0.6133597330552955,1.044035394913712,0.0,,,,,,,,0.0,1.0,1.0,1.0,,,,,,,,,,,,
phase5,heat_pilot,tmax,3,75,winter_JF,all,equal_mean,baseline,False,9971,13,-0.7607294288660504,1.1648949208105117,1.4368530020547132,1.308500259194605,1.566819983976689,1.1648949208105117,1.0433272769802153,1.300187561577179,0.0,,,,,,,,0.0,1.0,1.0,1.0,0.3603834682547806,0.01114833231732462,0.7345234296835328,0.044,0.35941215016253447,0.06569295361642709,0.64614001893271,0.018,,,,
phase5,heat_pilot,tmax,3,75,winter_JF,all,superensemble,baseline,False,9971,13,0.5552108666325581,0.9180201103019925,1.21740666268296,0.9606706419062949,1.5067488343962785,0.9180201103019925,0.7507241864357539,1.1466708165741193,0.0,,,,,,,,0.0,1.0,1.0,1.0,0.14093712888302745,0.06929867458130506,0.2207775304383832,0.0,0.11253733965401524,0.048338786973650044,0.17669743410060762,0.0,,,,
phase5,heat_pilot,tmax,3,75,winter_JF,all,climatology,baseline,False,9971,13,-1.1578034339822914,1.6506148739930393,1.95863194609274,1.5753577259236144,2.309686702970562,1.6506148739930393,1.2649307667192962,2.039561273902305,0.0,,,,,,,,0.0,1.0,1.0,1.0,0.8821624122928073,0.3805176408724926,1.3504774258004952,0.0,0.8451321033450621,0.3765843932846308,1.2917126723906176,0.0,,,,
phase5,heat_pilot,tmax,3,75,premonsoon_MAM,all,trustcast,final,False,15548,19,0.33147575446134486,0.8876667169914904,1.1530341027703486,0.9649949122703123,1.3362335787101647,0.8876667169914904,0.7497965296071594,1.0363865982916818,4234.0,0.7935758148323099,0.19809069212410502,0.6635071090047393,0.9896079357581483,0.5656371746409339,0.3808046662002624,0.700032903621801,0.1095960895291999,0.5626129855075923,0.11042602707950779,0.7645019231706247,0.0,0.0,0.0,1.0,0.0,0.0,0.0,1.0,0.0,0.0,0.0,1.0
phase5,heat_pilot,tmax,3,75,premonsoon_MAM,all,blend_A,L3A,False,15548,19,0.33147575446134486,0.8876667169914904,1.1530341027703486,0.9649949122703123,1.3362335787101647,0.8876667169914904,0.7497965296071594,1.0363865982916818,4234.0,0.7935758148323099,0.19809069212410502,0.6635071090047393,0.9896079357581483,0.5656371746409339,0.3808046662002624,0.700032903621801,0.1095960895291999,0.5626129855075923,0.11042602707950779,0.7645019231706247,,,,,,,,,,,,
phase5,heat_pilot,tmax,3,75,premonsoon_MAM,all,equal_mean,baseline,False,15548,19,-0.36466601577613544,1.1856295985797698,1.5144036440301691,1.4154879985236095,1.6204868123050993,1.1856295985797698,1.1038610596676028,1.2762011191942209,4234.0,0.593764761454889,0.15694164989939638,0.534666099532114,0.7042985356636751,0.4375245821375565,0.27584727634455947,0.5795144433594516,0.1407254952405454,0.43837864571045304,-0.11881559061968193,0.7160606594409097,0.36136954125982057,0.20494712975840051,0.5468813262939849,0.0,0.29796288158827944,0.17514050676054588,0.43332781571162815,0.0,-0.12811259250337736,-0.2013518831745729,-0.04542389815097142,0.006
phase5,heat_pilot,tmax,3,75,premonsoon_MAM,all,superensemble,baseline,False,15548,19,-0.1275400027291524,1.2093086586165374,1.5262811791163906,1.40879991020272,1.65329770162735,1.2093086586165374,1.109778659868274,1.3210125437138542,4234.0,0.5585734529995277,0.2137632978723404,0.48492925979085505,0.7104393008974964,0.3809556384923005,0.2159352232513569,0.5208191789542007,0.16156418832004116,0.35521350915203753,-0.3269008714468104,0.6721224906613974,0.37324707634604204,0.21497734717187597,0.5486878970430631,0.0,0.321641941625047,0.20034014701672728,0.4517471548019262,0.0,-0.18468153614863336,-0.2548041127769957,-0.10561034374259314,0.0
phase5,heat_pilot,tmax,3,75,premonsoon_MAM,all,climatology,baseline,False,15548,19,0.8718866692246893,2.453908042917529,3.2905084938847424,2.13458785854777,4.254387101576595,2.453908042917529,1.6952422658976123,3.2870747770007425,4234.0,0.6681624940954181,0.6211329851345923,0.318868349864743,1.7635805384978744,0.11633981110536631,-0.014940917144001012,0.33790251596282966,0.38866735271417546,-0.5511324698225466,-0.6870653744908053,-0.4177443746403981,2.137474391114394,1.1140085343988761,2.9805739576881694,0.0,1.5662413259260384,0.8437048093261436,2.3336545258046226,0.0,-0.4492973635355676,-0.6053819125411627,-0.20900396194730284,0.0
phase5,heat_pilot,tmax,3,75,monsoon_JJAS,all,trustcast,final,False,20618,25,-0.09492085266557324,0.8246486897680875,1.0633122575157339,0.8844720465509189,1.277963009968692,0.8246486897680875,0.7084718151346148,0.9657931406847143,237.0,0.31645569620253167,0.7211895910780669,0.1740139211136891,1.1350210970464134,0.16804526554232,0.15374053266692697,0.16836837180381417,0.017266466194587254,0.5027360113121363,-0.5563855732930362,1.0,0.0,0.0,0.0,1.0,0.0,0.0,0.0,1.0,0.0,0.0,0.0,1.0
phase5,heat_pilot,tmax,3,75,monsoon_JJAS,all,blend_A,L3A,False,20618,25,-0.09492085266557324,0.8246486897680875,1.0633122575157339,0.8844720465509189,1.277963009968692,0.8246486897680875,0.7084718151346148,0.9657931406847143,237.0,0.31645569620253167,0.7211895910780669,0.1740139211136891,1.1350210970464134,0.16804526554232,0.15374053266692697,0.16836837180381417,0.017266466194587254,0.5027360113121363,-0.5563855732930362,1.0,,,,,,,,,,,,
phase5,heat_pilot,tmax,3,75,monsoon_JJAS,all,equal_mean,baseline,False,20618,25,-1.0619289488112016,1.4409580608149228,1.7588348831495841,1.6369667402727146,1.8826402829966697,1.4409580608149228,1.3241158496498495,1.5601476858268497,237.0,0.32489451476793246,0.6857142857142857,0.19012345679012346,1.0337552742616034,0.18445242380663815,0.1688638624215541,1.0,0.015908429527597245,0.541846662107811,-0.45371489171222723,1.0,0.6955226256338503,0.5255735179127009,0.8630957322075102,0.0,0.6163093710468354,0.4707491263293936,0.7489216042676343,0.0,0.016407158264318156,0.014235301513227078,0.8334516933371209,0.0
phase5,heat_pilot,tmax,3,75,monsoon_JJAS,all,superensemble,baseline,False,20618,25,0.5099233809931917,1.0305173538834107,1.2910876143619008,1.1337455591544936,1.47382269304461,1.0305173538834107,0.911887118042955,1.1805325453236768,237.0,0.33755274261603374,0.6428571428571429,0.2099737532808399,0.9451476793248945,0.20459834639987592,0.18969751387889866,1.0,0.014598894170142594,0.5795605039464973,-0.3340493366017696,1.0,0.2277753568461669,0.11301992052960105,0.34273776738610284,0.0,0.20586866411532323,0.11222932591516305,0.3008709267124877,0.0,0.03655308085755593,0.034299081667539366,0.8334516933371209,0.0
phase5,heat_pilot,tmax,3,75,monsoon_JJAS,all,climatology,baseline,False,20618,25,1.079887744815866,1.9301400489448195,2.446991395228255,1.992760545256793,2.8740052155677143,1.9301400489448195,1.5483184608457623,2.3426288557702737,237.0,0.0,1.0,0.0,2.4683544303797467,-0.008248087626940504,-0.017674527821878932,0.0,0.03986807643806383,-0.14817696264444935,-0.7152092817922371,0.9894659054394205,1.3836791377125213,0.9304146912735028,1.8110003134610795,0.0,1.1054913591767321,0.7468211534455277,1.502681475147473,0.0,-0.1762933531692605,-0.17875537287740265,-0.16128041070065485,0.0
phase5,heat_pilot,tmax,3,75,postmonsoon_OND,all,trustcast,final,False,15210,18,-0.18895471160306812,0.6283732171594744,0.7950778049435009,0.6950707283901684,0.8994244322942067,0.6283732171594744,0.5581932864512056,0.7104122650333331,0.0,,,,,,,,0.0,,,,0.0,0.0,0.0,1.0,0.0,0.0,0.0,1.0,,,,
phase5,heat_pilot,tmax,3,75,postmonsoon_OND,all,blend_A,L3A,False,15210,18,-0.18895471160306812,0.6283732171594744,0.7950778049435009,0.6950707283901684,0.8994244322942067,0.6283732171594744,0.5581932864512056,0.7104122650333331,0.0,,,,,,,,0.0,,,,,,,,,,,,,,,
phase5,heat_pilot,tmax,3,75,postmonsoon_OND,all,equal_mean,baseline,False,15210,18,-1.7942827810353938,1.849737618049456,2.11160291102392,1.9631758353591955,2.25057776610055,1.849737618049456,1.6884137823486078,2.0098365341527615,0.0,,,,,,,,0.0,,,,1.316525106080419,1.1387251587598102,1.4642893587497576,0.0,1.2213644008899815,1.0538756830828664,1.3728466559177475,0.0,,,,
phase5,heat_pilot,tmax,3,75,postmonsoon_OND,all,superensemble,baseline,False,15210,18,-0.18335562210032846,0.8832179180498895,1.0798193827718294,0.9936662430461165,1.1755834113280983,0.8832179180498895,0.8219757636921098,0.9490051056004761,0.0,,,,,,,,0.0,,,,0.28474157782832854,0.20348679139468692,0.3658738222405963,0.0,0.2548447008904151,0.17976419691816903,0.32456735749216475,0.0,,,,
phase5,heat_pilot,tmax,3,75,postmonsoon_OND,all,climatology,baseline,False,15210,18,1.0067564251389964,1.1453023346218132,1.485585688595111,1.120856342199769,1.8452158360840896,1.1453023346218132,0.8689600755853295,1.4577529318092843,0.0,,,,,,,,0.0,,,,0.6905078836516102,0.3507010110447804,1.0066200397868972,0.0,0.5169291174623388,0.24704348922481198,0.82006190132891,0.0,,,,
phase5,heat_pilot,tmax,3,75,all,heat,trustcast,final,False,2535,6,-0.11111659364117203,0.7263491327710876,1.0782155642544657,0.6468377144811799,1.8007732461992487,0.7263491327710876,0.5210370454360949,1.1949115422799295,2305.0,0.9579175704989153,0.05398457583547558,0.9082682023858495,1.0125813449023862,0.277763937065215,0.12620196096976616,0.4514933837429109,0.08796844181459566,0.45245302194489356,-0.13239786395530495,0.7848903851213959,0.0,0.0,0.0,1.0,0.0,0.0,0.0,1.0,0.0,0.0,0.0,1.0
phase5,heat_pilot,tmax,3,75,all,heat,blend_A,L3A,False,2535,6,-0.11111659364117203,0.7263491327710876,1.0782155642544657,0.6468377144811799,1.8007732461992487,0.7263491327710876,0.5210370454360949,1.1949115422799295,2305.0,0.9579175704989153,0.05398457583547558,0.9082682023858495,1.0125813449023862,0.277763937065215,0.12620196096976616,0.4514933837429109,0.08796844181459566,0.45245302194489356,-0.13239786395530495,0.7848903851213959,,,,,,,,,,,,
phase5,heat_pilot,tmax,3,75,all,heat,equal_mean,baseline,False,2535,6,-0.7510983348598141,1.3499510906151766,1.7689429071889673,1.4675374991312604,2.1933615509378295,1.3499510906151766,1.1277534394300275,1.685827514829015,2305.0,0.7926247288503254,0.06259620318111853,0.7527812113720643,0.8455531453362256,0.08373493975903618,0.030952565622541322,0.11942825610569445,0.23668639053254437,-0.4732205687581339,-1.115667739389747,-0.11834573743676154,0.6907273429345016,0.3527463308637921,0.9549228649100403,0.0,0.623601957844089,0.46318975387945677,0.6989811822947972,0.0,-0.19402899730617884,-0.3567272649059957,-0.08748689436260228,0.0
phase5,heat_pilot,tmax,3,75,all,heat,superensemble,baseline,False,2535,6,-0.9342859843778892,1.339917130630162,1.732693477416978,1.4792822984107294,2.044744853893371,1.339917130630162,1.1178570936417438,1.6436542109462093,2305.0,0.7587852494577007,0.05305901461829995,0.7278401997503121,0.8013015184381779,0.09615814465700241,0.03811494012962128,0.14289183822163806,0.2579881656804734,-0.6058104199463659,-1.3845371990609823,-0.16571409946704083,0.6544779131625122,0.10091582104684012,1.0236748790867267,0.026,0.6135679978590745,0.30226858014891134,0.7876251816821639,0.006,-0.18160579240821262,-0.3509360367997773,-0.0662743246214001,0.002
phase5,heat_pilot,tmax,3,75,all,heat,climatology,baseline,False,2535,6,-1.3892339732755101,1.592249338725615,1.8235411180487036,1.3094743417757524,2.168106856569295,1.592249338725615,1.042077938268876,1.9772376267514988,2305.0,0.761822125813449,0.03197353914002205,0.7431231485399915,0.7869848156182213,0.14936412861711448,-0.003653933885121541,0.3792080676256858,0.23944773175542405,-0.49040814206031214,-0.910443297047707,-0.10995169175884789,0.7453255537942378,0.05585627477545185,1.2351259654383475,0.044,0.8659002059545273,0.28471611135810077,1.2031060266776903,0.01,-0.12839980844810053,-0.3524603066611307,0.09519587195990242,0.252
phase5,heat_pilot,tmax,3,75,all,monsoon_JJAS,trustcast,final,False,20449,25,-0.11530220773821792,0.8099141060982458,1.028395619244548,0.8844720465509189,1.1957222185906164,0.8099141060982458,0.7050620739699597,0.9272107666454645,186.0,0.16129032258064516,0.7887323943661971,0.10067114093959731,0.7634408602150538,0.09675626587379416,0.0860501321942082,0.1666272170674746,0.013105775343537582,0.6033293879496351,-0.42079258935926234,1.0,0.0,0.0,0.0,1.0,0.0,0.0,0.0,1.0,0.0,0.0,0.0,1.0
phase5,heat_pilot,tmax,3,75,all,monsoon_JJAS,blend_A,L3A,False,20449,25,-0.11530220773821792,0.8099141060982458,1.028395619244548,0.8844720465509189,1.1957222185906164,0.8099141060982458,0.7050620739699597,0.9272107666454645,186.0,0.16129032258064516,0.7887323943661971,0.10067114093959731,0.7634408602150538,0.09675626587379416,0.0860501321942082,0.1666272170674746,0.013105775343537582,0.6033293879496351,-0.42079258935926234,1.0,,,,,,,,,,,,
phase5,heat_pilot,tmax,3,75,all,monsoon_JJAS,equal_mean,baseline,False,20449,25,-1.0873084185123327,1.4297246655494906,1.7418241168139068,1.630180702736984,1.8461729024256017,1.4297246655494906,1.3171567445901025,1.540953104892708,186.0,0.26344086021505375,0.6620689655172414,0.17375886524822695,0.7795698924731183,0.16987644538480406,0.15782924592046266,1.0,0.011394200205389017,0.6551333857920335,-0.2571905912881277,1.0,0.7134284975693588,0.5463394506577787,0.8697439576733715,0.0,0.6198105594512449,0.474293774413372,0.7490100016195845,0.0,0.07312017951100991,0.07133634162496265,0.8334516933371209,0.0
phase5,heat_pilot,tmax,3,75,all,monsoon_JJAS,superensemble,baseline,False,20449,25,0.4996277022241666,1.0202338874261359,1.274169660559435,1.1311912658081096,1.4414721635581929,1.0202338874261359,0.9101644831937014,1.1592634104109123,186.0,0.25806451612903225,0.6307692307692307,0.1791044776119403,0.6989247311827957,0.17546651926119358,0.16394932363857187,1.0,0.010758472296933835,0.6743748707049244,-0.18704691022913345,1.0,0.245774041314887,0.1434648232579066,0.34519801373902204,0.0,0.2103197813278901,0.1144250193650496,0.30511584761928934,0.0,0.07871025338739943,0.07690404249806707,0.8334516933371209,0.0
phase5,heat_pilot,tmax,3,75,all,monsoon_JJAS,climatology,baseline,False,20449,25,1.0891858056632864,1.9293803171608068,2.4482841645121796,1.9877371453309414,2.8740889148869924,1.9293803171608068,1.54247425015934,2.3426288557702737,186.0,0.0,1.0,0.0,3.1451612903225805,-0.006949443421816271,-0.015190391106355288,0.0,0.03770355518607267,-0.14116806675683335,-0.7550236645874242,0.9894659054394205,1.4198885452676315,0.9885612612003922,1.8256878104977623,0.0,1.119466211062561,0.7702457069937186,1.512120400414137,0.0,-0.10370570929561043,-0.16668905276724758,-0.09178577432882952,0.0
phase5,heat_pilot,tmax,3,75,all,postmonsoon_OND,trustcast,final,False,15210,18,-0.18895471160306812,0.6283732171594744,0.7950778049435009,0.6950707283901684,0.8994244322942067,0.6283732171594744,0.5581932864512056,0.7104122650333331,0.0,,,,,,,,0.0,,,,0.0,0.0,0.0,1.0,0.0,0.0,0.0,1.0,,,,
phase5,heat_pilot,tmax,3,75,all,postmonsoon_OND,blend_A,L3A,False,15210,18,-0.18895471160306812,0.6283732171594744,0.7950778049435009,0.6950707283901684,0.8994244322942067,0.6283732171594744,0.5581932864512056,0.7104122650333331,0.0,,,,,,,,0.0,,,,,,,,,,,,,,,
phase5,heat_pilot,tmax,3,75,all,postmonsoon_OND,equal_mean,baseline,False,15210,18,-1.7942827810353938,1.849737618049456,2.11160291102392,1.9631758353591955,2.25057776610055,1.849737618049456,1.6884137823486078,2.0098365341527615,0.0,,,,,,,,0.0,,,,1.316525106080419,1.1387251587598102,1.4642893587497576,0.0,1.2213644008899815,1.0538756830828664,1.3728466559177475,0.0,,,,
phase5,heat_pilot,tmax,3,75,all,postmonsoon_OND,superensemble,baseline,False,15210,18,-0.18335562210032846,0.8832179180498895,1.0798193827718294,0.9936662430461165,1.1755834113280983,0.8832179180498895,0.8219757636921098,0.9490051056004761,0.0,,,,,,,,0.0,,,,0.28474157782832854,0.20348679139468692,0.3658738222405963,0.0,0.2548447008904151,0.17976419691816903,0.32456735749216475,0.0,,,,
phase5,heat_pilot,tmax,3,75,all,postmonsoon_OND,climatology,baseline,False,15210,18,1.0067564251389964,1.1453023346218132,1.485585688595111,1.120856342199769,1.8452158360840896,1.1453023346218132,0.8689600755853295,1.4577529318092843,0.0,,,,,,,,0.0,,,,0.6905078836516102,0.3507010110447804,1.0066200397868972,0.0,0.5169291174623388,0.24704348922481198,0.82006190132891,0.0,,,,
phase5,heat_pilot,tmax,3,75,all,premonsoon_MAM,trustcast,final,False,13182,18,0.442740274694689,0.9407389010957657,1.213400330674024,1.0079505688245092,1.4010492654873998,0.9407389010957657,0.7944926882464574,1.09647504681861,1980.0,0.6045454545454545,0.39636913767019666,0.43275488069414314,1.0015151515151515,0.36429960874222134,0.2289982922415497,0.4944943993369321,0.11902594446973146,0.5553837990093782,0.04363991534104591,0.788337895276108,0.0,0.0,0.0,1.0,0.0,0.0,0.0,1.0,0.0,0.0,0.0,1.0
phase5,heat_pilot,tmax,3,75,all,premonsoon_MAM,blend_A,L3A,False,13182,18,0.442740274694689,0.9407389010957657,1.213400330674024,1.0079505688245092,1.4010492654873998,0.9407389010957657,0.7944926882464574,1.09647504681861,1980.0,0.6045454545454545,0.39636913767019666,0.43275488069414314,1.0015151515151515,0.36429960874222134,0.2289982922415497,0.4944943993369321,0.11902594446973146,0.5553837990093782,0.04363991534104591,0.788337895276108,,,,,,,,,,,,
phase5,heat_pilot,tmax,3,75,all,premonsoon_MAM,equal_mean,baseline,False,13182,18,-0.25992066081386656,1.1747289179236335,1.4951032187424005,1.3788002078346364,1.6033716272565102,1.1747289179236335,1.0811018225591797,1.273692588003586,1980.0,0.3611111111111111,0.36893203883495146,0.2981651376146789,0.5722222222222222,0.24455227033684226,0.16212728471744073,0.3237359422444161,0.12767410104688212,0.5230789889947631,-0.034445708488410526,0.7806182800462184,0.2817028880683765,0.13951774224756391,0.44978620554978493,0.0,0.2339900168278678,0.11288869763265937,0.36330053653145117,0.0,-0.11974733840537907,-0.20547003302759742,-0.03459023202989529,0.012
phase5,heat_pilot,tmax,3,75,all,premonsoon_MAM,superensemble,baseline,False,13182,18,0.05174756444399427,1.197852005493368,1.5029966826596313,1.361018474545659,1.6340646960972154,1.197852005493368,1.082769473793963,1.3136278661389442,1980.0,0.32727272727272727,0.48366533864541833,0.250483185156552,0.6338383838383839,0.19157569168471555,0.1134723289187323,0.296403504546689,0.1470945228341678,0.4505348542251014,-0.23167477298758832,0.7629002718257448,0.2895963519856073,0.14760778327619642,0.44305831870081697,0.0,0.25711310439760215,0.14304978628950135,0.37276112710863357,0.0,-0.17272391705750578,-0.2565511770955723,-0.06529853684074062,0.002
phase5,heat_pilot,tmax,3,75,all,premonsoon_MAM,climatology,baseline,False,13182,18,1.2949603275651544,2.614075223876138,3.492606725254354,2.2615778864954414,4.518379917025021,2.614075223876138,1.7620130656506305,3.553836076567159,1980.0,0.5419191919191919,0.8101892800283036,0.1635670731707317,2.855050505050505,0.0392044046185371,-0.05585991664478454,0.21360333693923056,0.4162494310423305,-0.5548815135981786,-0.7304405998365149,-0.3992098958187525,2.2792063945803296,1.1772716673943522,3.2085963294724453,0.0,1.6733363227803726,0.8758840116907054,2.568578247192986,0.0,-0.32509520412368426,-0.44608982849246737,-0.1471973558330201,0.0
phase5,heat_pilot,tmax,3,75,all,winter_JF,trustcast,final,False,9971,13,0.5074533371279273,0.8054827706479772,1.0764695337999326,0.7866504491481886,1.3704445951354698,0.8054827706479772,0.6133597330552955,1.044035394913712,0.0,,,,,,,,0.0,1.0,1.0,1.0,0.0,0.0,0.0,1.0,0.0,0.0,0.0,1.0,,,,
phase5,heat_pilot,tmax,3,75,all,winter_JF,blend_A,L3A,False,9971,13,0.5074533371279273,0.8054827706479772,1.0764695337999326,0.7866504491481886,1.3704445951354698,0.8054827706479772,0.6133597330552955,1.044035394913712,0.0,,,,,,,,0.0,1.0,1.0,1.0,,,,,,,,,,,,
phase5,heat_pilot,tmax,3,75,all,winter_JF,equal_mean,baseline,False,9971,13,-0.7607294288660504,1.1648949208105117,1.4368530020547132,1.308500259194605,1.566819983976689,1.1648949208105117,1.0433272769802153,1.300187561577179,0.0,,,,,,,,0.0,1.0,1.0,1.0,0.3603834682547806,0.01114833231732462,0.7345234296835328,0.044,0.35941215016253447,0.06569295361642709,0.64614001893271,0.018,,,,
phase5,heat_pilot,tmax,3,75,all,winter_JF,superensemble,baseline,False,9971,13,0.5552108666325581,0.9180201103019925,1.21740666268296,0.9606706419062949,1.5067488343962785,0.9180201103019925,0.7507241864357539,1.1466708165741193,0.0,,,,,,,,0.0,1.0,1.0,1.0,0.14093712888302745,0.06929867458130506,0.2207775304383832,0.0,0.11253733965401524,0.048338786973650044,0.17669743410060762,0.0,,,,
phase5,heat_pilot,tmax,3,75,all,winter_JF,climatology,baseline,False,9971,13,-1.1578034339822914,1.6506148739930393,1.95863194609274,1.5753577259236144,2.309686702970562,1.6506148739930393,1.2649307667192962,2.039561273902305,0.0,,,,,,,,0.0,1.0,1.0,1.0,0.8821624122928073,0.3805176408724926,1.3504774258004952,0.0,0.8451321033450621,0.3765843932846308,1.2917126723906176,0.0,,,,
phase5,heat_pilot,tmax,4,99,all,all,trustcast,final,False,61516,74,0.09381716046270372,0.8132327378234129,1.057813136635652,0.9541923417362859,1.1636722290962689,0.8132327378234129,0.7404746523732328,0.8912646517033727,4471.0,0.7416685305300827,0.2080248387867208,0.6207412953949831,0.9364795347796914,0.5978313601785514,0.34759489677201,0.761306506879291,0.03293452110020157,0.5606903733345352,0.1677756824500749,0.7759334940541408,0.0,0.0,0.0,1.0,0.0,0.0,0.0,1.0,0.0,0.0,0.0,1.0
phase5,heat_pilot,tmax,4,99,all,all,blend_A,L3A,False,61516,74,0.09381716046270372,0.8132327378234129,1.057813136635652,0.9541923417362859,1.1636722290962689,0.8132327378234129,0.7404746523732328,0.8912646517033727,4471.0,0.7416685305300827,0.2080248387867208,0.6207412953949831,0.9364795347796914,0.5978313601785514,0.34759489677201,0.761306506879291,0.03293452110020157,0.5606903733345352,0.1677756824500749,0.7759334940541408,,,,,,,,,,,,
phase5,heat_pilot,tmax,4,99,all,all,equal_mean,baseline,False,61516,74,-0.9803329272499335,1.4333995121400807,1.758368641853462,1.6689270973546435,1.8489456395669566,1.4333995121400807,1.348606662375766,1.5216252743651422,4471.0,0.5985238201744576,0.1903177004538578,0.5247058823529411,0.7392082308208454,0.5012131878266807,0.27885959488478035,0.6523104678488675,0.039404382599648874,0.4743896668128891,0.05258197007724419,0.7384655948629665,0.7005555052178101,0.5607377870161793,0.8439737114688053,0.0,0.6201667743166678,0.5009523636094437,0.7417526998216777,0.0,-0.09661817235187076,-0.1482314676784046,-0.024994583745978495,0.022
phase5,heat_pilot,tmax,4,99,all,all,superensemble,baseline,False,61516,74,0.1495864722933212,1.0290035722438486,1.3098923101575297,1.218388785179399,1.4013601116078191,1.0290035722438486,0.9620110917963379,1.1043345924303534,4471.0,0.5502124804294342,0.21581128466687918,0.47785547785547783,0.7016327443524939,0.45365875500725916,0.24512954417928237,0.6029327189504005,0.04369594902139281,0.41714497705983744,-0.07395585374454933,0.7270724998878081,0.2520791735218777,0.18902352620869026,0.3193429738387109,0.0,0.21577083442043576,0.16384660121207356,0.2668479929672231,0.0,-0.14417260517129227,-0.2012974898530268,-0.060558786470809006,0.006
phase5,heat_pilot,tmax,4,99,all,all,climatology,baseline,False,61516,74,0.6441385914208295,1.8189150347450138,2.4313711358575523,2.014138623358016,2.8835426488519427,1.8189150347450138,1.5507933033792525,2.142989198711117,4471.0,0.6327443524938493,0.6486587183308494,0.29182999793686815,1.8009393871617088,0.2463314289579724,0.07115992039277709,0.45307727204583126,0.11159698289875805,-0.48857876952537804,-0.6504442787876141,-0.3077753230185056,1.3735579992219002,0.9931850511826743,1.785321932495368,0.0,1.0056822969216008,0.7579822698596778,1.2897344084232933,0.0,-0.35149993122057904,-0.496126084415507,-0.16357366585795613,0.0
phase5,heat_pilot,tmax,4,99,winter_JF,all,trustcast,final,False,9971,13,0.5396751474203167,0.8256084594022617,1.1106164554032845,0.7893428094589721,1.4405557033716705,0.8256084594022617,0.6165154242656641,1.0944115239986694,0.0,,,,,,,,0.0,1.0,1.0,1.0,0.0,0.0,0.0,1.0,0.0,0.0,0.0,1.0,,,,
phase5,heat_pilot,tmax,4,99,winter_JF,all,blend_A,L3A,False,9971,13,0.5396751474203167,0.8256084594022617,1.1106164554032845,0.7893428094589721,1.4405557033716705,0.8256084594022617,0.6165154242656641,1.0944115239986694,0.0,,,,,,,,0.0,1.0,1.0,1.0,,,,,,,,,,,,
phase5,heat_pilot,tmax,4,99,winter_JF,all,equal_mean,baseline,False,9971,13,-0.6327208357437863,1.1080575083528976,1.3736991509782297,1.2667982003543663,1.472674959447564,1.1080575083528976,1.0027804084423007,1.2108336654047616,0.0,,,,,,,,0.0,1.0,1.0,1.0,0.26308269557494524,-0.0751914660658002,0.6354974613971962,0.152,0.28244904895063594,-0.002658058819116937,0.5653195877303272,0.052,,,,
phase5,heat_pilot,tmax,4,99,winter_JF,all,superensemble,baseline,False,9971,13,0.5678998089974843,0.9159131928607366,1.2241690379377101,0.9466098842519042,1.5189992570186077,0.9159131928607366,0.736208931056467,1.1484727430824286,0.0,,,,,,,,0.0,1.0,1.0,1.0,0.11355258253442568,0.04500855783883535,0.2124515218404867,0.0,0.0903047334584749,0.021056331734482268,0.16282674523140947,0.004,,,,
phase5,heat_pilot,tmax,4,99,winter_JF,all,climatology,baseline,False,9971,13,-1.1578034339822914,1.6506148739930393,1.95863194609274,1.5753577259236144,2.309686702970562,1.6506148739930393,1.2649307667192962,2.039561273902305,0.0,,,,,,,,0.0,1.0,1.0,1.0,0.8480154906894555,0.3089380578430783,1.3566435258824543,0.004,0.8250064145907776,0.3425297625236581,1.2831329234911164,0.002,,,,
phase5,heat_pilot,tmax,4,99,premonsoon_MAM,all,trustcast,final,False,15548,19,0.30057312487206483,0.9004578492253184,1.165797262055395,1.004096483612562,1.330523226561714,0.9004578492253184,0.7803972651332102,1.0350917615425903,4234.0,0.7725555030703826,0.18894123481279446,0.6547237790232185,0.9525271610769958,0.557436026212035,0.3668599813670773,0.7005546284097116,0.11094674556213018,0.5572226525825099,0.08604588220291412,0.7612179362984424,0.0,0.0,0.0,1.0,0.0,0.0,0.0,1.0,0.0,0.0,0.0,1.0
phase5,heat_pilot,tmax,4,99,premonsoon_MAM,all,blend_A,L3A,False,15548,19,0.30057312487206483,0.9004578492253184,1.165797262055395,1.004096483612562,1.330523226561714,0.9004578492253184,0.7803972651332102,1.0350917615425903,4234.0,0.7725555030703826,0.18894123481279446,0.6547237790232185,0.9525271610769958,0.557436026212035,0.3668599813670773,0.7005546284097116,0.11094674556213018,0.5572226525825099,0.08604588220291412,0.7612179362984424,,,,,,,,,,,,
phase5,heat_pilot,tmax,4,99,premonsoon_MAM,all,equal_mean,baseline,False,15548,19,-0.2657183819391257,1.163963800596645,1.4916775772967048,1.3937189818273228,1.5868361810964515,1.163963800596645,1.0880368056964653,1.2390492998876146,4234.0,0.6195087387812943,0.15523349436392914,0.5561916878710772,0.7333490788852149,0.4592363781738906,0.2957594833376229,0.5942974220901439,0.1346153846153846,0.46276348513344523,-0.07020805220134442,0.7135477757871209,0.3258803152413099,0.19227907329861965,0.47858997704467876,0.0,0.2635059513713267,0.1524307147896971,0.3825951527326535,0.0,-0.0981996480381444,-0.16302995914534882,-0.02869736768905459,0.01
phase5,heat_pilot,tmax,4,99,premonsoon_MAM,all,superensemble,baseline,False,15548,19,-0.1560877346581532,1.2100676301515039,1.539016089167133,1.4225018992005676,1.664138523103202,1.2100676301515039,1.1202006885432692,1.3109644089356587,4234.0,0.5666036844591403,0.1989983305509182,0.49668737060041407,0.7073689182805858,0.3944312044297609,0.22595685426841938,0.5329919648986428,0.15635451505016723,0.3760047932916414,-0.29088356644073665,0.6802043476686148,0.37321882711173804,0.23852257295885512,0.5345767876709593,0.0,0.3096097809261855,0.20071952950439914,0.43340517071979207,0.0,-0.16300482178227416,-0.22293846181357008,-0.09655670035956505,0.0
phase5,heat_pilot,tmax,4,99,premonsoon_MAM,all,climatology,baseline,False,15548,19,0.8718866692246893,2.453908042917529,3.2905084938847424,2.13458785854777,4.254387101576595,2.453908042917529,1.6952422658976123,3.2870747770007425,4234.0,0.6681624940954181,0.6211329851345923,0.318868349864743,1.7635805384978744,0.11633981110536631,-0.014940917144001012,0.33790251596282966,0.38866735271417546,-0.5511324698225466,-0.6870653744908053,-0.4177443746403981,2.1247112318293473,1.063544688579295,2.972057468901833,0.0,1.5534501936922105,0.8224173299808875,2.332457963600618,0.0,-0.44109621510666874,-0.597733696618923,-0.19603045835653302,0.0
phase5,heat_pilot,tmax,4,99,monsoon_JJAS,all,trustcast,final,False,20618,25,-0.11298958569958781,0.8764729886041579,1.1139479136610662,0.9530242238372187,1.3047675402483652,0.8764729886041579,0.7611646223281008,1.0151251824488652,237.0,0.189873417721519,0.7077922077922078,0.13005780346820808,0.6497890295358649,0.1255841281157844,0.0554214142179297,0.1301169336270303,0.014598894170142594,0.5795605039464973,-0.2815574790340819,1.0,0.0,0.0,0.0,1.0,0.0,0.0,0.0,1.0,0.0,0.0,0.0,1.0
phase5,heat_pilot,tmax,4,99,monsoon_JJAS,all,blend_A,L3A,False,20618,25,-0.11298958569958781,0.8764729886041579,1.1139479136610662,0.9530242238372187,1.3047675402483652,0.8764729886041579,0.7611646223281008,1.0151251824488652,237.0,0.189873417721519,0.7077922077922078,0.13005780346820808,0.6497890295358649,0.1255841281157844,0.0554214142179297,0.1301169336270303,0.014598894170142594,0.5795605039464973,-0.2815574790340819,1.0,,,,,,,,,,,,
phase5,heat_pilot,tmax,4,99,monsoon_JJAS,all,equal_mean,baseline,False,20618,25,-1.1213412579491941,1.5247589530948524,1.8593983139466135,1.733727001527942,1.9859325418209384,1.5247589530948524,1.4093893449190158,1.651980226961969,237.0,0.22362869198312235,0.735,0.13802083333333334,0.8438818565400844,0.13282918538352145,0.08320313732916707,0.13490071578007642,0.016053933456203318,0.5376562352368459,-0.4299956999874051,1.0,0.7454504002855473,0.5689337582767663,0.907186807337191,0.0,0.6482859644906945,0.5071502576947675,0.7796062864343707,0.0,0.007245057267737054,0.002882915101660055,0.027781723111237368,0.0
phase5,heat_pilot,tmax,4,99,monsoon_JJAS,all,superensemble,baseline,False,20618,25,0.3979410188530428,1.0482175583542925,1.3062414497157024,1.1854635547955084,1.4526519193774488,1.0482175583542925,0.9510935017121637,1.1645034930444453,237.0,0.25738396624472576,0.5704225352112676,0.1918238993710692,0.5991561181434599,0.1876542074270988,0.17546335744852082,1.0,0.012464836550586866,0.641020098053986,-0.13903880234769034,1.0,0.19229353605463628,0.09552635367685783,0.2829543222003751,0.0,0.17174456975013463,0.0871300103535117,0.2564734690987853,0.0,0.06207007931131439,0.05505936291059907,0.9445785857820703,0.0
phase5,heat_pilot,tmax,4,99,monsoon_JJAS,all,climatology,baseline,False,20618,25,1.079887744815866,1.9301400489448195,2.446991395228255,1.992760545256793,2.8740052155677143,1.9301400489448195,1.5483184608457623,2.3426288557702737,237.0,0.0,1.0,0.0,2.4683544303797467,-0.008248087626940504,-0.017674527821878932,0.0,0.03986807643806383,-0.14817696264444935,-0.7152092817922371,0.9894659054394205,1.333043481567189,0.8975149000934158,1.7495365482428022,0.0,1.0536670603406617,0.7037043413406125,1.4622532281464868,0.0,-0.1338322157427249,-0.14120663399838876,-0.05551084600980454,0.0
phase5,heat_pilot,tmax,4,99,postmonsoon_OND,all,trustcast,final,False,15379,19,-0.12702621233247022,0.6322416563137617,0.799085344641533,0.6877113704414893,0.9098424119770945,0.6322416563137617,0.5516371710194088,0.7222153673050226,0.0,,,,,,,,0.0,,,,0.0,0.0,0.0,1.0,0.0,0.0,0.0,1.0,,,,
phase5,heat_pilot,tmax,4,99,postmonsoon_OND,all,blend_A,L3A,False,15379,19,-0.12702621233247022,0.6322416563137617,0.799085344641533,0.6877113704414893,0.9098424119770945,0.6322416563137617,0.5516371710194088,0.7222153673050226,0.0,,,,,,,,0.0,,,,,,,,,,,,,,,
phase5,heat_pilot,tmax,4,99,postmonsoon_OND,all,equal_mean,baseline,False,15379,19,-1.7391311165042984,1.7942501922385172,2.0638001638889456,1.8903746512548745,2.224085513228586,1.7942501922385172,1.6171788108746088,1.962530415133129,0.0,,,,,,,,0.0,,,,1.2647148192474127,1.0521136043433121,1.4109038629956894,0.0,1.1620085359247554,0.9511447314063696,1.3207333713808038,0.0,,,,
phase5,heat_pilot,tmax,4,99,postmonsoon_OND,all,superensemble,baseline,False,15379,19,-0.1455532475560855,0.8935127233496195,1.0997895596143363,0.987428275520285,1.2325633068876773,0.8935127233496195,0.8137094059849744,0.9874095896656332,0.0,,,,,,,,0.0,,,,0.3007042149728033,0.20026062889260807,0.4073315910144375,0.0,0.2612710670358578,0.16968304536083484,0.3522015241054599,0.0,,,,
phase5,heat_pilot,tmax,4,99,postmonsoon_OND,all,climatology,baseline,False,15379,19,0.9979886972080227,1.1369469138671986,1.4781900336054956,1.1444198198197106,1.8275767517096908,1.1369469138671986,0.8746315776127447,1.4742131021507212,0.0,,,,,,,,0.0,,,,0.6791046889639626,0.3694417115033184,0.9992203027611991,0.0,0.5047052575534369,0.2563454546972744,0.8133010425199344,0.0,,,,
phase5,heat_pilot,tmax,4,99,all,heat,trustcast,final,False,2535,5,-0.24473585170166498,0.5870257872331307,0.7376649879194391,0.622125530213142,0.8802225784155939,0.5870257872331307,0.491232547534288,0.7252589385313267,2405.0,0.9521829521829522,0.01758901758901759,0.9362224039247752,0.9692307692307692,0.3348638897999341,0.04483308384768316,0.48523999289286,0.06153846153846154,0.5912666666144237,0.22275566177961958,0.8033672552250715,0.0,0.0,0.0,1.0,0.0,0.0,0.0,1.0,0.0,0.0,0.0,1.0
phase5,heat_pilot,tmax,4,99,all,heat,blend_A,L3A,False,2535,5,-0.24473585170166498,0.5870257872331307,0.7376649879194391,0.622125530213142,0.8802225784155939,0.5870257872331307,0.491232547534288,0.7252589385313267,2405.0,0.9521829521829522,0.01758901758901759,0.9362224039247752,0.9692307692307692,0.3348638897999341,0.04483308384768316,0.48523999289286,0.06153846153846154,0.5912666666144237,0.22275566177961958,0.8033672552250715,,,,,,,,,,,,
phase5,heat_pilot,tmax,4,99,all,heat,equal_mean,baseline,False,2535,5,-0.7660540578868498,1.1675898775781635,1.515292833181799,1.3188863018302277,1.6885598998328355,1.1675898775781635,1.0183612375267461,1.3217888696659246,2405.0,0.8174636174636175,0.029615004935834157,0.7975659229208925,0.8424116424116425,0.0808576961224199,0.009410090654350136,0.13503643441635363,0.1968441814595661,-0.3074226497397603,-0.9732323231641291,0.05166214131727209,0.7776278452623598,0.6151485645624596,0.8541885426525626,0.0,0.5805640903450328,0.48103259159968437,0.6317467655358897,0.0,-0.2540061936775142,-0.3708402487262201,-0.03210479397338169,0.0
phase5,heat_pilot,tmax,4,99,all,heat,superensemble,baseline,False,2535,5,-1.0723648026144716,1.2371491637220515,1.6057460108603303,1.3871132130090946,1.823434512134188,1.2371491637220515,1.038541057719595,1.4573750754977632,2405.0,0.765904365904366,0.02073365231259968,0.7536824877250409,0.7821205821205821,0.08713402542867156,0.014212722708416848,0.16014641332908075,0.23747534516765287,-0.5772914531930575,-1.502142995778342,-0.021286924735245405,0.8680810229408912,0.6629802557856221,0.9927041277910521,0.0,0.6501233764889208,0.4883645212548411,0.7616037686038849,0.0,-0.24772986437126254,-0.35525285142633106,-0.027994470056303206,0.0
phase5,heat_pilot,tmax,4,99,all,heat,climatology,baseline,False,2535,5,-1.3949593493218957,1.4973200916538578,1.7353448685978694,1.0851410311012162,2.1395757189996663,1.4973200916538578,0.8487184841572565,1.9756991651636608,2405.0,0.7929313929313929,0.03832576903681291,0.7686416767432487,0.8245322245322245,0.04284248332478183,-0.03418609590249203,0.18860049591283015,0.22642998027613412,-0.5039290600212873,-0.9447842442930849,-0.09659189107338095,0.9976798806784303,0.4241530691206279,1.276542638510542,0.0,0.9102943044207271,0.3267289788059934,1.2865137671706108,0.0,-0.2920214064751523,-0.4054782955403073,-0.01230318865374317,0.02
phase5,heat_pilot,tmax,4,99,all,monsoon_JJAS,trustcast,final,False,20618,25,-0.11298958569958781,0.8764729886041579,1.1139479136610662,0.9530242238372187,1.3047675402483652,0.8764729886041579,0.7611646223281008,1.0151251824488652,237.0,0.189873417721519,0.7077922077922078,0.13005780346820808,0.6497890295358649,0.1255841281157844,0.0554214142179297,0.1301169336270303,0.014598894170142594,0.5795605039464973,-0.2815574790340819,1.0,0.0,0.0,0.0,1.0,0.0,0.0,0.0,1.0,0.0,0.0,0.0,1.0
phase5,heat_pilot,tmax,4,99,all,monsoon_JJAS,blend_A,L3A,False,20618,25,-0.11298958569958781,0.8764729886041579,1.1139479136610662,0.9530242238372187,1.3047675402483652,0.8764729886041579,0.7611646223281008,1.0151251824488652,237.0,0.189873417721519,0.7077922077922078,0.13005780346820808,0.6497890295358649,0.1255841281157844,0.0554214142179297,0.1301169336270303,0.014598894170142594,0.5795605039464973,-0.2815574790340819,1.0,,,,,,,,,,,,
phase5,heat_pilot,tmax,4,99,all,monsoon_JJAS,equal_mean,baseline,False,20618,25,-1.1213412579491941,1.5247589530948524,1.8593983139466135,1.733727001527942,1.9859325418209384,1.5247589530948524,1.4093893449190158,1.651980226961969,237.0,0.22362869198312235,0.735,0.13802083333333334,0.8438818565400844,0.13282918538352145,0.08320313732916707,0.13490071578007642,0.016053933456203318,0.5376562352368459,-0.4299956999874051,1.0,0.7454504002855473,0.5689337582767663,0.907186807337191,0.0,0.6482859644906945,0.5071502576947675,0.7796062864343707,0.0,0.007245057267737054,0.002882915101660055,0.027781723111237368,0.0
phase5,heat_pilot,tmax,4,99,all,monsoon_JJAS,superensemble,baseline,False,20618,25,0.3979410188530428,1.0482175583542925,1.3062414497157024,1.1854635547955084,1.4526519193774488,1.0482175583542925,0.9510935017121637,1.1645034930444453,237.0,0.25738396624472576,0.5704225352112676,0.1918238993710692,0.5991561181434599,0.1876542074270988,0.17546335744852082,1.0,0.012464836550586866,0.641020098053986,-0.13903880234769034,1.0,0.19229353605463628,0.09552635367685783,0.2829543222003751,0.0,0.17174456975013463,0.0871300103535117,0.2564734690987853,0.0,0.06207007931131439,0.05505936291059907,0.9445785857820703,0.0
phase5,heat_pilot,tmax,4,99,all,monsoon_JJAS,climatology,baseline,False,20618,25,1.079887744815866,1.9301400489448195,2.446991395228255,1.992760545256793,2.8740052155677143,1.9301400489448195,1.5483184608457623,2.3426288557702737,237.0,0.0,1.0,0.0,2.4683544303797467,-0.008248087626940504,-0.017674527821878932,0.0,0.03986807643806383,-0.14817696264444935,-0.7152092817922371,0.9894659054394205,1.333043481567189,0.8975149000934158,1.7495365482428022,0.0,1.0536670603406617,0.7037043413406125,1.4622532281464868,0.0,-0.1338322157427249,-0.14120663399838876,-0.05551084600980454,0.0
phase5,heat_pilot,tmax,4,99,all,postmonsoon_OND,trustcast,final,False,15379,19,-0.12702621233247022,0.6322416563137617,0.799085344641533,0.6877113704414893,0.9098424119770945,0.6322416563137617,0.5516371710194088,0.7222153673050226,0.0,,,,,,,,0.0,,,,0.0,0.0,0.0,1.0,0.0,0.0,0.0,1.0,,,,
phase5,heat_pilot,tmax,4,99,all,postmonsoon_OND,blend_A,L3A,False,15379,19,-0.12702621233247022,0.6322416563137617,0.799085344641533,0.6877113704414893,0.9098424119770945,0.6322416563137617,0.5516371710194088,0.7222153673050226,0.0,,,,,,,,0.0,,,,,,,,,,,,,,,
phase5,heat_pilot,tmax,4,99,all,postmonsoon_OND,equal_mean,baseline,False,15379,19,-1.7391311165042984,1.7942501922385172,2.0638001638889456,1.8903746512548745,2.224085513228586,1.7942501922385172,1.6171788108746088,1.962530415133129,0.0,,,,,,,,0.0,,,,1.2647148192474127,1.0521136043433121,1.4109038629956894,0.0,1.1620085359247554,0.9511447314063696,1.3207333713808038,0.0,,,,
phase5,heat_pilot,tmax,4,99,all,postmonsoon_OND,superensemble,baseline,False,15379,19,-0.1455532475560855,0.8935127233496195,1.0997895596143363,0.987428275520285,1.2325633068876773,0.8935127233496195,0.8137094059849744,0.9874095896656332,0.0,,,,,,,,0.0,,,,0.3007042149728033,0.20026062889260807,0.4073315910144375,0.0,0.2612710670358578,0.16968304536083484,0.3522015241054599,0.0,,,,
phase5,heat_pilot,tmax,4,99,all,postmonsoon_OND,climatology,baseline,False,15379,19,0.9979886972080227,1.1369469138671986,1.4781900336054956,1.1444198198197106,1.8275767517096908,1.1369469138671986,0.8746315776127447,1.4742131021507212,0.0,,,,,,,,0.0,,,,0.6791046889639626,0.3694417115033184,0.9992203027611991,0.0,0.5047052575534369,0.2563454546972744,0.8133010425199344,0.0,,,,
phase5,heat_pilot,tmax,4,99,all,premonsoon_MAM,trustcast,final,False,13013,18,0.4068021462825317,0.9615160431199004,1.2320050970538108,1.0503585552618642,1.3938139049402127,0.9615160431199004,0.8259865929044998,1.094503687265693,1829.0,0.5363586659376709,0.4236192714453584,0.3847058823529412,0.9305631492618918,0.3210087584409172,0.20661358173660763,0.4149832573293272,0.12057173595635134,0.5535252283577465,0.016324321865919204,0.7919937461790153,0.0,0.0,0.0,1.0,0.0,0.0,0.0,1.0,0.0,0.0,0.0,1.0
phase5,heat_pilot,tmax,4,99,all,premonsoon_MAM,blend_A,L3A,False,13013,18,0.4068021462825317,0.9615160431199004,1.2320050970538108,1.0503585552618642,1.3938139049402127,0.9615160431199004,0.8259865929044998,1.094503687265693,1829.0,0.5363586659376709,0.4236192714453584,0.3847058823529412,0.9305631492618918,0.3210087584409172,0.20661358173660763,0.4149832573293272,0.12057173595635134,0.5535252283577465,0.016324321865919204,0.7919937461790153,,,,,,,,,,,,
phase5,heat_pilot,tmax,4,99,all,premonsoon_MAM,equal_mean,baseline,False,13013,18,-0.1682503931181405,1.1632574219638816,1.4870335586468035,1.3743760824558944,1.5895264722147082,1.1632574219638816,1.0763795719718696,1.2468002455965896,1829.0,0.35921268452706395,0.3911028730305839,0.2918702798756108,0.5899398578458174,0.2407154318649462,0.1655242926275127,0.2851009531151134,0.12249289172366096,0.5464112262601963,0.015534604311765206,0.7972703862041913,0.25502846159299275,0.13438647619972457,0.3930267680065417,0.0,0.20174137884398124,0.09100009408382899,0.3119955993306302,0.0,-0.08029332657597099,-0.16425653608946328,-0.010518530363572524,0.02
phase5,heat_pilot,tmax,4,99,all,premonsoon_MAM,superensemble,baseline,False,13013,18,0.022407798060610138,1.20479200672867,1.5256771301426297,1.3805588815280914,1.6523682878176926,1.20479200672867,1.0940287227651349,1.3095131471582218,1829.0,0.3045379989065063,0.5,0.23344509639564123,0.6090759978130126,0.17960921857502637,0.11416766613143102,0.2622451713421132,0.14055175593637131,0.47953960654322403,-0.16478497964236116,0.7869383892086229,0.29367203308881895,0.18279078612070648,0.42744410174026626,0.0,0.24327596360876957,0.14319453009826472,0.3473430634697927,0.0,-0.14139953986589082,-0.21785983631800512,-0.05173564263266509,0.002
phase5,heat_pilot,tmax,4,99,all,premonsoon_MAM,climatology,baseline,False,13013,18,1.313480049461037,2.6402563451117507,3.514263548964324,2.276597375714258,4.56008153143708,2.6402563451117507,1.7816546216537432,3.6191033428801584,1829.0,0.5041006014215418,0.8318745441283735,0.14426537318103583,2.9983597594313833,0.026905410694156588,-0.059858881575070355,0.18236170155137515,0.42027203565665106,-0.556259098860092,-0.7347433464254224,-0.4017385154218272,2.282258451910513,1.1550224353989929,3.2440717221436275,0.0,1.6787403019918503,0.8740454622926621,2.5895400561588136,0.0,-0.2941033477467606,-0.4002162191340713,-0.12235730426713266,0.0
phase5,heat_pilot,tmax,4,99,all,winter_JF,trustcast,final,False,9971,13,0.5396751474203167,0.8256084594022617,1.1106164554032845,0.7893428094589721,1.4405557033716705,0.8256084594022617,0.6165154242656641,1.0944115239986694,0.0,,,,,,,,0.0,1.0,1.0,1.0,0.0,0.0,0.0,1.0,0.0,0.0,0.0,1.0,,,,
phase5,heat_pilot,tmax,4,99,all,winter_JF,blend_A,L3A,False,9971,13,0.5396751474203167,0.8256084594022617,1.1106164554032845,0.7893428094589721,1.4405557033716705,0.8256084594022617,0.6165154242656641,1.0944115239986694,0.0,,,,,,,,0.0,1.0,1.0,1.0,,,,,,,,,,,,
phase5,heat_pilot,tmax,4,99,all,winter_JF,equal_mean,baseline,False,9971,13,-0.6327208357437863,1.1080575083528976,1.3736991509782297,1.2667982003543663,1.472674959447564,1.1080575083528976,1.0027804084423007,1.2108336654047616,0.0,,,,,,,,0.0,1.0,1.0,1.0,0.26308269557494524,-0.0751914660658002,0.6354974613971962,0.152,0.28244904895063594,-0.002658058819116937,0.5653195877303272,0.052,,,,
phase5,heat_pilot,tmax,4,99,all,winter_JF,superensemble,baseline,False,9971,13,0.5678998089974843,0.9159131928607366,1.2241690379377101,0.9466098842519042,1.5189992570186077,0.9159131928607366,0.736208931056467,1.1484727430824286,0.0,,,,,,,,0.0,1.0,1.0,1.0,0.11355258253442568,0.04500855783883535,0.2124515218404867,0.0,0.0903047334584749,0.021056331734482268,0.16282674523140947,0.004,,,,
phase5,heat_pilot,tmax,4,99,all,winter_JF,climatology,baseline,False,9971,13,-1.1578034339822914,1.6506148739930393,1.95863194609274,1.5753577259236144,2.309686702970562,1.6506148739930393,1.2649307667192962,2.039561273902305,0.0,,,,,,,,0.0,1.0,1.0,1.0,0.8480154906894555,0.3089380578430783,1.3566435258824543,0.004,0.8250064145907776,0.3425297625236581,1.2831329234911164,0.002,,,,
phase5,heat_pilot,tmax,5,123,all,all,trustcast,final,False,61685,74,0.08209704964727349,0.8447681631079135,1.097370338521782,0.9827360051785691,1.206114466361264,0.8447681631079135,0.7650164117246111,0.9279098673917184,4471.0,0.743457839409528,0.21714554875176637,0.6163545336547376,0.9496756877656005,0.5931366153941634,0.350245105642586,0.7473413477605443,0.033541379589851664,0.5513664276550608,0.14235807163814906,0.7653068066083488,0.0,0.0,0.0,1.0,0.0,0.0,0.0,1.0,0.0,0.0,0.0,1.0
phase5,heat_pilot,tmax,5,123,all,all,blend_A,L3A,False,61685,74,0.08209704964727349,0.8447681631079135,1.097370338521782,0.9827360051785691,1.206114466361264,0.8447681631079135,0.7650164117246111,0.9279098673917184,4471.0,0.743457839409528,0.21714554875176637,0.6163545336547376,0.9496756877656005,0.5931366153941634,0.350245105642586,0.7473413477605443,0.033541379589851664,0.5513664276550608,0.14235807163814906,0.7653068066083488,,,,,,,,,,,,
phase5,heat_pilot,tmax,5,123,all,all,equal_mean,baseline,False,61685,74,-0.9003904242004211,1.4207850142469125,1.7459383053430266,1.6471547725186428,1.8419106623645274,1.4207850142469125,1.3303557600879123,1.5089422088748212,4471.0,0.6175352270185641,0.2387648194099807,0.5173318343638749,0.8112279132185194,0.49232484776955737,0.276041003188987,0.6346467696375465,0.041760557672043445,0.4414306030156775,0.027138425049436102,0.6999162569697359,0.6485679668212447,0.5128555089891851,0.7871206976198204,0.0,0.576016851138999,0.46660158111666133,0.6923350730547726,0.0,-0.10081176762460603,-0.14655994692159333,-0.04022019968306704,0.006
phase5,heat_pilot,tmax,5,123,all,all,superensemble,baseline,False,61685,74,0.15724884176057152,1.0436784080238835,1.3239711457046919,1.232872266757105,1.4130762835197015,1.0436784080238835,0.9748031290756,1.1192962675266622,4471.0,0.5528964437486021,0.2451908396946565,0.46871444823663255,0.7324983225229256,0.44367499386394543,0.23686348094571763,0.5867932229340578,0.04542433330631434,0.3924256792119287,-0.11896976959754023,0.6991273064329209,0.22660080718290998,0.1616476921755945,0.301576391986384,0.0,0.19891024491596998,0.14511238819162475,0.25135495932827795,0.0,-0.14946162153021797,-0.20914357405377662,-0.0759066887762612,0.006
phase5,heat_pilot,tmax,5,123,all,all,climatology,baseline,False,61685,74,0.640953367761558,1.8153600317216088,2.4282774323598058,2.0116667497959493,2.8835426488519427,1.8153600317216088,1.5451642785116775,2.1344029701731007,4471.0,0.6327443524938493,0.6486587183308494,0.29182999793686815,1.8009393871617088,0.2464640679806093,0.0712523306134607,0.4533966321159081,0.11129123774013132,-0.48857876952537804,-0.6504442787876141,-0.3077753230185056,1.3309070938380239,0.9495019904496005,1.7310348618122033,0.0,0.9705918686136953,0.7200135058676904,1.2543368796238195,0.0,-0.34667254741355413,-0.49219501135302335,-0.15832949824662024,0.0
phase5,heat_pilot,tmax,5,123,winter_JF,all,trustcast,final,False,9971,13,0.5775932753508123,0.8536762658003376,1.159783031505722,0.8290445423741177,1.5140627852889013,0.8536762658003376,0.6400665678740859,1.1465361946606505,0.0,,,,,,,,0.0,1.0,1.0,1.0,0.0,0.0,0.0,1.0,0.0,0.0,0.0,1.0,,,,
phase5,heat_pilot,tmax,5,123,winter_JF,all,blend_A,L3A,False,9971,13,0.5775932753508123,0.8536762658003376,1.159783031505722,0.8290445423741177,1.5140627852889013,0.8536762658003376,0.6400665678740859,1.1465361946606505,0.0,,,,,,,,0.0,1.0,1.0,1.0,,,,,,,,,,,,
phase5,heat_pilot,tmax,5,123,winter_JF,all,equal_mean,baseline,False,9971,13,-0.5277826997655384,1.0913681102580908,1.3577894130682933,1.2477437420676918,1.4617835399271069,1.0913681102580908,0.9914001757415093,1.1923086427745235,0.0,,,,,,,,0.0,1.0,1.0,1.0,0.19800638156257122,-0.12041755290484983,0.5464104244403603,0.256,0.23769184445775315,-0.026151400438362976,0.48423310375061357,0.082,,,,
phase5,heat_pilot,tmax,5,123,winter_JF,all,superensemble,baseline,False,9971,13,0.5577843396071386,0.9147022124123949,1.222325214158938,0.949964951589404,1.5170919111024865,0.9147022124123949,0.7334209488809416,1.1477384384038343,0.0,,,,,,,,0.0,1.0,1.0,1.0,0.06254218265321598,-0.016035713366245173,0.17557072225399042,0.154,0.06102594661205729,-0.011494878588726198,0.13348935088395744,0.102,,,,
phase5,heat_pilot,tmax,5,123,winter_JF,all,climatology,baseline,False,9971,13,-1.1578034339822914,1.6506148739930393,1.95863194609274,1.5753577259236144,2.309686702970562,1.6506148739930393,1.2649307667192962,2.039561273902305,0.0,,,,,,,,0.0,1.0,1.0,1.0,0.7988489145870179,0.2301343082403787,1.3139811640386114,0.01,0.7969386081927017,0.2982038628828826,1.2783780297172742,0.006,,,,
phase5,heat_pilot,tmax,5,123,premonsoon_MAM,all,trustcast,final,False,15548,19,0.3479421265731902,0.9178307133098785,1.1805217113992719,0.9867676530944659,1.3591605003112366,0.9178307133098785,0.7818723636497926,1.0612899476602335,4234.0,0.776334435521965,0.20411622276029057,0.6474295844002363,0.9754369390647142,0.547102220482944,0.37288569837674995,0.6779477663010972,0.11512734756881914,0.5405382887667783,0.044449894770830854,0.749231769292257,0.0,0.0,0.0,1.0,0.0,0.0,0.0,1.0,0.0,0.0,0.0,1.0
phase5,heat_pilot,tmax,5,123,premonsoon_MAM,all,blend_A,L3A,False,15548,19,0.3479421265731902,0.9178307133098785,1.1805217113992719,0.9867676530944659,1.3591605003112366,0.9178307133098785,0.7818723636497926,1.0612899476602335,4234.0,0.776334435521965,0.20411622276029057,0.6474295844002363,0.9754369390647142,0.547102220482944,0.37288569837674995,0.6779477663010972,0.11512734756881914,0.5405382887667783,0.044449894770830854,0.749231769292257,,,,,,,,,,,,
phase5,heat_pilot,tmax,5,123,premonsoon_MAM,all,equal_mean,baseline,False,15548,19,-0.10902290022830163,1.1634022135154305,1.4770369588987688,1.3744163757698868,1.5854851492041784,1.1634022135154305,1.080930570922024,1.2456273750851892,4234.0,0.6410014170996693,0.20828471411901983,0.5485044462409054,0.8096362777515352,0.4435164119105854,0.2927788735350515,0.5662718189497795,0.14368407512220222,0.42657124977932004,-0.13070738269588614,0.676359499385123,0.296515247499497,0.18515560744901477,0.43469858461394056,0.0,0.24557150020555196,0.14869292130504036,0.35040352304910943,0.0,-0.1035858085723586,-0.16077913822866718,-0.04198007302876452,0.008
phase5,heat_pilot,tmax,5,123,premonsoon_MAM,all,superensemble,baseline,False,15548,19,-0.0995631365166368,1.2176363101985725,1.538607828011423,1.4127850207348829,1.6777061890136946,1.2176363101985725,1.1166989080286545,1.336343682175143,4234.0,0.5701464336324988,0.22875399361022364,0.48767676767676765,0.7392536608408125,0.38110788574133675,0.22204817662734694,0.5116548658352322,0.16310779521481863,0.34905312866622895,-0.36760819745335754,0.6635042805528686,0.3580861166121512,0.23492665069819713,0.5103462317929363,0.0,0.299805596888694,0.1980002322002696,0.41833407508451625,0.0,-0.16599433474160724,-0.2265761402263346,-0.10447981204416033,0.0
phase5,heat_pilot,tmax,5,123,premonsoon_MAM,all,climatology,baseline,False,15548,19,0.8718866692246893,2.453908042917529,3.2905084938847424,2.13458785854777,4.254387101576595,2.453908042917529,1.6952422658976123,3.2870747770007425,4234.0,0.6681624940954181,0.6211329851345923,0.318868349864743,1.7635805384978744,0.11633981110536631,-0.014940917144001012,0.33790251596282966,0.38866735271417546,-0.5511324698225466,-0.6870653744908053,-0.4177443746403981,2.1099867824854703,1.091816018019047,2.9243780843585307,0.0,1.5360773296076502,0.8240840601197691,2.289535374778461,0.0,-0.4307624093775777,-0.5860508752999612,-0.16454611514909917,0.0
phase5,heat_pilot,tmax,5,123,monsoon_JJAS,all,trustcast,final,False,20618,25,-0.18429457360783005,0.9485452442722393,1.1917069254470616,1.0300210177857552,1.3672957756517674,0.9485452442722393,0.8221265275411522,1.0916569787119164,237.0,0.15611814345991562,0.6810344827586207,0.11708860759493671,0.48945147679324896,0.11334727540754981,0.0,0.1138145637263564,0.01353186536036473,0.6102903010002416,-0.2321120118780463,1.0,0.0,0.0,0.0,1.0,0.0,0.0,0.0,1.0,0.0,0.0,0.0,1.0
phase5,heat_pilot,tmax,5,123,monsoon_JJAS,all,blend_A,L3A,False,20618,25,-0.18429457360783005,0.9485452442722393,1.1917069254470616,1.0300210177857552,1.3672957756517674,0.9485452442722393,0.8221265275411522,1.0916569787119164,237.0,0.15611814345991562,0.6810344827586207,0.11708860759493671,0.48945147679324896,0.11334727540754981,0.0,0.1138145637263564,0.01353186536036473,0.6102903010002416,-0.2321120118780463,1.0,,,,,,,,,,,,
phase5,heat_pilot,tmax,5,123,monsoon_JJAS,all,equal_mean,baseline,False,20618,25,-1.0580210910989167,1.5087241944222298,1.847808367769435,1.7033751691484966,2.0011971357188645,1.5087241944222298,1.3792638425973376,1.6454957149175542,237.0,0.19831223628691982,0.7638190954773869,0.12082262210796915,0.8396624472573839,0.11562214552956458,0.0,0.11606930750413276,0.016587447861092248,0.5222913367099736,-0.5113316404691144,1.0,0.6561014423223734,0.5089489897407066,0.7929808993299592,0.0,0.5601789501499905,0.434532253961455,0.6696143122202131,0.0,0.0022748701220147716,-0.0013903396716864124,0.0023834323025134635,0.7235023041474654
phase5,heat_pilot,tmax,5,123,monsoon_JJAS,all,superensemble,baseline,False,20618,25,0.4124611743450026,1.0815434612674177,1.3445955925382247,1.2245884863097969,1.4881714341264105,1.0815434612674177,0.9865708748669152,1.2015434593838465,237.0,0.24472573839662448,0.6,0.17901234567901234,0.6118143459915611,0.17476711465938152,0.0,0.17543125764546547,0.012901348336405083,0.6284488174410906,-0.17449526312115932,1.0,0.1528886670911631,0.030457846699479478,0.2680430355145339,0.02,0.13299821699517844,0.029684159521224402,0.23322665741332482,0.018,0.06141983925183171,0.0,0.06161669391910907,0.5368663594470046
phase5,heat_pilot,tmax,5,123,monsoon_JJAS,all,climatology,baseline,False,20618,25,1.079887744815866,1.9301400489448195,2.446991395228255,1.992760545256793,2.8740052155677143,1.9301400489448195,1.5483184608457623,2.3426288557702737,237.0,0.0,1.0,0.0,2.4683544303797467,-0.008248087626940504,-0.017674527821878932,0.0,0.03986807643806383,-0.14817696264444935,-0.7152092817922371,0.9894659054394205,1.2552844697811936,0.801631079491753,1.699487814039622,0.0,0.9815948046725802,0.607417604510668,1.383979990301189,0.0,-0.12159536303449031,-0.12649659442683633,0.0,0.052995391705069124
phase5,heat_pilot,tmax,5,123,postmonsoon_OND,all,trustcast,final,False,15548,19,-0.1482534542284927,0.6283753742005054,0.7988165456425789,0.6955182924574261,0.900799007563252,0.6283753742005054,0.5493919915701678,0.7114943267444479,0.0,,,,,,,,0.0,,,,0.0,0.0,0.0,1.0,0.0,0.0,0.0,1.0,,,,
phase5,heat_pilot,tmax,5,123,postmonsoon_OND,all,blend_A,L3A,False,15548,19,-0.1482534542284927,0.6283753742005054,0.7988165456425789,0.6955182924574261,0.900799007563252,0.6283753742005054,0.5493919915701678,0.7114943267444479,0.0,,,,,,,,0.0,,,,,,,,,,,,,,,
phase5,heat_pilot,tmax,5,123,postmonsoon_OND,all,equal_mean,baseline,False,15548,19,-1.7216809305642975,1.7728093079561313,2.049896014620628,1.865879360830765,2.210243157768475,1.7728093079561313,1.5935754769412205,1.9388591149756478,0.0,,,,,,,,0.0,,,,1.2510794689780493,1.0636703849023699,1.382069978977247,0.0,1.144433933755626,0.956808924883535,1.2889744404983974,0.0,,,,
phase5,heat_pilot,tmax,5,123,postmonsoon_OND,all,superensemble,baseline,False,15548,19,-0.18123808157361196,0.9022211476466574,1.109722112019407,1.0024694982624798,1.2431544040020215,0.9022211476466574,0.8276359875525685,0.9974081762646873,0.0,,,,,,,,0.0,,,,0.3109055663768281,0.20304516465895994,0.42194481300519493,0.0,0.273845773446152,0.1823771799227774,0.36356143500728566,0.0,,,,
phase5,heat_pilot,tmax,5,123,postmonsoon_OND,all,climatology,baseline,False,15548,19,0.9815054717577911,1.1302555227512745,1.4717012019850462,1.140257156000867,1.8189543429633157,1.1302555227512745,0.870827832401371,1.463210054654096,0.0,,,,,,,,0.0,,,,0.6728846563424673,0.3573884169353548,0.9948342227382783,0.0,0.5018801485507691,0.2619789861728504,0.8081119759260149,0.0,,,,
phase5,heat_pilot,tmax,5,123,all,heat,trustcast,final,False,2873,6,-0.29679101027141164,0.6106407837381439,0.77543645711197,0.6187117762848613,1.0008471881393994,0.6106407837381439,0.4869239115707602,0.8120279907788359,2660.0,0.9289473684210526,0.019444444444444445,0.9121447028423773,0.9473684210526315,0.36673344095013993,0.048207868352505394,0.5686579982221153,0.08284023668639054,0.4372434003754294,-0.14957825544327363,0.7394251258007676,0.0,0.0,0.0,1.0,0.0,0.0,0.0,1.0,0.0,0.0,0.0,1.0
phase5,heat_pilot,tmax,5,123,all,heat,blend_A,L3A,False,2873,6,-0.29679101027141164,0.6106407837381439,0.77543645711197,0.6187117762848613,1.0008471881393994,0.6106407837381439,0.4869239115707602,0.8120279907788359,2660.0,0.9289473684210526,0.019444444444444445,0.9121447028423773,0.9473684210526315,0.36673344095013993,0.048207868352505394,0.5686579982221153,0.08284023668639054,0.4372434003754294,-0.14957825544327363,0.7394251258007676,,,,,,,,,,,,
phase5,heat_pilot,tmax,5,123,all,heat,equal_mean,baseline,False,2873,6,-0.7005844102933189,1.1521536139631952,1.4785702420592481,1.3081983141700115,1.678958165123405,1.1521536139631952,1.028145213098921,1.3262659869015334,2660.0,0.8093984962406015,0.038839285714285715,0.7837641062977794,0.8421052631578947,0.1174770430840688,0.012235915202507754,0.20025019705257133,0.20675252349460493,-0.40452697553359207,-1.2047857363314116,0.009081699792756748,0.7031337849472782,0.5630064988992431,0.7750610325179096,0.0,0.5415128302250513,0.44654935351490255,0.5934167844774219,0.0,-0.24925639786607112,-0.3751207852894611,-0.030085751777093037,0.0
phase5,heat_pilot,tmax,5,123,all,heat,superensemble,baseline,False,2873,6,-1.087387991831189,1.2875012797094412,1.6603604469140636,1.4067474498475119,2.0342206610875238,1.2875012797094412,1.0686704962916629,1.665757834793783,2660.0,0.7315789473684211,0.02553830746119179,0.7178163039468831,0.7507518796992482,0.11258526020487894,0.01761941145071977,0.20639299095957253,0.26627218934911245,-0.8088604987932626,-2.157423293704415,-0.17105238315309992,0.8849239898020936,0.7377223435584065,1.030499885807544,0.0,0.6768604959712973,0.5472921964645701,0.8454593799161615,0.0,-0.254148180745261,-0.3660556016287787,-0.027707312883283142,0.0
phase5,heat_pilot,tmax,5,123,all,heat,climatology,baseline,False,2873,6,-1.2633085519728908,1.3778324930501076,1.6416976209342902,0.9957326865918654,2.0394009239522344,1.3778324930501076,0.7678112923242435,1.8335795133739794,2660.0,0.8090225563909774,0.044829116733244564,0.7794277435711698,0.8469924812030075,0.09782336868668391,-0.029048613233269696,0.29366411591426844,0.21197354681517577,-0.43999482845110705,-0.8593585763990064,-0.04093080282323469,0.8662611638223202,0.24806827171592494,1.2054271402421668,0.02,0.7671917093119637,0.18247066829936143,1.1966030241677124,0.01,-0.26891007226345603,-0.40144427312048014,-0.00539508316216341,0.042
phase5,heat_pilot,tmax,5,123,all,monsoon_JJAS,trustcast,final,False,20618,25,-0.18429457360783005,0.9485452442722393,1.1917069254470616,1.0300210177857552,1.3672957756517674,0.9485452442722393,0.8221265275411522,1.0916569787119164,237.0,0.15611814345991562,0.6810344827586207,0.11708860759493671,0.48945147679324896,0.11334727540754981,0.0,0.1138145637263564,0.01353186536036473,0.6102903010002416,-0.2321120118780463,1.0,0.0,0.0,0.0,1.0,0.0,0.0,0.0,1.0,0.0,0.0,0.0,1.0
phase5,heat_pilot,tmax,5,123,all,monsoon_JJAS,blend_A,L3A,False,20618,25,-0.18429457360783005,0.9485452442722393,1.1917069254470616,1.0300210177857552,1.3672957756517674,0.9485452442722393,0.8221265275411522,1.0916569787119164,237.0,0.15611814345991562,0.6810344827586207,0.11708860759493671,0.48945147679324896,0.11334727540754981,0.0,0.1138145637263564,0.01353186536036473,0.6102903010002416,-0.2321120118780463,1.0,,,,,,,,,,,,
phase5,heat_pilot,tmax,5,123,all,monsoon_JJAS,equal_mean,baseline,False,20618,25,-1.0580210910989167,1.5087241944222298,1.847808367769435,1.7033751691484966,2.0011971357188645,1.5087241944222298,1.3792638425973376,1.6454957149175542,237.0,0.19831223628691982,0.7638190954773869,0.12082262210796915,0.8396624472573839,0.11562214552956458,0.0,0.11606930750413276,0.016587447861092248,0.5222913367099736,-0.5113316404691144,1.0,0.6561014423223734,0.5089489897407066,0.7929808993299592,0.0,0.5601789501499905,0.434532253961455,0.6696143122202131,0.0,0.0022748701220147716,-0.0013903396716864124,0.0023834323025134635,0.7235023041474654
phase5,heat_pilot,tmax,5,123,all,monsoon_JJAS,superensemble,baseline,False,20618,25,0.4124611743450026,1.0815434612674177,1.3445955925382247,1.2245884863097969,1.4881714341264105,1.0815434612674177,0.9865708748669152,1.2015434593838465,237.0,0.24472573839662448,0.6,0.17901234567901234,0.6118143459915611,0.17476711465938152,0.0,0.17543125764546547,0.012901348336405083,0.6284488174410906,-0.17449526312115932,1.0,0.1528886670911631,0.030457846699479478,0.2680430355145339,0.02,0.13299821699517844,0.029684159521224402,0.23322665741332482,0.018,0.06141983925183171,0.0,0.06161669391910907,0.5368663594470046
phase5,heat_pilot,tmax,5,123,all,monsoon_JJAS,climatology,baseline,False,20618,25,1.079887744815866,1.9301400489448195,2.446991395228255,1.992760545256793,2.8740052155677143,1.9301400489448195,1.5483184608457623,2.3426288557702737,237.0,0.0,1.0,0.0,2.4683544303797467,-0.008248087626940504,-0.017674527821878932,0.0,0.03986807643806383,-0.14817696264444935,-0.7152092817922371,0.9894659054394205,1.2552844697811936,0.801631079491753,1.699487814039622,0.0,0.9815948046725802,0.607417604510668,1.383979990301189,0.0,-0.12159536303449031,-0.12649659442683633,0.0,0.052995391705069124
phase5,heat_pilot,tmax,5,123,all,postmonsoon_OND,trustcast,final,False,15548,19,-0.1482534542284927,0.6283753742005054,0.7988165456425789,0.6955182924574261,0.900799007563252,0.6283753742005054,0.5493919915701678,0.7114943267444479,0.0,,,,,,,,0.0,,,,0.0,0.0,0.0,1.0,0.0,0.0,0.0,1.0,,,,
phase5,heat_pilot,tmax,5,123,all,postmonsoon_OND,blend_A,L3A,False,15548,19,-0.1482534542284927,0.6283753742005054,0.7988165456425789,0.6955182924574261,0.900799007563252,0.6283753742005054,0.5493919915701678,0.7114943267444479,0.0,,,,,,,,0.0,,,,,,,,,,,,,,,
phase5,heat_pilot,tmax,5,123,all,postmonsoon_OND,equal_mean,baseline,False,15548,19,-1.7216809305642975,1.7728093079561313,2.049896014620628,1.865879360830765,2.210243157768475,1.7728093079561313,1.5935754769412205,1.9388591149756478,0.0,,,,,,,,0.0,,,,1.2510794689780493,1.0636703849023699,1.382069978977247,0.0,1.144433933755626,0.956808924883535,1.2889744404983974,0.0,,,,
phase5,heat_pilot,tmax,5,123,all,postmonsoon_OND,superensemble,baseline,False,15548,19,-0.18123808157361196,0.9022211476466574,1.109722112019407,1.0024694982624798,1.2431544040020215,0.9022211476466574,0.8276359875525685,0.9974081762646873,0.0,,,,,,,,0.0,,,,0.3109055663768281,0.20304516465895994,0.42194481300519493,0.0,0.273845773446152,0.1823771799227774,0.36356143500728566,0.0,,,,
phase5,heat_pilot,tmax,5,123,all,postmonsoon_OND,climatology,baseline,False,15548,19,0.9815054717577911,1.1302555227512745,1.4717012019850462,1.140257156000867,1.8189543429633157,1.1302555227512745,0.870827832401371,1.463210054654096,0.0,,,,,,,,0.0,,,,0.6728846563424673,0.3573884169353548,0.9948342227382783,0.0,0.5018801485507691,0.2619789861728504,0.8081119759260149,0.0,,,,
phase5,heat_pilot,tmax,5,123,all,premonsoon_MAM,trustcast,final,False,12675,18,0.4940816375912999,0.9874604306794718,1.2542831691794527,1.034838225420903,1.4509251130223895,0.9874604306794718,0.8280588014133831,1.1493072681040455,1574.0,0.5184243964421855,0.493167701863354,0.34459459459459457,1.02287166454892,0.28415524452825414,0.1740823342597414,0.38347541218856807,0.1224457593688363,0.5531170326971356,-0.04073446521376259,0.7958655602386546,0.0,0.0,0.0,1.0,0.0,0.0,0.0,1.0,0.0,0.0,0.0,1.0
phase5,heat_pilot,tmax,5,123,all,premonsoon_MAM,blend_A,L3A,False,12675,18,0.4940816375912999,0.9874604306794718,1.2542831691794527,1.034838225420903,1.4509251130223895,0.9874604306794718,0.8280588014133831,1.1493072681040455,1574.0,0.5184243964421855,0.493167701863354,0.34459459459459457,1.02287166454892,0.28415524452825414,0.1740823342597414,0.38347541218856807,0.1224457593688363,0.5531170326971356,-0.04073446521376259,0.7958655602386546,,,,,,,,,,,,
phase5,heat_pilot,tmax,5,123,all,premonsoon_MAM,equal_mean,baseline,False,12675,18,0.025064375386435606,1.165951896080604,1.4766891933859587,1.3486471910377382,1.6128501464783682,1.165951896080604,1.0705872366956408,1.279202790733601,1574.0,0.35641677255400256,0.5277777777777778,0.25488414357110406,0.7547649301143583,0.20135280162186817,0.10005007447205724,0.26667547999115915,0.12938856015779093,0.5277783077469732,-0.01624272259381084,0.7601963752251626,0.22240602420650601,0.12203148650391715,0.35802476097257463,0.0,0.17849146540113214,0.08484515384363614,0.27760159734505024,0.0,-0.08280244290638597,-0.1804088880272737,-0.026508849153538558,0.006
phase5,heat_pilot,tmax,5,123,all,premonsoon_MAM,superensemble,baseline,False,12675,18,0.12434383068799502,1.2018002504427758,1.5096460804747371,1.3484668550399883,1.6717600752536017,1.2018002504427758,1.0744466927930958,1.3370882760809615,1574.0,0.29733163913595934,0.5869373345101501,0.2090218847699866,0.7198221092757306,0.1559843830551403,0.07077626447697315,0.23253697895148642,0.13972386587771204,0.49005816037798144,-0.19747287171003447,0.7943804484407043,0.25536291129528443,0.15639897087619983,0.36953239695900525,0.0,0.21433981976330407,0.12385880138639446,0.3013725698517923,0.0,-0.12817086147311382,-0.20770691852689513,-0.06567393091156785,0.0
phase5,heat_pilot,tmax,5,123,all,premonsoon_MAM,climatology,baseline,False,12675,18,1.3558642526961409,2.6978185008874775,3.5596013584112853,2.3084416884426573,4.6110226230870754,2.6978185008874775,1.8221487847689708,3.6663204864774968,1574.0,0.4301143583227446,0.8701572688914461,0.11078383243331696,3.312579415501906,0.005402722298306356,-0.06735320929966043,0.14469093264949306,0.4287179487179487,-0.564666265672529,-0.7439934739958051,-0.4110641548600964,2.3053181892318326,1.1667105304010126,3.2256119033643955,0.0,1.710358070208006,0.8821713056309113,2.5981253324606484,0.0,-0.2787525222299478,-0.41016090000349037,-0.09455352192682435,0.006
phase5,heat_pilot,tmax,5,123,all,winter_JF,trustcast,final,False,9971,13,0.5775932753508123,0.8536762658003376,1.159783031505722,0.8290445423741177,1.5140627852889013,0.8536762658003376,0.6400665678740859,1.1465361946606505,0.0,,,,,,,,0.0,1.0,1.0,1.0,0.0,0.0,0.0,1.0,0.0,0.0,0.0,1.0,,,,
phase5,heat_pilot,tmax,5,123,all,winter_JF,blend_A,L3A,False,9971,13,0.5775932753508123,0.8536762658003376,1.159783031505722,0.8290445423741177,1.5140627852889013,0.8536762658003376,0.6400665678740859,1.1465361946606505,0.0,,,,,,,,0.0,1.0,1.0,1.0,,,,,,,,,,,,
phase5,heat_pilot,tmax,5,123,all,winter_JF,equal_mean,baseline,False,9971,13,-0.5277826997655384,1.0913681102580908,1.3577894130682933,1.2477437420676918,1.4617835399271069,1.0913681102580908,0.9914001757415093,1.1923086427745235,0.0,,,,,,,,0.0,1.0,1.0,1.0,0.19800638156257122,-0.12041755290484983,0.5464104244403603,0.256,0.23769184445775315,-0.026151400438362976,0.48423310375061357,0.082,,,,
phase5,heat_pilot,tmax,5,123,all,winter_JF,superensemble,baseline,False,9971,13,0.5577843396071386,0.9147022124123949,1.222325214158938,0.949964951589404,1.5170919111024865,0.9147022124123949,0.7334209488809416,1.1477384384038343,0.0,,,,,,,,0.0,1.0,1.0,1.0,0.06254218265321598,-0.016035713366245173,0.17557072225399042,0.154,0.06102594661205729,-0.011494878588726198,0.13348935088395744,0.102,,,,
phase5,heat_pilot,tmax,5,123,all,winter_JF,climatology,baseline,False,9971,13,-1.1578034339822914,1.6506148739930393,1.95863194609274,1.5753577259236144,2.309686702970562,1.6506148739930393,1.2649307667192962,2.039561273902305,0.0,,,,,,,,0.0,1.0,1.0,1.0,0.7988489145870179,0.2301343082403787,1.3139811640386114,0.01,0.7969386081927017,0.2982038628828826,1.2783780297172742,0.006,,,,
